run_id,panel_id,dataset,horizon,model_name,series_id,n_predictions,abs_y,abs_error,MAE,sMAPE,WAPE
source_b_repair_fm_chronos_bolt_m5_rohlik_100,m5_top_volume_100_20260714,M5,7,chronos_bolt_tiny,FOODS_1_218_TX_2_validation,378,5582.0,2237.854383468628,5.920249691715947,44.57499708744071,0.40090547894457684
source_b_repair_fm_chronos_bolt_m5_rohlik_100,m5_top_volume_100_20260714,M5,7,chronos_bolt_tiny,FOODS_2_197_CA_1_validation,378,6349.0,2143.6660051345825,5.671074087657626,37.217994126003326,0.33763836905569106
source_b_repair_fm_chronos_bolt_m5_rohlik_100,m5_top_volume_100_20260714,M5,7,chronos_bolt_tiny,FOODS_2_197_CA_3_validation,378,5223.0,1503.6054754257202,3.977792263031006,30.847595553473223,0.28788157676157766
source_b_repair_fm_chronos_bolt_m5_rohlik_100,m5_top_volume_100_20260714,M5,7,chronos_bolt_tiny,FOODS_2_276_CA_3_validation,378,3143.0,1324.3069076538086,3.503457427655578,47.28684866581122,0.42135122737951275
source_b_repair_fm_chronos_bolt_m5_rohlik_100,m5_top_volume_100_20260714,M5,7,chronos_bolt_tiny,FOODS_2_360_CA_3_validation,378,4857.0,2222.92010307312,5.880741013420953,79.9150248069394,0.45767348220570725
source_b_repair_fm_chronos_bolt_m5_rohlik_100,m5_top_volume_100_20260714,M5,7,chronos_bolt_tiny,FOODS_2_360_TX_3_validation,378,3979.0,1835.7779817581177,4.856555507296608,103.26130624072228,0.46136667045944146
source_b_repair_fm_chronos_bolt_m5_rohlik_100,m5_top_volume_100_20260714,M5,7,chronos_bolt_tiny,FOODS_2_360_WI_2_validation,378,10631.0,5300.683901786804,14.022973285150275,110.54471666476968,0.4986063307108272
source_b_repair_fm_chronos_bolt_m5_rohlik_100,m5_top_volume_100_20260714,M5,7,chronos_bolt_tiny,FOODS_3_007_WI_2_validation,378,8464.0,7450.2514753341675,19.70965998765653,140.64258478029933,0.8802281988816361
source_b_repair_fm_chronos_bolt_m5_rohlik_100,m5_top_volume_100_20260714,M5,7,chronos_bolt_tiny,FOODS_3_030_TX_2_validation,378,5036.0,1788.8752632141113,4.732474241307173,80.39039776911598,0.35521748673830644
source_b_repair_fm_chronos_bolt_m5_rohlik_100,m5_top_volume_100_20260714,M5,7,chronos_bolt_tiny,FOODS_3_030_TX_3_validation,378,5820.0,2056.6879024505615,5.440973286906248,82.15834729303768,0.3533828011083439
source_b_repair_fm_chronos_bolt_m5_rohlik_100,m5_top_volume_100_20260714,M5,7,chronos_bolt_tiny,FOODS_3_080_CA_1_validation,378,6869.0,1924.0884447097778,5.090181070660788,28.63278560784133,0.2801118714091975
source_b_repair_fm_chronos_bolt_m5_rohlik_100,m5_top_volume_100_20260714,M5,7,chronos_bolt_tiny,FOODS_3_080_TX_2_validation,378,6590.0,1489.7310123443604,3.9410873342443398,23.470889652340084,0.22605933419489535
source_b_repair_fm_chronos_bolt_m5_rohlik_100,m5_top_volume_100_20260714,M5,7,chronos_bolt_tiny,FOODS_3_090_CA_1_validation,378,18773.0,6498.6639404296875,17.192232646639386,61.85350449035665,0.34617077400680163
source_b_repair_fm_chronos_bolt_m5_rohlik_100,m5_top_volume_100_20260714,M5,7,chronos_bolt_tiny,FOODS_3_090_CA_2_validation,378,14152.0,5088.557804107666,13.461793132559963,64.15958383602907,0.35956457066899844
source_b_repair_fm_chronos_bolt_m5_rohlik_100,m5_top_volume_100_20260714,M5,7,chronos_bolt_tiny,FOODS_3_090_CA_3_validation,378,36819.0,10854.107437133789,28.714569939507378,56.510097799834554,0.294796367015231
source_b_repair_fm_chronos_bolt_m5_rohlik_100,m5_top_volume_100_20260714,M5,7,chronos_bolt_tiny,FOODS_3_090_CA_4_validation,378,9660.0,3196.068235397339,8.455206971950632,59.979696475080246,0.33085592498937255
source_b_repair_fm_chronos_bolt_m5_rohlik_100,m5_top_volume_100_20260714,M5,7,chronos_bolt_tiny,FOODS_3_090_TX_1_validation,378,16993.0,5265.663949966431,13.930327909964102,58.14611444074227,0.3098725328056512
source_b_repair_fm_chronos_bolt_m5_rohlik_100,m5_top_volume_100_20260714,M5,7,chronos_bolt_tiny,FOODS_3_090_TX_2_validation,378,19339.0,6440.1991176605225,17.037563803334717,60.30674250109443,0.3330161392864431
source_b_repair_fm_chronos_bolt_m5_rohlik_100,m5_top_volume_100_20260714,M5,7,chronos_bolt_tiny,FOODS_3_090_TX_3_validation,378,21770.0,6837.512228012085,18.08865668786266,58.322898948743415,0.3140795694998661
source_b_repair_fm_chronos_bolt_m5_rohlik_100,m5_top_volume_100_20260714,M5,7,chronos_bolt_tiny,FOODS_3_090_WI_3_validation,378,23889.0,7348.116397857666,19.439461369993825,58.4930505978688,0.3075941394724629
source_b_repair_fm_chronos_bolt_m5_rohlik_100,m5_top_volume_100_20260714,M5,7,chronos_bolt_tiny,FOODS_3_099_TX_2_validation,378,5210.0,1847.2501735687256,4.8869052210812844,77.46188350963537,0.3545585745813293
source_b_repair_fm_chronos_bolt_m5_rohlik_100,m5_top_volume_100_20260714,M5,7,chronos_bolt_tiny,FOODS_3_120_CA_1_validation,378,15279.0,6771.881863594055,17.91503138516946,66.80801056114778,0.4432149920540647
source_b_repair_fm_chronos_bolt_m5_rohlik_100,m5_top_volume_100_20260714,M5,7,chronos_bolt_tiny,FOODS_3_120_CA_3_validation,378,31365.0,7425.109548568726,19.643146953885516,31.39378164511777,0.23673233057767337
source_b_repair_fm_chronos_bolt_m5_rohlik_100,m5_top_volume_100_20260714,M5,7,chronos_bolt_tiny,FOODS_3_120_WI_3_validation,378,12400.0,4305.048765182495,11.389017897308188,45.061401776709175,0.3471813520308464
source_b_repair_fm_chronos_bolt_m5_rohlik_100,m5_top_volume_100_20260714,M5,7,chronos_bolt_tiny,FOODS_3_202_CA_3_validation,378,7882.0,2710.168719291687,7.1697585166446745,58.06333808723755,0.3438427707804729
source_b_repair_fm_chronos_bolt_m5_rohlik_100,m5_top_volume_100_20260714,M5,7,chronos_bolt_tiny,FOODS_3_202_TX_1_validation,378,8044.0,3201.0490102767944,8.468383625070885,71.3889707685081,0.3979424428489302
source_b_repair_fm_chronos_bolt_m5_rohlik_100,m5_top_volume_100_20260714,M5,7,chronos_bolt_tiny,FOODS_3_202_TX_2_validation,378,7798.0,3774.5727853775024,9.985642289358472,76.6674231544083,0.4840437016385615
source_b_repair_fm_chronos_bolt_m5_rohlik_100,m5_top_volume_100_20260714,M5,7,chronos_bolt_tiny,FOODS_3_202_TX_3_validation,378,9826.0,3576.773772239685,9.462364476824563,66.93940089460492,0.3640111716099822
source_b_repair_fm_chronos_bolt_m5_rohlik_100,m5_top_volume_100_20260714,M5,7,chronos_bolt_tiny,FOODS_3_226_WI_1_validation,378,14808.0,2597.2827548980713,6.871118399201247,17.79076298814357,0.17539726869922145
source_b_repair_fm_chronos_bolt_m5_rohlik_100,m5_top_volume_100_20260714,M5,7,chronos_bolt_tiny,FOODS_3_226_WI_2_validation,378,14519.0,3016.60445022583,7.980435053507487,22.38670333163967,0.20776943661587094
source_b_repair_fm_chronos_bolt_m5_rohlik_100,m5_top_volume_100_20260714,M5,7,chronos_bolt_tiny,FOODS_3_226_WI_3_validation,378,18132.0,3214.5056953430176,8.503983321013274,17.901635511060398,0.177283570226286
source_b_repair_fm_chronos_bolt_m5_rohlik_100,m5_top_volume_100_20260714,M5,7,chronos_bolt_tiny,FOODS_3_234_CA_3_validation,378,7146.0,4255.555390357971,11.258083043275056,65.48941487617277,0.5955157277299148
source_b_repair_fm_chronos_bolt_m5_rohlik_100,m5_top_volume_100_20260714,M5,7,chronos_bolt_tiny,FOODS_3_234_WI_2_validation,378,8932.0,8623.68378162384,22.81397825826413,155.31758257694665,0.96548183851588
source_b_repair_fm_chronos_bolt_m5_rohlik_100,m5_top_volume_100_20260714,M5,7,chronos_bolt_tiny,FOODS_3_234_WI_3_validation,378,7749.0,4840.204566001892,12.80477398413199,86.19619385619897,0.6246231211771702
source_b_repair_fm_chronos_bolt_m5_rohlik_100,m5_top_volume_100_20260714,M5,7,chronos_bolt_tiny,FOODS_3_252_CA_1_validation,378,14668.0,3230.6269607543945,8.546632171307921,23.439969539414342,0.2202499973244065
source_b_repair_fm_chronos_bolt_m5_rohlik_100,m5_top_volume_100_20260714,M5,7,chronos_bolt_tiny,FOODS_3_252_CA_2_validation,378,14731.0,3700.347246170044,9.78927842902128,27.736017452881285,0.2511945724098869
source_b_repair_fm_chronos_bolt_m5_rohlik_100,m5_top_volume_100_20260714,M5,7,chronos_bolt_tiny,FOODS_3_252_CA_3_validation,378,17274.0,3795.955219268799,10.042209574785183,22.36434144482645,0.2197496364055111
source_b_repair_fm_chronos_bolt_m5_rohlik_100,m5_top_volume_100_20260714,M5,7,chronos_bolt_tiny,FOODS_3_252_TX_1_validation,378,11801.0,3144.3037939071655,8.318264005045412,28.35208382970764,0.2664438432257576
source_b_repair_fm_chronos_bolt_m5_rohlik_100,m5_top_volume_100_20260714,M5,7,chronos_bolt_tiny,FOODS_3_252_TX_2_validation,378,21934.0,4747.449317932129,12.559389729979177,21.98499671570298,0.2164424782498463
source_b_repair_fm_chronos_bolt_m5_rohlik_100,m5_top_volume_100_20260714,M5,7,chronos_bolt_tiny,FOODS_3_252_TX_3_validation,378,17754.0,4407.95228767395,11.661249438290874,26.177946164575687,0.24827938986560494
source_b_repair_fm_chronos_bolt_m5_rohlik_100,m5_top_volume_100_20260714,M5,7,chronos_bolt_tiny,FOODS_3_252_WI_3_validation,378,6826.0,2264.6443519592285,5.991122624230763,34.221412471757574,0.3317674116553221
source_b_repair_fm_chronos_bolt_m5_rohlik_100,m5_top_volume_100_20260714,M5,7,chronos_bolt_tiny,FOODS_3_281_CA_3_validation,378,3821.0,1999.6523885726929,5.290085684054743,85.27656352900358,0.5233322137065409
source_b_repair_fm_chronos_bolt_m5_rohlik_100,m5_top_volume_100_20260714,M5,7,chronos_bolt_tiny,FOODS_3_282_CA_3_validation,378,13394.0,3568.0031414031982,9.43916174974391,39.63301961489953,0.26638816943431376
source_b_repair_fm_chronos_bolt_m5_rohlik_100,m5_top_volume_100_20260714,M5,7,chronos_bolt_tiny,FOODS_3_288_CA_3_validation,378,12500.0,3937.1614112854004,10.415770929326456,46.90033334386269,0.314972912902832
source_b_repair_fm_chronos_bolt_m5_rohlik_100,m5_top_volume_100_20260714,M5,7,chronos_bolt_tiny,FOODS_3_318_CA_3_validation,378,5296.0,2676.9957027435303,7.081999213607223,106.04892762989179,0.5054750194002134
source_b_repair_fm_chronos_bolt_m5_rohlik_100,m5_top_volume_100_20260714,M5,7,chronos_bolt_tiny,FOODS_3_318_WI_3_validation,378,5628.0,2754.798466682434,7.287826631435011,101.69905017454745,0.48948089315608284
source_b_repair_fm_chronos_bolt_m5_rohlik_100,m5_top_volume_100_20260714,M5,7,chronos_bolt_tiny,FOODS_3_319_CA_3_validation,378,4783.0,2510.66676902771,6.641975579438387,115.17762209652298,0.5249146495980995
source_b_repair_fm_chronos_bolt_m5_rohlik_100,m5_top_volume_100_20260714,M5,7,chronos_bolt_tiny,FOODS_3_376_WI_2_validation,378,8991.0,4178.752498626709,11.054900790017749,51.54437780976685,0.46477060378452995
source_b_repair_fm_chronos_bolt_m5_rohlik_100,m5_top_volume_100_20260714,M5,7,chronos_bolt_tiny,FOODS_3_377_TX_2_validation,378,11838.0,2154.8050479888916,5.700542454997068,18.659754194298355,0.18202441696138635
source_b_repair_fm_chronos_bolt_m5_rohlik_100,m5_top_volume_100_20260714,M5,7,chronos_bolt_tiny,FOODS_3_377_TX_3_validation,378,15919.0,3071.525058746338,8.125727668641106,19.544792585631836,0.19294711092068206
source_b_repair_fm_chronos_bolt_m5_rohlik_100,m5_top_volume_100_20260714,M5,7,chronos_bolt_tiny,FOODS_3_412_WI_2_validation,378,7130.0,6321.042756080627,16.722335333546635,138.7287053356528,0.8865417610211259
source_b_repair_fm_chronos_bolt_m5_rohlik_100,m5_top_volume_100_20260714,M5,7,chronos_bolt_tiny,FOODS_3_462_WI_2_validation,378,8298.0,3923.375584602356,10.37930048836602,54.39134347591441,0.4728097836348947
source_b_repair_fm_chronos_bolt_m5_rohlik_100,m5_top_volume_100_20260714,M5,7,chronos_bolt_tiny,FOODS_3_501_CA_3_validation,378,4934.0,1977.8284559249878,5.232350412499968,65.96387400434193,0.4008570036329525
source_b_repair_fm_chronos_bolt_m5_rohlik_100,m5_top_volume_100_20260714,M5,7,chronos_bolt_tiny,FOODS_3_541_CA_3_validation,378,7136.0,3915.6299533843994,10.358809400487829,117.6786773987484,0.5487149598352578
source_b_repair_fm_chronos_bolt_m5_rohlik_100,m5_top_volume_100_20260714,M5,7,chronos_bolt_tiny,FOODS_3_547_WI_2_validation,378,6199.0,5812.49001121521,15.37695770162754,145.6362615010701,0.9376496227157944
source_b_repair_fm_chronos_bolt_m5_rohlik_100,m5_top_volume_100_20260714,M5,7,chronos_bolt_tiny,FOODS_3_555_CA_1_validation,378,6830.0,1615.743426322937,4.274453508790839,25.0097065676759,0.2365656553913524
source_b_repair_fm_chronos_bolt_m5_rohlik_100,m5_top_volume_100_20260714,M5,7,chronos_bolt_tiny,FOODS_3_555_CA_3_validation,378,11167.0,2316.0929069519043,6.127229912571176,21.517450157233856,0.2074051139027406
source_b_repair_fm_chronos_bolt_m5_rohlik_100,m5_top_volume_100_20260714,M5,7,chronos_bolt_tiny,FOODS_3_555_TX_1_validation,378,9228.0,2165.328130722046,5.728381298206471,24.451490213594713,0.2346476084440882
source_b_repair_fm_chronos_bolt_m5_rohlik_100,m5_top_volume_100_20260714,M5,7,chronos_bolt_tiny,FOODS_3_555_TX_2_validation,378,16845.0,3458.3899326324463,9.149179715958853,21.04091206655334,0.2053066151755682
source_b_repair_fm_chronos_bolt_m5_rohlik_100,m5_top_volume_100_20260714,M5,7,chronos_bolt_tiny,FOODS_3_555_TX_3_validation,378,12158.0,2941.4336700439453,7.781570555671813,25.75963444349718,0.2419340080641508
source_b_repair_fm_chronos_bolt_m5_rohlik_100,m5_top_volume_100_20260714,M5,7,chronos_bolt_tiny,FOODS_3_555_WI_3_validation,378,8320.0,2119.4011993408203,5.60688147973762,26.400076888388913,0.25473572107461784
source_b_repair_fm_chronos_bolt_m5_rohlik_100,m5_top_volume_100_20260714,M5,7,chronos_bolt_tiny,FOODS_3_586_CA_1_validation,378,16440.0,3219.940456390381,8.518360995741748,20.39422665886858,0.19586012508457304
source_b_repair_fm_chronos_bolt_m5_rohlik_100,m5_top_volume_100_20260714,M5,7,chronos_bolt_tiny,FOODS_3_586_CA_2_validation,378,14229.0,3036.8445625305176,8.033980324154808,23.81310061085623,0.21342642227356226
source_b_repair_fm_chronos_bolt_m5_rohlik_100,m5_top_volume_100_20260714,M5,7,chronos_bolt_tiny,FOODS_3_586_CA_3_validation,378,27702.0,4208.020111083984,11.132328336201017,15.63987174616275,0.15190311569864937
source_b_repair_fm_chronos_bolt_m5_rohlik_100,m5_top_volume_100_20260714,M5,7,chronos_bolt_tiny,FOODS_3_586_TX_1_validation,378,19685.0,3668.53702545166,9.705124405956774,19.02352451861275,0.18636205361705158
source_b_repair_fm_chronos_bolt_m5_rohlik_100,m5_top_volume_100_20260714,M5,7,chronos_bolt_tiny,FOODS_3_586_TX_2_validation,378,34848.0,5536.972759246826,14.648076082663561,16.321812164148813,0.15888925502889192
source_b_repair_fm_chronos_bolt_m5_rohlik_100,m5_top_volume_100_20260714,M5,7,chronos_bolt_tiny,FOODS_3_586_TX_3_validation,378,27768.0,5085.447994232178,13.453566122307349,19.119674130053905,0.1831405932811934
source_b_repair_fm_chronos_bolt_m5_rohlik_100,m5_top_volume_100_20260714,M5,7,chronos_bolt_tiny,FOODS_3_586_WI_3_validation,378,12341.0,2595.21102142334,6.865637622813068,22.177588223016084,0.21029179332496067
source_b_repair_fm_chronos_bolt_m5_rohlik_100,m5_top_volume_100_20260714,M5,7,chronos_bolt_tiny,FOODS_3_587_CA_1_validation,378,10362.0,2722.744083404541,7.203026675673389,27.960542611822213,0.2627624091299499
source_b_repair_fm_chronos_bolt_m5_rohlik_100,m5_top_volume_100_20260714,M5,7,chronos_bolt_tiny,FOODS_3_587_CA_3_validation,378,12820.0,2879.937952041626,7.6188834710095925,24.668134018126533,0.22464414602508784
source_b_repair_fm_chronos_bolt_m5_rohlik_100,m5_top_volume_100_20260714,M5,7,chronos_bolt_tiny,FOODS_3_587_TX_1_validation,378,10602.0,2867.1268854141235,7.584991760354824,31.40339680343866,0.27043264340823653
source_b_repair_fm_chronos_bolt_m5_rohlik_100,m5_top_volume_100_20260714,M5,7,chronos_bolt_tiny,FOODS_3_587_TX_2_validation,378,11359.0,2772.8438653945923,7.335565781467175,26.81595167059964,0.24410985697637047
source_b_repair_fm_chronos_bolt_m5_rohlik_100,m5_top_volume_100_20260714,M5,7,chronos_bolt_tiny,FOODS_3_587_TX_3_validation,378,11748.0,2635.980721473694,6.973493972152629,22.891641078562873,0.22437697663208153
source_b_repair_fm_chronos_bolt_m5_rohlik_100,m5_top_volume_100_20260714,M5,7,chronos_bolt_tiny,FOODS_3_587_WI_3_validation,378,11072.0,2857.082158088684,7.558418407642021,32.696311769917344,0.258045715145293
source_b_repair_fm_chronos_bolt_m5_rohlik_100,m5_top_volume_100_20260714,M5,7,chronos_bolt_tiny,FOODS_3_607_CA_3_validation,378,7937.0,3037.324408531189,8.035249758019019,45.994216579267594,0.382679149367669
source_b_repair_fm_chronos_bolt_m5_rohlik_100,m5_top_volume_100_20260714,M5,7,chronos_bolt_tiny,FOODS_3_635_CA_3_validation,378,6861.0,3485.929895401001,9.222036760320108,107.18737580732254,0.5080789819852792
source_b_repair_fm_chronos_bolt_m5_rohlik_100,m5_top_volume_100_20260714,M5,7,chronos_bolt_tiny,FOODS_3_681_CA_3_validation,378,14755.0,5691.091021537781,15.055796353274552,42.93792218971964,0.38570593165284855
source_b_repair_fm_chronos_bolt_m5_rohlik_100,m5_top_volume_100_20260714,M5,7,chronos_bolt_tiny,FOODS_3_681_WI_3_validation,378,12789.0,4460.939695358276,11.801427765498085,42.84135400836777,0.3488106728718646
source_b_repair_fm_chronos_bolt_m5_rohlik_100,m5_top_volume_100_20260714,M5,7,chronos_bolt_tiny,FOODS_3_694_CA_3_validation,378,6591.0,1542.8714838027954,4.081670592070887,24.247100667063094,0.2340876170236376
source_b_repair_fm_chronos_bolt_m5_rohlik_100,m5_top_volume_100_20260714,M5,7,chronos_bolt_tiny,FOODS_3_694_TX_1_validation,378,6424.0,1658.345079421997,4.387156294767188,27.253972568900757,0.2581483623010581
source_b_repair_fm_chronos_bolt_m5_rohlik_100,m5_top_volume_100_20260714,M5,7,chronos_bolt_tiny,FOODS_3_694_WI_1_validation,378,7117.0,1656.4978456497192,4.382269432935765,24.200213713282544,0.2327522615778726
source_b_repair_fm_chronos_bolt_m5_rohlik_100,m5_top_volume_100_20260714,M5,7,chronos_bolt_tiny,FOODS_3_694_WI_2_validation,378,11714.0,2315.3540802001953,6.125275344444961,20.513707082847223,0.19765699848046742
source_b_repair_fm_chronos_bolt_m5_rohlik_100,m5_top_volume_100_20260714,M5,7,chronos_bolt_tiny,FOODS_3_694_WI_3_validation,378,16615.0,3148.8968620300293,8.330414978915421,19.506553963985557,0.18952132783809986
source_b_repair_fm_chronos_bolt_m5_rohlik_100,m5_top_volume_100_20260714,M5,7,chronos_bolt_tiny,FOODS_3_711_CA_3_validation,378,5232.0,3371.468529701233,8.919228914553527,94.9258959706353,0.6443938321294406
source_b_repair_fm_chronos_bolt_m5_rohlik_100,m5_top_volume_100_20260714,M5,7,chronos_bolt_tiny,FOODS_3_711_WI_2_validation,378,7949.0,6726.676912307739,17.79544156695169,123.71690276437579,0.8462293259916642
source_b_repair_fm_chronos_bolt_m5_rohlik_100,m5_top_volume_100_20260714,M5,7,chronos_bolt_tiny,FOODS_3_714_CA_1_validation,378,8737.0,2273.0606269836426,6.013387902073129,27.896973344464715,0.26016488806039173
source_b_repair_fm_chronos_bolt_m5_rohlik_100,m5_top_volume_100_20260714,M5,7,chronos_bolt_tiny,FOODS_3_714_CA_3_validation,378,11479.0,2613.8664150238037,6.914990515935989,24.010092934492526,0.22770854734940357
source_b_repair_fm_chronos_bolt_m5_rohlik_100,m5_top_volume_100_20260714,M5,7,chronos_bolt_tiny,FOODS_3_714_TX_1_validation,378,5659.0,1899.4628887176514,5.025034097136643,35.833746534885734,0.3356534526802706
source_b_repair_fm_chronos_bolt_m5_rohlik_100,m5_top_volume_100_20260714,M5,7,chronos_bolt_tiny,FOODS_3_714_TX_2_validation,378,8856.0,2186.2020406723022,5.783603282201858,25.936203643940186,0.24686111570373784
source_b_repair_fm_chronos_bolt_m5_rohlik_100,m5_top_volume_100_20260714,M5,7,chronos_bolt_tiny,FOODS_3_714_TX_3_validation,378,6863.0,2340.0988245010376,6.190737630955126,36.573544380391205,0.3409731639954885
source_b_repair_fm_chronos_bolt_m5_rohlik_100,m5_top_volume_100_20260714,M5,7,chronos_bolt_tiny,FOODS_3_714_WI_3_validation,378,8435.0,2290.3890285491943,6.059230234257128,28.378250764452446,0.27153396900405385
source_b_repair_fm_chronos_bolt_m5_rohlik_100,m5_top_volume_100_20260714,M5,7,chronos_bolt_tiny,FOODS_3_723_CA_3_validation,378,8460.0,3333.4162492752075,8.818561506019067,65.60968175912878,0.39402083324766046
source_b_repair_fm_chronos_bolt_m5_rohlik_100,m5_top_volume_100_20260714,M5,7,chronos_bolt_tiny,FOODS_3_723_WI_3_validation,378,8049.0,3212.480175971985,8.49862480415869,65.93861579198862,0.3991154399269456
source_b_repair_fm_chronos_bolt_m5_rohlik_100,m5_top_volume_100_20260714,M5,7,chronos_bolt_tiny,FOODS_3_752_CA_3_validation,378,6697.0,4243.282747268677,11.225615733515017,67.00245395829019,0.6336094889157349
source_b_repair_fm_chronos_bolt_m5_rohlik_100,m5_top_volume_100_20260714,M5,7,chronos_bolt_tiny,FOODS_3_804_CA_3_validation,378,8100.0,3651.4590578079224,9.659944597375455,58.59810338072641,0.4507974145441879
source_b_repair_fm_chronos_bolt_m5_rohlik_100,m5_top_volume_100_20260714,M5,7,chronos_bolt_tiny,FOODS_3_808_CA_1_validation,378,2395.0,1805.063157081604,4.77529935735874,142.48819979332035,0.753679815065388
source_b_repair_fm_chronos_bolt_m5_rohlik_100,m5_top_volume_100_20260714,M5,7,chronos_bolt_tiny,FOODS_3_808_CA_3_validation,378,8869.0,4263.474998474121,11.279034387497674,104.67859106589455,0.4807165405879041
source_b_repair_fm_chronos_bolt_m5_rohlik_100,m5_top_volume_100_20260714,M5,7,chronos_bolt_tiny,HOUSEHOLD_1_118_CA_3_validation,378,7935.0,2514.7546758651733,6.652790147791464,33.52576941079849,0.31691930382673894
source_b_repair_fm_chronos_bolt_m5_rohlik_100,m5_top_volume_100_20260714,M5,7,chronos_bolt_tiny,HOUSEHOLD_1_334_CA_3_validation,378,7215.0,2605.662531852722,6.893287121303498,39.95530326580156,0.36114518805997536
source_b_repair_fm_chronos_bolt_m5_rohlik_100,m5_top_volume_100_20260714,M5,7,chronos_bolt_tiny,HOUSEHOLD_1_459_CA_3_validation,378,8248.0,2882.318730354309,7.625181826334151,36.64716131744303,0.34945668408757385
source_b_repair_fm_chronos_bolt_m5_rohlik_100,m5_top_volume_100_20260714,M5,14,chronos_bolt_tiny,FOODS_1_218_TX_2_validation,378,5582.0,2318.829263687134,6.134468951553264,45.87706823197118,0.41541190678737616
source_b_repair_fm_chronos_bolt_m5_rohlik_100,m5_top_volume_100_20260714,M5,14,chronos_bolt_tiny,FOODS_2_197_CA_1_validation,378,6349.0,2175.850245475769,5.756217580623727,37.49420604369426,0.3427075516578625
source_b_repair_fm_chronos_bolt_m5_rohlik_100,m5_top_volume_100_20260714,M5,14,chronos_bolt_tiny,FOODS_2_197_CA_3_validation,378,5223.0,1524.7868566513062,4.033827663098694,31.405463973864133,0.2919369819359192
source_b_repair_fm_chronos_bolt_m5_rohlik_100,m5_top_volume_100_20260714,M5,14,chronos_bolt_tiny,FOODS_2_276_CA_3_validation,378,3143.0,1404.8087692260742,3.7164253154128946,48.547762525681094,0.4469642918313949
source_b_repair_fm_chronos_bolt_m5_rohlik_100,m5_top_volume_100_20260714,M5,14,chronos_bolt_tiny,FOODS_2_360_CA_3_validation,378,4857.0,2218.4939374923706,5.869031580667647,78.5170803784525,0.45676218601860624
source_b_repair_fm_chronos_bolt_m5_rohlik_100,m5_top_volume_100_20260714,M5,14,chronos_bolt_tiny,FOODS_2_360_TX_3_validation,378,3979.0,1910.8874797821045,5.05525788302144,104.14256007315691,0.4802431464644646
source_b_repair_fm_chronos_bolt_m5_rohlik_100,m5_top_volume_100_20260714,M5,14,chronos_bolt_tiny,FOODS_2_360_WI_2_validation,378,10631.0,5948.719724655151,15.737353768928973,112.17101760747047,0.5595635146886606
source_b_repair_fm_chronos_bolt_m5_rohlik_100,m5_top_volume_100_20260714,M5,14,chronos_bolt_tiny,FOODS_3_007_WI_2_validation,378,8464.0,7339.183494567871,19.415829350708655,142.00985332800695,0.8671058003979054
source_b_repair_fm_chronos_bolt_m5_rohlik_100,m5_top_volume_100_20260714,M5,14,chronos_bolt_tiny,FOODS_3_030_TX_2_validation,378,5036.0,1898.3294401168823,5.022035555864768,83.9707917175783,0.3769518348127249
source_b_repair_fm_chronos_bolt_m5_rohlik_100,m5_top_volume_100_20260714,M5,14,chronos_bolt_tiny,FOODS_3_030_TX_3_validation,378,5820.0,2248.665425300598,5.948850331483064,85.90927851228976,0.3863686297767351
source_b_repair_fm_chronos_bolt_m5_rohlik_100,m5_top_volume_100_20260714,M5,14,chronos_bolt_tiny,FOODS_3_080_CA_1_validation,378,6869.0,1930.6837911605835,5.1076290771444,28.715142675445236,0.28107203248807444
source_b_repair_fm_chronos_bolt_m5_rohlik_100,m5_top_volume_100_20260714,M5,14,chronos_bolt_tiny,FOODS_3_080_TX_2_validation,378,6590.0,1493.1043243408203,3.9500114400550803,23.573937589591466,0.22657121765414573
source_b_repair_fm_chronos_bolt_m5_rohlik_100,m5_top_volume_100_20260714,M5,14,chronos_bolt_tiny,FOODS_3_090_CA_1_validation,378,18773.0,6683.096408843994,17.680149229746018,62.53648844226366,0.355995121123102
source_b_repair_fm_chronos_bolt_m5_rohlik_100,m5_top_volume_100_20260714,M5,14,chronos_bolt_tiny,FOODS_3_090_CA_2_validation,378,14152.0,5211.209310531616,13.786268017279408,64.64459512189957,0.36823129667408255
source_b_repair_fm_chronos_bolt_m5_rohlik_100,m5_top_volume_100_20260714,M5,14,chronos_bolt_tiny,FOODS_3_090_CA_3_validation,378,36819.0,11856.871688842773,31.367385420218977,58.48022248708998,0.3220313340623801
source_b_repair_fm_chronos_bolt_m5_rohlik_100,m5_top_volume_100_20260714,M5,14,chronos_bolt_tiny,FOODS_3_090_CA_4_validation,378,9660.0,3604.819211959839,9.536558761798515,63.26099981734685,0.37316969067907235
source_b_repair_fm_chronos_bolt_m5_rohlik_100,m5_top_volume_100_20260714,M5,14,chronos_bolt_tiny,FOODS_3_090_TX_1_validation,378,16993.0,5767.953269958496,15.259135634810836,59.965894611799996,0.33943113458238666
source_b_repair_fm_chronos_bolt_m5_rohlik_100,m5_top_volume_100_20260714,M5,14,chronos_bolt_tiny,FOODS_3_090_TX_2_validation,378,19339.0,6899.067850112915,18.251502248975967,62.61864566719984,0.35674377424442394
source_b_repair_fm_chronos_bolt_m5_rohlik_100,m5_top_volume_100_20260714,M5,14,chronos_bolt_tiny,FOODS_3_090_TX_3_validation,378,21770.0,7369.986539840698,19.497318888467454,60.687447074578614,0.33853865594123556
source_b_repair_fm_chronos_bolt_m5_rohlik_100,m5_top_volume_100_20260714,M5,14,chronos_bolt_tiny,FOODS_3_090_WI_3_validation,378,23889.0,7803.653024673462,20.644584721358363,59.245274107087845,0.3266630258559782
source_b_repair_fm_chronos_bolt_m5_rohlik_100,m5_top_volume_100_20260714,M5,14,chronos_bolt_tiny,FOODS_3_099_TX_2_validation,378,5210.0,1914.3254852294922,5.064353135527757,76.86856481157022,0.36743291463138045
source_b_repair_fm_chronos_bolt_m5_rohlik_100,m5_top_volume_100_20260714,M5,14,chronos_bolt_tiny,FOODS_3_120_CA_1_validation,378,15279.0,7244.972186088562,19.166593084890376,68.93979354972467,0.47417842699709156
source_b_repair_fm_chronos_bolt_m5_rohlik_100,m5_top_volume_100_20260714,M5,14,chronos_bolt_tiny,FOODS_3_120_CA_3_validation,378,31365.0,8641.368713378906,22.86076379200769,35.74557054331456,0.27550992231400945
source_b_repair_fm_chronos_bolt_m5_rohlik_100,m5_top_volume_100_20260714,M5,14,chronos_bolt_tiny,FOODS_3_120_WI_3_validation,378,12400.0,4666.347372055054,12.344834317605962,47.72521008047061,0.3763183364560527
source_b_repair_fm_chronos_bolt_m5_rohlik_100,m5_top_volume_100_20260714,M5,14,chronos_bolt_tiny,FOODS_3_202_CA_3_validation,378,7882.0,3178.418112754822,8.408513525806407,64.0855092753608,0.4032502046123854
source_b_repair_fm_chronos_bolt_m5_rohlik_100,m5_top_volume_100_20260714,M5,14,chronos_bolt_tiny,FOODS_3_202_TX_1_validation,378,8044.0,3540.0196027755737,9.365131224274005,74.82534245619118,0.44008199935051884
source_b_repair_fm_chronos_bolt_m5_rohlik_100,m5_top_volume_100_20260714,M5,14,chronos_bolt_tiny,FOODS_3_202_TX_2_validation,378,7798.0,4160.146224975586,11.005677843850757,79.56030744750005,0.5334888721435734
source_b_repair_fm_chronos_bolt_m5_rohlik_100,m5_top_volume_100_20260714,M5,14,chronos_bolt_tiny,FOODS_3_202_TX_3_validation,378,9826.0,3973.289547920227,10.511348010370972,70.83097981697951,0.4043649041237764
source_b_repair_fm_chronos_bolt_m5_rohlik_100,m5_top_volume_100_20260714,M5,14,chronos_bolt_tiny,FOODS_3_226_WI_1_validation,378,14808.0,2709.566162109375,7.168164450024801,18.58374623336181,0.18297988669026033
source_b_repair_fm_chronos_bolt_m5_rohlik_100,m5_top_volume_100_20260714,M5,14,chronos_bolt_tiny,FOODS_3_226_WI_2_validation,378,14519.0,3080.167016983032,8.148589992018604,23.197065503900383,0.21214732536559214
source_b_repair_fm_chronos_bolt_m5_rohlik_100,m5_top_volume_100_20260714,M5,14,chronos_bolt_tiny,FOODS_3_226_WI_3_validation,378,18132.0,3250.3476028442383,8.598803182127615,18.188333054543186,0.1792602913547451
source_b_repair_fm_chronos_bolt_m5_rohlik_100,m5_top_volume_100_20260714,M5,14,chronos_bolt_tiny,FOODS_3_234_CA_3_validation,378,7146.0,4306.087866783142,11.391766843341646,65.99018580397555,0.6025871629979208
source_b_repair_fm_chronos_bolt_m5_rohlik_100,m5_top_volume_100_20260714,M5,14,chronos_bolt_tiny,FOODS_3_234_WI_2_validation,378,8932.0,8667.974263191223,22.931148844421227,156.76568371778293,0.9704404683375754
source_b_repair_fm_chronos_bolt_m5_rohlik_100,m5_top_volume_100_20260714,M5,14,chronos_bolt_tiny,FOODS_3_234_WI_3_validation,378,7749.0,4893.250303268433,12.94510662240326,87.67960987326798,0.6314686157269883
source_b_repair_fm_chronos_bolt_m5_rohlik_100,m5_top_volume_100_20260714,M5,14,chronos_bolt_tiny,FOODS_3_252_CA_1_validation,378,14668.0,3273.662078857422,8.660481690099,23.920825073599392,0.22318394319998786
source_b_repair_fm_chronos_bolt_m5_rohlik_100,m5_top_volume_100_20260714,M5,14,chronos_bolt_tiny,FOODS_3_252_CA_2_validation,378,14731.0,3813.8727140426636,10.08961035461022,28.68177600659022,0.25890114140538073
source_b_repair_fm_chronos_bolt_m5_rohlik_100,m5_top_volume_100_20260714,M5,14,chronos_bolt_tiny,FOODS_3_252_CA_3_validation,378,17274.0,3830.9417686462402,10.134766583720213,22.634680860647162,0.22177502423562812
source_b_repair_fm_chronos_bolt_m5_rohlik_100,m5_top_volume_100_20260714,M5,14,chronos_bolt_tiny,FOODS_3_252_TX_1_validation,378,11801.0,3268.4217767715454,8.64661845706758,29.50886340506041,0.27696142502936577
source_b_repair_fm_chronos_bolt_m5_rohlik_100,m5_top_volume_100_20260714,M5,14,chronos_bolt_tiny,FOODS_3_252_TX_2_validation,378,21934.0,4717.677492141724,12.480628286089216,21.938251396472694,0.21508514143073418
source_b_repair_fm_chronos_bolt_m5_rohlik_100,m5_top_volume_100_20260714,M5,14,chronos_bolt_tiny,FOODS_3_252_TX_3_validation,378,17754.0,4405.729299545288,11.655368517315576,26.18141397987243,0.24815417931425526
source_b_repair_fm_chronos_bolt_m5_rohlik_100,m5_top_volume_100_20260714,M5,14,chronos_bolt_tiny,FOODS_3_252_WI_3_validation,378,6826.0,2283.2262144088745,6.040280990499668,34.60169588873147,0.3344896300042301
source_b_repair_fm_chronos_bolt_m5_rohlik_100,m5_top_volume_100_20260714,M5,14,chronos_bolt_tiny,FOODS_3_281_CA_3_validation,378,3821.0,2010.0227813720703,5.3175205856403975,87.76859672982444,0.5260462657346429
source_b_repair_fm_chronos_bolt_m5_rohlik_100,m5_top_volume_100_20260714,M5,14,chronos_bolt_tiny,FOODS_3_282_CA_3_validation,378,13394.0,4160.170292854309,11.00574151548759,44.045565568522434,0.3105995440386971
source_b_repair_fm_chronos_bolt_m5_rohlik_100,m5_top_volume_100_20260714,M5,14,chronos_bolt_tiny,FOODS_3_288_CA_3_validation,378,12500.0,4054.618733406067,10.726504585730336,46.85949610029746,0.3243694986724854
source_b_repair_fm_chronos_bolt_m5_rohlik_100,m5_top_volume_100_20260714,M5,14,chronos_bolt_tiny,FOODS_3_318_CA_3_validation,378,5296.0,3100.138496398926,8.201424593647952,113.34195807924723,0.5853735831568969
source_b_repair_fm_chronos_bolt_m5_rohlik_100,m5_top_volume_100_20260714,M5,14,chronos_bolt_tiny,FOODS_3_318_WI_3_validation,378,5628.0,3386.7575149536133,8.959675965485749,110.97515216581255,0.6017692812639682
source_b_repair_fm_chronos_bolt_m5_rohlik_100,m5_top_volume_100_20260714,M5,14,chronos_bolt_tiny,FOODS_3_319_CA_3_validation,378,4783.0,2724.663151741028,7.208103576034465,118.4131602196756,0.5696556871714463
source_b_repair_fm_chronos_bolt_m5_rohlik_100,m5_top_volume_100_20260714,M5,14,chronos_bolt_tiny,FOODS_3_376_WI_2_validation,378,8991.0,4590.508131980896,12.144201407356867,57.01874233629617,0.5105670261351236
source_b_repair_fm_chronos_bolt_m5_rohlik_100,m5_top_volume_100_20260714,M5,14,chronos_bolt_tiny,FOODS_3_377_TX_2_validation,378,11838.0,2154.9574012756348,5.700945506020198,18.724263457744573,0.18203728681159273
source_b_repair_fm_chronos_bolt_m5_rohlik_100,m5_top_volume_100_20260714,M5,14,chronos_bolt_tiny,FOODS_3_377_TX_3_validation,378,15919.0,3046.8742351531982,8.060513849611636,19.47119940228733,0.19139859508469115
source_b_repair_fm_chronos_bolt_m5_rohlik_100,m5_top_volume_100_20260714,M5,14,chronos_bolt_tiny,FOODS_3_412_WI_2_validation,378,7130.0,6571.021482467651,17.383654715522887,145.98682835761315,0.9216018909491798
source_b_repair_fm_chronos_bolt_m5_rohlik_100,m5_top_volume_100_20260714,M5,14,chronos_bolt_tiny,FOODS_3_462_WI_2_validation,378,8298.0,4249.669465065002,11.242511812341276,58.36608053698738,0.5121317745318152
source_b_repair_fm_chronos_bolt_m5_rohlik_100,m5_top_volume_100_20260714,M5,14,chronos_bolt_tiny,FOODS_3_501_CA_3_validation,378,4934.0,2055.5890789031982,5.438066346304757,67.066747416666,0.4166171623233073
source_b_repair_fm_chronos_bolt_m5_rohlik_100,m5_top_volume_100_20260714,M5,14,chronos_bolt_tiny,FOODS_3_541_CA_3_validation,378,7136.0,4324.5648193359375,11.440647670200892,122.30335857044147,0.6060208547275697
source_b_repair_fm_chronos_bolt_m5_rohlik_100,m5_top_volume_100_20260714,M5,14,chronos_bolt_tiny,FOODS_3_547_WI_2_validation,378,6199.0,6243.553174972534,16.517336441726282,147.1153731506593,1.0071871551818896
source_b_repair_fm_chronos_bolt_m5_rohlik_100,m5_top_volume_100_20260714,M5,14,chronos_bolt_tiny,FOODS_3_555_CA_1_validation,378,6830.0,1637.7084045410156,4.332561916775173,25.384451214506765,0.23978161120659086
source_b_repair_fm_chronos_bolt_m5_rohlik_100,m5_top_volume_100_20260714,M5,14,chronos_bolt_tiny,FOODS_3_555_CA_3_validation,378,11167.0,2339.360101699829,6.188783337830236,21.78271779572189,0.20948868108711644
source_b_repair_fm_chronos_bolt_m5_rohlik_100,m5_top_volume_100_20260714,M5,14,chronos_bolt_tiny,FOODS_3_555_TX_1_validation,378,9228.0,2249.054178237915,5.949878778407182,25.41854321298777,0.24372065217142555
source_b_repair_fm_chronos_bolt_m5_rohlik_100,m5_top_volume_100_20260714,M5,14,chronos_bolt_tiny,FOODS_3_555_TX_2_validation,378,16845.0,3497.164571762085,9.251758126354723,21.31676341933183,0.20760846374366784
source_b_repair_fm_chronos_bolt_m5_rohlik_100,m5_top_volume_100_20260714,M5,14,chronos_bolt_tiny,FOODS_3_555_TX_3_validation,378,12158.0,2938.019311904907,7.772537862182294,25.718582572061987,0.2416531758434699
source_b_repair_fm_chronos_bolt_m5_rohlik_100,m5_top_volume_100_20260714,M5,14,chronos_bolt_tiny,FOODS_3_555_WI_3_validation,378,8320.0,2128.7070274353027,5.631500072580166,26.556979952910964,0.25585421002828157
source_b_repair_fm_chronos_bolt_m5_rohlik_100,m5_top_volume_100_20260714,M5,14,chronos_bolt_tiny,FOODS_3_586_CA_1_validation,378,16440.0,3298.1606941223145,8.725292841593424,20.907372114988483,0.200618047087732
source_b_repair_fm_chronos_bolt_m5_rohlik_100,m5_top_volume_100_20260714,M5,14,chronos_bolt_tiny,FOODS_3_586_CA_2_validation,378,14229.0,3133.752634048462,8.29035088372609,24.915269016035108,0.22023702537412762
source_b_repair_fm_chronos_bolt_m5_rohlik_100,m5_top_volume_100_20260714,M5,14,chronos_bolt_tiny,FOODS_3_586_CA_3_validation,378,27702.0,4201.829914093018,11.115952153685232,15.690832791459583,0.15167965901714742
source_b_repair_fm_chronos_bolt_m5_rohlik_100,m5_top_volume_100_20260714,M5,14,chronos_bolt_tiny,FOODS_3_586_TX_1_validation,378,19685.0,3709.467071533203,9.81340495114604,19.223695064866238,0.18844130411649496
source_b_repair_fm_chronos_bolt_m5_rohlik_100,m5_top_volume_100_20260714,M5,14,chronos_bolt_tiny,FOODS_3_586_TX_2_validation,378,34848.0,5709.371131896973,15.104156433589875,16.817722281908665,0.16383640759575793
source_b_repair_fm_chronos_bolt_m5_rohlik_100,m5_top_volume_100_20260714,M5,14,chronos_bolt_tiny,FOODS_3_586_TX_3_validation,378,27768.0,5309.770397186279,14.047011632767935,19.88624297066102,0.19121904340198356
source_b_repair_fm_chronos_bolt_m5_rohlik_100,m5_top_volume_100_20260714,M5,14,chronos_bolt_tiny,FOODS_3_586_WI_3_validation,378,12341.0,2612.772512435913,6.912096593745802,22.290737422502836,0.21171481342159573
source_b_repair_fm_chronos_bolt_m5_rohlik_100,m5_top_volume_100_20260714,M5,14,chronos_bolt_tiny,FOODS_3_587_CA_1_validation,378,10362.0,2741.273585319519,7.2520465220093095,27.985176007884842,0.26455062587526723
source_b_repair_fm_chronos_bolt_m5_rohlik_100,m5_top_volume_100_20260714,M5,14,chronos_bolt_tiny,FOODS_3_587_CA_3_validation,378,12820.0,3039.9311180114746,8.04214581484517,26.161062270174014,0.23712411216938178
source_b_repair_fm_chronos_bolt_m5_rohlik_100,m5_top_volume_100_20260714,M5,14,chronos_bolt_tiny,FOODS_3_587_TX_1_validation,378,10602.0,3067.691484451294,8.115585937701836,31.89375030472811,0.2893502626345307
source_b_repair_fm_chronos_bolt_m5_rohlik_100,m5_top_volume_100_20260714,M5,14,chronos_bolt_tiny,FOODS_3_587_TX_2_validation,378,11359.0,3045.83104801178,8.057754095269258,29.526130815840258,0.26814253437906327
source_b_repair_fm_chronos_bolt_m5_rohlik_100,m5_top_volume_100_20260714,M5,14,chronos_bolt_tiny,FOODS_3_587_TX_3_validation,378,11748.0,2824.8186206817627,7.4730651340787375,24.496778484665384,0.24045102321090933
source_b_repair_fm_chronos_bolt_m5_rohlik_100,m5_top_volume_100_20260714,M5,14,chronos_bolt_tiny,FOODS_3_587_WI_3_validation,378,11072.0,3351.685305595398,8.866892342844968,36.10054624943335,0.3027172421961161
source_b_repair_fm_chronos_bolt_m5_rohlik_100,m5_top_volume_100_20260714,M5,14,chronos_bolt_tiny,FOODS_3_607_CA_3_validation,378,7937.0,3223.78164768219,8.528522877466111,48.65020359418798,0.40617130498704673
source_b_repair_fm_chronos_bolt_m5_rohlik_100,m5_top_volume_100_20260714,M5,14,chronos_bolt_tiny,FOODS_3_635_CA_3_validation,378,6861.0,3984.368621826172,10.540657729698868,113.34040176404625,0.5807270983568243
source_b_repair_fm_chronos_bolt_m5_rohlik_100,m5_top_volume_100_20260714,M5,14,chronos_bolt_tiny,FOODS_3_681_CA_3_validation,378,14755.0,6236.359567642212,16.498305734503205,46.177965865443305,0.42266076364908245
source_b_repair_fm_chronos_bolt_m5_rohlik_100,m5_top_volume_100_20260714,M5,14,chronos_bolt_tiny,FOODS_3_681_WI_3_validation,378,12789.0,4706.139371871948,12.450104158391397,44.793099457265996,0.3679833741396472
source_b_repair_fm_chronos_bolt_m5_rohlik_100,m5_top_volume_100_20260714,M5,14,chronos_bolt_tiny,FOODS_3_694_CA_3_validation,378,6591.0,1543.2468891143799,4.08266372781582,24.254345059392428,0.2341445742852951
source_b_repair_fm_chronos_bolt_m5_rohlik_100,m5_top_volume_100_20260714,M5,14,chronos_bolt_tiny,FOODS_3_694_TX_1_validation,378,6424.0,1712.76282787323,4.531118592257222,28.116795664672402,0.26661936922061485
source_b_repair_fm_chronos_bolt_m5_rohlik_100,m5_top_volume_100_20260714,M5,14,chronos_bolt_tiny,FOODS_3_694_WI_1_validation,378,7117.0,1670.5449266433716,4.419431022866062,24.491136420037133,0.234725997842261
source_b_repair_fm_chronos_bolt_m5_rohlik_100,m5_top_volume_100_20260714,M5,14,chronos_bolt_tiny,FOODS_3_694_WI_2_validation,378,11714.0,2351.1721115112305,6.220032041035001,20.928733788391252,0.2007147098780289
source_b_repair_fm_chronos_bolt_m5_rohlik_100,m5_top_volume_100_20260714,M5,14,chronos_bolt_tiny,FOODS_3_694_WI_3_validation,378,16615.0,3072.324417114258,8.127842373318142,19.106932903712,0.1849126943794317
source_b_repair_fm_chronos_bolt_m5_rohlik_100,m5_top_volume_100_20260714,M5,14,chronos_bolt_tiny,FOODS_3_711_CA_3_validation,378,5232.0,3426.5145893096924,9.064853410872201,95.72116979437688,0.6549148679873266
source_b_repair_fm_chronos_bolt_m5_rohlik_100,m5_top_volume_100_20260714,M5,14,chronos_bolt_tiny,FOODS_3_711_WI_2_validation,378,7949.0,6910.8130559921265,18.282574222201394,125.36068136188061,0.8693940188693077
source_b_repair_fm_chronos_bolt_m5_rohlik_100,m5_top_volume_100_20260714,M5,14,chronos_bolt_tiny,FOODS_3_714_CA_1_validation,378,8737.0,2244.7788877487183,5.93856848610772,27.95037422088719,0.2569278800215999
source_b_repair_fm_chronos_bolt_m5_rohlik_100,m5_top_volume_100_20260714,M5,14,chronos_bolt_tiny,FOODS_3_714_CA_3_validation,378,11479.0,2600.0097789764404,6.8783327486149215,23.856139661359126,0.22650141815283914
source_b_repair_fm_chronos_bolt_m5_rohlik_100,m5_top_volume_100_20260714,M5,14,chronos_bolt_tiny,FOODS_3_714_TX_1_validation,378,5659.0,1972.574234008789,5.218450354520606,37.6689053475514,0.3485729340888477
source_b_repair_fm_chronos_bolt_m5_rohlik_100,m5_top_volume_100_20260714,M5,14,chronos_bolt_tiny,FOODS_3_714_TX_2_validation,378,8856.0,2240.149094581604,5.92632035603599,26.568055729399482,0.25295269812348736
source_b_repair_fm_chronos_bolt_m5_rohlik_100,m5_top_volume_100_20260714,M5,14,chronos_bolt_tiny,FOODS_3_714_TX_3_validation,378,6863.0,2357.9483003616333,6.237958466565168,37.02579076766179,0.34357399101874303
source_b_repair_fm_chronos_bolt_m5_rohlik_100,m5_top_volume_100_20260714,M5,14,chronos_bolt_tiny,FOODS_3_714_WI_3_validation,378,8435.0,2269.323088645935,6.003500234513056,28.196743429954374,0.26903652503212033
source_b_repair_fm_chronos_bolt_m5_rohlik_100,m5_top_volume_100_20260714,M5,14,chronos_bolt_tiny,FOODS_3_723_CA_3_validation,378,8460.0,3533.8643188476562,9.34884740435888,66.95059825853204,0.4177144584926308
source_b_repair_fm_chronos_bolt_m5_rohlik_100,m5_top_volume_100_20260714,M5,14,chronos_bolt_tiny,FOODS_3_723_WI_3_validation,378,8049.0,3319.149083137512,8.780817680257968,66.06458257097172,0.4123678821142393
source_b_repair_fm_chronos_bolt_m5_rohlik_100,m5_top_volume_100_20260714,M5,14,chronos_bolt_tiny,FOODS_3_752_CA_3_validation,378,6697.0,4220.475602149963,11.165279370767099,67.19754678250939,0.6302039125205261
source_b_repair_fm_chronos_bolt_m5_rohlik_100,m5_top_volume_100_20260714,M5,14,chronos_bolt_tiny,FOODS_3_804_CA_3_validation,378,8100.0,3631.81542301178,9.607977309554974,56.62755571176612,0.4483722744458987
source_b_repair_fm_chronos_bolt_m5_rohlik_100,m5_top_volume_100_20260714,M5,14,chronos_bolt_tiny,FOODS_3_808_CA_1_validation,378,2395.0,2146.358395576477,5.678196813694384,146.5509090843454,0.896183046169719
source_b_repair_fm_chronos_bolt_m5_rohlik_100,m5_top_volume_100_20260714,M5,14,chronos_bolt_tiny,FOODS_3_808_CA_3_validation,378,8869.0,5248.759237289429,13.885606447855631,110.43290402808748,0.5918095881485431
source_b_repair_fm_chronos_bolt_m5_rohlik_100,m5_top_volume_100_20260714,M5,14,chronos_bolt_tiny,HOUSEHOLD_1_118_CA_3_validation,378,7935.0,2471.7429571151733,6.5390025320507235,32.959059158933194,0.3114987973680118
source_b_repair_fm_chronos_bolt_m5_rohlik_100,m5_top_volume_100_20260714,M5,14,chronos_bolt_tiny,HOUSEHOLD_1_334_CA_3_validation,378,7215.0,2552.6648683547974,6.753081662314279,39.96092547495701,0.3537997045536795
source_b_repair_fm_chronos_bolt_m5_rohlik_100,m5_top_volume_100_20260714,M5,14,chronos_bolt_tiny,HOUSEHOLD_1_459_CA_3_validation,378,8248.0,2874.2884006500244,7.603937567857208,36.74926495448456,0.34848307476358203
source_b_repair_fm_chronos_bolt_m5_rohlik_100,m5_top_volume_100_20260714,M5,28,chronos_bolt_tiny,FOODS_1_218_TX_2_validation,364,5401.0,2386.710319519043,6.556896482195173,48.40693887986564,0.4419015588815114
source_b_repair_fm_chronos_bolt_m5_rohlik_100,m5_top_volume_100_20260714,M5,28,chronos_bolt_tiny,FOODS_2_197_CA_1_validation,364,6045.0,2093.7857236862183,5.752158581555545,37.730887282536244,0.3463665382442048
source_b_repair_fm_chronos_bolt_m5_rohlik_100,m5_top_volume_100_20260714,M5,28,chronos_bolt_tiny,FOODS_2_197_CA_3_validation,364,5076.0,1518.1693296432495,4.170794861657279,32.017917351616326,0.29908773239622727
source_b_repair_fm_chronos_bolt_m5_rohlik_100,m5_top_volume_100_20260714,M5,28,chronos_bolt_tiny,FOODS_2_276_CA_3_validation,364,3023.0,1407.6865940093994,3.8672708626631853,49.989724970183936,0.4656588137642737
source_b_repair_fm_chronos_bolt_m5_rohlik_100,m5_top_volume_100_20260714,M5,28,chronos_bolt_tiny,FOODS_2_360_CA_3_validation,364,4556.0,2177.5148668289185,5.982183700079446,80.51728266760651,0.4779444396024843
source_b_repair_fm_chronos_bolt_m5_rohlik_100,m5_top_volume_100_20260714,M5,28,chronos_bolt_tiny,FOODS_2_360_TX_3_validation,364,3695.0,1962.8342475891113,5.3924017790909655,104.89206624574645,0.5312135988062547
source_b_repair_fm_chronos_bolt_m5_rohlik_100,m5_top_volume_100_20260714,M5,28,chronos_bolt_tiny,FOODS_2_360_WI_2_validation,364,9519.0,5391.2931118011475,14.811244812640515,114.06102642124279,0.5663717944953406
source_b_repair_fm_chronos_bolt_m5_rohlik_100,m5_top_volume_100_20260714,M5,28,chronos_bolt_tiny,FOODS_3_007_WI_2_validation,364,7734.0,6897.207714080811,18.948372840881348,144.95557374595933,0.8918034282493936
source_b_repair_fm_chronos_bolt_m5_rohlik_100,m5_top_volume_100_20260714,M5,28,chronos_bolt_tiny,FOODS_3_030_TX_2_validation,364,4773.0,2292.289276123047,6.297498011327052,94.39807492998713,0.480261738135983
source_b_repair_fm_chronos_bolt_m5_rohlik_100,m5_top_volume_100_20260714,M5,28,chronos_bolt_tiny,FOODS_3_030_TX_3_validation,364,5556.0,2773.975486755371,7.62081177680047,96.8506339934498,0.49927564556432164
source_b_repair_fm_chronos_bolt_m5_rohlik_100,m5_top_volume_100_20260714,M5,28,chronos_bolt_tiny,FOODS_3_080_CA_1_validation,364,6633.0,1904.2084741592407,5.231341961975936,29.35143314396579,0.28708103032703763
source_b_repair_fm_chronos_bolt_m5_rohlik_100,m5_top_volume_100_20260714,M5,28,chronos_bolt_tiny,FOODS_3_080_TX_2_validation,364,6351.0,1482.708441734314,4.073374839929434,24.253070540151214,0.2334606269460422
source_b_repair_fm_chronos_bolt_m5_rohlik_100,m5_top_volume_100_20260714,M5,28,chronos_bolt_tiny,FOODS_3_090_CA_1_validation,364,18027.0,7810.655967712402,21.45784606514396,71.3838231521875,0.43327541841196
source_b_repair_fm_chronos_bolt_m5_rohlik_100,m5_top_volume_100_20260714,M5,28,chronos_bolt_tiny,FOODS_3_090_CA_2_validation,364,13416.0,5883.985458374023,16.16479521531325,72.83259852285924,0.438579715144158
source_b_repair_fm_chronos_bolt_m5_rohlik_100,m5_top_volume_100_20260714,M5,28,chronos_bolt_tiny,FOODS_3_090_CA_3_validation,364,35186.0,14252.442848205566,39.155062769795514,67.4615538976484,0.40506004797946815
source_b_repair_fm_chronos_bolt_m5_rohlik_100,m5_top_volume_100_20260714,M5,28,chronos_bolt_tiny,FOODS_3_090_CA_4_validation,364,9265.0,4040.820135116577,11.101154217353233,70.05099091553073,0.43613816892785506
source_b_repair_fm_chronos_bolt_m5_rohlik_100,m5_top_volume_100_20260714,M5,28,chronos_bolt_tiny,FOODS_3_090_TX_1_validation,364,16266.0,6902.12158203125,18.96187247810783,68.07642807249185,0.42432814349140846
source_b_repair_fm_chronos_bolt_m5_rohlik_100,m5_top_volume_100_20260714,M5,28,chronos_bolt_tiny,FOODS_3_090_TX_2_validation,364,18445.0,7895.113344192505,21.689871824704685,72.29984155000936,0.4280354212085934
source_b_repair_fm_chronos_bolt_m5_rohlik_100,m5_top_volume_100_20260714,M5,28,chronos_bolt_tiny,FOODS_3_090_TX_3_validation,364,20844.0,8542.401964187622,23.46813726425171,70.88622833571937,0.4098254636436203
source_b_repair_fm_chronos_bolt_m5_rohlik_100,m5_top_volume_100_20260714,M5,28,chronos_bolt_tiny,FOODS_3_090_WI_3_validation,364,22744.0,8855.84421157837,24.329242339501015,68.20991171485353,0.38937056857098
source_b_repair_fm_chronos_bolt_m5_rohlik_100,m5_top_volume_100_20260714,M5,28,chronos_bolt_tiny,FOODS_3_099_TX_2_validation,364,4993.0,2083.516972541809,5.723947726763212,79.6115161174245,0.4172875971443639
source_b_repair_fm_chronos_bolt_m5_rohlik_100,m5_top_volume_100_20260714,M5,28,chronos_bolt_tiny,FOODS_3_120_CA_1_validation,364,14909.0,7181.968605041504,19.730682980883252,68.9877565379189,0.4817203437548799
source_b_repair_fm_chronos_bolt_m5_rohlik_100,m5_top_volume_100_20260714,M5,28,chronos_bolt_tiny,FOODS_3_120_CA_3_validation,364,30361.0,9455.66877746582,25.977112026005003,43.98139203659354,0.31144128248298214
source_b_repair_fm_chronos_bolt_m5_rohlik_100,m5_top_volume_100_20260714,M5,28,chronos_bolt_tiny,FOODS_3_120_WI_3_validation,364,11888.0,4875.611391067505,13.394536788646992,55.14761948866271,0.4101288182257322
source_b_repair_fm_chronos_bolt_m5_rohlik_100,m5_top_volume_100_20260714,M5,28,chronos_bolt_tiny,FOODS_3_202_CA_3_validation,364,7485.0,3714.714683532715,10.205260119595371,71.57171547176809,0.49628786687143817
source_b_repair_fm_chronos_bolt_m5_rohlik_100,m5_top_volume_100_20260714,M5,28,chronos_bolt_tiny,FOODS_3_202_TX_1_validation,364,7637.0,4052.8100624084473,11.134093578045185,82.95221778156993,0.5306809038115029
source_b_repair_fm_chronos_bolt_m5_rohlik_100,m5_top_volume_100_20260714,M5,28,chronos_bolt_tiny,FOODS_3_202_TX_2_validation,364,7507.0,4723.479166984558,12.976591118089445,87.74772283250601,0.6292099596356145
source_b_repair_fm_chronos_bolt_m5_rohlik_100,m5_top_volume_100_20260714,M5,28,chronos_bolt_tiny,FOODS_3_202_TX_3_validation,364,9390.0,4883.46160697937,13.41610331587739,80.01754353254267,0.5200704586772492
source_b_repair_fm_chronos_bolt_m5_rohlik_100,m5_top_volume_100_20260714,M5,28,chronos_bolt_tiny,FOODS_3_226_WI_1_validation,364,14269.0,2687.027826309204,7.381944577772539,19.040308963143307,0.1883122732012898
source_b_repair_fm_chronos_bolt_m5_rohlik_100,m5_top_volume_100_20260714,M5,28,chronos_bolt_tiny,FOODS_3_226_WI_2_validation,364,13849.0,2912.38152885437,8.001048156193324,22.277691846458897,0.2102954385771081
source_b_repair_fm_chronos_bolt_m5_rohlik_100,m5_top_volume_100_20260714,M5,28,chronos_bolt_tiny,FOODS_3_226_WI_3_validation,364,17486.0,3261.409465789795,8.959916114807129,19.01539182012393,0.1865154675620379
source_b_repair_fm_chronos_bolt_m5_rohlik_100,m5_top_volume_100_20260714,M5,28,chronos_bolt_tiny,FOODS_3_234_CA_3_validation,364,6927.0,4179.897268295288,11.483234253558484,64.63089636818724,0.6034210001869912
source_b_repair_fm_chronos_bolt_m5_rohlik_100,m5_top_volume_100_20260714,M5,28,chronos_bolt_tiny,FOODS_3_234_WI_2_validation,364,8873.0,8808.136340141296,24.198176758629934,155.68693174374698,0.992689771231973
source_b_repair_fm_chronos_bolt_m5_rohlik_100,m5_top_volume_100_20260714,M5,28,chronos_bolt_tiny,FOODS_3_234_WI_3_validation,364,7337.0,4709.043869018555,12.93693370609493,88.96875968889901,0.6418214350577286
source_b_repair_fm_chronos_bolt_m5_rohlik_100,m5_top_volume_100_20260714,M5,28,chronos_bolt_tiny,FOODS_3_252_CA_1_validation,364,14143.0,3151.908899307251,8.659090382712227,23.763735680834568,0.22285999429450973
source_b_repair_fm_chronos_bolt_m5_rohlik_100,m5_top_volume_100_20260714,M5,28,chronos_bolt_tiny,FOODS_3_252_CA_2_validation,364,14244.0,3918.452253341675,10.764978717971633,30.43241085655587,0.2750949349439536
source_b_repair_fm_chronos_bolt_m5_rohlik_100,m5_top_volume_100_20260714,M5,28,chronos_bolt_tiny,FOODS_3_252_CA_3_validation,364,16554.0,3750.18284034729,10.302700110844203,23.136079686060633,0.22654239702472453
source_b_repair_fm_chronos_bolt_m5_rohlik_100,m5_top_volume_100_20260714,M5,28,chronos_bolt_tiny,FOODS_3_252_TX_1_validation,364,11375.0,3378.562035560608,9.281763833957713,31.535633694362588,0.29701644268664684
source_b_repair_fm_chronos_bolt_m5_rohlik_100,m5_top_volume_100_20260714,M5,28,chronos_bolt_tiny,FOODS_3_252_TX_2_validation,364,21287.0,4661.2640018463135,12.805670334742619,22.36558503574986,0.21897233061710497
source_b_repair_fm_chronos_bolt_m5_rohlik_100,m5_top_volume_100_20260714,M5,28,chronos_bolt_tiny,FOODS_3_252_TX_3_validation,364,17267.0,4324.8663539886475,11.881500972496283,26.457049881144783,0.2504700500369866
source_b_repair_fm_chronos_bolt_m5_rohlik_100,m5_top_volume_100_20260714,M5,28,chronos_bolt_tiny,FOODS_3_252_WI_3_validation,364,6563.0,2182.2341146469116,5.995148666612395,34.616571721629654,0.33250557894970467
source_b_repair_fm_chronos_bolt_m5_rohlik_100,m5_top_volume_100_20260714,M5,28,chronos_bolt_tiny,FOODS_3_281_CA_3_validation,364,3618.0,2191.648431777954,6.021012175214159,94.45880506739098,0.6057624189546584
source_b_repair_fm_chronos_bolt_m5_rohlik_100,m5_top_volume_100_20260714,M5,28,chronos_bolt_tiny,FOODS_3_282_CA_3_validation,364,12762.0,4531.468662261963,12.44908973148891,50.12710157718563,0.3550751184972546
source_b_repair_fm_chronos_bolt_m5_rohlik_100,m5_top_volume_100_20260714,M5,28,chronos_bolt_tiny,FOODS_3_288_CA_3_validation,364,12018.0,4972.732533454895,13.661353113887074,56.99744294841354,0.4137737172120898
source_b_repair_fm_chronos_bolt_m5_rohlik_100,m5_top_volume_100_20260714,M5,28,chronos_bolt_tiny,FOODS_3_318_CA_3_validation,364,4989.0,3702.069272994995,10.170519980755481,132.34221699879686,0.7420463565834827
source_b_repair_fm_chronos_bolt_m5_rohlik_100,m5_top_volume_100_20260714,M5,28,chronos_bolt_tiny,FOODS_3_318_WI_3_validation,364,5294.0,3884.677065849304,10.672189741344242,127.06957811428367,0.7337886410746702
source_b_repair_fm_chronos_bolt_m5_rohlik_100,m5_top_volume_100_20260714,M5,28,chronos_bolt_tiny,FOODS_3_319_CA_3_validation,364,4781.0,3007.068660736084,8.261177639384846,121.75789482666917,0.6289622800117306
source_b_repair_fm_chronos_bolt_m5_rohlik_100,m5_top_volume_100_20260714,M5,28,chronos_bolt_tiny,FOODS_3_376_WI_2_validation,364,8342.0,4431.862491607666,12.175446405515565,58.63384438579612,0.5312709771766562
source_b_repair_fm_chronos_bolt_m5_rohlik_100,m5_top_volume_100_20260714,M5,28,chronos_bolt_tiny,FOODS_3_377_TX_2_validation,364,11468.0,2083.883306503296,5.724954138745319,18.698185649543106,0.1817128798834405
source_b_repair_fm_chronos_bolt_m5_rohlik_100,m5_top_volume_100_20260714,M5,28,chronos_bolt_tiny,FOODS_3_377_TX_3_validation,364,15335.0,3042.26407623291,8.357868341299204,20.255669859775224,0.1983869629105256
source_b_repair_fm_chronos_bolt_m5_rohlik_100,m5_top_volume_100_20260714,M5,28,chronos_bolt_tiny,FOODS_3_412_WI_2_validation,364,6820.0,6196.300691604614,17.022804097814873,144.79158660168082,0.9085484885050754
source_b_repair_fm_chronos_bolt_m5_rohlik_100,m5_top_volume_100_20260714,M5,28,chronos_bolt_tiny,FOODS_3_462_WI_2_validation,364,7852.0,4151.37248134613,11.404869454247612,59.213211942425524,0.5287025574816774
source_b_repair_fm_chronos_bolt_m5_rohlik_100,m5_top_volume_100_20260714,M5,28,chronos_bolt_tiny,FOODS_3_501_CA_3_validation,364,4692.0,2305.985595703125,6.335125262920673,73.77526241468009,0.4914717808403932
source_b_repair_fm_chronos_bolt_m5_rohlik_100,m5_top_volume_100_20260714,M5,28,chronos_bolt_tiny,FOODS_3_541_CA_3_validation,364,7136.0,4764.658273696899,13.089720532134338,124.0371823537038,0.667693143735552
source_b_repair_fm_chronos_bolt_m5_rohlik_100,m5_top_volume_100_20260714,M5,28,chronos_bolt_tiny,FOODS_3_547_WI_2_validation,364,6138.0,6425.77032661438,17.653215183006537,155.1263465842746,1.0468834028371423
source_b_repair_fm_chronos_bolt_m5_rohlik_100,m5_top_volume_100_20260714,M5,28,chronos_bolt_tiny,FOODS_3_555_CA_1_validation,364,6566.0,1564.4751825332642,4.298008743223253,25.301326806224683,0.2382691414153616
source_b_repair_fm_chronos_bolt_m5_rohlik_100,m5_top_volume_100_20260714,M5,28,chronos_bolt_tiny,FOODS_3_555_CA_3_validation,364,10701.0,2220.8982334136963,6.10136877311455,21.56989037405344,0.2075411861894866
source_b_repair_fm_chronos_bolt_m5_rohlik_100,m5_top_volume_100_20260714,M5,28,chronos_bolt_tiny,FOODS_3_555_TX_1_validation,364,8816.0,2259.0273208618164,6.206119013356639,26.641834429812555,0.25624175599612253
source_b_repair_fm_chronos_bolt_m5_rohlik_100,m5_top_volume_100_20260714,M5,28,chronos_bolt_tiny,FOODS_3_555_TX_2_validation,364,16252.0,3470.6302967071533,9.534698617327344,21.883943592408556,0.21355096583233776
source_b_repair_fm_chronos_bolt_m5_rohlik_100,m5_top_volume_100_20260714,M5,28,chronos_bolt_tiny,FOODS_3_555_TX_3_validation,364,11786.0,2945.5529022216797,8.092178302806813,26.392755953301123,0.24991964213657558
source_b_repair_fm_chronos_bolt_m5_rohlik_100,m5_top_volume_100_20260714,M5,28,chronos_bolt_tiny,FOODS_3_555_WI_3_validation,364,7929.0,2071.9132623672485,5.692069402107825,27.333281682049872,0.26130826868044504
source_b_repair_fm_chronos_bolt_m5_rohlik_100,m5_top_volume_100_20260714,M5,28,chronos_bolt_tiny,FOODS_3_586_CA_1_validation,364,15898.0,3345.057683944702,9.189718911935994,21.880915849875382,0.21040745275787534
source_b_repair_fm_chronos_bolt_m5_rohlik_100,m5_top_volume_100_20260714,M5,28,chronos_bolt_tiny,FOODS_3_586_CA_2_validation,364,13764.0,3268.5736780166626,8.979598016529293,27.095234133092028,0.23747265896662761
source_b_repair_fm_chronos_bolt_m5_rohlik_100,m5_top_volume_100_20260714,M5,28,chronos_bolt_tiny,FOODS_3_586_CA_3_validation,364,26695.0,4126.0908851623535,11.335414519676796,15.982929038050653,0.15456418374835562
source_b_repair_fm_chronos_bolt_m5_rohlik_100,m5_top_volume_100_20260714,M5,28,chronos_bolt_tiny,FOODS_3_586_TX_1_validation,364,18896.0,3563.064254760742,9.788638062529511,19.29498608331815,0.18856182550596645
source_b_repair_fm_chronos_bolt_m5_rohlik_100,m5_top_volume_100_20260714,M5,28,chronos_bolt_tiny,FOODS_3_586_TX_2_validation,364,33765.0,5841.340763092041,16.047639459044067,17.798509194134848,0.17299987451775628
source_b_repair_fm_chronos_bolt_m5_rohlik_100,m5_top_volume_100_20260714,M5,28,chronos_bolt_tiny,FOODS_3_586_TX_3_validation,364,26936.0,5209.521739959717,14.311872911977243,20.158311339682864,0.1934036879996925
source_b_repair_fm_chronos_bolt_m5_rohlik_100,m5_top_volume_100_20260714,M5,28,chronos_bolt_tiny,FOODS_3_586_WI_3_validation,364,11889.0,2608.0691242218018,7.165025066543412,23.06408275448765,0.21936824999762822
source_b_repair_fm_chronos_bolt_m5_rohlik_100,m5_top_volume_100_20260714,M5,28,chronos_bolt_tiny,FOODS_3_587_CA_1_validation,364,10034.0,2592.3587970733643,7.121864827124627,27.371970963955018,0.2583574643286191
source_b_repair_fm_chronos_bolt_m5_rohlik_100,m5_top_volume_100_20260714,M5,28,chronos_bolt_tiny,FOODS_3_587_CA_3_validation,364,12312.0,3199.7204456329346,8.790440784705865,29.029207761942793,0.2598863259935782
source_b_repair_fm_chronos_bolt_m5_rohlik_100,m5_top_volume_100_20260714,M5,28,chronos_bolt_tiny,FOODS_3_587_TX_1_validation,364,10234.0,3112.9020042419434,8.551928583082262,34.00826047263607,0.3041725624625702
source_b_repair_fm_chronos_bolt_m5_rohlik_100,m5_top_volume_100_20260714,M5,28,chronos_bolt_tiny,FOODS_3_587_TX_2_validation,364,10946.0,3024.3851442337036,8.308750396246438,30.92832477728205,0.2763004882362236
source_b_repair_fm_chronos_bolt_m5_rohlik_100,m5_top_volume_100_20260714,M5,28,chronos_bolt_tiny,FOODS_3_587_TX_3_validation,364,11441.0,2937.4234199523926,8.069844560308772,26.213226428797086,0.256745338690009
source_b_repair_fm_chronos_bolt_m5_rohlik_100,m5_top_volume_100_20260714,M5,28,chronos_bolt_tiny,FOODS_3_587_WI_3_validation,364,10622.0,3691.236421585083,10.14075939995902,43.77657269498986,0.34750860681463785
source_b_repair_fm_chronos_bolt_m5_rohlik_100,m5_top_volume_100_20260714,M5,28,chronos_bolt_tiny,FOODS_3_607_CA_3_validation,364,7751.0,3232.322066307068,8.88000567666777,50.249726991046096,0.41702000597433464
source_b_repair_fm_chronos_bolt_m5_rohlik_100,m5_top_volume_100_20260714,M5,28,chronos_bolt_tiny,FOODS_3_635_CA_3_validation,364,6861.0,4349.431394577026,11.948987347739083,113.52185954558038,0.6339354896628809
source_b_repair_fm_chronos_bolt_m5_rohlik_100,m5_top_volume_100_20260714,M5,28,chronos_bolt_tiny,FOODS_3_681_CA_3_validation,364,14222.0,6497.948617935181,17.851507192129617,50.394353517608046,0.4568941511696794
source_b_repair_fm_chronos_bolt_m5_rohlik_100,m5_top_volume_100_20260714,M5,28,chronos_bolt_tiny,FOODS_3_681_WI_3_validation,364,12084.0,4705.508864402771,12.927222154952668,48.10088374856949,0.3893999391263465
source_b_repair_fm_chronos_bolt_m5_rohlik_100,m5_top_volume_100_20260714,M5,28,chronos_bolt_tiny,FOODS_3_694_CA_3_validation,364,6317.0,1509.833059310913,4.147893020084926,24.72562448847499,0.23901109059852985
source_b_repair_fm_chronos_bolt_m5_rohlik_100,m5_top_volume_100_20260714,M5,28,chronos_bolt_tiny,FOODS_3_694_TX_1_validation,364,6148.0,1689.2985486984253,4.640930078841827,28.825029083677173,0.27477204760872237
source_b_repair_fm_chronos_bolt_m5_rohlik_100,m5_top_volume_100_20260714,M5,28,chronos_bolt_tiny,FOODS_3_694_WI_1_validation,364,6821.0,1644.6959371566772,4.518395431749114,25.1491515047577,0.24112240685481268
source_b_repair_fm_chronos_bolt_m5_rohlik_100,m5_top_volume_100_20260714,M5,28,chronos_bolt_tiny,FOODS_3_694_WI_2_validation,364,11167.0,2342.925947189331,6.436609745025635,21.73061572970305,0.20980800100199973
source_b_repair_fm_chronos_bolt_m5_rohlik_100,m5_top_volume_100_20260714,M5,28,chronos_bolt_tiny,FOODS_3_694_WI_3_validation,364,15958.0,2975.042589187622,8.173193926339621,19.271485874006256,0.18642953936505965
source_b_repair_fm_chronos_bolt_m5_rohlik_100,m5_top_volume_100_20260714,M5,28,chronos_bolt_tiny,FOODS_3_711_CA_3_validation,364,5052.0,3543.6079454421997,9.735186663302747,103.91166506507763,0.7014267508792953
source_b_repair_fm_chronos_bolt_m5_rohlik_100,m5_top_volume_100_20260714,M5,28,chronos_bolt_tiny,FOODS_3_711_WI_2_validation,364,7860.0,7032.081968307495,19.31890650633927,128.75490154432077,0.8946669170874676
source_b_repair_fm_chronos_bolt_m5_rohlik_100,m5_top_volume_100_20260714,M5,28,chronos_bolt_tiny,FOODS_3_714_CA_1_validation,364,8484.0,2169.672299385071,5.960638185123821,27.676411662828706,0.25573695183699563
source_b_repair_fm_chronos_bolt_m5_rohlik_100,m5_top_volume_100_20260714,M5,28,chronos_bolt_tiny,FOODS_3_714_CA_3_validation,364,11041.0,2540.6516160964966,6.979812132133232,24.148560415741326,0.2301106436098629
source_b_repair_fm_chronos_bolt_m5_rohlik_100,m5_top_volume_100_20260714,M5,28,chronos_bolt_tiny,FOODS_3_714_TX_1_validation,364,5367.0,2018.62437915802,5.545671371313242,39.87277163958885,0.37611782730725174
source_b_repair_fm_chronos_bolt_m5_rohlik_100,m5_top_volume_100_20260714,M5,28,chronos_bolt_tiny,FOODS_3_714_TX_2_validation,364,8563.0,2241.8510732650757,6.158931519958999,27.589301568012054,0.26180673517050984
source_b_repair_fm_chronos_bolt_m5_rohlik_100,m5_top_volume_100_20260714,M5,28,chronos_bolt_tiny,FOODS_3_714_TX_3_validation,364,6553.0,2330.462399482727,6.402369229348151,38.19684090007964,0.3556329008824549
source_b_repair_fm_chronos_bolt_m5_rohlik_100,m5_top_volume_100_20260714,M5,28,chronos_bolt_tiny,FOODS_3_714_WI_3_validation,364,8159.0,2175.237135887146,5.975926197492159,27.879748972355582,0.2666058507031678
source_b_repair_fm_chronos_bolt_m5_rohlik_100,m5_top_volume_100_20260714,M5,28,chronos_bolt_tiny,FOODS_3_723_CA_3_validation,364,8114.0,4065.743625640869,11.169625345167223,76.35008445922763,0.5010775974415663
source_b_repair_fm_chronos_bolt_m5_rohlik_100,m5_top_volume_100_20260714,M5,28,chronos_bolt_tiny,FOODS_3_723_WI_3_validation,364,7665.0,3569.4650745391846,9.806222732250507,75.63564006731342,0.4656836366000241
source_b_repair_fm_chronos_bolt_m5_rohlik_100,m5_top_volume_100_20260714,M5,28,chronos_bolt_tiny,FOODS_3_752_CA_3_validation,364,6402.0,4017.423536300659,11.036877846979833,66.05946288577445,0.6275263255702372
source_b_repair_fm_chronos_bolt_m5_rohlik_100,m5_top_volume_100_20260714,M5,28,chronos_bolt_tiny,FOODS_3_804_CA_3_validation,364,8021.0,3489.6841382980347,9.587044335983611,53.123280641218905,0.4350684625730002
source_b_repair_fm_chronos_bolt_m5_rohlik_100,m5_top_volume_100_20260714,M5,28,chronos_bolt_tiny,FOODS_3_808_CA_1_validation,364,2395.0,2439.6520833969116,6.702340888453054,149.79445290310048,1.0186438761573744
source_b_repair_fm_chronos_bolt_m5_rohlik_100,m5_top_volume_100_20260714,M5,28,chronos_bolt_tiny,FOODS_3_808_CA_3_validation,364,8863.0,6359.029552459717,17.469861407856364,113.04752934525781,0.7174804865688499
source_b_repair_fm_chronos_bolt_m5_rohlik_100,m5_top_volume_100_20260714,M5,28,chronos_bolt_tiny,HOUSEHOLD_1_118_CA_3_validation,364,7647.0,2388.10906124115,6.560739179233928,33.03056756319451,0.31229358718989797
source_b_repair_fm_chronos_bolt_m5_rohlik_100,m5_top_volume_100_20260714,M5,28,chronos_bolt_tiny,HOUSEHOLD_1_334_CA_3_validation,364,6882.0,2456.649115562439,6.749036031764942,40.401296778820836,0.35696732280767784
source_b_repair_fm_chronos_bolt_m5_rohlik_100,m5_top_volume_100_20260714,M5,28,chronos_bolt_tiny,HOUSEHOLD_1_459_CA_3_validation,364,7840.0,2793.5411796569824,7.674563680376325,37.63941494070714,0.35631902801747223
source_b_repair_fm_chronos_bolt_m5_rohlik_100,rohlik_top_volume_100_20260714,Rohlik,7,chronos_bolt_tiny,80,280,65024.250061035156,11585.65023803711,41.377322278703964,17.75561205734472,0.1781743000059549
source_b_repair_fm_chronos_bolt_m5_rohlik_100,rohlik_top_volume_100_20260714,Rohlik,7,chronos_bolt_tiny,139,280,704992.3494262695,104981.76849365234,374.9348874773298,14.974868327100888,0.14891192589407198
source_b_repair_fm_chronos_bolt_m5_rohlik_100,rohlik_top_volume_100_20260714,Rohlik,7,chronos_bolt_tiny,393,280,347206.3200683594,140066.43841552734,500.2372800554548,37.33314357233803,0.4034098180815099
source_b_repair_fm_chronos_bolt_m5_rohlik_100,rohlik_top_volume_100_20260714,Rohlik,7,chronos_bolt_tiny,394,280,239137.44957733154,111942.50897979736,399.7946749278477,47.18066769091555,0.4681094875673069
source_b_repair_fm_chronos_bolt_m5_rohlik_100,rohlik_top_volume_100_20260714,Rohlik,7,chronos_bolt_tiny,524,280,267690.19955444336,35521.5979309082,126.86284975324358,12.762375882426397,0.13269666947102315
source_b_repair_fm_chronos_bolt_m5_rohlik_100,rohlik_top_volume_100_20260714,Rohlik,7,chronos_bolt_tiny,525,280,531616.6622314453,77430.54614257812,276.53766479492185,14.240131807011537,0.14565108967346074
source_b_repair_fm_chronos_bolt_m5_rohlik_100,rohlik_top_volume_100_20260714,Rohlik,7,chronos_bolt_tiny,526,280,338197.9295654297,46305.67657470703,165.37741633823939,13.634720778404095,0.13691886474351841
source_b_repair_fm_chronos_bolt_m5_rohlik_100,rohlik_top_volume_100_20260714,Rohlik,7,chronos_bolt_tiny,539,280,193128.92993927002,29516.87895965576,105.41742485591344,15.769223097095136,0.1528350981333425
source_b_repair_fm_chronos_bolt_m5_rohlik_100,rohlik_top_volume_100_20260714,Rohlik,7,chronos_bolt_tiny,619,280,111035.18016052246,78413.21578979492,280.0471992492676,115.2948157203601,0.7062015450997937
source_b_repair_fm_chronos_bolt_m5_rohlik_100,rohlik_top_volume_100_20260714,Rohlik,7,chronos_bolt_tiny,652,280,906449.6130943298,266509.6928138733,951.8203314781189,29.292425402230194,0.29401490051288587
source_b_repair_fm_chronos_bolt_m5_rohlik_100,rohlik_top_volume_100_20260714,Rohlik,7,chronos_bolt_tiny,653,280,742757.7571563721,250018.25297546387,892.9223320552281,33.96863354038135,0.3366080671209035
source_b_repair_fm_chronos_bolt_m5_rohlik_100,rohlik_top_volume_100_20260714,Rohlik,7,chronos_bolt_tiny,654,280,465967.79803466797,138081.25958251953,493.1473556518555,29.170314590926143,0.296332193265094
source_b_repair_fm_chronos_bolt_m5_rohlik_100,rohlik_top_volume_100_20260714,Rohlik,7,chronos_bolt_tiny,655,280,569343.7183532715,176297.9450378418,629.6355179922921,31.58364158497674,0.30965116388348535
source_b_repair_fm_chronos_bolt_m5_rohlik_100,rohlik_top_volume_100_20260714,Rohlik,7,chronos_bolt_tiny,888,280,161351.10961914062,51203.68469238281,182.87030247279577,40.08713066096008,0.31734324488530613
source_b_repair_fm_chronos_bolt_m5_rohlik_100,rohlik_top_volume_100_20260714,Rohlik,7,chronos_bolt_tiny,890,280,151037.71043395996,54781.958435058594,195.64985155378068,54.37679918895947,0.3627038457989044
source_b_repair_fm_chronos_bolt_m5_rohlik_100,rohlik_top_volume_100_20260714,Rohlik,7,chronos_bolt_tiny,912,280,138695.33001708984,53704.4280090332,191.80152860369,39.75835458840508,0.3872115088692303
source_b_repair_fm_chronos_bolt_m5_rohlik_100,rohlik_top_volume_100_20260714,Rohlik,7,chronos_bolt_tiny,1032,280,313453.1592102051,41840.66244506836,149.43093730381557,14.09454529990166,0.13348298211602824
source_b_repair_fm_chronos_bolt_m5_rohlik_100,rohlik_top_volume_100_20260714,Rohlik,7,chronos_bolt_tiny,1266,280,151124.2797088623,24587.785903930664,87.81352108546666,14.782804512786996,0.16269911063462805
source_b_repair_fm_chronos_bolt_m5_rohlik_100,rohlik_top_volume_100_20260714,Rohlik,7,chronos_bolt_tiny,1269,280,140353.15000152588,22429.131462097168,80.10404093606131,15.872523005755554,0.15980497382391007
source_b_repair_fm_chronos_bolt_m5_rohlik_100,rohlik_top_volume_100_20260714,Rohlik,7,chronos_bolt_tiny,1270,280,132543.56005859375,30953.081161499023,110.54671843392508,22.34063398324004,0.23353138506175286
source_b_repair_fm_chronos_bolt_m5_rohlik_100,rohlik_top_volume_100_20260714,Rohlik,7,chronos_bolt_tiny,1391,280,221225.1198425293,32384.25277709961,115.6580456324986,14.461552983011778,0.14638596557276637
source_b_repair_fm_chronos_bolt_m5_rohlik_100,rohlik_top_volume_100_20260714,Rohlik,7,chronos_bolt_tiny,1405,280,126042.9401473999,48588.48342132568,173.530297933306,33.96906028271386,0.3854915107859613
source_b_repair_fm_chronos_bolt_m5_rohlik_100,rohlik_top_volume_100_20260714,Rohlik,7,chronos_bolt_tiny,1408,280,207613.20947265625,69137.53921508789,246.9197829110282,28.746742589758423,0.333011273178134
source_b_repair_fm_chronos_bolt_m5_rohlik_100,rohlik_top_volume_100_20260714,Rohlik,7,chronos_bolt_tiny,1413,280,289053.51054000854,62677.45796585083,223.84806416375295,22.082467937321237,0.21683686819356413
source_b_repair_fm_chronos_bolt_m5_rohlik_100,rohlik_top_volume_100_20260714,Rohlik,7,chronos_bolt_tiny,1640,280,120672.08973693848,33528.96278381348,119.7462956564767,27.1307913574098,0.27785184508618027
source_b_repair_fm_chronos_bolt_m5_rohlik_100,rohlik_top_volume_100_20260714,Rohlik,7,chronos_bolt_tiny,1671,280,141476.37020874023,36721.28274536133,131.14743837629047,27.439993762980542,0.2595577105291943
source_b_repair_fm_chronos_bolt_m5_rohlik_100,rohlik_top_volume_100_20260714,Rohlik,7,chronos_bolt_tiny,1672,280,151003.13999176025,32226.9066696167,115.09609524863107,21.060620563158956,0.2134187850092072
source_b_repair_fm_chronos_bolt_m5_rohlik_100,rohlik_top_volume_100_20260714,Rohlik,7,chronos_bolt_tiny,1925,280,145504.06002807617,29813.93475341797,106.47833840506418,127.4770079519679,0.20490105051134058
source_b_repair_fm_chronos_bolt_m5_rohlik_100,rohlik_top_volume_100_20260714,Rohlik,7,chronos_bolt_tiny,1927,280,138158.75009334087,44597.16409122944,159.27558604010514,46.83577403162029,0.32279652255900787
source_b_repair_fm_chronos_bolt_m5_rohlik_100,rohlik_top_volume_100_20260714,Rohlik,7,chronos_bolt_tiny,2127,280,224514.65948486328,97541.79708862305,348.3635610307966,40.348465329126086,0.43445625026190904
source_b_repair_fm_chronos_bolt_m5_rohlik_100,rohlik_top_volume_100_20260714,Rohlik,7,chronos_bolt_tiny,2129,280,201146.12992095947,109883.79711151123,392.44213254111156,54.373771447530714,0.5462883981645094
source_b_repair_fm_chronos_bolt_m5_rohlik_100,rohlik_top_volume_100_20260714,Rohlik,7,chronos_bolt_tiny,2159,280,205632.91958618164,30257.45248413086,108.06233030046735,15.131884552883054,0.14714303791932415
source_b_repair_fm_chronos_bolt_m5_rohlik_100,rohlik_top_volume_100_20260714,Rohlik,7,chronos_bolt_tiny,2160,280,155848.88995361328,21481.16146850586,76.71843381609236,14.024166737963958,0.1378332657672409
source_b_repair_fm_chronos_bolt_m5_rohlik_100,rohlik_top_volume_100_20260714,Rohlik,7,chronos_bolt_tiny,2161,280,119318.8002319336,16157.180297851562,57.70421534946987,13.933614723774493,0.13541185686115687
source_b_repair_fm_chronos_bolt_m5_rohlik_100,rohlik_top_volume_100_20260714,Rohlik,7,chronos_bolt_tiny,2216,280,279236.34016418457,37441.26872253418,133.7188168661935,13.852390326407027,0.1340845131422349
source_b_repair_fm_chronos_bolt_m5_rohlik_100,rohlik_top_volume_100_20260714,Rohlik,7,chronos_bolt_tiny,2217,280,274926.85957336426,29062.775802612305,103.79562786647251,10.792564284792777,0.1057109365294914
source_b_repair_fm_chronos_bolt_m5_rohlik_100,rohlik_top_volume_100_20260714,Rohlik,7,chronos_bolt_tiny,2218,280,126590.24021148682,16095.192893981934,57.48283176422119,13.04106673742435,0.12714402679932235
source_b_repair_fm_chronos_bolt_m5_rohlik_100,rohlik_top_volume_100_20260714,Rohlik,7,chronos_bolt_tiny,2274,280,151934.1999359131,48884.606033325195,174.58787869044713,43.973506001221615,0.3217485336016846
source_b_repair_fm_chronos_bolt_m5_rohlik_100,rohlik_top_volume_100_20260714,Rohlik,7,chronos_bolt_tiny,2275,280,108671.41033172607,35326.67630767822,126.1667010988508,46.6206972579391,0.3250779225174441
source_b_repair_fm_chronos_bolt_m5_rohlik_100,rohlik_top_volume_100_20260714,Rohlik,7,chronos_bolt_tiny,2325,280,218676.69919586182,55423.227043151855,197.9400965826852,26.790090971909635,0.25344825144589833
source_b_repair_fm_chronos_bolt_m5_rohlik_100,rohlik_top_volume_100_20260714,Rohlik,7,chronos_bolt_tiny,2467,280,124018.61987304688,35913.829666137695,128.2636773790632,67.53836653425638,0.28958417456105634
source_b_repair_fm_chronos_bolt_m5_rohlik_100,rohlik_top_volume_100_20260714,Rohlik,7,chronos_bolt_tiny,2468,280,207317.14988708496,121469.79624938965,433.8207008906773,77.43217923168115,0.5859129180366797
source_b_repair_fm_chronos_bolt_m5_rohlik_100,rohlik_top_volume_100_20260714,Rohlik,7,chronos_bolt_tiny,2470,280,261642.5806427002,130933.63124084473,467.62011157444545,65.38728325709894,0.5004293678774253
source_b_repair_fm_chronos_bolt_m5_rohlik_100,rohlik_top_volume_100_20260714,Rohlik,7,chronos_bolt_tiny,2560,280,273117.1798400879,59034.355529785156,210.836984034947,21.548788341269674,0.2161502823233244
source_b_repair_fm_chronos_bolt_m5_rohlik_100,rohlik_top_volume_100_20260714,Rohlik,7,chronos_bolt_tiny,2561,280,551515.4985351562,118598.94958496094,423.56767708914623,22.191639507748746,0.21504191613828397
source_b_repair_fm_chronos_bolt_m5_rohlik_100,rohlik_top_volume_100_20260714,Rohlik,7,chronos_bolt_tiny,2562,280,501021.64096069336,111114.80770874023,396.83859895978657,22.321491630398775,0.22177646357886072
source_b_repair_fm_chronos_bolt_m5_rohlik_100,rohlik_top_volume_100_20260714,Rohlik,7,chronos_bolt_tiny,2563,280,249795.21975708008,56101.7038269043,200.36322795322963,22.80174899969176,0.22459078232746757
source_b_repair_fm_chronos_bolt_m5_rohlik_100,rohlik_top_volume_100_20260714,Rohlik,7,chronos_bolt_tiny,2565,280,173654.3897781372,48058.19445037842,171.6364087513515,24.956987205861648,0.276746211321108
source_b_repair_fm_chronos_bolt_m5_rohlik_100,rohlik_top_volume_100_20260714,Rohlik,7,chronos_bolt_tiny,2566,280,138404.21014404297,44558.16076660156,159.13628845214845,28.711880713242486,0.32194223514030423
source_b_repair_fm_chronos_bolt_m5_rohlik_100,rohlik_top_volume_100_20260714,Rohlik,7,chronos_bolt_tiny,2694,280,220327.10961914062,30622.364318847656,109.36558685302734,14.78044326890485,0.13898591222742288
source_b_repair_fm_chronos_bolt_m5_rohlik_100,rohlik_top_volume_100_20260714,Rohlik,7,chronos_bolt_tiny,2840,280,275601.7402648926,74468.15859985352,265.95770928519113,27.415413198502485,0.2702020623247117
source_b_repair_fm_chronos_bolt_m5_rohlik_100,rohlik_top_volume_100_20260714,Rohlik,7,chronos_bolt_tiny,2935,280,193093.2696838379,39170.7138671875,139.8954066685268,19.81070536288198,0.2028590324837517
source_b_repair_fm_chronos_bolt_m5_rohlik_100,rohlik_top_volume_100_20260714,Rohlik,7,chronos_bolt_tiny,2936,280,169590.96995544434,24027.347732543945,85.81195618765695,14.225979864699486,0.14167822578558584
source_b_repair_fm_chronos_bolt_m5_rohlik_100,rohlik_top_volume_100_20260714,Rohlik,7,chronos_bolt_tiny,2937,280,280813.5494995117,41114.01159667969,146.83575570242746,14.614350877277552,0.14641035544743605
source_b_repair_fm_chronos_bolt_m5_rohlik_100,rohlik_top_volume_100_20260714,Rohlik,7,chronos_bolt_tiny,2938,280,168716.07014465332,20922.816452026367,74.72434447152274,12.465276480249612,0.12401199502861594
source_b_repair_fm_chronos_bolt_m5_rohlik_100,rohlik_top_volume_100_20260714,Rohlik,7,chronos_bolt_tiny,3144,280,503970.9108886719,54432.060546875,194.40021623883928,11.088570672908169,0.10800635388041105
source_b_repair_fm_chronos_bolt_m5_rohlik_100,rohlik_top_volume_100_20260714,Rohlik,7,chronos_bolt_tiny,3145,280,338092.6397705078,34362.55517578125,122.72341134207589,10.434104566851778,0.10163650767170215
source_b_repair_fm_chronos_bolt_m5_rohlik_100,rohlik_top_volume_100_20260714,Rohlik,7,chronos_bolt_tiny,3146,280,0.0,1476.0528564453125,5.271617344447544,200.0,
source_b_repair_fm_chronos_bolt_m5_rohlik_100,rohlik_top_volume_100_20260714,Rohlik,7,chronos_bolt_tiny,3147,280,297310.9501647949,32451.317779541016,115.89756349836077,11.124951959875874,0.1091494200316327
source_b_repair_fm_chronos_bolt_m5_rohlik_100,rohlik_top_volume_100_20260714,Rohlik,7,chronos_bolt_tiny,3152,280,129612.94994354248,49015.75884246826,175.0562815802438,38.55622588713614,0.3781702280815213
source_b_repair_fm_chronos_bolt_m5_rohlik_100,rohlik_top_volume_100_20260714,Rohlik,7,chronos_bolt_tiny,3155,280,105009.38983726501,49991.78949928284,178.54210535458157,51.19063648378025,0.4760697074495532
source_b_repair_fm_chronos_bolt_m5_rohlik_100,rohlik_top_volume_100_20260714,Rohlik,7,chronos_bolt_tiny,3184,280,248360.49018859863,31940.32762145996,114.07259864807129,13.645888063486138,0.12860470518964304
source_b_repair_fm_chronos_bolt_m5_rohlik_100,rohlik_top_volume_100_20260714,Rohlik,7,chronos_bolt_tiny,3224,280,81147.24968624115,43658.61892032623,155.92363900116513,60.358855163212766,0.5380172352006248
source_b_repair_fm_chronos_bolt_m5_rohlik_100,rohlik_top_volume_100_20260714,Rohlik,7,chronos_bolt_tiny,3225,280,75168.05016422272,48088.03209590912,171.74297177110398,85.10105071723787,0.63974031507867
source_b_repair_fm_chronos_bolt_m5_rohlik_100,rohlik_top_volume_100_20260714,Rohlik,7,chronos_bolt_tiny,3336,280,575708.1196289062,66077.60583496094,235.99144941057477,11.70780447631002,0.1147762270185692
source_b_repair_fm_chronos_bolt_m5_rohlik_100,rohlik_top_volume_100_20260714,Rohlik,7,chronos_bolt_tiny,3456,280,256175.78985595703,35820.627868652344,127.93081381661551,14.678703395961726,0.13982831043009034
source_b_repair_fm_chronos_bolt_m5_rohlik_100,rohlik_top_volume_100_20260714,Rohlik,7,chronos_bolt_tiny,3616,280,318439.2596435547,43387.670654296875,154.95596662248883,13.808472396944904,0.13625100969919007
source_b_repair_fm_chronos_bolt_m5_rohlik_100,rohlik_top_volume_100_20260714,Rohlik,7,chronos_bolt_tiny,3617,280,187647.49993896484,25521.351623535156,91.14768436976841,13.79533335585813,0.1360068832882738
source_b_repair_fm_chronos_bolt_m5_rohlik_100,rohlik_top_volume_100_20260714,Rohlik,7,chronos_bolt_tiny,3618,280,151499.94006347656,21015.417907714844,75.05506395612444,13.994378884947906,0.13871568463267805
source_b_repair_fm_chronos_bolt_m5_rohlik_100,rohlik_top_volume_100_20260714,Rohlik,7,chronos_bolt_tiny,3685,280,112072.23987579346,26119.481132507324,93.28386118752616,24.96947662316297,0.2330593299594513
source_b_repair_fm_chronos_bolt_m5_rohlik_100,rohlik_top_volume_100_20260714,Rohlik,7,chronos_bolt_tiny,3686,280,139290.15993404388,30863.299874305725,110.2260709796633,22.42720818197429,0.2215755936307345
source_b_repair_fm_chronos_bolt_m5_rohlik_100,rohlik_top_volume_100_20260714,Rohlik,7,chronos_bolt_tiny,3871,280,143374.5302658081,32919.03122711182,117.56796866825648,21.044161217481797,0.2296016675073448
source_b_repair_fm_chronos_bolt_m5_rohlik_100,rohlik_top_volume_100_20260714,Rohlik,7,chronos_bolt_tiny,4172,280,260753.42961120605,58366.36332702637,208.45129759652275,74.01541461342529,0.2238373754625317
source_b_repair_fm_chronos_bolt_m5_rohlik_100,rohlik_top_volume_100_20260714,Rohlik,7,chronos_bolt_tiny,4227,280,112724.54960632324,40429.98391723633,144.39279970441547,41.48192157467649,0.358661747227495
source_b_repair_fm_chronos_bolt_m5_rohlik_100,rohlik_top_volume_100_20260714,Rohlik,7,chronos_bolt_tiny,4228,280,206421.50966644287,73240.34516143799,261.57266129084996,42.43679350676605,0.3548096575777751
source_b_repair_fm_chronos_bolt_m5_rohlik_100,rohlik_top_volume_100_20260714,Rohlik,7,chronos_bolt_tiny,4229,280,121289.81995391846,43139.33098602295,154.06903923579625,43.81505270743132,0.35567149000973736
source_b_repair_fm_chronos_bolt_m5_rohlik_100,rohlik_top_volume_100_20260714,Rohlik,7,chronos_bolt_tiny,4230,280,193655.57107543945,86327.44274902344,308.3122955322266,51.1673609482266,0.4457782560533421
source_b_repair_fm_chronos_bolt_m5_rohlik_100,rohlik_top_volume_100_20260714,Rohlik,7,chronos_bolt_tiny,4523,280,171175.77983093262,17978.075759887695,64.20741342817034,10.564993736974856,0.10502698324286493
source_b_repair_fm_chronos_bolt_m5_rohlik_100,rohlik_top_volume_100_20260714,Rohlik,7,chronos_bolt_tiny,4720,280,4037897.0986328125,417580.0869140625,1491.3574532645089,10.46807616477556,0.10341523736586812
source_b_repair_fm_chronos_bolt_m5_rohlik_100,rohlik_top_volume_100_20260714,Rohlik,7,chronos_bolt_tiny,4793,280,575034.4410400391,74948.64868164062,267.67374529157365,13.44378149617551,0.1303376690726287
source_b_repair_fm_chronos_bolt_m5_rohlik_100,rohlik_top_volume_100_20260714,Rohlik,7,chronos_bolt_tiny,4877,280,279479.92053222656,33616.70721435547,120.0596686226981,12.585585134084672,0.12028308563397906
source_b_repair_fm_chronos_bolt_m5_rohlik_100,rohlik_top_volume_100_20260714,Rohlik,7,chronos_bolt_tiny,4878,280,173437.76989746094,24162.233154296875,86.29368983677455,14.203047811786417,0.13931355995053418
source_b_repair_fm_chronos_bolt_m5_rohlik_100,rohlik_top_volume_100_20260714,Rohlik,7,chronos_bolt_tiny,4879,280,637516.419921875,73815.18432617188,263.6256583077567,12.135067720938839,0.11578554217508252
source_b_repair_fm_chronos_bolt_m5_rohlik_100,rohlik_top_volume_100_20260714,Rohlik,7,chronos_bolt_tiny,4883,280,1313540.4802246094,145206.47021484375,518.5945364815848,10.929990880991314,0.11054586623018585
source_b_repair_fm_chronos_bolt_m5_rohlik_100,rohlik_top_volume_100_20260714,Rohlik,7,chronos_bolt_tiny,4884,280,1460296.7197265625,166589.560546875,594.9627162388393,11.157581290212413,0.11407925409711839
source_b_repair_fm_chronos_bolt_m5_rohlik_100,rohlik_top_volume_100_20260714,Rohlik,7,chronos_bolt_tiny,4885,280,2587560.158203125,316997.486328125,1132.1338797433036,11.868103228289932,0.12250825756579009
source_b_repair_fm_chronos_bolt_m5_rohlik_100,rohlik_top_volume_100_20260714,Rohlik,7,chronos_bolt_tiny,4965,280,209354.80053710938,60145.114807128906,214.8039814540318,25.55884266973504,0.28728796594500744
source_b_repair_fm_chronos_bolt_m5_rohlik_100,rohlik_top_volume_100_20260714,Rohlik,7,chronos_bolt_tiny,4966,280,114273.84986877441,34324.05941772461,122.58592649187361,25.85830755352771,0.300366702068237
source_b_repair_fm_chronos_bolt_m5_rohlik_100,rohlik_top_volume_100_20260714,Rohlik,7,chronos_bolt_tiny,4967,280,217679.2293624878,71281.27570343018,254.57598465510776,30.210327417448667,0.3274601619648784
source_b_repair_fm_chronos_bolt_m5_rohlik_100,rohlik_top_volume_100_20260714,Rohlik,7,chronos_bolt_tiny,4968,280,132231.52013397217,41128.27631378174,146.88670112064906,27.47756930678004,0.3110323187097302
source_b_repair_fm_chronos_bolt_m5_rohlik_100,rohlik_top_volume_100_20260714,Rohlik,7,chronos_bolt_tiny,5164,280,145507.20980644226,47817.48300361633,170.77672501291548,39.412398370005015,0.3286262108058046
source_b_repair_fm_chronos_bolt_m5_rohlik_100,rohlik_top_volume_100_20260714,Rohlik,7,chronos_bolt_tiny,5166,280,112630.67004394531,44059.07237243652,157.353829901559,50.43129511062353,0.39118183666354744
source_b_repair_fm_chronos_bolt_m5_rohlik_100,rohlik_top_volume_100_20260714,Rohlik,7,chronos_bolt_tiny,5277,280,151712.34029006958,49085.99634933472,175.30712981905256,31.723125600985508,0.32354649763812043
source_b_repair_fm_chronos_bolt_m5_rohlik_100,rohlik_top_volume_100_20260714,Rohlik,7,chronos_bolt_tiny,5278,280,174989.42964935303,55734.988136291504,199.05352905818395,34.12633771657144,0.3185048848263251
source_b_repair_fm_chronos_bolt_m5_rohlik_100,rohlik_top_volume_100_20260714,Rohlik,7,chronos_bolt_tiny,5293,280,239707.89004516602,38954.47927856445,139.12314028058734,15.416141727922362,0.16250812299597067
source_b_repair_fm_chronos_bolt_m5_rohlik_100,rohlik_top_volume_100_20260714,Rohlik,7,chronos_bolt_tiny,5294,280,224627.77935791016,41953.63049316406,149.83439461844307,17.183431076811488,0.18676955545341228
source_b_repair_fm_chronos_bolt_m5_rohlik_100,rohlik_top_volume_100_20260714,Rohlik,7,chronos_bolt_tiny,5295,280,163282.1696624756,19339.01597595215,69.0679141998291,11.653857059420371,0.11843923936047815
source_b_repair_fm_chronos_bolt_m5_rohlik_100,rohlik_top_volume_100_20260714,Rohlik,7,chronos_bolt_tiny,5296,280,156334.580368042,22300.894760131836,79.64605271475655,13.654969701812009,0.14264850877925533
source_b_repair_fm_chronos_bolt_m5_rohlik_100,rohlik_top_volume_100_20260714,Rohlik,7,chronos_bolt_tiny,5347,280,131796.05020141602,44085.41323852539,157.44790442330498,33.529670150559454,0.3344972263671961
source_b_repair_fm_chronos_bolt_m5_rohlik_100,rohlik_top_volume_100_20260714,Rohlik,7,chronos_bolt_tiny,5350,280,186111.16989898682,56513.49114227295,201.83389693668911,30.910895289147412,0.30365448335500794
source_b_repair_fm_chronos_bolt_m5_rohlik_100,rohlik_top_volume_100_20260714,Rohlik,14,chronos_bolt_tiny,80,280,65024.250061035156,11463.560653686523,40.94128804888044,17.55020424565644,0.17629669919954827
source_b_repair_fm_chronos_bolt_m5_rohlik_100,rohlik_top_volume_100_20260714,Rohlik,14,chronos_bolt_tiny,139,280,704992.3494262695,121627.60028076172,434.38428671700615,16.88097246679876,0.1725232910396029
source_b_repair_fm_chronos_bolt_m5_rohlik_100,rohlik_top_volume_100_20260714,Rohlik,14,chronos_bolt_tiny,393,280,347206.3200683594,138069.0496826172,493.10374886649,36.620312101843346,0.39765707506543546
source_b_repair_fm_chronos_bolt_m5_rohlik_100,rohlik_top_volume_100_20260714,Rohlik,14,chronos_bolt_tiny,394,280,239137.44957733154,110836.28229522705,395.8438653400966,45.44707455780671,0.4634835844035593
source_b_repair_fm_chronos_bolt_m5_rohlik_100,rohlik_top_volume_100_20260714,Rohlik,14,chronos_bolt_tiny,524,280,267690.19955444336,40330.415924072266,144.0371997288295,14.267262895870084,0.15066078620435183
source_b_repair_fm_chronos_bolt_m5_rohlik_100,rohlik_top_volume_100_20260714,Rohlik,14,chronos_bolt_tiny,525,280,531616.6622314453,85711.64794921875,306.113028390067,15.389576791019731,0.16122829481951642
source_b_repair_fm_chronos_bolt_m5_rohlik_100,rohlik_top_volume_100_20260714,Rohlik,14,chronos_bolt_tiny,526,280,338197.9295654297,49687.62243652344,177.45579441615513,14.684019668103728,0.14691876588472902
source_b_repair_fm_chronos_bolt_m5_rohlik_100,rohlik_top_volume_100_20260714,Rohlik,14,chronos_bolt_tiny,539,280,193128.92993927002,31171.164665222168,111.32558809007917,16.415330564963917,0.16140080450414154
source_b_repair_fm_chronos_bolt_m5_rohlik_100,rohlik_top_volume_100_20260714,Rohlik,14,chronos_bolt_tiny,619,280,111035.18016052246,84310.35693359375,301.1084176199777,115.4939488333776,0.759312110015106
source_b_repair_fm_chronos_bolt_m5_rohlik_100,rohlik_top_volume_100_20260714,Rohlik,14,chronos_bolt_tiny,652,280,906449.6130943298,271895.7291908264,971.0561756815229,29.890233647177844,0.29995680428684957
source_b_repair_fm_chronos_bolt_m5_rohlik_100,rohlik_top_volume_100_20260714,Rohlik,14,chronos_bolt_tiny,653,280,742757.7571563721,259456.72660827637,926.6311664581299,35.57551127423012,0.3493154047984627
source_b_repair_fm_chronos_bolt_m5_rohlik_100,rohlik_top_volume_100_20260714,Rohlik,14,chronos_bolt_tiny,654,280,465967.79803466797,140758.0034790039,502.7071552821568,29.84455982645463,0.30207667584044406
source_b_repair_fm_chronos_bolt_m5_rohlik_100,rohlik_top_volume_100_20260714,Rohlik,14,chronos_bolt_tiny,655,280,569343.7183532715,174459.8772277832,623.0709900992257,30.92415886369833,0.306422766430757
source_b_repair_fm_chronos_bolt_m5_rohlik_100,rohlik_top_volume_100_20260714,Rohlik,14,chronos_bolt_tiny,888,280,161351.10961914062,49132.96823120117,175.47488654000418,35.35283667473426,0.30450963955052135
source_b_repair_fm_chronos_bolt_m5_rohlik_100,rohlik_top_volume_100_20260714,Rohlik,14,chronos_bolt_tiny,890,280,151037.71043395996,53622.892578125,191.51033063616072,57.71851317294359,0.3550298294648156
source_b_repair_fm_chronos_bolt_m5_rohlik_100,rohlik_top_volume_100_20260714,Rohlik,14,chronos_bolt_tiny,912,280,138695.33001708984,54071.342697143555,193.1119382040841,40.02881319397352,0.38985698141733366
source_b_repair_fm_chronos_bolt_m5_rohlik_100,rohlik_top_volume_100_20260714,Rohlik,14,chronos_bolt_tiny,1032,280,313453.1592102051,40468.27816772461,144.52956488473075,13.79307759001374,0.12910470664800716
source_b_repair_fm_chronos_bolt_m5_rohlik_100,rohlik_top_volume_100_20260714,Rohlik,14,chronos_bolt_tiny,1266,280,151124.2797088623,24983.605880737305,89.22716385977608,15.605487800253885,0.16531827929216728
source_b_repair_fm_chronos_bolt_m5_rohlik_100,rohlik_top_volume_100_20260714,Rohlik,14,chronos_bolt_tiny,1269,280,140353.15000152588,21772.27547454834,77.7581266948155,15.71610468213728,0.15512495069980003
source_b_repair_fm_chronos_bolt_m5_rohlik_100,rohlik_top_volume_100_20260714,Rohlik,14,chronos_bolt_tiny,1270,280,132543.56005859375,31611.332748413086,112.89761695861816,22.67107858411174,0.23849768886876596
source_b_repair_fm_chronos_bolt_m5_rohlik_100,rohlik_top_volume_100_20260714,Rohlik,14,chronos_bolt_tiny,1391,280,221225.1198425293,33233.893157958984,118.69247556413923,14.977770777015865,0.15022657997254232
source_b_repair_fm_chronos_bolt_m5_rohlik_100,rohlik_top_volume_100_20260714,Rohlik,14,chronos_bolt_tiny,1405,280,126042.9401473999,49294.96248626709,176.05343745095388,34.489419229950805,0.39109657731420333
source_b_repair_fm_chronos_bolt_m5_rohlik_100,rohlik_top_volume_100_20260714,Rohlik,14,chronos_bolt_tiny,1408,280,207613.20947265625,69205.47570800781,247.16241324288504,28.711823689624737,0.33333849943263144
source_b_repair_fm_chronos_bolt_m5_rohlik_100,rohlik_top_volume_100_20260714,Rohlik,14,chronos_bolt_tiny,1413,280,289053.51054000854,67784.68672561646,242.08816687720162,23.788127428229632,0.23450566851439164
source_b_repair_fm_chronos_bolt_m5_rohlik_100,rohlik_top_volume_100_20260714,Rohlik,14,chronos_bolt_tiny,1640,280,120672.08973693848,34655.518142700195,123.7697076525007,27.781918384621402,0.28718751965138073
source_b_repair_fm_chronos_bolt_m5_rohlik_100,rohlik_top_volume_100_20260714,Rohlik,14,chronos_bolt_tiny,1671,280,141476.37020874023,40883.68911743164,146.01317541939872,29.538407155618973,0.28897892317360213
source_b_repair_fm_chronos_bolt_m5_rohlik_100,rohlik_top_volume_100_20260714,Rohlik,14,chronos_bolt_tiny,1672,280,151003.13999176025,37225.352867126465,132.94768881116593,23.898525258103433,0.24652038937175566
source_b_repair_fm_chronos_bolt_m5_rohlik_100,rohlik_top_volume_100_20260714,Rohlik,14,chronos_bolt_tiny,1925,280,145504.06002807617,31333.61947631836,111.90578384399414,127.93568174010805,0.21534532761678463
source_b_repair_fm_chronos_bolt_m5_rohlik_100,rohlik_top_volume_100_20260714,Rohlik,14,chronos_bolt_tiny,1927,280,138158.75009334087,41352.01031315327,147.6857511184045,45.691862561929206,0.2993079358724337
source_b_repair_fm_chronos_bolt_m5_rohlik_100,rohlik_top_volume_100_20260714,Rohlik,14,chronos_bolt_tiny,2127,280,224514.65948486328,97831.4382019043,349.39799357822966,40.48271301087091,0.4357463268829449
source_b_repair_fm_chronos_bolt_m5_rohlik_100,rohlik_top_volume_100_20260714,Rohlik,14,chronos_bolt_tiny,2129,280,201146.12992095947,105857.97008514404,378.0641788755144,53.39091663349367,0.5262739587718691
source_b_repair_fm_chronos_bolt_m5_rohlik_100,rohlik_top_volume_100_20260714,Rohlik,14,chronos_bolt_tiny,2159,280,205632.91958618164,30366.27847290039,108.45099454607282,15.214454304415867,0.1476722624665831
source_b_repair_fm_chronos_bolt_m5_rohlik_100,rohlik_top_volume_100_20260714,Rohlik,14,chronos_bolt_tiny,2160,280,155848.88995361328,21995.71307373047,78.55611812046595,14.554681128489417,0.1411348716072168
source_b_repair_fm_chronos_bolt_m5_rohlik_100,rohlik_top_volume_100_20260714,Rohlik,14,chronos_bolt_tiny,2161,280,119318.8002319336,16121.950073242188,57.5783931187221,13.917007251331132,0.13511659555664413
source_b_repair_fm_chronos_bolt_m5_rohlik_100,rohlik_top_volume_100_20260714,Rohlik,14,chronos_bolt_tiny,2216,280,279236.34016418457,40428.232650756836,144.3865451812744,14.953027494548463,0.14478141572470818
source_b_repair_fm_chronos_bolt_m5_rohlik_100,rohlik_top_volume_100_20260714,Rohlik,14,chronos_bolt_tiny,2217,280,274926.85957336426,31378.068771362305,112.06453132629395,11.671468985623946,0.1141324235109486
source_b_repair_fm_chronos_bolt_m5_rohlik_100,rohlik_top_volume_100_20260714,Rohlik,14,chronos_bolt_tiny,2218,280,126590.24021148682,16748.08061981201,59.814573642185756,13.54198118784044,0.13230151543935761
source_b_repair_fm_chronos_bolt_m5_rohlik_100,rohlik_top_volume_100_20260714,Rohlik,14,chronos_bolt_tiny,2274,280,151934.1999359131,53012.821060180664,189.33150378635952,45.46202520667529,0.34891960521424303
source_b_repair_fm_chronos_bolt_m5_rohlik_100,rohlik_top_volume_100_20260714,Rohlik,14,chronos_bolt_tiny,2275,280,108671.41033172607,37838.63985443115,135.13799948011126,48.54830959169595,0.34819314241829025
source_b_repair_fm_chronos_bolt_m5_rohlik_100,rohlik_top_volume_100_20260714,Rohlik,14,chronos_bolt_tiny,2325,280,218676.69919586182,58002.61904144287,207.15221086229596,27.71600375042304,0.2652437102569019
source_b_repair_fm_chronos_bolt_m5_rohlik_100,rohlik_top_volume_100_20260714,Rohlik,14,chronos_bolt_tiny,2467,280,124018.61987304688,39311.68630981445,140.39887967790875,70.85663541024923,0.3169821301838089
source_b_repair_fm_chronos_bolt_m5_rohlik_100,rohlik_top_volume_100_20260714,Rohlik,14,chronos_bolt_tiny,2468,280,207317.14988708496,117672.10566711426,420.2575202396938,76.05583101969196,0.5675946525948492
source_b_repair_fm_chronos_bolt_m5_rohlik_100,rohlik_top_volume_100_20260714,Rohlik,14,chronos_bolt_tiny,2470,280,261642.5806427002,124959.93037414551,446.2854656219482,62.372847470930424,0.477597836205381
source_b_repair_fm_chronos_bolt_m5_rohlik_100,rohlik_top_volume_100_20260714,Rohlik,14,chronos_bolt_tiny,2560,280,273117.1798400879,60158.17922973633,214.85064010620118,22.12194270185888,0.2202650864546836
source_b_repair_fm_chronos_bolt_m5_rohlik_100,rohlik_top_volume_100_20260714,Rohlik,14,chronos_bolt_tiny,2561,280,551515.4985351562,120203.65795898438,429.2987784249442,22.448185121998947,0.21795155037029665
source_b_repair_fm_chronos_bolt_m5_rohlik_100,rohlik_top_volume_100_20260714,Rohlik,14,chronos_bolt_tiny,2562,280,501021.64096069336,112925.5940246582,403.30569294520785,22.696425772416017,0.22539065140604886
source_b_repair_fm_chronos_bolt_m5_rohlik_100,rohlik_top_volume_100_20260714,Rohlik,14,chronos_bolt_tiny,2563,280,249795.21975708008,56919.865325927734,203.28523330688478,23.246889249571197,0.22786611121414155
source_b_repair_fm_chronos_bolt_m5_rohlik_100,rohlik_top_volume_100_20260714,Rohlik,14,chronos_bolt_tiny,2565,280,173654.3897781372,48524.739433288574,173.30264083317348,25.130077710635092,0.2794328406859413
source_b_repair_fm_chronos_bolt_m5_rohlik_100,rohlik_top_volume_100_20260714,Rohlik,14,chronos_bolt_tiny,2566,280,138404.21014404297,45407.19755554199,162.16856269836427,29.225483219860383,0.32807670740857414
source_b_repair_fm_chronos_bolt_m5_rohlik_100,rohlik_top_volume_100_20260714,Rohlik,14,chronos_bolt_tiny,2694,280,220327.10961914062,31329.818481445312,111.89220886230468,15.148973941771967,0.14219683876215827
source_b_repair_fm_chronos_bolt_m5_rohlik_100,rohlik_top_volume_100_20260714,Rohlik,14,chronos_bolt_tiny,2840,280,275601.7402648926,75406.74588012695,269.3098067147391,27.630198218144407,0.2736076550447407
source_b_repair_fm_chronos_bolt_m5_rohlik_100,rohlik_top_volume_100_20260714,Rohlik,14,chronos_bolt_tiny,2935,280,193093.2696838379,40882.46856689453,146.0088163103376,20.775070137592763,0.21172394373886577
source_b_repair_fm_chronos_bolt_m5_rohlik_100,rohlik_top_volume_100_20260714,Rohlik,14,chronos_bolt_tiny,2936,280,169590.96995544434,24928.09977722168,89.02892777579171,14.739766638456208,0.14698954657651228
source_b_repair_fm_chronos_bolt_m5_rohlik_100,rohlik_top_volume_100_20260714,Rohlik,14,chronos_bolt_tiny,2937,280,280813.5494995117,41905.94909667969,149.66410391671317,14.933754613098744,0.14923050960812898
source_b_repair_fm_chronos_bolt_m5_rohlik_100,rohlik_top_volume_100_20260714,Rohlik,14,chronos_bolt_tiny,2938,280,168716.07014465332,21893.4659576416,78.19094984872001,13.052105210968124,0.12976514886146082
source_b_repair_fm_chronos_bolt_m5_rohlik_100,rohlik_top_volume_100_20260714,Rohlik,14,chronos_bolt_tiny,3144,280,503970.9108886719,54795.68994140625,195.69889264787946,11.131736467883771,0.10872788241841744
source_b_repair_fm_chronos_bolt_m5_rohlik_100,rohlik_top_volume_100_20260714,Rohlik,14,chronos_bolt_tiny,3145,280,338092.6397705078,35422.12188720703,126.50757816859654,10.73267113455934,0.10477046146657033
source_b_repair_fm_chronos_bolt_m5_rohlik_100,rohlik_top_volume_100_20260714,Rohlik,14,chronos_bolt_tiny,3146,280,0.0,1149.7342529296875,4.10619376046317,200.0,
source_b_repair_fm_chronos_bolt_m5_rohlik_100,rohlik_top_volume_100_20260714,Rohlik,14,chronos_bolt_tiny,3147,280,297310.9501647949,34033.55075073242,121.54839553833008,11.641260929209754,0.11447123199420722
source_b_repair_fm_chronos_bolt_m5_rohlik_100,rohlik_top_volume_100_20260714,Rohlik,14,chronos_bolt_tiny,3152,280,129612.94994354248,53073.179359436035,189.54706914084298,40.46502599911225,0.4094743571730598
source_b_repair_fm_chronos_bolt_m5_rohlik_100,rohlik_top_volume_100_20260714,Rohlik,14,chronos_bolt_tiny,3155,280,105009.38983726501,53497.94906044006,191.06410378728594,52.59160507408129,0.509458717390386
source_b_repair_fm_chronos_bolt_m5_rohlik_100,rohlik_top_volume_100_20260714,Rohlik,14,chronos_bolt_tiny,3184,280,248360.49018859863,32222.40299987793,115.08001071384975,13.864402012349753,0.1297404549951124
source_b_repair_fm_chronos_bolt_m5_rohlik_100,rohlik_top_volume_100_20260714,Rohlik,14,chronos_bolt_tiny,3224,280,81147.24968624115,43742.063363075256,156.2216548681259,58.158641293779866,0.5390455441460501
source_b_repair_fm_chronos_bolt_m5_rohlik_100,rohlik_top_volume_100_20260714,Rohlik,14,chronos_bolt_tiny,3225,280,75168.05016422272,48817.09949398041,174.34678390707288,85.02589695922698,0.6494394811003836
source_b_repair_fm_chronos_bolt_m5_rohlik_100,rohlik_top_volume_100_20260714,Rohlik,14,chronos_bolt_tiny,3336,280,575708.1196289062,68616.37646484375,245.05848737444197,12.127954168319636,0.11918604953682596
source_b_repair_fm_chronos_bolt_m5_rohlik_100,rohlik_top_volume_100_20260714,Rohlik,14,chronos_bolt_tiny,3456,280,256175.78985595703,33973.42761230469,121.33367004394532,14.021244492955148,0.13261763584844347
source_b_repair_fm_chronos_bolt_m5_rohlik_100,rohlik_top_volume_100_20260714,Rohlik,14,chronos_bolt_tiny,3616,280,318439.2596435547,42280.230041503906,151.00082157679967,13.573783576881809,0.13277329588327244
source_b_repair_fm_chronos_bolt_m5_rohlik_100,rohlik_top_volume_100_20260714,Rohlik,14,chronos_bolt_tiny,3617,280,187647.49993896484,25374.971313476562,90.62489754813058,13.763780860622365,0.135226801965015
source_b_repair_fm_chronos_bolt_m5_rohlik_100,rohlik_top_volume_100_20260714,Rohlik,14,chronos_bolt_tiny,3618,280,151499.94006347656,20308.804077148438,72.53144313267299,13.62055548447843,0.13405156509394858
source_b_repair_fm_chronos_bolt_m5_rohlik_100,rohlik_top_volume_100_20260714,Rohlik,14,chronos_bolt_tiny,3685,280,112072.23987579346,26891.360679626465,96.0405738558088,25.90915687642993,0.23994666930391872
source_b_repair_fm_chronos_bolt_m5_rohlik_100,rohlik_top_volume_100_20260714,Rohlik,14,chronos_bolt_tiny,3686,280,139290.15993404388,30972.643929481506,110.61658546243395,22.492510639997445,0.22236060281751094
source_b_repair_fm_chronos_bolt_m5_rohlik_100,rohlik_top_volume_100_20260714,Rohlik,14,chronos_bolt_tiny,3871,280,143374.5302658081,32908.329414367676,117.52974790845599,21.190006361849875,0.2295270251512422
source_b_repair_fm_chronos_bolt_m5_rohlik_100,rohlik_top_volume_100_20260714,Rohlik,14,chronos_bolt_tiny,4172,280,260753.42961120605,60810.09623718262,217.17891513279505,76.35476970846035,0.233209190490238
source_b_repair_fm_chronos_bolt_m5_rohlik_100,rohlik_top_volume_100_20260714,Rohlik,14,chronos_bolt_tiny,4227,280,112724.54960632324,42630.44200134277,152.2515785762242,39.09963217848365,0.3781824114642675
source_b_repair_fm_chronos_bolt_m5_rohlik_100,rohlik_top_volume_100_20260714,Rohlik,14,chronos_bolt_tiny,4228,280,206421.50966644287,77017.94480133057,275.0640885761806,40.74227126832854,0.37311007426398585
source_b_repair_fm_chronos_bolt_m5_rohlik_100,rohlik_top_volume_100_20260714,Rohlik,14,chronos_bolt_tiny,4229,280,121289.81995391846,43016.97536468506,153.6320548738752,39.74860663147299,0.3546627027810616
source_b_repair_fm_chronos_bolt_m5_rohlik_100,rohlik_top_volume_100_20260714,Rohlik,14,chronos_bolt_tiny,4230,280,193655.57107543945,89627.42111206055,320.0979325430734,49.629744040030104,0.46281870753486226
source_b_repair_fm_chronos_bolt_m5_rohlik_100,rohlik_top_volume_100_20260714,Rohlik,14,chronos_bolt_tiny,4523,280,171175.77983093262,18350.303115844727,65.53679684230259,10.783971042766588,0.10720151609047147
source_b_repair_fm_chronos_bolt_m5_rohlik_100,rohlik_top_volume_100_20260714,Rohlik,14,chronos_bolt_tiny,4720,280,4037897.0986328125,434666.1630859375,1552.3791538783482,10.963020014021215,0.1076466666852681
source_b_repair_fm_chronos_bolt_m5_rohlik_100,rohlik_top_volume_100_20260714,Rohlik,14,chronos_bolt_tiny,4793,280,575034.4410400391,92280.99829101562,329.5749938964844,16.005686630965172,0.1604790803905782
source_b_repair_fm_chronos_bolt_m5_rohlik_100,rohlik_top_volume_100_20260714,Rohlik,14,chronos_bolt_tiny,4877,280,279479.92053222656,34293.796630859375,122.47784511021206,12.868022231207066,0.12270576206531084
source_b_repair_fm_chronos_bolt_m5_rohlik_100,rohlik_top_volume_100_20260714,Rohlik,14,chronos_bolt_tiny,4878,280,173437.76989746094,25336.685638427734,90.48816299438477,14.865374604393022,0.14608516733931237
source_b_repair_fm_chronos_bolt_m5_rohlik_100,rohlik_top_volume_100_20260714,Rohlik,14,chronos_bolt_tiny,4879,280,637516.419921875,79311.76293945312,283.2562962123326,13.057889761550681,0.12440740420328696
source_b_repair_fm_chronos_bolt_m5_rohlik_100,rohlik_top_volume_100_20260714,Rohlik,14,chronos_bolt_tiny,4883,280,1313540.4802246094,147463.31811523438,526.6547075544084,11.240057455638448,0.11226400734145538
source_b_repair_fm_chronos_bolt_m5_rohlik_100,rohlik_top_volume_100_20260714,Rohlik,14,chronos_bolt_tiny,4884,280,1460296.7197265625,173199.57788085938,618.5699210030692,11.676638470158665,0.11860574329941016
source_b_repair_fm_chronos_bolt_m5_rohlik_100,rohlik_top_volume_100_20260714,Rohlik,14,chronos_bolt_tiny,4885,280,2587560.158203125,326068.189453125,1164.529248046875,12.42984522568091,0.12601376181319626
source_b_repair_fm_chronos_bolt_m5_rohlik_100,rohlik_top_volume_100_20260714,Rohlik,14,chronos_bolt_tiny,4965,280,209354.80053710938,60526.21032714844,216.16503688267298,25.852968211465615,0.2891082992693058
source_b_repair_fm_chronos_bolt_m5_rohlik_100,rohlik_top_volume_100_20260714,Rohlik,14,chronos_bolt_tiny,4966,280,114273.84986877441,32232.882781982422,115.11743850708008,24.968614905621806,0.28206700674736024
source_b_repair_fm_chronos_bolt_m5_rohlik_100,rohlik_top_volume_100_20260714,Rohlik,14,chronos_bolt_tiny,4967,280,217679.2293624878,70790.07920074463,252.82171143123082,30.14398282871655,0.3252036467055949
source_b_repair_fm_chronos_bolt_m5_rohlik_100,rohlik_top_volume_100_20260714,Rohlik,14,chronos_bolt_tiny,4968,280,132231.52013397217,39588.23645782471,141.3865587779454,26.448751181734774,0.29938577744334594
source_b_repair_fm_chronos_bolt_m5_rohlik_100,rohlik_top_volume_100_20260714,Rohlik,14,chronos_bolt_tiny,5164,280,145507.20980644226,48355.46740913391,172.69809788976397,39.73925880535309,0.33232351492037887
source_b_repair_fm_chronos_bolt_m5_rohlik_100,rohlik_top_volume_100_20260714,Rohlik,14,chronos_bolt_tiny,5166,280,112630.67004394531,45652.33206176758,163.04404307774135,50.83698301166881,0.40532771441344817
source_b_repair_fm_chronos_bolt_m5_rohlik_100,rohlik_top_volume_100_20260714,Rohlik,14,chronos_bolt_tiny,5277,280,151712.34029006958,54291.073863983154,193.8966923713684,34.572856471075106,0.35785535810851116
source_b_repair_fm_chronos_bolt_m5_rohlik_100,rohlik_top_volume_100_20260714,Rohlik,14,chronos_bolt_tiny,5278,280,174989.42964935303,57928.430030822754,206.88725011008125,34.6176737948083,0.33103959563100915
source_b_repair_fm_chronos_bolt_m5_rohlik_100,rohlik_top_volume_100_20260714,Rohlik,14,chronos_bolt_tiny,5293,280,239707.89004516602,39507.865814208984,141.09952076503208,15.646969337958422,0.16481671006642656
source_b_repair_fm_chronos_bolt_m5_rohlik_100,rohlik_top_volume_100_20260714,Rohlik,14,chronos_bolt_tiny,5294,280,224627.77935791016,45180.58172607422,161.35922045026507,18.358643279039548,0.20113532642855292
source_b_repair_fm_chronos_bolt_m5_rohlik_100,rohlik_top_volume_100_20260714,Rohlik,14,chronos_bolt_tiny,5295,280,163282.1696624756,19071.514572143555,68.11255204336983,11.494579549971796,0.11680096247843062
source_b_repair_fm_chronos_bolt_m5_rohlik_100,rohlik_top_volume_100_20260714,Rohlik,14,chronos_bolt_tiny,5296,280,156334.580368042,23230.927200317383,82.96759714399066,14.16640628421626,0.1485974961241925
source_b_repair_fm_chronos_bolt_m5_rohlik_100,rohlik_top_volume_100_20260714,Rohlik,14,chronos_bolt_tiny,5347,280,131796.05020141602,44669.15856933594,159.53270917619977,34.16703301734892,0.3389263828549546
source_b_repair_fm_chronos_bolt_m5_rohlik_100,rohlik_top_volume_100_20260714,Rohlik,14,chronos_bolt_tiny,5350,280,186111.16989898682,56612.32262420654,202.18686651502335,31.339223961719124,0.3041855180155672
source_b_repair_fm_chronos_bolt_m5_rohlik_100,rohlik_top_volume_100_20260714,Rohlik,28,chronos_bolt_tiny,80,280,65024.250061035156,11405.733825683594,40.73476366315569,17.47237236821659,0.17540738747432807
source_b_repair_fm_chronos_bolt_m5_rohlik_100,rohlik_top_volume_100_20260714,Rohlik,28,chronos_bolt_tiny,139,280,704992.3494262695,123199.81121826172,439.99932577950614,17.273243114721833,0.17475340167666084
source_b_repair_fm_chronos_bolt_m5_rohlik_100,rohlik_top_volume_100_20260714,Rohlik,28,chronos_bolt_tiny,393,280,347206.3200683594,141160.52276611328,504.1447241646903,37.38029306016728,0.40656092532624705
source_b_repair_fm_chronos_bolt_m5_rohlik_100,rohlik_top_volume_100_20260714,Rohlik,28,chronos_bolt_tiny,394,280,239137.44957733154,111946.68589019775,399.80959246499197,44.88844838800779,0.4681269541347884
source_b_repair_fm_chronos_bolt_m5_rohlik_100,rohlik_top_volume_100_20260714,Rohlik,28,chronos_bolt_tiny,524,280,267690.19955444336,49591.83413696289,177.11369334629603,16.806201024718973,0.18525831061243916
source_b_repair_fm_chronos_bolt_m5_rohlik_100,rohlik_top_volume_100_20260714,Rohlik,28,chronos_bolt_tiny,525,280,531616.6622314453,108523.306640625,387.5832380022321,18.611092531071343,0.20413827171086327
source_b_repair_fm_chronos_bolt_m5_rohlik_100,rohlik_top_volume_100_20260714,Rohlik,28,chronos_bolt_tiny,526,280,338197.9295654297,59748.51916503906,213.38756844656808,17.477366640776296,0.17666731207317984
source_b_repair_fm_chronos_bolt_m5_rohlik_100,rohlik_top_volume_100_20260714,Rohlik,28,chronos_bolt_tiny,539,280,193128.92993927002,32614.00804901123,116.47860017504011,17.02345287462498,0.168871686180143
source_b_repair_fm_chronos_bolt_m5_rohlik_100,rohlik_top_volume_100_20260714,Rohlik,28,chronos_bolt_tiny,619,280,111035.18016052246,89488.36303710938,319.6012965611049,110.62794640517299,0.8059460335700536
source_b_repair_fm_chronos_bolt_m5_rohlik_100,rohlik_top_volume_100_20260714,Rohlik,28,chronos_bolt_tiny,652,280,906449.6130943298,251513.50482559204,898.2625172342573,27.899801389373618,0.277471026731431
source_b_repair_fm_chronos_bolt_m5_rohlik_100,rohlik_top_volume_100_20260714,Rohlik,28,chronos_bolt_tiny,653,280,742757.7571563721,241943.88932800293,864.0853190285819,33.33770829523847,0.32573727705554845
source_b_repair_fm_chronos_bolt_m5_rohlik_100,rohlik_top_volume_100_20260714,Rohlik,28,chronos_bolt_tiny,654,280,465967.79803466797,130527.0454711914,466.1680195399693,27.866054167619286,0.2801203130811203
source_b_repair_fm_chronos_bolt_m5_rohlik_100,rohlik_top_volume_100_20260714,Rohlik,28,chronos_bolt_tiny,655,280,569343.7183532715,161844.2071838379,578.0150256565639,28.96811135154303,0.28426449957495686
source_b_repair_fm_chronos_bolt_m5_rohlik_100,rohlik_top_volume_100_20260714,Rohlik,28,chronos_bolt_tiny,888,280,161351.10961914062,49508.06150817871,176.81450538635255,37.32991170759178,0.30683434173486285
source_b_repair_fm_chronos_bolt_m5_rohlik_100,rohlik_top_volume_100_20260714,Rohlik,28,chronos_bolt_tiny,890,280,151037.71043395996,61666.97032165527,220.2391797201974,68.18109816547432,0.40828856677232717
source_b_repair_fm_chronos_bolt_m5_rohlik_100,rohlik_top_volume_100_20260714,Rohlik,28,chronos_bolt_tiny,912,280,138695.33001708984,52739.54901123047,188.35553218296596,38.432047119321375,0.380254684889044
source_b_repair_fm_chronos_bolt_m5_rohlik_100,rohlik_top_volume_100_20260714,Rohlik,28,chronos_bolt_tiny,1032,280,313453.1592102051,43485.493255615234,155.3053330557687,14.71096538598311,0.13873043540280094
source_b_repair_fm_chronos_bolt_m5_rohlik_100,rohlik_top_volume_100_20260714,Rohlik,28,chronos_bolt_tiny,1266,280,151124.2797088623,26735.402145385742,95.48357909066337,16.668870567691705,0.17691003852518553
source_b_repair_fm_chronos_bolt_m5_rohlik_100,rohlik_top_volume_100_20260714,Rohlik,28,chronos_bolt_tiny,1269,280,140353.15000152588,21470.61385345459,76.68076376233782,15.428412632291252,0.15297564645482603
source_b_repair_fm_chronos_bolt_m5_rohlik_100,rohlik_top_volume_100_20260714,Rohlik,28,chronos_bolt_tiny,1270,280,132543.56005859375,32094.83056640625,114.62439488002232,22.950783459856144,0.24214552975805112
source_b_repair_fm_chronos_bolt_m5_rohlik_100,rohlik_top_volume_100_20260714,Rohlik,28,chronos_bolt_tiny,1391,280,221225.1198425293,33906.04165649414,121.0930059160505,15.333371440428186,0.15326488095307111
source_b_repair_fm_chronos_bolt_m5_rohlik_100,rohlik_top_volume_100_20260714,Rohlik,28,chronos_bolt_tiny,1405,280,126042.9401473999,42893.3235244751,153.19044115883963,31.125851863540106,0.340307227634597
source_b_repair_fm_chronos_bolt_m5_rohlik_100,rohlik_top_volume_100_20260714,Rohlik,28,chronos_bolt_tiny,1408,280,207613.20947265625,56801.79650878906,202.86355895996093,24.727401856618396,0.27359432789978694
source_b_repair_fm_chronos_bolt_m5_rohlik_100,rohlik_top_volume_100_20260714,Rohlik,28,chronos_bolt_tiny,1413,280,289053.51054000854,66455.00673294067,237.3393097605024,23.36761388632053,0.22990555142814115
source_b_repair_fm_chronos_bolt_m5_rohlik_100,rohlik_top_volume_100_20260714,Rohlik,28,chronos_bolt_tiny,1640,280,120672.08973693848,34947.61396789551,124.81290702819824,27.838892193227565,0.2896080944987383
source_b_repair_fm_chronos_bolt_m5_rohlik_100,rohlik_top_volume_100_20260714,Rohlik,28,chronos_bolt_tiny,1671,280,141476.37020874023,39039.056091308594,139.42520032610213,28.507402548018064,0.2759404700142414
source_b_repair_fm_chronos_bolt_m5_rohlik_100,rohlik_top_volume_100_20260714,Rohlik,28,chronos_bolt_tiny,1672,280,151003.13999176025,34618.94994354248,123.63910694122315,22.4954029134961,0.22925980178578753
source_b_repair_fm_chronos_bolt_m5_rohlik_100,rohlik_top_volume_100_20260714,Rohlik,28,chronos_bolt_tiny,1925,280,145504.06002807617,58513.70004272461,208.97750015258788,136.26658810660598,0.4021447926018966
source_b_repair_fm_chronos_bolt_m5_rohlik_100,rohlik_top_volume_100_20260714,Rohlik,28,chronos_bolt_tiny,1927,280,138158.75009334087,41405.20886051655,147.87574593041623,46.08213688198386,0.2996929896408511
source_b_repair_fm_chronos_bolt_m5_rohlik_100,rohlik_top_volume_100_20260714,Rohlik,28,chronos_bolt_tiny,2127,280,224514.65948486328,105018.93627929688,375.0676295689174,43.102241375622356,0.46775981809052974
source_b_repair_fm_chronos_bolt_m5_rohlik_100,rohlik_top_volume_100_20260714,Rohlik,28,chronos_bolt_tiny,2129,280,201146.12992095947,112174.97777557373,400.62492062704905,54.75889961485312,0.5576790257891264
source_b_repair_fm_chronos_bolt_m5_rohlik_100,rohlik_top_volume_100_20260714,Rohlik,28,chronos_bolt_tiny,2159,280,205632.91958618164,30717.522552490234,109.70543768746512,15.390199780801098,0.14938037457381131
source_b_repair_fm_chronos_bolt_m5_rohlik_100,rohlik_top_volume_100_20260714,Rohlik,28,chronos_bolt_tiny,2160,280,155848.88995361328,21932.09844970703,78.32892303466797,14.596059784366144,0.14072669016914321
source_b_repair_fm_chronos_bolt_m5_rohlik_100,rohlik_top_volume_100_20260714,Rohlik,28,chronos_bolt_tiny,2161,280,119318.8002319336,16497.580993652344,58.91993212018694,14.252333896396207,0.1382647240969915
source_b_repair_fm_chronos_bolt_m5_rohlik_100,rohlik_top_volume_100_20260714,Rohlik,28,chronos_bolt_tiny,2216,280,279236.34016418457,39752.81889343262,141.97435319083078,14.663176377358269,0.14236262683452616
source_b_repair_fm_chronos_bolt_m5_rohlik_100,rohlik_top_volume_100_20260714,Rohlik,28,chronos_bolt_tiny,2217,280,274926.85957336426,30988.91520690918,110.67469716753278,11.50957400489002,0.11271694317171577
source_b_repair_fm_chronos_bolt_m5_rohlik_100,rohlik_top_volume_100_20260714,Rohlik,28,chronos_bolt_tiny,2218,280,126590.24021148682,16425.72988128662,58.663321004595076,13.256571028525869,0.12975510476830698
source_b_repair_fm_chronos_bolt_m5_rohlik_100,rohlik_top_volume_100_20260714,Rohlik,28,chronos_bolt_tiny,2274,280,151934.1999359131,51579.47895812988,184.21242485046386,43.67799944174274,0.3394856390456294
source_b_repair_fm_chronos_bolt_m5_rohlik_100,rohlik_top_volume_100_20260714,Rohlik,28,chronos_bolt_tiny,2275,280,108671.41033172607,40115.666984558105,143.27023923056467,47.573220206682706,0.3691464651291687
source_b_repair_fm_chronos_bolt_m5_rohlik_100,rohlik_top_volume_100_20260714,Rohlik,28,chronos_bolt_tiny,2325,280,218676.69919586182,59747.3558883667,213.38341388702392,28.21640288868822,0.27322232367726057
source_b_repair_fm_chronos_bolt_m5_rohlik_100,rohlik_top_volume_100_20260714,Rohlik,28,chronos_bolt_tiny,2467,280,124018.61987304688,42234.023010253906,150.83579646519252,70.58355990958401,0.3405458233085263
source_b_repair_fm_chronos_bolt_m5_rohlik_100,rohlik_top_volume_100_20260714,Rohlik,28,chronos_bolt_tiny,2468,280,207317.14988708496,115425.90773010254,412.2353847503662,75.61818973507135,0.5567600547903013
source_b_repair_fm_chronos_bolt_m5_rohlik_100,rohlik_top_volume_100_20260714,Rohlik,28,chronos_bolt_tiny,2470,280,261642.5806427002,120604.25108337402,430.72946815490724,61.750092074526094,0.46095039571586977
source_b_repair_fm_chronos_bolt_m5_rohlik_100,rohlik_top_volume_100_20260714,Rohlik,28,chronos_bolt_tiny,2560,280,273117.1798400879,62800.7658996582,224.28844964163645,23.25124328897713,0.22994073802471346
source_b_repair_fm_chronos_bolt_m5_rohlik_100,rohlik_top_volume_100_20260714,Rohlik,28,chronos_bolt_tiny,2561,280,551515.4985351562,118540.18237304688,423.3577941894531,22.166397395824,0.21493536027163987
source_b_repair_fm_chronos_bolt_m5_rohlik_100,rohlik_top_volume_100_20260714,Rohlik,28,chronos_bolt_tiny,2562,280,501021.64096069336,110710.42031860352,395.39435828072686,22.281364271234004,0.2209693379837241
source_b_repair_fm_chronos_bolt_m5_rohlik_100,rohlik_top_volume_100_20260714,Rohlik,28,chronos_bolt_tiny,2563,280,249795.21975708008,54974.9201965332,196.3390007019043,22.495294470890244,0.2200799528909921
source_b_repair_fm_chronos_bolt_m5_rohlik_100,rohlik_top_volume_100_20260714,Rohlik,28,chronos_bolt_tiny,2565,280,173654.3897781372,48428.906394958496,172.96037998199463,25.499816230914867,0.27888097995582956
source_b_repair_fm_chronos_bolt_m5_rohlik_100,rohlik_top_volume_100_20260714,Rohlik,28,chronos_bolt_tiny,2566,280,138404.21014404297,44659.9582824707,159.49985100882395,28.660604501751774,0.32267774395006654
source_b_repair_fm_chronos_bolt_m5_rohlik_100,rohlik_top_volume_100_20260714,Rohlik,28,chronos_bolt_tiny,2694,280,220327.10961914062,30758.105590820312,109.85037711007254,14.868113480862766,0.1396020019687502
source_b_repair_fm_chronos_bolt_m5_rohlik_100,rohlik_top_volume_100_20260714,Rohlik,28,chronos_bolt_tiny,2840,280,275601.7402648926,79304.3557434082,283.2298419407436,28.853880400308856,0.28774983665627585
source_b_repair_fm_chronos_bolt_m5_rohlik_100,rohlik_top_volume_100_20260714,Rohlik,28,chronos_bolt_tiny,2935,280,193093.2696838379,48377.10433959961,172.77537264142717,24.374261142510736,0.25053749630326355
source_b_repair_fm_chronos_bolt_m5_rohlik_100,rohlik_top_volume_100_20260714,Rohlik,28,chronos_bolt_tiny,2936,280,169590.96995544434,26959.929641723633,96.28546300615584,15.98906014764205,0.1589703133887769
source_b_repair_fm_chronos_bolt_m5_rohlik_100,rohlik_top_volume_100_20260714,Rohlik,28,chronos_bolt_tiny,2937,280,280813.5494995117,45045.09979248047,160.87535640171595,16.05228799735555,0.16040928179129332
source_b_repair_fm_chronos_bolt_m5_rohlik_100,rohlik_top_volume_100_20260714,Rohlik,28,chronos_bolt_tiny,2938,280,168716.07014465332,22462.967086791992,80.22488245282854,13.37557682105815,0.133140649065218
source_b_repair_fm_chronos_bolt_m5_rohlik_100,rohlik_top_volume_100_20260714,Rohlik,28,chronos_bolt_tiny,3144,280,503970.9108886719,56930.992431640625,203.3249729701451,11.565878667694808,0.11296483825078704
source_b_repair_fm_chronos_bolt_m5_rohlik_100,rohlik_top_volume_100_20260714,Rohlik,28,chronos_bolt_tiny,3145,280,338092.6397705078,36586.64587402344,130.66659240722657,11.080849849354452,0.1082148546589417
source_b_repair_fm_chronos_bolt_m5_rohlik_100,rohlik_top_volume_100_20260714,Rohlik,28,chronos_bolt_tiny,3146,280,0.0,1089.635498046875,3.8915553501674105,200.0,
source_b_repair_fm_chronos_bolt_m5_rohlik_100,rohlik_top_volume_100_20260714,Rohlik,28,chronos_bolt_tiny,3147,280,297310.9501647949,36620.96487426758,130.78916026524135,12.5555738196142,0.12317395257042883
source_b_repair_fm_chronos_bolt_m5_rohlik_100,rohlik_top_volume_100_20260714,Rohlik,28,chronos_bolt_tiny,3152,280,129612.94994354248,49658.35666656494,177.35127380916052,37.64869270716321,0.3831280492280702
source_b_repair_fm_chronos_bolt_m5_rohlik_100,rohlik_top_volume_100_20260714,Rohlik,28,chronos_bolt_tiny,3155,280,105009.38983726501,53346.187799453735,190.52209928376334,51.63527956527538,0.5080135012890304
source_b_repair_fm_chronos_bolt_m5_rohlik_100,rohlik_top_volume_100_20260714,Rohlik,28,chronos_bolt_tiny,3184,280,248360.49018859863,34641.798080444336,123.72070743015834,15.005141001223556,0.1394819202286895
source_b_repair_fm_chronos_bolt_m5_rohlik_100,rohlik_top_volume_100_20260714,Rohlik,28,chronos_bolt_tiny,3224,280,81147.24968624115,45144.87090396881,161.2316817998886,59.243560636371406,0.5563327294335068
source_b_repair_fm_chronos_bolt_m5_rohlik_100,rohlik_top_volume_100_20260714,Rohlik,28,chronos_bolt_tiny,3225,280,75168.05016422272,52129.17029476166,186.17560819557735,87.59397825873187,0.6935016962775132
source_b_repair_fm_chronos_bolt_m5_rohlik_100,rohlik_top_volume_100_20260714,Rohlik,28,chronos_bolt_tiny,3336,280,575708.1196289062,75274.40698242188,268.83716779436384,13.33951652265823,0.13075099067725976
source_b_repair_fm_chronos_bolt_m5_rohlik_100,rohlik_top_volume_100_20260714,Rohlik,28,chronos_bolt_tiny,3456,280,256175.78985595703,35270.77947998047,125.96706957135882,14.617248176940873,0.1376819390302752
source_b_repair_fm_chronos_bolt_m5_rohlik_100,rohlik_top_volume_100_20260714,Rohlik,28,chronos_bolt_tiny,3616,280,318439.2596435547,44793.5205078125,159.97685895647322,14.406842976529088,0.14066582292005128
source_b_repair_fm_chronos_bolt_m5_rohlik_100,rohlik_top_volume_100_20260714,Rohlik,28,chronos_bolt_tiny,3617,280,187647.49993896484,25845.416442871094,92.30505872453962,14.03290079353831,0.1377338704287438
source_b_repair_fm_chronos_bolt_m5_rohlik_100,rohlik_top_volume_100_20260714,Rohlik,28,chronos_bolt_tiny,3618,280,151499.94006347656,20325.958404541016,72.59270858764648,13.631425008924477,0.13416479502252407
source_b_repair_fm_chronos_bolt_m5_rohlik_100,rohlik_top_volume_100_20260714,Rohlik,28,chronos_bolt_tiny,3685,280,112072.23987579346,27048.40993499756,96.60146405356271,26.28717234557394,0.24134799094739748
source_b_repair_fm_chronos_bolt_m5_rohlik_100,rohlik_top_volume_100_20260714,Rohlik,28,chronos_bolt_tiny,3686,280,139290.15993404388,32464.169045448303,115.94346087660108,23.569296062124078,0.2330686464917594
source_b_repair_fm_chronos_bolt_m5_rohlik_100,rohlik_top_volume_100_20260714,Rohlik,28,chronos_bolt_tiny,3871,280,143374.5302658081,37100.375160217285,132.50133985791888,24.086778897791643,0.25876545221410896
source_b_repair_fm_chronos_bolt_m5_rohlik_100,rohlik_top_volume_100_20260714,Rohlik,28,chronos_bolt_tiny,4172,280,260753.42961120605,88806.87385559082,317.1674066271101,84.07880289413599,0.3405779704911474
source_b_repair_fm_chronos_bolt_m5_rohlik_100,rohlik_top_volume_100_20260714,Rohlik,28,chronos_bolt_tiny,4227,280,112724.54960632324,42266.56018066406,150.9520006452288,39.59728024924023,0.37495434959176926
source_b_repair_fm_chronos_bolt_m5_rohlik_100,rohlik_top_volume_100_20260714,Rohlik,28,chronos_bolt_tiny,4228,280,206421.50966644287,76896.18711090088,274.6292396817889,42.01570563768547,0.3725202244434587
source_b_repair_fm_chronos_bolt_m5_rohlik_100,rohlik_top_volume_100_20260714,Rohlik,28,chronos_bolt_tiny,4229,280,121289.81995391846,44071.209159851074,157.3971755708967,41.96952095573195,0.36335455998364097
source_b_repair_fm_chronos_bolt_m5_rohlik_100,rohlik_top_volume_100_20260714,Rohlik,28,chronos_bolt_tiny,4230,280,193655.57107543945,93118.4147644043,332.56576701572965,52.226563024040594,0.48084552511081424
source_b_repair_fm_chronos_bolt_m5_rohlik_100,rohlik_top_volume_100_20260714,Rohlik,28,chronos_bolt_tiny,4523,280,171175.77983093262,19394.68132019043,69.26671900068011,11.444388125005888,0.11330271922433316
source_b_repair_fm_chronos_bolt_m5_rohlik_100,rohlik_top_volume_100_20260714,Rohlik,28,chronos_bolt_tiny,4720,280,4037897.0986328125,479595.912109375,1712.842543247768,12.126240602845215,0.1187736835274383
source_b_repair_fm_chronos_bolt_m5_rohlik_100,rohlik_top_volume_100_20260714,Rohlik,28,chronos_bolt_tiny,4793,280,575034.4410400391,87813.10388183594,313.61822814941405,15.404878335027028,0.15270929463461755
source_b_repair_fm_chronos_bolt_m5_rohlik_100,rohlik_top_volume_100_20260714,Rohlik,28,chronos_bolt_tiny,4877,280,279479.92053222656,37129.684814453125,132.60601719447544,13.888559584642701,0.13285278149408855
source_b_repair_fm_chronos_bolt_m5_rohlik_100,rohlik_top_volume_100_20260714,Rohlik,28,chronos_bolt_tiny,4878,280,173437.76989746094,26837.753875732422,95.84912098475866,15.975082230396664,0.1547399617257493
source_b_repair_fm_chronos_bolt_m5_rohlik_100,rohlik_top_volume_100_20260714,Rohlik,28,chronos_bolt_tiny,4879,280,637516.419921875,88572.14575195312,316.32909197126116,14.467037484076467,0.1389331207544541
source_b_repair_fm_chronos_bolt_m5_rohlik_100,rohlik_top_volume_100_20260714,Rohlik,28,chronos_bolt_tiny,4883,280,1313540.4802246094,154622.25122070312,552.2223257882255,11.818634945373606,0.11771411201142688
source_b_repair_fm_chronos_bolt_m5_rohlik_100,rohlik_top_volume_100_20260714,Rohlik,28,chronos_bolt_tiny,4884,280,1460296.7197265625,182802.49291992188,652.8660461425782,12.344130563234858,0.12518174590856526
source_b_repair_fm_chronos_bolt_m5_rohlik_100,rohlik_top_volume_100_20260714,Rohlik,28,chronos_bolt_tiny,4885,280,2587560.158203125,350798.27783203125,1252.8509922572546,13.480283949270907,0.13557106168910696
source_b_repair_fm_chronos_bolt_m5_rohlik_100,rohlik_top_volume_100_20260714,Rohlik,28,chronos_bolt_tiny,4965,280,209354.80053710938,62860.70797729492,224.50252849033902,26.93857193211245,0.3002592145774679
source_b_repair_fm_chronos_bolt_m5_rohlik_100,rohlik_top_volume_100_20260714,Rohlik,28,chronos_bolt_tiny,4966,280,114273.84986877441,33807.39756774902,120.74070559910365,26.301073638767747,0.2958454415123978
source_b_repair_fm_chronos_bolt_m5_rohlik_100,rohlik_top_volume_100_20260714,Rohlik,28,chronos_bolt_tiny,4967,280,217679.2293624878,68804.77429962158,245.73133678436278,29.027593379459393,0.3160833236185582
source_b_repair_fm_chronos_bolt_m5_rohlik_100,rohlik_top_volume_100_20260714,Rohlik,28,chronos_bolt_tiny,4968,280,132231.52013397217,40473.61173248291,144.54861333029612,27.31206376320007,0.3060814221259539
source_b_repair_fm_chronos_bolt_m5_rohlik_100,rohlik_top_volume_100_20260714,Rohlik,28,chronos_bolt_tiny,5164,280,145507.20980644226,49367.0493183136,176.31089042254857,40.71257327839067,0.3392756234140083
source_b_repair_fm_chronos_bolt_m5_rohlik_100,rohlik_top_volume_100_20260714,Rohlik,28,chronos_bolt_tiny,5166,280,112630.67004394531,45989.58833312988,164.24852976117816,51.8838874736372,0.4083220699582631
source_b_repair_fm_chronos_bolt_m5_rohlik_100,rohlik_top_volume_100_20260714,Rohlik,28,chronos_bolt_tiny,5277,280,151712.34029006958,51295.8729057312,183.19954609189713,32.64859254118131,0.33811272575226897
source_b_repair_fm_chronos_bolt_m5_rohlik_100,rohlik_top_volume_100_20260714,Rohlik,28,chronos_bolt_tiny,5278,280,174989.42964935303,55788.804542541504,199.2457305090768,33.74596799217702,0.3188124257238401
source_b_repair_fm_chronos_bolt_m5_rohlik_100,rohlik_top_volume_100_20260714,Rohlik,28,chronos_bolt_tiny,5293,280,239707.89004516602,40533.068939208984,144.76096049717495,16.334563719808983,0.16909359525700926
source_b_repair_fm_chronos_bolt_m5_rohlik_100,rohlik_top_volume_100_20260714,Rohlik,28,chronos_bolt_tiny,5294,280,224627.77935791016,46764.34255981445,167.01550914219447,19.37250466948804,0.20818592737500466
source_b_repair_fm_chronos_bolt_m5_rohlik_100,rohlik_top_volume_100_20260714,Rohlik,28,chronos_bolt_tiny,5295,280,163282.1696624756,19145.653549194336,68.37733410426549,11.60053213985948,0.11725501681396545
source_b_repair_fm_chronos_bolt_m5_rohlik_100,rohlik_top_volume_100_20260714,Rohlik,28,chronos_bolt_tiny,5296,280,156334.580368042,23450.220809936523,83.75078860691616,14.51929464893022,0.1500002159133964
source_b_repair_fm_chronos_bolt_m5_rohlik_100,rohlik_top_volume_100_20260714,Rohlik,28,chronos_bolt_tiny,5347,280,131796.05020141602,45019.830017089844,160.7851072038923,34.35101687027992,0.3415870957307805
source_b_repair_fm_chronos_bolt_m5_rohlik_100,rohlik_top_volume_100_20260714,Rohlik,28,chronos_bolt_tiny,5350,280,186111.16989898682,56910.43563079834,203.2515558242798,31.302913083984784,0.30578731873904663
