run_id,panel_id,dataset,horizon,model_name,series_id,n_predictions,abs_y,abs_error,MAE,sMAPE,WAPE
source_b_repair_baselines_favorita_100_v1_5,favorita_top_volume_100_20260714,Favorita,7,seasonal_naive,20582864,336,62179.15570354462,29016.76811027527,86.35942889962878,55.54298128258508,0.46666391304218247
source_b_repair_baselines_favorita_100_v1_5,favorita_top_volume_100_20260714,Favorita,7,seasonal_naive,30364738,336,60684.0,26068.0,77.58333333333333,40.59585519723307,0.42956957352844244
source_b_repair_baselines_favorita_100_v1_5,favorita_top_volume_100_20260714,Favorita,7,seasonal_naive,30819932,336,44266.0,26371.0,78.48511904761905,62.898971545844326,0.5957393936655673
source_b_repair_baselines_favorita_100_v1_5,favorita_top_volume_100_20260714,Favorita,7,seasonal_naive,31047679,336,125142.0,38576.0,114.80952380952381,30.590611494318924,0.3082578191174825
source_b_repair_baselines_favorita_100_v1_5,favorita_top_volume_100_20260714,Favorita,7,seasonal_naive,31430040,336,122391.0,45378.0,135.05357142857142,39.33966482058312,0.3707625560702993
source_b_repair_baselines_favorita_100_v1_5,favorita_top_volume_100_20260714,Favorita,7,seasonal_naive,31463993,336,95667.0,20188.0,60.083333333333336,21.304774630351453,0.21102365496984332
source_b_repair_baselines_favorita_100_v1_5,favorita_top_volume_100_20260714,Favorita,7,seasonal_naive,31473404,336,71985.0,16420.0,48.86904761904762,23.364373127232057,0.2281030770299368
source_b_repair_baselines_favorita_100_v1_5,favorita_top_volume_100_20260714,Favorita,7,seasonal_naive,31473474,336,120521.74017333984,19555.56982421875,58.20110066731771,15.999194543428723,0.1622576125775569
source_b_repair_baselines_favorita_100_v1_5,favorita_top_volume_100_20260714,Favorita,7,seasonal_naive,31503844,336,178326.49873435497,37099.71649003029,110.4158228869949,22.598168123211064,0.20804376664903898
source_b_repair_baselines_favorita_100_v1_5,favorita_top_volume_100_20260714,Favorita,7,seasonal_naive,71047679,336,65556.0,22068.0,65.67857142857143,34.77512433523784,0.33662822624931354
source_b_repair_baselines_favorita_100_v1_5,favorita_top_volume_100_20260714,Favorita,7,seasonal_naive,71473474,336,73308.13996124268,12399.009605407715,36.90181430180868,17.04471403766814,0.1691355095349978
source_b_repair_baselines_favorita_100_v1_5,favorita_top_volume_100_20260714,Favorita,7,seasonal_naive,71503844,336,131404.38612121344,25628.97705566883,76.27671742758581,21.972727178974928,0.1950389771010192
source_b_repair_baselines_favorita_100_v1_5,favorita_top_volume_100_20260714,Favorita,7,seasonal_naive,81047679,336,68685.0,22766.0,67.75595238095238,33.52022928756862,0.3314551940016015
source_b_repair_baselines_favorita_100_v1_5,favorita_top_volume_100_20260714,Favorita,7,seasonal_naive,81430040,336,78297.0,34567.0,102.87797619047619,50.26947856352558,0.4414856252474552
source_b_repair_baselines_favorita_100_v1_5,favorita_top_volume_100_20260714,Favorita,7,seasonal_naive,81473474,336,68700.30795288086,10417.15592956543,31.00344026656378,15.046220222625864,0.15163186658071742
source_b_repair_baselines_favorita_100_v1_5,favorita_top_volume_100_20260714,Favorita,7,seasonal_naive,81503844,336,134077.01923525333,25610.47314143181,76.22164625426133,20.604905648309156,0.19101314518706095
source_b_repair_baselines_favorita_100_v1_5,favorita_top_volume_100_20260714,Favorita,7,seasonal_naive,90457928,336,21455.09001350403,9358.731098175049,27.853366363616217,50.58185555974796,0.4362009710648885
source_b_repair_baselines_favorita_100_v1_5,favorita_top_volume_100_20260714,Favorita,7,seasonal_naive,91463992,336,102244.0,27151.0,80.80654761904762,25.703672594950866,0.26555103477954695
source_b_repair_baselines_favorita_100_v1_5,favorita_top_volume_100_20260714,Favorita,7,seasonal_naive,110320682,336,42424.0,13837.0,41.18154761904762,31.592063132298936,0.3261597209126909
source_b_repair_baselines_favorita_100_v1_5,favorita_top_volume_100_20260714,Favorita,7,seasonal_naive,110584126,336,128286.72693824768,35544.15839767456,105.78618570736477,28.642858154579105,0.27706808994187027
source_b_repair_baselines_favorita_100_v1_5,favorita_top_volume_100_20260714,Favorita,7,seasonal_naive,110807493,336,32910.0,17425.0,51.86011904761905,56.81937145199404,0.5294743239137041
source_b_repair_baselines_favorita_100_v1_5,favorita_top_volume_100_20260714,Favorita,7,seasonal_naive,110819932,336,70807.0,40556.0,120.70238095238095,62.45969862882428,0.5727682291298883
source_b_repair_baselines_favorita_100_v1_5,favorita_top_volume_100_20260714,Favorita,7,seasonal_naive,110968432,336,35446.0,18807.0,55.973214285714285,53.57179131849998,0.5305817299554252
source_b_repair_baselines_favorita_100_v1_5,favorita_top_volume_100_20260714,Favorita,7,seasonal_naive,111047679,336,57507.0,26673.0,79.38392857142857,45.72460476079221,0.46382179560749126
source_b_repair_baselines_favorita_100_v1_5,favorita_top_volume_100_20260714,Favorita,7,seasonal_naive,111146786,336,43770.0,21995.0,65.46130952380952,50.949827660324466,0.5025131368517249
source_b_repair_baselines_favorita_100_v1_5,favorita_top_volume_100_20260714,Favorita,7,seasonal_naive,140584126,336,54653.09191584587,19692.212770938873,58.60777610398474,45.9369099056734,0.360312876740088
source_b_repair_baselines_favorita_100_v1_5,favorita_top_volume_100_20260714,Favorita,7,seasonal_naive,171463992,336,71476.0,21616.0,64.33333333333333,32.19367387480506,0.3024231910011752
source_b_repair_baselines_favorita_100_v1_5,favorita_top_volume_100_20260714,Favorita,7,seasonal_naive,190819932,336,77399.0,42096.0,125.28571428571429,53.681986010444206,0.5438829959043399
source_b_repair_baselines_favorita_100_v1_5,favorita_top_volume_100_20260714,Favorita,7,seasonal_naive,201463992,336,92876.0,28008.0,83.35714285714286,30.72021054604895,0.30156337482234374
source_b_repair_baselines_favorita_100_v1_5,favorita_top_volume_100_20260714,Favorita,7,seasonal_naive,230583985,336,12469.941967964172,8972.878994464874,26.704997007335937,94.9423182888719,0.719560605616016
source_b_repair_baselines_favorita_100_v1_5,favorita_top_volume_100_20260714,Favorita,7,seasonal_naive,231084365,336,68294.02824401855,35266.38871765137,104.95949023110526,45.57195920397481,0.5163905194117778
source_b_repair_baselines_favorita_100_v1_5,favorita_top_volume_100_20260714,Favorita,7,seasonal_naive,240257847,336,48982.0,20189.0,60.086309523809526,40.497623425284715,0.41217181821893756
source_b_repair_baselines_favorita_100_v1_5,favorita_top_volume_100_20260714,Favorita,7,seasonal_naive,241503844,336,79591.33407306671,17329.636068344116,51.57629782245273,24.591349892090346,0.2177327000504239
source_b_repair_baselines_favorita_100_v1_5,favorita_top_volume_100_20260714,Favorita,7,seasonal_naive,311167614,336,74961.0,31092.0,92.53571428571429,40.98401977991602,0.41477568335534476
source_b_repair_baselines_favorita_100_v1_5,favorita_top_volume_100_20260714,Favorita,7,seasonal_naive,351167614,336,58615.0,31479.0,93.6875,54.277683849959736,0.5370468310159515
source_b_repair_baselines_favorita_100_v1_5,favorita_top_volume_100_20260714,Favorita,7,seasonal_naive,371503844,336,65680.43591976166,14696.888021469116,43.740738159134274,25.238351895645845,0.22376355783362237
source_b_repair_baselines_favorita_100_v1_5,favorita_top_volume_100_20260714,Favorita,7,seasonal_naive,391167614,336,149581.0,68667.0,204.36607142857142,52.18952156236225,0.459062314063952
source_b_repair_baselines_favorita_100_v1_5,favorita_top_volume_100_20260714,Favorita,7,seasonal_naive,391463864,336,100418.0,29551.0,87.94940476190476,33.11986561993742,0.29427990997629905
source_b_repair_baselines_favorita_100_v1_5,favorita_top_volume_100_20260714,Favorita,7,seasonal_naive,430807493,336,25500.0,14306.0,42.57738095238095,65.9334545770687,0.5610196078431372
source_b_repair_baselines_favorita_100_v1_5,favorita_top_volume_100_20260714,Favorita,7,seasonal_naive,431143685,336,22646.0,13212.0,39.32142857142857,67.26348374564007,0.5834142894992493
source_b_repair_baselines_favorita_100_v1_5,favorita_top_volume_100_20260714,Favorita,7,seasonal_naive,431430040,336,75646.0,43361.0,129.05059523809524,60.59614313207633,0.5732094228379557
source_b_repair_baselines_favorita_100_v1_5,favorita_top_volume_100_20260714,Favorita,7,seasonal_naive,440819932,336,65672.0,33118.0,98.56547619047619,56.23166115732437,0.5042940674869046
source_b_repair_baselines_favorita_100_v1_5,favorita_top_volume_100_20260714,Favorita,7,seasonal_naive,441037857,336,26526.0,21877.0,65.11011904761905,80.1167102751881,0.8247379929126141
source_b_repair_baselines_favorita_100_v1_5,favorita_top_volume_100_20260714,Favorita,7,seasonal_naive,441047679,336,127506.0,41451.0,123.36607142857143,33.72641195528534,0.32509058397251894
source_b_repair_baselines_favorita_100_v1_5,favorita_top_volume_100_20260714,Favorita,7,seasonal_naive,441047690,336,33974.0,8759.0,26.06845238095238,25.70926193175677,0.25781479955259906
source_b_repair_baselines_favorita_100_v1_5,favorita_top_volume_100_20260714,Favorita,7,seasonal_naive,441430040,336,110659.0,62040.0,184.64285714285714,59.81919253568044,0.5606412492431705
source_b_repair_baselines_favorita_100_v1_5,favorita_top_volume_100_20260714,Favorita,7,seasonal_naive,441473410,336,60555.434147417545,14689.882948756218,43.719889728441125,27.574959239989322,0.24258570936829266
source_b_repair_baselines_favorita_100_v1_5,favorita_top_volume_100_20260714,Favorita,7,seasonal_naive,441473474,336,161569.7039642334,24122.884246826172,71.79429835364932,15.406351030378818,0.14930326450413156
source_b_repair_baselines_favorita_100_v1_5,favorita_top_volume_100_20260714,Favorita,7,seasonal_naive,441502392,336,71587.98893737793,17029.214126586914,50.682184900556294,25.220550753575772,0.2378780907155156
source_b_repair_baselines_favorita_100_v1_5,favorita_top_volume_100_20260714,Favorita,7,seasonal_naive,441503844,336,240006.25012922287,50698.173996925354,150.88742260989687,23.350097337072697,0.2112368905794275
source_b_repair_baselines_favorita_100_v1_5,favorita_top_volume_100_20260714,Favorita,7,seasonal_naive,441695835,336,71396.3309249878,21248.06576538086,63.23829096839542,31.025474766567037,0.29760725082224515
source_b_repair_baselines_favorita_100_v1_5,favorita_top_volume_100_20260714,Favorita,7,seasonal_naive,450265559,336,38409.0,12600.0,37.5,33.13255339192779,0.3280481137233461
source_b_repair_baselines_favorita_100_v1_5,favorita_top_volume_100_20260714,Favorita,7,seasonal_naive,450314384,336,40907.0,11156.0,33.20238095238095,27.3108042753018,0.2727161610482314
source_b_repair_baselines_favorita_100_v1_5,favorita_top_volume_100_20260714,Favorita,7,seasonal_naive,450364606,336,40823.0,16651.0,49.55654761904762,25.247802691974574,0.4078828111603753
source_b_repair_baselines_favorita_100_v1_5,favorita_top_volume_100_20260714,Favorita,7,seasonal_naive,450364738,336,58977.0,22718.0,67.61309523809524,39.254626541820606,0.38520101056343997
source_b_repair_baselines_favorita_100_v1_5,favorita_top_volume_100_20260714,Favorita,7,seasonal_naive,450584028,336,55816.6309800148,18017.32197856903,53.6229820790745,33.359523845123086,0.32279486708934746
source_b_repair_baselines_favorita_100_v1_5,favorita_top_volume_100_20260714,Favorita,7,seasonal_naive,451047679,336,58833.0,23875.0,71.05654761904762,41.27465387025881,0.4058096646439923
source_b_repair_baselines_favorita_100_v1_5,favorita_top_volume_100_20260714,Favorita,7,seasonal_naive,451463992,336,103241.0,25538.0,76.00595238095238,24.92601751992186,0.2473629662634031
source_b_repair_baselines_favorita_100_v1_5,favorita_top_volume_100_20260714,Favorita,7,seasonal_naive,451463993,336,106690.0,22932.0,68.25,21.919255110861904,0.2149404817696129
source_b_repair_baselines_favorita_100_v1_5,favorita_top_volume_100_20260714,Favorita,7,seasonal_naive,451473474,336,115135.57293128967,20732.30212020874,61.70328011966887,19.494355831358025,0.18006860601268135
source_b_repair_baselines_favorita_100_v1_5,favorita_top_volume_100_20260714,Favorita,7,seasonal_naive,451503844,336,155174.49281215668,32048.109895706177,95.38127945150647,22.45385706636842,0.20652949666477313
source_b_repair_baselines_favorita_100_v1_5,favorita_top_volume_100_20260714,Favorita,7,seasonal_naive,451686656,336,66133.0,17245.0,51.32440476190476,27.183226362387042,0.2607624030363056
source_b_repair_baselines_favorita_100_v1_5,favorita_top_volume_100_20260714,Favorita,7,seasonal_naive,460159156,336,36659.13201189041,19301.51199388504,57.4449761722769,57.11929160372999,0.5265130660383498
source_b_repair_baselines_favorita_100_v1_5,favorita_top_volume_100_20260714,Favorita,7,seasonal_naive,460265559,336,42994.0,15208.0,45.26190476190476,34.116751421117804,0.3537237754105224
source_b_repair_baselines_favorita_100_v1_5,favorita_top_volume_100_20260714,Favorita,7,seasonal_naive,460320682,336,32557.0,9844.0,29.297619047619047,29.11999617584156,0.30236201124182205
source_b_repair_baselines_favorita_100_v1_5,favorita_top_volume_100_20260714,Favorita,7,seasonal_naive,460582864,336,39571.47597503662,9620.919929504395,28.633690266382125,24.270608745287777,0.24312764920807306
source_b_repair_baselines_favorita_100_v1_5,favorita_top_volume_100_20260714,Favorita,7,seasonal_naive,460583985,336,56362.90319824219,18993.962356567383,56.52964987073626,48.444604392254085,0.3369940382552855
source_b_repair_baselines_favorita_100_v1_5,favorita_top_volume_100_20260714,Favorita,7,seasonal_naive,460584028,336,53102.20799827576,18416.366995334625,54.81061605754353,37.488289563125534,0.34680981619319123
source_b_repair_baselines_favorita_100_v1_5,favorita_top_volume_100_20260714,Favorita,7,seasonal_naive,460807493,336,13381.0,7869.0,23.419642857142858,60.3851447976854,0.5880726403108886
source_b_repair_baselines_favorita_100_v1_5,favorita_top_volume_100_20260714,Favorita,7,seasonal_naive,460903284,336,44653.990087628365,25456.38708472252,75.7630567997694,65.93022096588003,0.5700809050830007
source_b_repair_baselines_favorita_100_v1_5,favorita_top_volume_100_20260714,Favorita,7,seasonal_naive,461047679,336,42613.0,19701.0,58.63392857142857,48.48321729231736,0.46232370403398027
source_b_repair_baselines_favorita_100_v1_5,favorita_top_volume_100_20260714,Favorita,7,seasonal_naive,461143685,336,22833.0,11742.0,34.94642857142857,57.500756480959524,0.514255682564709
source_b_repair_baselines_favorita_100_v1_5,favorita_top_volume_100_20260714,Favorita,7,seasonal_naive,461463992,336,94141.0,23887.0,71.0922619047619,25.44924278789642,0.25373641665161834
source_b_repair_baselines_favorita_100_v1_5,favorita_top_volume_100_20260714,Favorita,7,seasonal_naive,461463993,336,82056.0,21466.0,63.88690476190476,26.550104869450987,0.26160183289460853
source_b_repair_baselines_favorita_100_v1_5,favorita_top_volume_100_20260714,Favorita,7,seasonal_naive,470364738,336,66782.0,34308.0,102.10714285714286,42.88833100644796,0.513731244946243
source_b_repair_baselines_favorita_100_v1_5,favorita_top_volume_100_20260714,Favorita,7,seasonal_naive,470584028,336,40728.31797218323,12566.29690170288,37.39969315983,30.986898345144482,0.3085395500566818
source_b_repair_baselines_favorita_100_v1_5,favorita_top_volume_100_20260714,Favorita,7,seasonal_naive,470807493,336,15427.0,8901.0,26.491071428571427,58.74988405460121,0.5769754326829585
source_b_repair_baselines_favorita_100_v1_5,favorita_top_volume_100_20260714,Favorita,7,seasonal_naive,470903285,336,53312.443910360336,25067.208946704865,74.60478853185971,52.7396943274857,0.4701943319059416
source_b_repair_baselines_favorita_100_v1_5,favorita_top_volume_100_20260714,Favorita,7,seasonal_naive,471047679,336,65494.0,25813.0,76.82440476190476,40.69175058644565,0.3941277063547806
source_b_repair_baselines_favorita_100_v1_5,favorita_top_volume_100_20260714,Favorita,7,seasonal_naive,471143685,336,22812.0,13111.0,39.020833333333336,62.38265818693731,0.5747413641942837
source_b_repair_baselines_favorita_100_v1_5,favorita_top_volume_100_20260714,Favorita,7,seasonal_naive,471463992,336,81131.0,20208.0,60.142857142857146,25.42822524986373,0.24907865057746115
source_b_repair_baselines_favorita_100_v1_5,favorita_top_volume_100_20260714,Favorita,7,seasonal_naive,471463993,336,86114.0,20739.0,61.723214285714285,24.968209365822037,0.24083192047750657
source_b_repair_baselines_favorita_100_v1_5,favorita_top_volume_100_20260714,Favorita,7,seasonal_naive,471473474,336,82299.29704284668,14915.476013183594,44.39129765828451,18.15306988341106,0.18123454937188946
source_b_repair_baselines_favorita_100_v1_5,favorita_top_volume_100_20260714,Favorita,7,seasonal_naive,471503844,336,119533.05811691284,28609.736854553223,85.14802635283698,26.24977406471502,0.239345811989271
source_b_repair_baselines_favorita_100_v1_5,favorita_top_volume_100_20260714,Favorita,7,seasonal_naive,471642399,336,91023.63522148132,28173.32395553589,83.84917843909491,33.01722053762492,0.3095165765131633
source_b_repair_baselines_favorita_100_v1_5,favorita_top_volume_100_20260714,Favorita,7,seasonal_naive,480265559,336,42158.0,15273.0,45.455357142857146,34.595869281608074,0.3622799943071303
source_b_repair_baselines_favorita_100_v1_5,favorita_top_volume_100_20260714,Favorita,7,seasonal_naive,480584028,336,78883.58391571045,22781.855056762695,67.80314004988898,28.978267696962135,0.28880349910452613
source_b_repair_baselines_favorita_100_v1_5,favorita_top_volume_100_20260714,Favorita,7,seasonal_naive,481143685,336,23027.0,13642.0,40.601190476190474,66.7193223299669,0.5924349676466757
source_b_repair_baselines_favorita_100_v1_5,favorita_top_volume_100_20260714,Favorita,7,seasonal_naive,481463992,336,104652.0,33650.0,100.14880952380952,33.02654827465453,0.32154187210946755
source_b_repair_baselines_favorita_100_v1_5,favorita_top_volume_100_20260714,Favorita,7,seasonal_naive,490364738,336,53215.0,21200.0,63.095238095238095,38.735788170734395,0.398383914309875
source_b_repair_baselines_favorita_100_v1_5,favorita_top_volume_100_20260714,Favorita,7,seasonal_naive,491473474,336,102771.42575073242,17070.803100585938,50.80596160888672,16.501788316595974,0.16610456628275666
source_b_repair_baselines_favorita_100_v1_5,favorita_top_volume_100_20260714,Favorita,7,seasonal_naive,491503844,336,188745.82846546173,39490.42038536072,117.53101305166881,22.942635743368832,0.20922539431162582
source_b_repair_baselines_favorita_100_v1_5,favorita_top_volume_100_20260714,Favorita,7,seasonal_naive,491642399,336,88456.82216262817,20521.445343017578,61.07573018755232,23.857979773548717,0.2319939247341356
source_b_repair_baselines_favorita_100_v1_5,favorita_top_volume_100_20260714,Favorita,7,seasonal_naive,491695835,336,86648.78703308105,22965.921951293945,68.35095818837483,26.103735437592064,0.2650460870563132
source_b_repair_baselines_favorita_100_v1_5,favorita_top_volume_100_20260714,Favorita,7,seasonal_naive,500584028,336,46354.22006523609,15035.322034597397,44.74798224582558,34.29505680149481,0.3243571354115678
source_b_repair_baselines_favorita_100_v1_5,favorita_top_volume_100_20260714,Favorita,7,seasonal_naive,510257847,336,40000.0,19805.0,58.94345238095238,47.75854049216217,0.495125
source_b_repair_baselines_favorita_100_v1_5,favorita_top_volume_100_20260714,Favorita,7,seasonal_naive,511239986,336,123141.51953125,71875.39990234375,213.91488066173736,11.409839668947575,0.5836812813090528
source_b_repair_baselines_favorita_100_v1_5,favorita_top_volume_100_20260714,Favorita,7,seasonal_naive,511473474,336,80121.23680877686,12829.172904968262,38.18206221716745,16.567332775945705,0.16012200280416658
source_b_repair_baselines_favorita_100_v1_5,favorita_top_volume_100_20260714,Favorita,7,seasonal_naive,511503844,336,115486.46313071251,28283.160339832306,84.1760724399771,30.8090268128015,0.2449045504824251
source_b_repair_baselines_favorita_100_v1_5,favorita_top_volume_100_20260714,Favorita,7,seasonal_naive,511695835,336,76979.18010139465,18981.31516647339,56.49200942402794,25.998676188729817,0.24657725818165085
source_b_repair_baselines_favorita_100_v1_5,favorita_top_volume_100_20260714,Favorita,7,lightgbm_cov,20582864,336,62179.15570354462,29724.645562171936,88.46620703027362,55.18051812112488,0.478048394608186
source_b_repair_baselines_favorita_100_v1_5,favorita_top_volume_100_20260714,Favorita,7,lightgbm_cov,30364738,336,60684.0,20351.2679977417,60.569249993278866,32.632901850433846,0.33536464303179914
source_b_repair_baselines_favorita_100_v1_5,favorita_top_volume_100_20260714,Favorita,7,lightgbm_cov,30819932,336,44266.0,21552.455509662628,64.14421282637687,53.156635106511885,0.4868850926142554
source_b_repair_baselines_favorita_100_v1_5,favorita_top_volume_100_20260714,Favorita,7,lightgbm_cov,31047679,336,125142.0,32794.22331237793,97.60185509636288,26.037150479886545,0.2620560907798975
source_b_repair_baselines_favorita_100_v1_5,favorita_top_volume_100_20260714,Favorita,7,lightgbm_cov,31430040,336,122391.0,34541.381607055664,102.80173097337995,30.366501802459776,0.2822215817098942
source_b_repair_baselines_favorita_100_v1_5,favorita_top_volume_100_20260714,Favorita,7,lightgbm_cov,31463993,336,95667.0,15616.928634643555,46.47895426977249,16.380846342851022,0.16324258767018465
source_b_repair_baselines_favorita_100_v1_5,favorita_top_volume_100_20260714,Favorita,7,lightgbm_cov,31473404,336,71985.0,13509.070411682129,40.205566701434904,19.22746812078015,0.18766507483061928
source_b_repair_baselines_favorita_100_v1_5,favorita_top_volume_100_20260714,Favorita,7,lightgbm_cov,31473474,336,120521.74017333984,15404.055892944336,45.84540444328671,12.820622187568048,0.12781142946317836
source_b_repair_baselines_favorita_100_v1_5,favorita_top_volume_100_20260714,Favorita,7,lightgbm_cov,31503844,336,178326.49873435497,28102.48332130909,83.63834321818182,16.49625034831088,0.1575900582401503
source_b_repair_baselines_favorita_100_v1_5,favorita_top_volume_100_20260714,Favorita,7,lightgbm_cov,71047679,336,65556.0,19051.876754760742,56.70201415107364,28.603750912246717,0.2906198784971741
source_b_repair_baselines_favorita_100_v1_5,favorita_top_volume_100_20260714,Favorita,7,lightgbm_cov,71473474,336,73308.13996124268,9804.096778869629,29.178859460921515,13.529731894644398,0.13373817401523164
source_b_repair_baselines_favorita_100_v1_5,favorita_top_volume_100_20260714,Favorita,7,lightgbm_cov,71503844,336,131404.38612121344,20785.84572082758,61.86263607389161,16.98343496107183,0.15818228245177265
source_b_repair_baselines_favorita_100_v1_5,favorita_top_volume_100_20260714,Favorita,7,lightgbm_cov,81047679,336,68685.0,19710.635856628418,58.662606716156006,28.822167561668117,0.28697147640137466
source_b_repair_baselines_favorita_100_v1_5,favorita_top_volume_100_20260714,Favorita,7,lightgbm_cov,81430040,336,78297.0,28575.919734954834,85.04738016355606,41.13758581196008,0.36496825848953135
source_b_repair_baselines_favorita_100_v1_5,favorita_top_volume_100_20260714,Favorita,7,lightgbm_cov,81473474,336,68700.30795288086,9821.584457397461,29.23090612320673,14.224183073264257,0.14296274281817983
source_b_repair_baselines_favorita_100_v1_5,favorita_top_volume_100_20260714,Favorita,7,lightgbm_cov,81503844,336,134077.01923525333,22130.01958310604,65.86315352114893,16.946161817992937,0.1650545314128472
source_b_repair_baselines_favorita_100_v1_5,favorita_top_volume_100_20260714,Favorita,7,lightgbm_cov,90457928,336,21455.09001350403,9286.26163482666,27.63768343698411,46.30823466468277,0.4328232428287088
source_b_repair_baselines_favorita_100_v1_5,favorita_top_volume_100_20260714,Favorita,7,lightgbm_cov,91463992,336,102244.0,22809.330169677734,67.88491121927898,22.192417465825052,0.22308722438165304
source_b_repair_baselines_favorita_100_v1_5,favorita_top_volume_100_20260714,Favorita,7,lightgbm_cov,110320682,336,42424.0,10698.37996673584,31.84041656766619,25.06037213724852,0.2521775402304318
source_b_repair_baselines_favorita_100_v1_5,favorita_top_volume_100_20260714,Favorita,7,lightgbm_cov,110584126,336,128286.72693824768,28676.436071395874,85.34653592677344,22.988729866331855,0.22353392869084276
source_b_repair_baselines_favorita_100_v1_5,favorita_top_volume_100_20260714,Favorita,7,lightgbm_cov,110807493,336,32910.0,13948.534524917603,41.513495609873814,45.325413977722675,0.42383878835969624
source_b_repair_baselines_favorita_100_v1_5,favorita_top_volume_100_20260714,Favorita,7,lightgbm_cov,110819932,336,70807.0,31760.82426071167,94.5262626806895,49.98488404222364,0.44855486407716283
source_b_repair_baselines_favorita_100_v1_5,favorita_top_volume_100_20260714,Favorita,7,lightgbm_cov,110968432,336,35446.0,15016.685584157705,44.69251661951698,88.62677227663166,0.4236496525463439
source_b_repair_baselines_favorita_100_v1_5,favorita_top_volume_100_20260714,Favorita,7,lightgbm_cov,111047679,336,57507.0,21895.437141418457,65.16499149231683,37.639145007118216,0.38074385972870184
source_b_repair_baselines_favorita_100_v1_5,favorita_top_volume_100_20260714,Favorita,7,lightgbm_cov,111146786,336,43770.0,16697.505800247192,49.69495773883093,40.06746162360427,0.3814828832590174
source_b_repair_baselines_favorita_100_v1_5,favorita_top_volume_100_20260714,Favorita,7,lightgbm_cov,140584126,336,54653.09191584587,16075.206969499588,47.84287788541544,36.06270284564521,0.29413170245247944
source_b_repair_baselines_favorita_100_v1_5,favorita_top_volume_100_20260714,Favorita,7,lightgbm_cov,171463992,336,71476.0,17814.879928588867,53.02047597794306,25.898983673348692,0.24924282176659113
source_b_repair_baselines_favorita_100_v1_5,favorita_top_volume_100_20260714,Favorita,7,lightgbm_cov,190819932,336,77399.0,33137.66674232483,98.62400816168103,47.3862187800395,0.42814076076337976
source_b_repair_baselines_favorita_100_v1_5,favorita_top_volume_100_20260714,Favorita,7,lightgbm_cov,201463992,336,92876.0,23423.50845336914,69.71282277788434,25.56743705686194,0.25220195156304254
source_b_repair_baselines_favorita_100_v1_5,favorita_top_volume_100_20260714,Favorita,7,lightgbm_cov,230583985,336,12469.941967964172,7384.407344460487,21.977402810894308,97.29341746280011,0.5921765605189947
source_b_repair_baselines_favorita_100_v1_5,favorita_top_volume_100_20260714,Favorita,7,lightgbm_cov,231084365,336,68294.02824401855,32424.51633375883,96.50153670761557,128.9816668452585,0.4747782078090948
source_b_repair_baselines_favorita_100_v1_5,favorita_top_volume_100_20260714,Favorita,7,lightgbm_cov,240257847,336,48982.0,17370.992054224014,51.699381113761945,54.2240198260876,0.35464031795810735
source_b_repair_baselines_favorita_100_v1_5,favorita_top_volume_100_20260714,Favorita,7,lightgbm_cov,241503844,336,79591.33407306671,14457.853045463562,43.02932454007013,19.517749315800565,0.1816510957360121
source_b_repair_baselines_favorita_100_v1_5,favorita_top_volume_100_20260714,Favorita,7,lightgbm_cov,311167614,336,74961.0,24490.66339111328,72.8888791402181,32.69174819387723,0.32671206882396553
source_b_repair_baselines_favorita_100_v1_5,favorita_top_volume_100_20260714,Favorita,7,lightgbm_cov,351167614,336,58615.0,27139.581825256348,80.77256495612008,44.421634447778146,0.46301427664004685
source_b_repair_baselines_favorita_100_v1_5,favorita_top_volume_100_20260714,Favorita,7,lightgbm_cov,371503844,336,65680.43591976166,11482.242486000061,34.17334073214304,19.00527286514208,0.17481982762762588
source_b_repair_baselines_favorita_100_v1_5,favorita_top_volume_100_20260714,Favorita,7,lightgbm_cov,391167614,336,149581.0,61936.67649078369,184.335346698761,48.189545275130946,0.4140678060100126
source_b_repair_baselines_favorita_100_v1_5,favorita_top_volume_100_20260714,Favorita,7,lightgbm_cov,391463864,336,100418.0,22837.536949157715,67.96885996773129,25.927252549956815,0.2274247341030265
source_b_repair_baselines_favorita_100_v1_5,favorita_top_volume_100_20260714,Favorita,7,lightgbm_cov,430807493,336,25500.0,12183.077434539795,36.25915903136844,52.33161857227597,0.4777677425309724
source_b_repair_baselines_favorita_100_v1_5,favorita_top_volume_100_20260714,Favorita,7,lightgbm_cov,431143685,336,22646.0,11758.56000328064,34.995714295478095,55.659832299248436,0.5192334188501563
source_b_repair_baselines_favorita_100_v1_5,favorita_top_volume_100_20260714,Favorita,7,lightgbm_cov,431430040,336,75646.0,33065.471939086914,98.40914267585391,46.34412355236064,0.4371080022616783
source_b_repair_baselines_favorita_100_v1_5,favorita_top_volume_100_20260714,Favorita,7,lightgbm_cov,440819932,336,65672.0,28934.191599845886,86.1136654757318,48.00325832844447,0.4405864234353436
source_b_repair_baselines_favorita_100_v1_5,favorita_top_volume_100_20260714,Favorita,7,lightgbm_cov,441037857,336,26526.0,18387.637417435646,54.725111361415614,70.01028063019386,0.6931929962088383
source_b_repair_baselines_favorita_100_v1_5,favorita_top_volume_100_20260714,Favorita,7,lightgbm_cov,441047679,336,127506.0,39227.6513671875,116.74896240234375,30.17171285109521,0.30765337605436216
source_b_repair_baselines_favorita_100_v1_5,favorita_top_volume_100_20260714,Favorita,7,lightgbm_cov,441047690,336,33974.0,9516.081951141357,28.321672473634994,26.65031906434435,0.2800989565886077
source_b_repair_baselines_favorita_100_v1_5,favorita_top_volume_100_20260714,Favorita,7,lightgbm_cov,441430040,336,110659.0,51274.999797821045,152.6041660649436,52.03403592928277,0.46336041169557873
source_b_repair_baselines_favorita_100_v1_5,favorita_top_volume_100_20260714,Favorita,7,lightgbm_cov,441473410,336,60555.434147417545,12750.135486066341,37.94683180376887,22.88331159146988,0.21055311823918424
source_b_repair_baselines_favorita_100_v1_5,favorita_top_volume_100_20260714,Favorita,7,lightgbm_cov,441473474,336,161569.7039642334,25052.72984313965,74.56169596172515,15.564897442586615,0.15505833846601313
source_b_repair_baselines_favorita_100_v1_5,favorita_top_volume_100_20260714,Favorita,7,lightgbm_cov,441502392,336,71587.98893737793,15463.007606506348,46.020855971745085,22.4400071958264,0.2160000278822292
source_b_repair_baselines_favorita_100_v1_5,favorita_top_volume_100_20260714,Favorita,7,lightgbm_cov,441503844,336,240006.25012922287,39812.466911792755,118.48948485652606,17.296111387966416,0.16588095889318358
source_b_repair_baselines_favorita_100_v1_5,favorita_top_volume_100_20260714,Favorita,7,lightgbm_cov,441695835,336,71396.3309249878,19406.931854248047,57.758725756690616,26.814362125549675,0.27181973643208424
source_b_repair_baselines_favorita_100_v1_5,favorita_top_volume_100_20260714,Favorita,7,lightgbm_cov,450265559,336,38409.0,9716.191802978516,28.91723750886463,25.208110862734497,0.25296653916994755
source_b_repair_baselines_favorita_100_v1_5,favorita_top_volume_100_20260714,Favorita,7,lightgbm_cov,450314384,336,40907.0,8276.175113677979,24.63147355261303,19.780764460346067,0.2023168434174586
source_b_repair_baselines_favorita_100_v1_5,favorita_top_volume_100_20260714,Favorita,7,lightgbm_cov,450364606,336,40823.0,11590.890014648438,34.49669647216797,18.916613736423628,0.2839303827413085
source_b_repair_baselines_favorita_100_v1_5,favorita_top_volume_100_20260714,Favorita,7,lightgbm_cov,450364738,336,58977.0,20896.0877532959,62.1907373609997,35.29068799204169,0.3543090993657849
source_b_repair_baselines_favorita_100_v1_5,favorita_top_volume_100_20260714,Favorita,7,lightgbm_cov,450584028,336,55816.6309800148,13793.614564418793,41.05242429886545,25.295283342079323,0.24712373932704054
source_b_repair_baselines_favorita_100_v1_5,favorita_top_volume_100_20260714,Favorita,7,lightgbm_cov,451047679,336,58833.0,22183.27378845215,66.02164817991711,36.11567422040844,0.37705494855696886
source_b_repair_baselines_favorita_100_v1_5,favorita_top_volume_100_20260714,Favorita,7,lightgbm_cov,451463992,336,103241.0,18709.484909057617,55.68299080076672,18.1861937343423,0.1812214615226278
source_b_repair_baselines_favorita_100_v1_5,favorita_top_volume_100_20260714,Favorita,7,lightgbm_cov,451463993,336,106690.0,17434.03482055664,51.88700839451381,16.363524671627232,0.16340833087034062
source_b_repair_baselines_favorita_100_v1_5,favorita_top_volume_100_20260714,Favorita,7,lightgbm_cov,451473474,336,115135.57293128967,16807.803289413452,50.02322407563528,15.433363693892982,0.14598271291396597
source_b_repair_baselines_favorita_100_v1_5,favorita_top_volume_100_20260714,Favorita,7,lightgbm_cov,451503844,336,155174.49281215668,24081.90275669098,71.67232963300887,16.077453222401093,0.1551924051451087
source_b_repair_baselines_favorita_100_v1_5,favorita_top_volume_100_20260714,Favorita,7,lightgbm_cov,451686656,336,66133.0,12846.829025268555,38.23461019425165,20.07438540917882,0.19425746639754063
source_b_repair_baselines_favorita_100_v1_5,favorita_top_volume_100_20260714,Favorita,7,lightgbm_cov,460159156,336,36659.13201189041,17316.77647149563,51.53802521278461,68.07507731478117,0.47237279011076755
source_b_repair_baselines_favorita_100_v1_5,favorita_top_volume_100_20260714,Favorita,7,lightgbm_cov,460265559,336,42994.0,10956.088760375977,32.6074070249285,24.84521589466721,0.25482831930911237
source_b_repair_baselines_favorita_100_v1_5,favorita_top_volume_100_20260714,Favorita,7,lightgbm_cov,460320682,336,32557.0,7502.824115753174,22.329833677836827,21.95097379767929,0.23045194937350413
source_b_repair_baselines_favorita_100_v1_5,favorita_top_volume_100_20260714,Favorita,7,lightgbm_cov,460582864,336,39571.47597503662,7837.948989868164,23.327229136512393,19.499406811085084,0.1980706758275248
source_b_repair_baselines_favorita_100_v1_5,favorita_top_volume_100_20260714,Favorita,7,lightgbm_cov,460583985,336,56362.90319824219,20874.592610359192,62.12676372130712,71.10729682166001,0.3703604929103477
source_b_repair_baselines_favorita_100_v1_5,favorita_top_volume_100_20260714,Favorita,7,lightgbm_cov,460584028,336,53102.20799827576,14589.180299758911,43.42017946356819,29.217408119556865,0.2747377340737437
source_b_repair_baselines_favorita_100_v1_5,favorita_top_volume_100_20260714,Favorita,7,lightgbm_cov,460807493,336,13381.0,7320.045748710632,21.78585044259117,51.91929994246129,0.5470477354988889
source_b_repair_baselines_favorita_100_v1_5,favorita_top_volume_100_20260714,Favorita,7,lightgbm_cov,460903284,336,44653.990087628365,19251.644849658012,57.29656205255361,49.223523887049694,0.43112933047816904
source_b_repair_baselines_favorita_100_v1_5,favorita_top_volume_100_20260714,Favorita,7,lightgbm_cov,461047679,336,42613.0,16776.699531555176,49.930653367723735,40.75175286813544,0.3936990949136455
source_b_repair_baselines_favorita_100_v1_5,favorita_top_volume_100_20260714,Favorita,7,lightgbm_cov,461143685,336,22833.0,10864.208638191223,32.33395428033102,52.529219195529656,0.4758117040332511
source_b_repair_baselines_favorita_100_v1_5,favorita_top_volume_100_20260714,Favorita,7,lightgbm_cov,461463992,336,94141.0,19018.19206237793,56.6017620904105,20.63681386195264,0.2020181649055983
source_b_repair_baselines_favorita_100_v1_5,favorita_top_volume_100_20260714,Favorita,7,lightgbm_cov,461463993,336,82056.0,16644.710388183594,49.5378285362607,20.873812609447643,0.20284574422569457
source_b_repair_baselines_favorita_100_v1_5,favorita_top_volume_100_20260714,Favorita,7,lightgbm_cov,470364738,336,66782.0,28861.054176330566,85.8959945724124,37.25260493766533,0.43216816172517397
source_b_repair_baselines_favorita_100_v1_5,favorita_top_volume_100_20260714,Favorita,7,lightgbm_cov,470584028,336,40728.31797218323,10115.430616378784,30.105448263032095,24.349874889827095,0.2483635740441689
source_b_repair_baselines_favorita_100_v1_5,favorita_top_volume_100_20260714,Favorita,7,lightgbm_cov,470807493,336,15427.0,9082.15980052948,27.030237501575833,56.10448760166727,0.5887184676560239
source_b_repair_baselines_favorita_100_v1_5,favorita_top_volume_100_20260714,Favorita,7,lightgbm_cov,470903285,336,53312.443910360336,19161.959757089615,57.029642134195285,39.73233569629729,0.3594275248253218
source_b_repair_baselines_favorita_100_v1_5,favorita_top_volume_100_20260714,Favorita,7,lightgbm_cov,471047679,336,65494.0,21854.86078643799,65.04422853106544,32.3089173792405,0.33369256399728203
source_b_repair_baselines_favorita_100_v1_5,favorita_top_volume_100_20260714,Favorita,7,lightgbm_cov,471143685,336,22812.0,12047.124913215637,35.85453843218939,55.48634818909631,0.528104721778697
source_b_repair_baselines_favorita_100_v1_5,favorita_top_volume_100_20260714,Favorita,7,lightgbm_cov,471463992,336,81131.0,16742.817253112793,49.82981325331188,20.105657153115594,0.2063676924124292
source_b_repair_baselines_favorita_100_v1_5,favorita_top_volume_100_20260714,Favorita,7,lightgbm_cov,471463993,336,86114.0,17205.039154052734,51.205473672775994,20.59891891512628,0.1997937519340959
source_b_repair_baselines_favorita_100_v1_5,favorita_top_volume_100_20260714,Favorita,7,lightgbm_cov,471473474,336,82299.29704284668,13500.892807006836,40.18122859228225,15.965037888652924,0.16404627125767549
source_b_repair_baselines_favorita_100_v1_5,favorita_top_volume_100_20260714,Favorita,7,lightgbm_cov,471503844,336,119533.05811691284,24651.23154067993,73.36676053773789,20.96960327069606,0.20622940573116658
source_b_repair_baselines_favorita_100_v1_5,favorita_top_volume_100_20260714,Favorita,7,lightgbm_cov,471642399,336,91023.63522148132,22364.200616836548,66.56012088344211,25.88717677196774,0.2456966321155965
source_b_repair_baselines_favorita_100_v1_5,favorita_top_volume_100_20260714,Favorita,7,lightgbm_cov,480265559,336,42158.0,12475.44535446167,37.12930165018354,29.27303635024306,0.29592118588314603
source_b_repair_baselines_favorita_100_v1_5,favorita_top_volume_100_20260714,Favorita,7,lightgbm_cov,480584028,336,78883.58391571045,17988.178901672363,53.53624673116775,22.914606299177358,0.2280345036160285
source_b_repair_baselines_favorita_100_v1_5,favorita_top_volume_100_20260714,Favorita,7,lightgbm_cov,481143685,336,23027.0,11401.149538040161,33.93199267273857,55.798616999966825,0.4951209249159752
source_b_repair_baselines_favorita_100_v1_5,favorita_top_volume_100_20260714,Favorita,7,lightgbm_cov,481463992,336,104652.0,27741.193466186523,82.5630757922218,27.52035972249363,0.2650803947004025
source_b_repair_baselines_favorita_100_v1_5,favorita_top_volume_100_20260714,Favorita,7,lightgbm_cov,490364738,336,53215.0,17289.03014755249,51.45544686771574,31.267206676922783,0.32489016532091497
source_b_repair_baselines_favorita_100_v1_5,favorita_top_volume_100_20260714,Favorita,7,lightgbm_cov,491473474,336,102771.42575073242,13802.030578613281,41.077471960158576,13.35843404125329,0.13429832735890518
source_b_repair_baselines_favorita_100_v1_5,favorita_top_volume_100_20260714,Favorita,7,lightgbm_cov,491503844,336,188745.82846546173,32499.820734977722,96.72565694933846,18.424612568425083,0.17218828622177898
source_b_repair_baselines_favorita_100_v1_5,favorita_top_volume_100_20260714,Favorita,7,lightgbm_cov,491642399,336,88456.82216262817,16377.125370025635,48.741444553647725,19.070790110293025,0.18514259239288783
source_b_repair_baselines_favorita_100_v1_5,favorita_top_volume_100_20260714,Favorita,7,lightgbm_cov,491695835,336,86648.78703308105,16683.13003540039,49.65217272440592,19.026076391610825,0.19253737538219723
source_b_repair_baselines_favorita_100_v1_5,favorita_top_volume_100_20260714,Favorita,7,lightgbm_cov,500584028,336,46354.22006523609,12032.284809947014,35.81037145817564,26.9723749818518,0.2595725867680119
source_b_repair_baselines_favorita_100_v1_5,favorita_top_volume_100_20260714,Favorita,7,lightgbm_cov,510257847,336,40000.0,17221.893778800964,51.25563624643144,63.68619945002626,0.43054734447002413
source_b_repair_baselines_favorita_100_v1_5,favorita_top_volume_100_20260714,Favorita,7,lightgbm_cov,511239986,336,123141.51953125,93864.59121038765,279.358902411868,187.41335084837075,0.7622497397116116
source_b_repair_baselines_favorita_100_v1_5,favorita_top_volume_100_20260714,Favorita,7,lightgbm_cov,511473474,336,80121.23680877686,10946.865867614746,32.5799579393296,13.919438689117522,0.1366287678975966
source_b_repair_baselines_favorita_100_v1_5,favorita_top_volume_100_20260714,Favorita,7,lightgbm_cov,511503844,336,115486.46313071251,23392.08797097206,69.61930943741685,23.515968514603795,0.20255263982321373
source_b_repair_baselines_favorita_100_v1_5,favorita_top_volume_100_20260714,Favorita,7,lightgbm_cov,511695835,336,76979.18010139465,15020.357847213745,44.703445973850435,20.07510429112538,0.19512234122823058
source_b_repair_baselines_favorita_100_v1_5,favorita_top_volume_100_20260714,Favorita,7,lightgbm_direct,20582864,336,62179.15570354462,44171.264340400696,131.46209625119255,70.47845507841512,0.7103870073598095
source_b_repair_baselines_favorita_100_v1_5,favorita_top_volume_100_20260714,Favorita,7,lightgbm_direct,30364738,336,60684.0,20408.224311828613,60.738762832823255,33.02801643441368,0.3363032152104115
source_b_repair_baselines_favorita_100_v1_5,favorita_top_volume_100_20260714,Favorita,7,lightgbm_direct,30819932,336,44266.0,21021.51198387146,62.5640237615222,53.04512727334336,0.4748907058209791
source_b_repair_baselines_favorita_100_v1_5,favorita_top_volume_100_20260714,Favorita,7,lightgbm_direct,31047679,336,125142.0,33051.98568725586,98.36900502159482,25.99934994093833,0.2641158498925689
source_b_repair_baselines_favorita_100_v1_5,favorita_top_volume_100_20260714,Favorita,7,lightgbm_direct,31430040,336,122391.0,34427.83654785156,102.46379924955822,30.25798317350517,0.28129385778244775
source_b_repair_baselines_favorita_100_v1_5,favorita_top_volume_100_20260714,Favorita,7,lightgbm_direct,31463993,336,95667.0,15995.53010559082,47.60574436187744,16.983116344194766,0.16720008054596486
source_b_repair_baselines_favorita_100_v1_5,favorita_top_volume_100_20260714,Favorita,7,lightgbm_direct,31473404,336,71985.0,12865.853691101074,38.291231223515105,18.42005775643729,0.17872964771967875
source_b_repair_baselines_favorita_100_v1_5,favorita_top_volume_100_20260714,Favorita,7,lightgbm_direct,31473474,336,120521.74017333984,14879.092788696289,44.28301425207229,12.31748176319668,0.12345567502839323
source_b_repair_baselines_favorita_100_v1_5,favorita_top_volume_100_20260714,Favorita,7,lightgbm_direct,31503844,336,178326.49873435497,28338.071272969246,84.33949783621799,16.802658575363054,0.15891116280583295
source_b_repair_baselines_favorita_100_v1_5,favorita_top_volume_100_20260714,Favorita,7,lightgbm_direct,71047679,336,65556.0,18994.288047790527,56.53061918985276,29.148833050011163,0.2897414126516341
source_b_repair_baselines_favorita_100_v1_5,favorita_top_volume_100_20260714,Favorita,7,lightgbm_direct,71473474,336,73308.13996124268,11378.152214050293,33.863548256102064,15.585991007432026,0.1552099428530831
source_b_repair_baselines_favorita_100_v1_5,favorita_top_volume_100_20260714,Favorita,7,lightgbm_direct,71503844,336,131404.38612121344,22038.15185791254,65.58973767235875,18.132680376936623,0.16771245244115016
source_b_repair_baselines_favorita_100_v1_5,favorita_top_volume_100_20260714,Favorita,7,lightgbm_direct,81047679,336,68685.0,19020.40397644043,56.60834516797747,28.384815297071626,0.27692223886496947
source_b_repair_baselines_favorita_100_v1_5,favorita_top_volume_100_20260714,Favorita,7,lightgbm_direct,81430040,336,78297.0,27756.11654663086,82.60748972211566,40.17508463580952,0.3544978293757214
source_b_repair_baselines_favorita_100_v1_5,favorita_top_volume_100_20260714,Favorita,7,lightgbm_direct,81473474,336,68700.30795288086,9833.064651489258,29.265073367527553,14.31525480672288,0.14312984824221478
source_b_repair_baselines_favorita_100_v1_5,favorita_top_volume_100_20260714,Favorita,7,lightgbm_direct,81503844,336,134077.01923525333,21458.614385962486,63.864923767745495,16.528461787856045,0.16004692309209914
source_b_repair_baselines_favorita_100_v1_5,favorita_top_volume_100_20260714,Favorita,7,lightgbm_direct,90457928,336,21455.09001350403,9027.665521621704,26.868052147683642,45.416066562775825,0.420770340088977
source_b_repair_baselines_favorita_100_v1_5,favorita_top_volume_100_20260714,Favorita,7,lightgbm_direct,91463992,336,102244.0,21995.827117919922,65.46377118428548,21.480369958901015,0.21513073743124214
source_b_repair_baselines_favorita_100_v1_5,favorita_top_volume_100_20260714,Favorita,7,lightgbm_direct,110320682,336,42424.0,11159.01333618164,33.21134921482631,25.939623283471292,0.2630353888407892
source_b_repair_baselines_favorita_100_v1_5,favorita_top_volume_100_20260714,Favorita,7,lightgbm_direct,110584126,336,128286.72693824768,28112.307439804077,83.66758166608356,22.549482543175873,0.21913652418099547
source_b_repair_baselines_favorita_100_v1_5,favorita_top_volume_100_20260714,Favorita,7,lightgbm_direct,110807493,336,32910.0,13702.593094825745,40.781527067933766,44.429683422548955,0.4163656364274003
source_b_repair_baselines_favorita_100_v1_5,favorita_top_volume_100_20260714,Favorita,7,lightgbm_direct,110819932,336,70807.0,34336.87226867676,102.19307222820464,53.72438375808129,0.48493612592931146
source_b_repair_baselines_favorita_100_v1_5,favorita_top_volume_100_20260714,Favorita,7,lightgbm_direct,110968432,336,35446.0,16322.378922075033,48.57850869665189,91.89290722705363,0.46048577898987286
source_b_repair_baselines_favorita_100_v1_5,favorita_top_volume_100_20260714,Favorita,7,lightgbm_direct,111047679,336,57507.0,22108.844734191895,65.80013313747588,38.395154187609066,0.3844548443527204
source_b_repair_baselines_favorita_100_v1_5,favorita_top_volume_100_20260714,Favorita,7,lightgbm_direct,111146786,336,43770.0,16130.624103546143,48.00780983198257,39.930302766894215,0.36853150796312867
source_b_repair_baselines_favorita_100_v1_5,favorita_top_volume_100_20260714,Favorita,7,lightgbm_direct,140584126,336,54653.09191584587,17238.117949724197,51.30392246941725,37.98520696235997,0.3154097480206102
source_b_repair_baselines_favorita_100_v1_5,favorita_top_volume_100_20260714,Favorita,7,lightgbm_direct,171463992,336,71476.0,18410.987648010254,54.79460609526861,26.65777092751542,0.25758279209819035
source_b_repair_baselines_favorita_100_v1_5,favorita_top_volume_100_20260714,Favorita,7,lightgbm_direct,190819932,336,77399.0,33190.4576587677,98.78112398442768,47.860415423937006,0.4288228227595667
source_b_repair_baselines_favorita_100_v1_5,favorita_top_volume_100_20260714,Favorita,7,lightgbm_direct,201463992,336,92876.0,23593.67039489746,70.21925712767101,25.6016208219631,0.2540340927139138
source_b_repair_baselines_favorita_100_v1_5,favorita_top_volume_100_20260714,Favorita,7,lightgbm_direct,230583985,336,12469.941967964172,8185.841101169586,24.362622324909484,100.09694423034658,0.6564458056179708
source_b_repair_baselines_favorita_100_v1_5,favorita_top_volume_100_20260714,Favorita,7,lightgbm_direct,231084365,336,68294.02824401855,27752.930659651756,82.59800791563023,124.132902943045,0.40637419366286187
source_b_repair_baselines_favorita_100_v1_5,favorita_top_volume_100_20260714,Favorita,7,lightgbm_direct,240257847,336,48982.0,17484.878917455673,52.03833011147522,54.03628672215862,0.3569653937661932
source_b_repair_baselines_favorita_100_v1_5,favorita_top_volume_100_20260714,Favorita,7,lightgbm_direct,241503844,336,79591.33407306671,14500.85895061493,43.157318305401574,19.584751497520013,0.1821914297516712
source_b_repair_baselines_favorita_100_v1_5,favorita_top_volume_100_20260714,Favorita,7,lightgbm_direct,311167614,336,74961.0,25210.62188720703,75.03161275954474,33.548488754400594,0.3363165097478293
source_b_repair_baselines_favorita_100_v1_5,favorita_top_volume_100_20260714,Favorita,7,lightgbm_direct,351167614,336,58615.0,27727.229942321777,82.52151768548148,45.480483158483025,0.4730398352353796
source_b_repair_baselines_favorita_100_v1_5,favorita_top_volume_100_20260714,Favorita,7,lightgbm_direct,371503844,336,65680.43591976166,11506.59529209137,34.2458193217005,19.03212284360861,0.17519060479666082
source_b_repair_baselines_favorita_100_v1_5,favorita_top_volume_100_20260714,Favorita,7,lightgbm_direct,391167614,336,149581.0,78330.1175994873,233.12534999847412,55.777808228446446,0.5236635508486192
source_b_repair_baselines_favorita_100_v1_5,favorita_top_volume_100_20260714,Favorita,7,lightgbm_direct,391463864,336,100418.0,23938.491722106934,71.2455110776992,27.107638198400153,0.23838845348549995
source_b_repair_baselines_favorita_100_v1_5,favorita_top_volume_100_20260714,Favorita,7,lightgbm_direct,430807493,336,25500.0,11667.25972366333,34.72398727280753,52.22490880539428,0.4575395970064051
source_b_repair_baselines_favorita_100_v1_5,favorita_top_volume_100_20260714,Favorita,7,lightgbm_direct,431143685,336,22646.0,11656.710511684418,34.692590808584576,55.77932348273698,0.5147359583009987
source_b_repair_baselines_favorita_100_v1_5,favorita_top_volume_100_20260714,Favorita,7,lightgbm_direct,431430040,336,75646.0,33356.43838310242,99.27511423542386,46.7916162814615,0.4409544243331097
source_b_repair_baselines_favorita_100_v1_5,favorita_top_volume_100_20260714,Favorita,7,lightgbm_direct,440819932,336,65672.0,28353.623001098633,84.38578274136498,48.46779543165814,0.4317459952658459
source_b_repair_baselines_favorita_100_v1_5,favorita_top_volume_100_20260714,Favorita,7,lightgbm_direct,441037857,336,26526.0,18186.238627314568,54.125710200340976,68.75844515182197,0.6856004911149275
source_b_repair_baselines_favorita_100_v1_5,favorita_top_volume_100_20260714,Favorita,7,lightgbm_direct,441047679,336,127506.0,35990.24833679199,107.11383433569046,28.270157457948148,0.2822631745705456
source_b_repair_baselines_favorita_100_v1_5,favorita_top_volume_100_20260714,Favorita,7,lightgbm_direct,441047690,336,33974.0,9392.667594909668,27.954367841993058,26.596283643987146,0.2764663447021154
source_b_repair_baselines_favorita_100_v1_5,favorita_top_volume_100_20260714,Favorita,7,lightgbm_direct,441430040,336,110659.0,49511.660541534424,147.35613256409056,51.3849884835671,0.4474255193118899
source_b_repair_baselines_favorita_100_v1_5,favorita_top_volume_100_20260714,Favorita,7,lightgbm_direct,441473410,336,60555.434147417545,13639.327643811703,40.59323703515388,25.32927692785907,0.2252370548712079
source_b_repair_baselines_favorita_100_v1_5,favorita_top_volume_100_20260714,Favorita,7,lightgbm_direct,441473474,336,161569.7039642334,21751.6026763916,64.73691272735596,13.955279184609223,0.13462674092171847
source_b_repair_baselines_favorita_100_v1_5,favorita_top_volume_100_20260714,Favorita,7,lightgbm_direct,441502392,336,71587.98893737793,16178.706680297852,48.1509127389817,23.60980372517653,0.22599750210122935
source_b_repair_baselines_favorita_100_v1_5,favorita_top_volume_100_20260714,Favorita,7,lightgbm_direct,441503844,336,240006.25012922287,39474.436821460724,117.48344292101406,17.222205771175986,0.16447253686188218
source_b_repair_baselines_favorita_100_v1_5,favorita_top_volume_100_20260714,Favorita,7,lightgbm_direct,441695835,336,71396.3309249878,18170.627571105957,54.07924872352963,26.00501390278958,0.25450366056200896
source_b_repair_baselines_favorita_100_v1_5,favorita_top_volume_100_20260714,Favorita,7,lightgbm_direct,450265559,336,38409.0,9621.698818206787,28.6360083875202,25.158042680914726,0.25050636096245116
source_b_repair_baselines_favorita_100_v1_5,favorita_top_volume_100_20260714,Favorita,7,lightgbm_direct,450314384,336,40907.0,9011.689929962158,26.820505743934994,21.268900820268335,0.22029701346865227
source_b_repair_baselines_favorita_100_v1_5,favorita_top_volume_100_20260714,Favorita,7,lightgbm_direct,450364606,336,40823.0,12586.827419281006,37.46079589071728,20.728694640852176,0.3083268603307206
source_b_repair_baselines_favorita_100_v1_5,favorita_top_volume_100_20260714,Favorita,7,lightgbm_direct,450364738,336,58977.0,21328.420219421387,63.477441129230314,36.02823776939936,0.3616396259460703
source_b_repair_baselines_favorita_100_v1_5,favorita_top_volume_100_20260714,Favorita,7,lightgbm_direct,450584028,336,55816.6309800148,13506.46317434311,40.19780706649735,24.999664492828284,0.24197919038107318
source_b_repair_baselines_favorita_100_v1_5,favorita_top_volume_100_20260714,Favorita,7,lightgbm_direct,451047679,336,58833.0,20886.21600341797,62.16135715302967,35.07709812035238,0.35500851568707986
source_b_repair_baselines_favorita_100_v1_5,favorita_top_volume_100_20260714,Favorita,7,lightgbm_direct,451463992,336,103241.0,18085.243682861328,53.825130008515856,17.632377519259272,0.17517501460525692
source_b_repair_baselines_favorita_100_v1_5,favorita_top_volume_100_20260714,Favorita,7,lightgbm_direct,451463993,336,106690.0,17005.505905151367,50.6116247177124,15.942819338668981,0.15939175091528135
source_b_repair_baselines_favorita_100_v1_5,favorita_top_volume_100_20260714,Favorita,7,lightgbm_direct,451473474,336,115135.57293128967,15844.852437973022,47.15729892253876,14.552226435652818,0.137619087086394
source_b_repair_baselines_favorita_100_v1_5,favorita_top_volume_100_20260714,Favorita,7,lightgbm_direct,451503844,336,155174.49281215668,23484.361344337463,69.89393257243293,15.68498366861261,0.15134163430304218
source_b_repair_baselines_favorita_100_v1_5,favorita_top_volume_100_20260714,Favorita,7,lightgbm_direct,451686656,336,66133.0,12966.704025268555,38.59138102758499,20.317123614334132,0.196070101541871
source_b_repair_baselines_favorita_100_v1_5,favorita_top_volume_100_20260714,Favorita,7,lightgbm_direct,460159156,336,36659.13201189041,18675.8416492939,55.58286205146994,71.25956078441418,0.509445822209767
source_b_repair_baselines_favorita_100_v1_5,favorita_top_volume_100_20260714,Favorita,7,lightgbm_direct,460265559,336,42994.0,10891.765808105469,32.41596966698056,24.92754511478836,0.2533322279412353
source_b_repair_baselines_favorita_100_v1_5,favorita_top_volume_100_20260714,Favorita,7,lightgbm_direct,460320682,336,32557.0,7645.223480224609,22.75364131019229,22.326162611576198,0.23482579722408728
source_b_repair_baselines_favorita_100_v1_5,favorita_top_volume_100_20260714,Favorita,7,lightgbm_direct,460582864,336,39571.47597503662,7972.438579559326,23.727495772497996,19.679869565057363,0.2014693256473092
source_b_repair_baselines_favorita_100_v1_5,favorita_top_volume_100_20260714,Favorita,7,lightgbm_direct,460583985,336,56362.90319824219,28177.60184288025,83.8619102466674,75.67294806940474,0.49993169698467615
source_b_repair_baselines_favorita_100_v1_5,favorita_top_volume_100_20260714,Favorita,7,lightgbm_direct,460584028,336,53102.20799827576,14155.92502784729,42.1307292495455,28.34394016888526,0.2665788403432666
source_b_repair_baselines_favorita_100_v1_5,favorita_top_volume_100_20260714,Favorita,7,lightgbm_direct,460807493,336,13381.0,6846.374622344971,20.37611494745527,51.341271539908384,0.5116489516736396
source_b_repair_baselines_favorita_100_v1_5,favorita_top_volume_100_20260714,Favorita,7,lightgbm_direct,460903284,336,44653.990087628365,19719.06569468975,58.68769551990997,50.01134169651051,0.4415969470139921
source_b_repair_baselines_favorita_100_v1_5,favorita_top_volume_100_20260714,Favorita,7,lightgbm_direct,461047679,336,42613.0,16817.49612045288,50.05207178706215,41.178624373466036,0.39465646916323377
source_b_repair_baselines_favorita_100_v1_5,favorita_top_volume_100_20260714,Favorita,7,lightgbm_direct,461143685,336,22833.0,10641.498400211334,31.671126191105163,52.01797981253843,0.4660578285906948
source_b_repair_baselines_favorita_100_v1_5,favorita_top_volume_100_20260714,Favorita,7,lightgbm_direct,461463992,336,94141.0,19135.017700195312,56.949457441057476,20.352125188031415,0.20325912939309454
source_b_repair_baselines_favorita_100_v1_5,favorita_top_volume_100_20260714,Favorita,7,lightgbm_direct,461463993,336,82056.0,16728.02067565918,49.78577582041422,20.62298332354859,0.20386102997537267
source_b_repair_baselines_favorita_100_v1_5,favorita_top_volume_100_20260714,Favorita,7,lightgbm_direct,470364738,336,66782.0,30127.020210266113,89.663750625792,38.237772578387144,0.4511248571511203
source_b_repair_baselines_favorita_100_v1_5,favorita_top_volume_100_20260714,Favorita,7,lightgbm_direct,470584028,336,40728.31797218323,10771.051977157593,32.05670231296902,25.683501750728478,0.2644610068236563
source_b_repair_baselines_favorita_100_v1_5,favorita_top_volume_100_20260714,Favorita,7,lightgbm_direct,470807493,336,15427.0,8373.26201248169,24.920422656195505,54.76659925827251,0.5427667085293115
source_b_repair_baselines_favorita_100_v1_5,favorita_top_volume_100_20260714,Favorita,7,lightgbm_direct,470903285,336,53312.443910360336,18452.51279568672,54.91819284430572,39.09935307930246,0.34612018212319845
source_b_repair_baselines_favorita_100_v1_5,favorita_top_volume_100_20260714,Favorita,7,lightgbm_direct,471047679,336,65494.0,20590.6967086792,61.281835442497616,31.689755937810755,0.31439058094908234
source_b_repair_baselines_favorita_100_v1_5,favorita_top_volume_100_20260714,Favorita,7,lightgbm_direct,471143685,336,22812.0,11630.019158363342,34.613152257033754,55.03530196447789,0.5098202331388454
source_b_repair_baselines_favorita_100_v1_5,favorita_top_volume_100_20260714,Favorita,7,lightgbm_direct,471463992,336,81131.0,17289.089149475098,51.455622468675884,20.89853655245328,0.21310090038918658
source_b_repair_baselines_favorita_100_v1_5,favorita_top_volume_100_20260714,Favorita,7,lightgbm_direct,471463993,336,86114.0,16607.245178222656,49.42632493518648,19.797174314274457,0.19285186123304754
source_b_repair_baselines_favorita_100_v1_5,favorita_top_volume_100_20260714,Favorita,7,lightgbm_direct,471473474,336,82299.29704284668,12198.916748046875,36.3062998453776,14.680311025057598,0.1482262569228978
source_b_repair_baselines_favorita_100_v1_5,favorita_top_volume_100_20260714,Favorita,7,lightgbm_direct,471503844,336,119533.05811691284,23667.668186187744,70.43948864936829,20.600965245503566,0.19800102631891908
source_b_repair_baselines_favorita_100_v1_5,favorita_top_volume_100_20260714,Favorita,7,lightgbm_direct,471642399,336,91023.63522148132,22427.028245925903,66.74710787477947,25.63376701461672,0.24638686634911705
source_b_repair_baselines_favorita_100_v1_5,favorita_top_volume_100_20260714,Favorita,7,lightgbm_direct,480265559,336,42158.0,12389.93635559082,36.874810582115536,29.44034014181437,0.29389288760355853
source_b_repair_baselines_favorita_100_v1_5,favorita_top_volume_100_20260714,Favorita,7,lightgbm_direct,480584028,336,78883.58391571045,17911.41527557373,53.30778355825515,22.751607548912677,0.2270613781279592
source_b_repair_baselines_favorita_100_v1_5,favorita_top_volume_100_20260714,Favorita,7,lightgbm_direct,481143685,336,23027.0,12019.368003845215,35.77192858287266,58.14925522919433,0.5219684719609682
source_b_repair_baselines_favorita_100_v1_5,favorita_top_volume_100_20260714,Favorita,7,lightgbm_direct,481463992,336,104652.0,28486.639190673828,84.78166425795783,27.907741368818833,0.2722034857496639
source_b_repair_baselines_favorita_100_v1_5,favorita_top_volume_100_20260714,Favorita,7,lightgbm_direct,490364738,336,53215.0,18100.96706008911,53.87192577407474,32.650821331025305,0.3401478353864345
source_b_repair_baselines_favorita_100_v1_5,favorita_top_volume_100_20260714,Favorita,7,lightgbm_direct,491473474,336,102771.42575073242,14543.102111816406,43.28304199945359,14.199070203015232,0.14150919874450377
source_b_repair_baselines_favorita_100_v1_5,favorita_top_volume_100_20260714,Favorita,7,lightgbm_direct,491503844,336,188745.82846546173,31948.434443473816,95.08462631986255,18.04351969382271,0.1692669697826991
source_b_repair_baselines_favorita_100_v1_5,favorita_top_volume_100_20260714,Favorita,7,lightgbm_direct,491642399,336,88456.82216262817,16561.63708114624,49.29058655103048,19.369411827596032,0.18722848816225404
source_b_repair_baselines_favorita_100_v1_5,favorita_top_volume_100_20260714,Favorita,7,lightgbm_direct,491695835,336,86648.78703308105,15949.616714477539,47.469097364516486,18.353472871793848,0.18407201370733836
source_b_repair_baselines_favorita_100_v1_5,favorita_top_volume_100_20260714,Favorita,7,lightgbm_direct,500584028,336,46354.22006523609,11493.337384104729,34.206361262216454,25.747434887123287,0.24794586917716896
source_b_repair_baselines_favorita_100_v1_5,favorita_top_volume_100_20260714,Favorita,7,lightgbm_direct,510257847,336,40000.0,16350.91144990921,48.6634269342536,62.82748320515451,0.4087727862477303
source_b_repair_baselines_favorita_100_v1_5,favorita_top_volume_100_20260714,Favorita,7,lightgbm_direct,511239986,336,123141.51953125,156720.21448042244,466.429209763162,194.29286086723278,1.2726837794189398
source_b_repair_baselines_favorita_100_v1_5,favorita_top_volume_100_20260714,Favorita,7,lightgbm_direct,511473474,336,80121.23680877686,10564.072883605957,31.44069310597011,13.580892274248907,0.13185109596871225
source_b_repair_baselines_favorita_100_v1_5,favorita_top_volume_100_20260714,Favorita,7,lightgbm_direct,511503844,336,115486.46313071251,25639.128116846085,76.30692891918477,25.54066495245389,0.2220098132871783
source_b_repair_baselines_favorita_100_v1_5,favorita_top_volume_100_20260714,Favorita,7,lightgbm_direct,511695835,336,76979.18010139465,15740.951307296753,46.84806936695462,21.009137331676538,0.2044832289271365
source_b_repair_baselines_favorita_100_v1_5,favorita_top_volume_100_20260714,Favorita,7,lightgbm_direct_scaled,20582864,336,62179.15570354462,44171.264340400696,131.46209625119255,70.47845507841512,0.7103870073598095
source_b_repair_baselines_favorita_100_v1_5,favorita_top_volume_100_20260714,Favorita,7,lightgbm_direct_scaled,30364738,336,60684.0,20408.224311828613,60.738762832823255,33.02801643441368,0.3363032152104115
source_b_repair_baselines_favorita_100_v1_5,favorita_top_volume_100_20260714,Favorita,7,lightgbm_direct_scaled,30819932,336,44266.0,21021.51198387146,62.5640237615222,53.04512727334336,0.4748907058209791
source_b_repair_baselines_favorita_100_v1_5,favorita_top_volume_100_20260714,Favorita,7,lightgbm_direct_scaled,31047679,336,125142.0,33051.98568725586,98.36900502159482,25.99934994093833,0.2641158498925689
source_b_repair_baselines_favorita_100_v1_5,favorita_top_volume_100_20260714,Favorita,7,lightgbm_direct_scaled,31430040,336,122391.0,34427.83654785156,102.46379924955822,30.25798317350517,0.28129385778244775
source_b_repair_baselines_favorita_100_v1_5,favorita_top_volume_100_20260714,Favorita,7,lightgbm_direct_scaled,31463993,336,95667.0,15995.53010559082,47.60574436187744,16.983116344194766,0.16720008054596486
source_b_repair_baselines_favorita_100_v1_5,favorita_top_volume_100_20260714,Favorita,7,lightgbm_direct_scaled,31473404,336,71985.0,12865.853691101074,38.291231223515105,18.42005775643729,0.17872964771967875
source_b_repair_baselines_favorita_100_v1_5,favorita_top_volume_100_20260714,Favorita,7,lightgbm_direct_scaled,31473474,336,120521.74017333984,14879.092788696289,44.28301425207229,12.31748176319668,0.12345567502839323
source_b_repair_baselines_favorita_100_v1_5,favorita_top_volume_100_20260714,Favorita,7,lightgbm_direct_scaled,31503844,336,178326.49873435497,28338.071272969246,84.33949783621799,16.802658575363054,0.15891116280583295
source_b_repair_baselines_favorita_100_v1_5,favorita_top_volume_100_20260714,Favorita,7,lightgbm_direct_scaled,71047679,336,65556.0,18994.288047790527,56.53061918985276,29.148833050011163,0.2897414126516341
source_b_repair_baselines_favorita_100_v1_5,favorita_top_volume_100_20260714,Favorita,7,lightgbm_direct_scaled,71473474,336,73308.13996124268,11378.152214050293,33.863548256102064,15.585991007432026,0.1552099428530831
source_b_repair_baselines_favorita_100_v1_5,favorita_top_volume_100_20260714,Favorita,7,lightgbm_direct_scaled,71503844,336,131404.38612121344,22038.15185791254,65.58973767235875,18.132680376936623,0.16771245244115016
source_b_repair_baselines_favorita_100_v1_5,favorita_top_volume_100_20260714,Favorita,7,lightgbm_direct_scaled,81047679,336,68685.0,19020.40397644043,56.60834516797747,28.384815297071626,0.27692223886496947
source_b_repair_baselines_favorita_100_v1_5,favorita_top_volume_100_20260714,Favorita,7,lightgbm_direct_scaled,81430040,336,78297.0,27756.11654663086,82.60748972211566,40.17508463580952,0.3544978293757214
source_b_repair_baselines_favorita_100_v1_5,favorita_top_volume_100_20260714,Favorita,7,lightgbm_direct_scaled,81473474,336,68700.30795288086,9833.064651489258,29.265073367527553,14.31525480672288,0.14312984824221478
source_b_repair_baselines_favorita_100_v1_5,favorita_top_volume_100_20260714,Favorita,7,lightgbm_direct_scaled,81503844,336,134077.01923525333,21458.614385962486,63.864923767745495,16.528461787856045,0.16004692309209914
source_b_repair_baselines_favorita_100_v1_5,favorita_top_volume_100_20260714,Favorita,7,lightgbm_direct_scaled,90457928,336,21455.09001350403,9027.665521621704,26.868052147683642,45.416066562775825,0.420770340088977
source_b_repair_baselines_favorita_100_v1_5,favorita_top_volume_100_20260714,Favorita,7,lightgbm_direct_scaled,91463992,336,102244.0,21995.827117919922,65.46377118428548,21.480369958901015,0.21513073743124214
source_b_repair_baselines_favorita_100_v1_5,favorita_top_volume_100_20260714,Favorita,7,lightgbm_direct_scaled,110320682,336,42424.0,11159.01333618164,33.21134921482631,25.939623283471292,0.2630353888407892
source_b_repair_baselines_favorita_100_v1_5,favorita_top_volume_100_20260714,Favorita,7,lightgbm_direct_scaled,110584126,336,128286.72693824768,28112.307439804077,83.66758166608356,22.549482543175873,0.21913652418099547
source_b_repair_baselines_favorita_100_v1_5,favorita_top_volume_100_20260714,Favorita,7,lightgbm_direct_scaled,110807493,336,32910.0,13702.593094825745,40.781527067933766,44.429683422548955,0.4163656364274003
source_b_repair_baselines_favorita_100_v1_5,favorita_top_volume_100_20260714,Favorita,7,lightgbm_direct_scaled,110819932,336,70807.0,34336.87226867676,102.19307222820464,53.72438375808129,0.48493612592931146
source_b_repair_baselines_favorita_100_v1_5,favorita_top_volume_100_20260714,Favorita,7,lightgbm_direct_scaled,110968432,336,35446.0,16322.378922075033,48.57850869665189,91.89290722705363,0.46048577898987286
source_b_repair_baselines_favorita_100_v1_5,favorita_top_volume_100_20260714,Favorita,7,lightgbm_direct_scaled,111047679,336,57507.0,22108.844734191895,65.80013313747588,38.395154187609066,0.3844548443527204
source_b_repair_baselines_favorita_100_v1_5,favorita_top_volume_100_20260714,Favorita,7,lightgbm_direct_scaled,111146786,336,43770.0,16130.624103546143,48.00780983198257,39.930302766894215,0.36853150796312867
source_b_repair_baselines_favorita_100_v1_5,favorita_top_volume_100_20260714,Favorita,7,lightgbm_direct_scaled,140584126,336,54653.09191584587,17238.117949724197,51.30392246941725,37.98520696235997,0.3154097480206102
source_b_repair_baselines_favorita_100_v1_5,favorita_top_volume_100_20260714,Favorita,7,lightgbm_direct_scaled,171463992,336,71476.0,18410.987648010254,54.79460609526861,26.65777092751542,0.25758279209819035
source_b_repair_baselines_favorita_100_v1_5,favorita_top_volume_100_20260714,Favorita,7,lightgbm_direct_scaled,190819932,336,77399.0,33190.4576587677,98.78112398442768,47.860415423937006,0.4288228227595667
source_b_repair_baselines_favorita_100_v1_5,favorita_top_volume_100_20260714,Favorita,7,lightgbm_direct_scaled,201463992,336,92876.0,23593.67039489746,70.21925712767101,25.6016208219631,0.2540340927139138
source_b_repair_baselines_favorita_100_v1_5,favorita_top_volume_100_20260714,Favorita,7,lightgbm_direct_scaled,230583985,336,12469.941967964172,8185.841101169586,24.362622324909484,100.09694423034658,0.6564458056179708
source_b_repair_baselines_favorita_100_v1_5,favorita_top_volume_100_20260714,Favorita,7,lightgbm_direct_scaled,231084365,336,68294.02824401855,27752.930659651756,82.59800791563023,124.132902943045,0.40637419366286187
source_b_repair_baselines_favorita_100_v1_5,favorita_top_volume_100_20260714,Favorita,7,lightgbm_direct_scaled,240257847,336,48982.0,17484.878917455673,52.03833011147522,54.03628672215862,0.3569653937661932
source_b_repair_baselines_favorita_100_v1_5,favorita_top_volume_100_20260714,Favorita,7,lightgbm_direct_scaled,241503844,336,79591.33407306671,14500.85895061493,43.157318305401574,19.584751497520013,0.1821914297516712
source_b_repair_baselines_favorita_100_v1_5,favorita_top_volume_100_20260714,Favorita,7,lightgbm_direct_scaled,311167614,336,74961.0,25210.62188720703,75.03161275954474,33.548488754400594,0.3363165097478293
source_b_repair_baselines_favorita_100_v1_5,favorita_top_volume_100_20260714,Favorita,7,lightgbm_direct_scaled,351167614,336,58615.0,27727.229942321777,82.52151768548148,45.480483158483025,0.4730398352353796
source_b_repair_baselines_favorita_100_v1_5,favorita_top_volume_100_20260714,Favorita,7,lightgbm_direct_scaled,371503844,336,65680.43591976166,11506.59529209137,34.2458193217005,19.03212284360861,0.17519060479666082
source_b_repair_baselines_favorita_100_v1_5,favorita_top_volume_100_20260714,Favorita,7,lightgbm_direct_scaled,391167614,336,149581.0,78330.1175994873,233.12534999847412,55.777808228446446,0.5236635508486192
source_b_repair_baselines_favorita_100_v1_5,favorita_top_volume_100_20260714,Favorita,7,lightgbm_direct_scaled,391463864,336,100418.0,23938.491722106934,71.2455110776992,27.107638198400153,0.23838845348549995
source_b_repair_baselines_favorita_100_v1_5,favorita_top_volume_100_20260714,Favorita,7,lightgbm_direct_scaled,430807493,336,25500.0,11667.25972366333,34.72398727280753,52.22490880539428,0.4575395970064051
source_b_repair_baselines_favorita_100_v1_5,favorita_top_volume_100_20260714,Favorita,7,lightgbm_direct_scaled,431143685,336,22646.0,11656.710511684418,34.692590808584576,55.77932348273698,0.5147359583009987
source_b_repair_baselines_favorita_100_v1_5,favorita_top_volume_100_20260714,Favorita,7,lightgbm_direct_scaled,431430040,336,75646.0,33356.43838310242,99.27511423542386,46.7916162814615,0.4409544243331097
source_b_repair_baselines_favorita_100_v1_5,favorita_top_volume_100_20260714,Favorita,7,lightgbm_direct_scaled,440819932,336,65672.0,28353.623001098633,84.38578274136498,48.46779543165814,0.4317459952658459
source_b_repair_baselines_favorita_100_v1_5,favorita_top_volume_100_20260714,Favorita,7,lightgbm_direct_scaled,441037857,336,26526.0,18186.238627314568,54.125710200340976,68.75844515182197,0.6856004911149275
source_b_repair_baselines_favorita_100_v1_5,favorita_top_volume_100_20260714,Favorita,7,lightgbm_direct_scaled,441047679,336,127506.0,35990.24833679199,107.11383433569046,28.270157457948148,0.2822631745705456
source_b_repair_baselines_favorita_100_v1_5,favorita_top_volume_100_20260714,Favorita,7,lightgbm_direct_scaled,441047690,336,33974.0,9392.667594909668,27.954367841993058,26.596283643987146,0.2764663447021154
source_b_repair_baselines_favorita_100_v1_5,favorita_top_volume_100_20260714,Favorita,7,lightgbm_direct_scaled,441430040,336,110659.0,49511.660541534424,147.35613256409056,51.3849884835671,0.4474255193118899
source_b_repair_baselines_favorita_100_v1_5,favorita_top_volume_100_20260714,Favorita,7,lightgbm_direct_scaled,441473410,336,60555.434147417545,13639.327643811703,40.59323703515388,25.32927692785907,0.2252370548712079
source_b_repair_baselines_favorita_100_v1_5,favorita_top_volume_100_20260714,Favorita,7,lightgbm_direct_scaled,441473474,336,161569.7039642334,21751.6026763916,64.73691272735596,13.955279184609223,0.13462674092171847
source_b_repair_baselines_favorita_100_v1_5,favorita_top_volume_100_20260714,Favorita,7,lightgbm_direct_scaled,441502392,336,71587.98893737793,16178.706680297852,48.1509127389817,23.60980372517653,0.22599750210122935
source_b_repair_baselines_favorita_100_v1_5,favorita_top_volume_100_20260714,Favorita,7,lightgbm_direct_scaled,441503844,336,240006.25012922287,39474.436821460724,117.48344292101406,17.222205771175986,0.16447253686188218
source_b_repair_baselines_favorita_100_v1_5,favorita_top_volume_100_20260714,Favorita,7,lightgbm_direct_scaled,441695835,336,71396.3309249878,18170.627571105957,54.07924872352963,26.00501390278958,0.25450366056200896
source_b_repair_baselines_favorita_100_v1_5,favorita_top_volume_100_20260714,Favorita,7,lightgbm_direct_scaled,450265559,336,38409.0,9621.698818206787,28.6360083875202,25.158042680914726,0.25050636096245116
source_b_repair_baselines_favorita_100_v1_5,favorita_top_volume_100_20260714,Favorita,7,lightgbm_direct_scaled,450314384,336,40907.0,9011.689929962158,26.820505743934994,21.268900820268335,0.22029701346865227
source_b_repair_baselines_favorita_100_v1_5,favorita_top_volume_100_20260714,Favorita,7,lightgbm_direct_scaled,450364606,336,40823.0,12586.827419281006,37.46079589071728,20.728694640852176,0.3083268603307206
source_b_repair_baselines_favorita_100_v1_5,favorita_top_volume_100_20260714,Favorita,7,lightgbm_direct_scaled,450364738,336,58977.0,21328.420219421387,63.477441129230314,36.02823776939936,0.3616396259460703
source_b_repair_baselines_favorita_100_v1_5,favorita_top_volume_100_20260714,Favorita,7,lightgbm_direct_scaled,450584028,336,55816.6309800148,13506.46317434311,40.19780706649735,24.999664492828284,0.24197919038107318
source_b_repair_baselines_favorita_100_v1_5,favorita_top_volume_100_20260714,Favorita,7,lightgbm_direct_scaled,451047679,336,58833.0,20886.21600341797,62.16135715302967,35.07709812035238,0.35500851568707986
source_b_repair_baselines_favorita_100_v1_5,favorita_top_volume_100_20260714,Favorita,7,lightgbm_direct_scaled,451463992,336,103241.0,18085.243682861328,53.825130008515856,17.632377519259272,0.17517501460525692
source_b_repair_baselines_favorita_100_v1_5,favorita_top_volume_100_20260714,Favorita,7,lightgbm_direct_scaled,451463993,336,106690.0,17005.505905151367,50.6116247177124,15.942819338668981,0.15939175091528135
source_b_repair_baselines_favorita_100_v1_5,favorita_top_volume_100_20260714,Favorita,7,lightgbm_direct_scaled,451473474,336,115135.57293128967,15844.852437973022,47.15729892253876,14.552226435652818,0.137619087086394
source_b_repair_baselines_favorita_100_v1_5,favorita_top_volume_100_20260714,Favorita,7,lightgbm_direct_scaled,451503844,336,155174.49281215668,23484.361344337463,69.89393257243293,15.68498366861261,0.15134163430304218
source_b_repair_baselines_favorita_100_v1_5,favorita_top_volume_100_20260714,Favorita,7,lightgbm_direct_scaled,451686656,336,66133.0,12966.704025268555,38.59138102758499,20.317123614334132,0.196070101541871
source_b_repair_baselines_favorita_100_v1_5,favorita_top_volume_100_20260714,Favorita,7,lightgbm_direct_scaled,460159156,336,36659.13201189041,18675.8416492939,55.58286205146994,71.25956078441418,0.509445822209767
source_b_repair_baselines_favorita_100_v1_5,favorita_top_volume_100_20260714,Favorita,7,lightgbm_direct_scaled,460265559,336,42994.0,10891.765808105469,32.41596966698056,24.92754511478836,0.2533322279412353
source_b_repair_baselines_favorita_100_v1_5,favorita_top_volume_100_20260714,Favorita,7,lightgbm_direct_scaled,460320682,336,32557.0,7645.223480224609,22.75364131019229,22.326162611576198,0.23482579722408728
source_b_repair_baselines_favorita_100_v1_5,favorita_top_volume_100_20260714,Favorita,7,lightgbm_direct_scaled,460582864,336,39571.47597503662,7972.438579559326,23.727495772497996,19.679869565057363,0.2014693256473092
source_b_repair_baselines_favorita_100_v1_5,favorita_top_volume_100_20260714,Favorita,7,lightgbm_direct_scaled,460583985,336,56362.90319824219,28177.60184288025,83.8619102466674,75.67294806940474,0.49993169698467615
source_b_repair_baselines_favorita_100_v1_5,favorita_top_volume_100_20260714,Favorita,7,lightgbm_direct_scaled,460584028,336,53102.20799827576,14155.92502784729,42.1307292495455,28.34394016888526,0.2665788403432666
source_b_repair_baselines_favorita_100_v1_5,favorita_top_volume_100_20260714,Favorita,7,lightgbm_direct_scaled,460807493,336,13381.0,6846.374622344971,20.37611494745527,51.341271539908384,0.5116489516736396
source_b_repair_baselines_favorita_100_v1_5,favorita_top_volume_100_20260714,Favorita,7,lightgbm_direct_scaled,460903284,336,44653.990087628365,19719.06569468975,58.68769551990997,50.01134169651051,0.4415969470139921
source_b_repair_baselines_favorita_100_v1_5,favorita_top_volume_100_20260714,Favorita,7,lightgbm_direct_scaled,461047679,336,42613.0,16817.49612045288,50.05207178706215,41.178624373466036,0.39465646916323377
source_b_repair_baselines_favorita_100_v1_5,favorita_top_volume_100_20260714,Favorita,7,lightgbm_direct_scaled,461143685,336,22833.0,10641.498400211334,31.671126191105163,52.01797981253843,0.4660578285906948
source_b_repair_baselines_favorita_100_v1_5,favorita_top_volume_100_20260714,Favorita,7,lightgbm_direct_scaled,461463992,336,94141.0,19135.017700195312,56.949457441057476,20.352125188031415,0.20325912939309454
source_b_repair_baselines_favorita_100_v1_5,favorita_top_volume_100_20260714,Favorita,7,lightgbm_direct_scaled,461463993,336,82056.0,16728.02067565918,49.78577582041422,20.62298332354859,0.20386102997537267
source_b_repair_baselines_favorita_100_v1_5,favorita_top_volume_100_20260714,Favorita,7,lightgbm_direct_scaled,470364738,336,66782.0,30127.020210266113,89.663750625792,38.237772578387144,0.4511248571511203
source_b_repair_baselines_favorita_100_v1_5,favorita_top_volume_100_20260714,Favorita,7,lightgbm_direct_scaled,470584028,336,40728.31797218323,10771.051977157593,32.05670231296902,25.683501750728478,0.2644610068236563
source_b_repair_baselines_favorita_100_v1_5,favorita_top_volume_100_20260714,Favorita,7,lightgbm_direct_scaled,470807493,336,15427.0,8373.26201248169,24.920422656195505,54.76659925827251,0.5427667085293115
source_b_repair_baselines_favorita_100_v1_5,favorita_top_volume_100_20260714,Favorita,7,lightgbm_direct_scaled,470903285,336,53312.443910360336,18452.51279568672,54.91819284430572,39.09935307930246,0.34612018212319845
source_b_repair_baselines_favorita_100_v1_5,favorita_top_volume_100_20260714,Favorita,7,lightgbm_direct_scaled,471047679,336,65494.0,20590.6967086792,61.281835442497616,31.689755937810755,0.31439058094908234
source_b_repair_baselines_favorita_100_v1_5,favorita_top_volume_100_20260714,Favorita,7,lightgbm_direct_scaled,471143685,336,22812.0,11630.019158363342,34.613152257033754,55.03530196447789,0.5098202331388454
source_b_repair_baselines_favorita_100_v1_5,favorita_top_volume_100_20260714,Favorita,7,lightgbm_direct_scaled,471463992,336,81131.0,17289.089149475098,51.455622468675884,20.89853655245328,0.21310090038918658
source_b_repair_baselines_favorita_100_v1_5,favorita_top_volume_100_20260714,Favorita,7,lightgbm_direct_scaled,471463993,336,86114.0,16607.245178222656,49.42632493518648,19.797174314274457,0.19285186123304754
source_b_repair_baselines_favorita_100_v1_5,favorita_top_volume_100_20260714,Favorita,7,lightgbm_direct_scaled,471473474,336,82299.29704284668,12198.916748046875,36.3062998453776,14.680311025057598,0.1482262569228978
source_b_repair_baselines_favorita_100_v1_5,favorita_top_volume_100_20260714,Favorita,7,lightgbm_direct_scaled,471503844,336,119533.05811691284,23667.668186187744,70.43948864936829,20.600965245503566,0.19800102631891908
source_b_repair_baselines_favorita_100_v1_5,favorita_top_volume_100_20260714,Favorita,7,lightgbm_direct_scaled,471642399,336,91023.63522148132,22427.028245925903,66.74710787477947,25.63376701461672,0.24638686634911705
source_b_repair_baselines_favorita_100_v1_5,favorita_top_volume_100_20260714,Favorita,7,lightgbm_direct_scaled,480265559,336,42158.0,12389.93635559082,36.874810582115536,29.44034014181437,0.29389288760355853
source_b_repair_baselines_favorita_100_v1_5,favorita_top_volume_100_20260714,Favorita,7,lightgbm_direct_scaled,480584028,336,78883.58391571045,17911.41527557373,53.30778355825515,22.751607548912677,0.2270613781279592
source_b_repair_baselines_favorita_100_v1_5,favorita_top_volume_100_20260714,Favorita,7,lightgbm_direct_scaled,481143685,336,23027.0,12019.368003845215,35.77192858287266,58.14925522919433,0.5219684719609682
source_b_repair_baselines_favorita_100_v1_5,favorita_top_volume_100_20260714,Favorita,7,lightgbm_direct_scaled,481463992,336,104652.0,28486.639190673828,84.78166425795783,27.907741368818833,0.2722034857496639
source_b_repair_baselines_favorita_100_v1_5,favorita_top_volume_100_20260714,Favorita,7,lightgbm_direct_scaled,490364738,336,53215.0,18100.96706008911,53.87192577407474,32.650821331025305,0.3401478353864345
source_b_repair_baselines_favorita_100_v1_5,favorita_top_volume_100_20260714,Favorita,7,lightgbm_direct_scaled,491473474,336,102771.42575073242,14543.102111816406,43.28304199945359,14.199070203015232,0.14150919874450377
source_b_repair_baselines_favorita_100_v1_5,favorita_top_volume_100_20260714,Favorita,7,lightgbm_direct_scaled,491503844,336,188745.82846546173,31948.434443473816,95.08462631986255,18.04351969382271,0.1692669697826991
source_b_repair_baselines_favorita_100_v1_5,favorita_top_volume_100_20260714,Favorita,7,lightgbm_direct_scaled,491642399,336,88456.82216262817,16561.63708114624,49.29058655103048,19.369411827596032,0.18722848816225404
source_b_repair_baselines_favorita_100_v1_5,favorita_top_volume_100_20260714,Favorita,7,lightgbm_direct_scaled,491695835,336,86648.78703308105,15949.616714477539,47.469097364516486,18.353472871793848,0.18407201370733836
source_b_repair_baselines_favorita_100_v1_5,favorita_top_volume_100_20260714,Favorita,7,lightgbm_direct_scaled,500584028,336,46354.22006523609,11493.337384104729,34.206361262216454,25.747434887123287,0.24794586917716896
source_b_repair_baselines_favorita_100_v1_5,favorita_top_volume_100_20260714,Favorita,7,lightgbm_direct_scaled,510257847,336,40000.0,16350.91144990921,48.6634269342536,62.82748320515451,0.4087727862477303
source_b_repair_baselines_favorita_100_v1_5,favorita_top_volume_100_20260714,Favorita,7,lightgbm_direct_scaled,511239986,336,123141.51953125,156720.21448042244,466.429209763162,194.29286086723278,1.2726837794189398
source_b_repair_baselines_favorita_100_v1_5,favorita_top_volume_100_20260714,Favorita,7,lightgbm_direct_scaled,511473474,336,80121.23680877686,10564.072883605957,31.44069310597011,13.580892274248907,0.13185109596871225
source_b_repair_baselines_favorita_100_v1_5,favorita_top_volume_100_20260714,Favorita,7,lightgbm_direct_scaled,511503844,336,115486.46313071251,25639.128116846085,76.30692891918477,25.54066495245389,0.2220098132871783
source_b_repair_baselines_favorita_100_v1_5,favorita_top_volume_100_20260714,Favorita,7,lightgbm_direct_scaled,511695835,336,76979.18010139465,15740.951307296753,46.84806936695462,21.009137331676538,0.2044832289271365
source_b_repair_baselines_favorita_100_v1_5,favorita_top_volume_100_20260714,Favorita,14,seasonal_naive,20582864,336,62179.15570354462,28249.495881080627,84.07588059845425,52.05153877658446,0.45432421140884394
source_b_repair_baselines_favorita_100_v1_5,favorita_top_volume_100_20260714,Favorita,14,seasonal_naive,30364738,336,60684.0,25830.0,76.875,41.95417065558546,0.4256476171643267
source_b_repair_baselines_favorita_100_v1_5,favorita_top_volume_100_20260714,Favorita,14,seasonal_naive,30819932,336,44266.0,27272.0,81.16666666666667,62.412502298198746,0.6160936158677088
source_b_repair_baselines_favorita_100_v1_5,favorita_top_volume_100_20260714,Favorita,14,seasonal_naive,31047679,336,125142.0,39250.0,116.81547619047619,31.295769941680067,0.3136437007559412
source_b_repair_baselines_favorita_100_v1_5,favorita_top_volume_100_20260714,Favorita,14,seasonal_naive,31430040,336,122391.0,45691.0,135.98511904761904,40.08511041457963,0.37331993365525246
source_b_repair_baselines_favorita_100_v1_5,favorita_top_volume_100_20260714,Favorita,14,seasonal_naive,31463993,336,95667.0,20189.0,60.086309523809526,21.47004031927906,0.21103410789509444
source_b_repair_baselines_favorita_100_v1_5,favorita_top_volume_100_20260714,Favorita,14,seasonal_naive,31473404,336,71985.0,17113.0,50.93154761904762,24.031394521211837,0.2377300826561089
source_b_repair_baselines_favorita_100_v1_5,favorita_top_volume_100_20260714,Favorita,14,seasonal_naive,31473474,336,120521.74017333984,19380.763610839844,57.68084407988049,15.868937595473692,0.16080720028573722
source_b_repair_baselines_favorita_100_v1_5,favorita_top_volume_100_20260714,Favorita,14,seasonal_naive,31503844,336,178326.49873435497,37248.912915587425,110.85985986781972,22.654078550213104,0.2088804141838475
source_b_repair_baselines_favorita_100_v1_5,favorita_top_volume_100_20260714,Favorita,14,seasonal_naive,71047679,336,65556.0,23418.0,69.69642857142857,36.8728735502975,0.35722130697419
source_b_repair_baselines_favorita_100_v1_5,favorita_top_volume_100_20260714,Favorita,14,seasonal_naive,71473474,336,73308.13996124268,12377.697700500488,36.83838601339431,17.311443407355835,0.16884479277532427
source_b_repair_baselines_favorita_100_v1_5,favorita_top_volume_100_20260714,Favorita,14,seasonal_naive,71503844,336,131404.38612121344,24781.526115119457,73.7545420092841,21.160235541414995,0.1885897940443163
source_b_repair_baselines_favorita_100_v1_5,favorita_top_volume_100_20260714,Favorita,14,seasonal_naive,81047679,336,68685.0,22737.0,67.66964285714286,33.805614731606795,0.3310329766324525
source_b_repair_baselines_favorita_100_v1_5,favorita_top_volume_100_20260714,Favorita,14,seasonal_naive,81430040,336,78297.0,38555.0,114.74702380952381,53.52764556862297,0.49241988837375633
source_b_repair_baselines_favorita_100_v1_5,favorita_top_volume_100_20260714,Favorita,14,seasonal_naive,81473474,336,68700.30795288086,10970.231887817383,32.64949966612316,16.021626490213148,0.15968242668346525
source_b_repair_baselines_favorita_100_v1_5,favorita_top_volume_100_20260714,Favorita,14,seasonal_naive,81503844,336,134077.01923525333,25227.892321705818,75.0830128622197,19.80701783129228,0.18815970451610817
source_b_repair_baselines_favorita_100_v1_5,favorita_top_volume_100_20260714,Favorita,14,seasonal_naive,90457928,336,21455.09001350403,9639.70004415512,28.689583464747383,51.56015297056583,0.44929664886457277
source_b_repair_baselines_favorita_100_v1_5,favorita_top_volume_100_20260714,Favorita,14,seasonal_naive,91463992,336,102244.0,27894.0,83.01785714285714,26.56152300234829,0.27281796486835413
source_b_repair_baselines_favorita_100_v1_5,favorita_top_volume_100_20260714,Favorita,14,seasonal_naive,110320682,336,42424.0,14328.0,42.642857142857146,32.269701586982464,0.3377333584763342
source_b_repair_baselines_favorita_100_v1_5,favorita_top_volume_100_20260714,Favorita,14,seasonal_naive,110584126,336,128286.72693824768,34724.915243148804,103.34796203318096,27.461764312082465,0.27068205785516725
source_b_repair_baselines_favorita_100_v1_5,favorita_top_volume_100_20260714,Favorita,14,seasonal_naive,110807493,336,32910.0,17092.0,50.86904761904762,56.13616856606198,0.5193558189000304
source_b_repair_baselines_favorita_100_v1_5,favorita_top_volume_100_20260714,Favorita,14,seasonal_naive,110819932,336,70807.0,41875.0,124.62797619047619,61.74890531538798,0.5913963308712415
source_b_repair_baselines_favorita_100_v1_5,favorita_top_volume_100_20260714,Favorita,14,seasonal_naive,110968432,336,35446.0,18724.0,55.726190476190474,52.58366316033831,0.5282401399311629
source_b_repair_baselines_favorita_100_v1_5,favorita_top_volume_100_20260714,Favorita,14,seasonal_naive,111047679,336,57507.0,26933.0,80.1577380952381,45.77058077920709,0.46834298433234217
source_b_repair_baselines_favorita_100_v1_5,favorita_top_volume_100_20260714,Favorita,14,seasonal_naive,111146786,336,43770.0,24352.0,72.47619047619048,56.91690431216313,0.5563628055745945
source_b_repair_baselines_favorita_100_v1_5,favorita_top_volume_100_20260714,Favorita,14,seasonal_naive,140584126,336,54653.09191584587,20201.78599047661,60.12436306689467,48.7516650161555,0.3696366533403647
source_b_repair_baselines_favorita_100_v1_5,favorita_top_volume_100_20260714,Favorita,14,seasonal_naive,171463992,336,71476.0,20456.0,60.88095238095238,29.578485086656496,0.2861939672057754
source_b_repair_baselines_favorita_100_v1_5,favorita_top_volume_100_20260714,Favorita,14,seasonal_naive,190819932,336,77399.0,41281.0,122.86011904761905,50.247954294020246,0.5333531440974689
source_b_repair_baselines_favorita_100_v1_5,favorita_top_volume_100_20260714,Favorita,14,seasonal_naive,201463992,336,92876.0,29904.0,89.0,32.30832879751511,0.32197769068435333
source_b_repair_baselines_favorita_100_v1_5,favorita_top_volume_100_20260714,Favorita,14,seasonal_naive,230583985,336,12469.941967964172,9392.019999980927,27.95244047613371,95.20271683120349,0.7531727111569114
source_b_repair_baselines_favorita_100_v1_5,favorita_top_volume_100_20260714,Favorita,14,seasonal_naive,231084365,336,68294.02824401855,36946.39775085449,109.95951711563836,49.08104313224902,0.5409901670881508
source_b_repair_baselines_favorita_100_v1_5,favorita_top_volume_100_20260714,Favorita,14,seasonal_naive,240257847,336,48982.0,19740.0,58.75,42.14811872874297,0.4030051855783757
source_b_repair_baselines_favorita_100_v1_5,favorita_top_volume_100_20260714,Favorita,14,seasonal_naive,241503844,336,79591.33407306671,17109.051997184753,50.91979761066891,23.971595950192924,0.21496124165324634
source_b_repair_baselines_favorita_100_v1_5,favorita_top_volume_100_20260714,Favorita,14,seasonal_naive,311167614,336,74961.0,28985.0,86.26488095238095,39.314092304093926,0.38666773388828857
source_b_repair_baselines_favorita_100_v1_5,favorita_top_volume_100_20260714,Favorita,14,seasonal_naive,351167614,336,58615.0,31175.0,92.7827380952381,55.00883241974033,0.5318604452785123
source_b_repair_baselines_favorita_100_v1_5,favorita_top_volume_100_20260714,Favorita,14,seasonal_naive,371503844,336,65680.43591976166,14320.026104927063,42.619125312282925,24.606183398718024,0.21802574700358396
source_b_repair_baselines_favorita_100_v1_5,favorita_top_volume_100_20260714,Favorita,14,seasonal_naive,391167614,336,149581.0,71547.0,212.9375,55.35682018792492,0.4783160962956525
source_b_repair_baselines_favorita_100_v1_5,favorita_top_volume_100_20260714,Favorita,14,seasonal_naive,391463864,336,100418.0,30356.0,90.3452380952381,33.36817506068191,0.3022964010436376
source_b_repair_baselines_favorita_100_v1_5,favorita_top_volume_100_20260714,Favorita,14,seasonal_naive,430807493,336,25500.0,13032.0,38.785714285714285,59.942071710544134,0.5110588235294118
source_b_repair_baselines_favorita_100_v1_5,favorita_top_volume_100_20260714,Favorita,14,seasonal_naive,431143685,336,22646.0,13374.0,39.80357142857143,67.45148945592116,0.5905678707056434
source_b_repair_baselines_favorita_100_v1_5,favorita_top_volume_100_20260714,Favorita,14,seasonal_naive,431430040,336,75646.0,42956.0,127.8452380952381,61.83711149640335,0.5678555376358301
source_b_repair_baselines_favorita_100_v1_5,favorita_top_volume_100_20260714,Favorita,14,seasonal_naive,440819932,336,65672.0,34586.0,102.93452380952381,55.421672227864704,0.5266475819222804
source_b_repair_baselines_favorita_100_v1_5,favorita_top_volume_100_20260714,Favorita,14,seasonal_naive,441037857,336,26526.0,22548.0,67.10714285714286,82.53925382167347,0.8500339289753449
source_b_repair_baselines_favorita_100_v1_5,favorita_top_volume_100_20260714,Favorita,14,seasonal_naive,441047679,336,127506.0,41382.0,123.16071428571429,33.06340691292607,0.3245494329678603
source_b_repair_baselines_favorita_100_v1_5,favorita_top_volume_100_20260714,Favorita,14,seasonal_naive,441047690,336,33974.0,8916.0,26.535714285714285,26.9974379634422,0.26243598045564254
source_b_repair_baselines_favorita_100_v1_5,favorita_top_volume_100_20260714,Favorita,14,seasonal_naive,441430040,336,110659.0,60203.0,179.17559523809524,57.641276493540914,0.544040701614871
source_b_repair_baselines_favorita_100_v1_5,favorita_top_volume_100_20260714,Favorita,14,seasonal_naive,441473410,336,60555.434147417545,15609.905940830708,46.458053395329486,29.286204921672393,0.25777878006504906
source_b_repair_baselines_favorita_100_v1_5,favorita_top_volume_100_20260714,Favorita,14,seasonal_naive,441473474,336,161569.7039642334,24784.701950073242,73.76399389902751,15.93206962086699,0.15339943901586783
source_b_repair_baselines_favorita_100_v1_5,favorita_top_volume_100_20260714,Favorita,14,seasonal_naive,441502392,336,71587.98893737793,17540.087120056152,52.20264023826236,26.035097913896543,0.24501438551932866
source_b_repair_baselines_favorita_100_v1_5,favorita_top_volume_100_20260714,Favorita,14,seasonal_naive,441503844,336,240006.25012922287,49292.93171072006,146.70515390095255,22.31153012779656,0.20538186686463386
source_b_repair_baselines_favorita_100_v1_5,favorita_top_volume_100_20260714,Favorita,14,seasonal_naive,441695835,336,71396.3309249878,20771.856857299805,61.82100255148752,30.4548406751862,0.2909373155200882
source_b_repair_baselines_favorita_100_v1_5,favorita_top_volume_100_20260714,Favorita,14,seasonal_naive,450265559,336,38409.0,12829.0,38.18154761904762,32.69901524523866,0.334010258012445
source_b_repair_baselines_favorita_100_v1_5,favorita_top_volume_100_20260714,Favorita,14,seasonal_naive,450314384,336,40907.0,10791.0,32.11607142857143,26.395754608558917,0.2637934827780087
source_b_repair_baselines_favorita_100_v1_5,favorita_top_volume_100_20260714,Favorita,14,seasonal_naive,450364606,336,40823.0,12579.0,37.4375,23.715723782168446,0.30813511990789505
source_b_repair_baselines_favorita_100_v1_5,favorita_top_volume_100_20260714,Favorita,14,seasonal_naive,450364738,336,58977.0,23085.0,68.70535714285714,39.62122122582277,0.3914237753700595
source_b_repair_baselines_favorita_100_v1_5,favorita_top_volume_100_20260714,Favorita,14,seasonal_naive,450584028,336,55816.6309800148,17642.81699514389,52.508383914118724,32.73373035100279,0.3160853080054387
source_b_repair_baselines_favorita_100_v1_5,favorita_top_volume_100_20260714,Favorita,14,seasonal_naive,451047679,336,58833.0,25753.0,76.64583333333333,44.531736679541424,0.43773052538541296
source_b_repair_baselines_favorita_100_v1_5,favorita_top_volume_100_20260714,Favorita,14,seasonal_naive,451463992,336,103241.0,25219.0,75.05654761904762,24.624894624373347,0.24427310855183504
source_b_repair_baselines_favorita_100_v1_5,favorita_top_volume_100_20260714,Favorita,14,seasonal_naive,451463993,336,106690.0,23822.0,70.89880952380952,22.101854037780416,0.22328240697347454
source_b_repair_baselines_favorita_100_v1_5,favorita_top_volume_100_20260714,Favorita,14,seasonal_naive,451473474,336,115135.57293128967,21380.031057357788,63.63104481356485,19.877426926355067,0.1856943993331836
source_b_repair_baselines_favorita_100_v1_5,favorita_top_volume_100_20260714,Favorita,14,seasonal_naive,451503844,336,155174.49281215668,31965.50900745392,95.13544347456524,21.45689025568872,0.20599718696132047
source_b_repair_baselines_favorita_100_v1_5,favorita_top_volume_100_20260714,Favorita,14,seasonal_naive,451686656,336,66133.0,16707.0,49.723214285714285,26.74934730802012,0.252627281387507
source_b_repair_baselines_favorita_100_v1_5,favorita_top_volume_100_20260714,Favorita,14,seasonal_naive,460159156,336,36659.13201189041,21132.037811756134,62.892969677845635,62.336363369326776,0.5764467583384665
source_b_repair_baselines_favorita_100_v1_5,favorita_top_volume_100_20260714,Favorita,14,seasonal_naive,460265559,336,42994.0,15594.0,46.410714285714285,34.784213128569355,0.3627017723403266
source_b_repair_baselines_favorita_100_v1_5,favorita_top_volume_100_20260714,Favorita,14,seasonal_naive,460320682,336,32557.0,10495.0,31.235119047619047,30.54155946418819,0.3223577110913168
source_b_repair_baselines_favorita_100_v1_5,favorita_top_volume_100_20260714,Favorita,14,seasonal_naive,460582864,336,39571.47597503662,9661.707801818848,28.755082743508474,24.09562800219119,0.24415838842892457
source_b_repair_baselines_favorita_100_v1_5,favorita_top_volume_100_20260714,Favorita,14,seasonal_naive,460583985,336,56362.90319824219,21133.467253684998,62.89722396930059,48.68255126321823,0.37495348987530674
source_b_repair_baselines_favorita_100_v1_5,favorita_top_volume_100_20260714,Favorita,14,seasonal_naive,460584028,336,53102.20799827576,19331.12390422821,57.533106857822055,39.03114013841013,0.36403616032041264
source_b_repair_baselines_favorita_100_v1_5,favorita_top_volume_100_20260714,Favorita,14,seasonal_naive,460807493,336,13381.0,8151.0,24.258928571428573,62.09580491139194,0.6091472984081907
source_b_repair_baselines_favorita_100_v1_5,favorita_top_volume_100_20260714,Favorita,14,seasonal_naive,460903284,336,44653.990087628365,24468.91410124302,72.82414911084231,64.78133383427816,0.5479670249674343
source_b_repair_baselines_favorita_100_v1_5,favorita_top_volume_100_20260714,Favorita,14,seasonal_naive,461047679,336,42613.0,21523.0,64.05654761904762,52.41135131201522,0.5050806092037641
source_b_repair_baselines_favorita_100_v1_5,favorita_top_volume_100_20260714,Favorita,14,seasonal_naive,461143685,336,22833.0,12283.0,36.55654761904762,58.64489582835625,0.5379494591161915
source_b_repair_baselines_favorita_100_v1_5,favorita_top_volume_100_20260714,Favorita,14,seasonal_naive,461463992,336,94141.0,24399.0,72.61607142857143,26.040284242918442,0.2591750671864544
source_b_repair_baselines_favorita_100_v1_5,favorita_top_volume_100_20260714,Favorita,14,seasonal_naive,461463993,336,82056.0,21582.0,64.23214285714286,26.636956054028015,0.2630155016086575
source_b_repair_baselines_favorita_100_v1_5,favorita_top_volume_100_20260714,Favorita,14,seasonal_naive,470364738,336,66782.0,36022.0,107.20833333333333,44.20572105815454,0.5393968434608128
source_b_repair_baselines_favorita_100_v1_5,favorita_top_volume_100_20260714,Favorita,14,seasonal_naive,470584028,336,40728.31797218323,12965.201913833618,38.58691045783815,32.41941260929538,0.3183338413997022
source_b_repair_baselines_favorita_100_v1_5,favorita_top_volume_100_20260714,Favorita,14,seasonal_naive,470807493,336,15427.0,8629.0,25.68154761904762,57.83949824747182,0.5593440072599987
source_b_repair_baselines_favorita_100_v1_5,favorita_top_volume_100_20260714,Favorita,14,seasonal_naive,470903285,336,53312.443910360336,27583.694006204605,82.09432739941846,54.845016379084754,0.5173969149226002
source_b_repair_baselines_favorita_100_v1_5,favorita_top_volume_100_20260714,Favorita,14,seasonal_naive,471047679,336,65494.0,25658.0,76.36309523809524,39.803267890682825,0.391761077350597
source_b_repair_baselines_favorita_100_v1_5,favorita_top_volume_100_20260714,Favorita,14,seasonal_naive,471143685,336,22812.0,13964.0,41.55952380952381,64.69481824181368,0.6121339645800455
source_b_repair_baselines_favorita_100_v1_5,favorita_top_volume_100_20260714,Favorita,14,seasonal_naive,471463992,336,81131.0,20383.0,60.663690476190474,25.099074688460643,0.25123565591450864
source_b_repair_baselines_favorita_100_v1_5,favorita_top_volume_100_20260714,Favorita,14,seasonal_naive,471463993,336,86114.0,21064.0,62.69047619047619,25.456271044863527,0.2446059874120352
source_b_repair_baselines_favorita_100_v1_5,favorita_top_volume_100_20260714,Favorita,14,seasonal_naive,471473474,336,82299.29704284668,15188.988754272461,45.205323673429945,18.308133279873136,0.1845579403474706
source_b_repair_baselines_favorita_100_v1_5,favorita_top_volume_100_20260714,Favorita,14,seasonal_naive,471503844,336,119533.05811691284,29060.826038360596,86.490553685597,25.770266598692288,0.24311957291293254
source_b_repair_baselines_favorita_100_v1_5,favorita_top_volume_100_20260714,Favorita,14,seasonal_naive,471642399,336,91023.63522148132,29294.27530479431,87.18534316903069,34.313752111289794,0.32183152467504333
source_b_repair_baselines_favorita_100_v1_5,favorita_top_volume_100_20260714,Favorita,14,seasonal_naive,480265559,336,42158.0,15850.0,47.17261904761905,35.897978666589125,0.3759666018312064
source_b_repair_baselines_favorita_100_v1_5,favorita_top_volume_100_20260714,Favorita,14,seasonal_naive,480584028,336,78883.58391571045,24590.284156799316,73.18536951428368,31.07922168305978,0.3117287898972085
source_b_repair_baselines_favorita_100_v1_5,favorita_top_volume_100_20260714,Favorita,14,seasonal_naive,481143685,336,23027.0,13849.0,41.217261904761905,66.18819479130843,0.6014244148173883
source_b_repair_baselines_favorita_100_v1_5,favorita_top_volume_100_20260714,Favorita,14,seasonal_naive,481463992,336,104652.0,35896.0,106.83333333333333,34.21484328290351,0.3430034781943967
source_b_repair_baselines_favorita_100_v1_5,favorita_top_volume_100_20260714,Favorita,14,seasonal_naive,490364738,336,53215.0,22799.0,67.85416666666667,40.18366098087002,0.42843183312975663
source_b_repair_baselines_favorita_100_v1_5,favorita_top_volume_100_20260714,Favorita,14,seasonal_naive,491473474,336,102771.42575073242,17493.711944580078,52.0646188826788,17.14336456617321,0.17021960935922315
source_b_repair_baselines_favorita_100_v1_5,favorita_top_volume_100_20260714,Favorita,14,seasonal_naive,491503844,336,188745.82846546173,38047.642411231995,113.23703098580951,21.711514195196145,0.2015813685556196
source_b_repair_baselines_favorita_100_v1_5,favorita_top_volume_100_20260714,Favorita,14,seasonal_naive,491642399,336,88456.82216262817,19959.53211593628,59.4033693926675,22.965718987076958,0.2256415234908689
source_b_repair_baselines_favorita_100_v1_5,favorita_top_volume_100_20260714,Favorita,14,seasonal_naive,491695835,336,86648.78703308105,21808.23486328125,64.90546090262276,24.991165626449032,0.25168540276224793
source_b_repair_baselines_favorita_100_v1_5,favorita_top_volume_100_20260714,Favorita,14,seasonal_naive,500584028,336,46354.22006523609,14614.148037791252,43.49448820771206,33.44358458294126,0.31527114504837306
source_b_repair_baselines_favorita_100_v1_5,favorita_top_volume_100_20260714,Favorita,14,seasonal_naive,510257847,336,40000.0,20846.0,62.041666666666664,51.703594471352524,0.52115
source_b_repair_baselines_favorita_100_v1_5,favorita_top_volume_100_20260714,Favorita,14,seasonal_naive,511239986,336,123141.51953125,80184.4794921875,238.644284202939,13.984271335076382,0.651157138529859
source_b_repair_baselines_favorita_100_v1_5,favorita_top_volume_100_20260714,Favorita,14,seasonal_naive,511473474,336,80121.23680877686,13150.7748336792,39.13921081452143,17.165232632616437,0.16413594394537107
source_b_repair_baselines_favorita_100_v1_5,favorita_top_volume_100_20260714,Favorita,14,seasonal_naive,511503844,336,115486.46313071251,27514.558653593063,81.88856742140793,29.29772737414602,0.23824921040703195
source_b_repair_baselines_favorita_100_v1_5,favorita_top_volume_100_20260714,Favorita,14,seasonal_naive,511695835,336,76979.18010139465,18760.7319316864,55.83551170144762,25.33483926988594,0.24371176605122752
source_b_repair_baselines_favorita_100_v1_5,favorita_top_volume_100_20260714,Favorita,14,lightgbm_cov,20582864,336,62179.15570354462,30842.588185310364,91.79341721818561,57.33994742981064,0.49602777387908686
source_b_repair_baselines_favorita_100_v1_5,favorita_top_volume_100_20260714,Favorita,14,lightgbm_cov,30364738,336,60684.0,21701.73236846924,64.58848919187274,34.3936878584437,0.35761868644896905
source_b_repair_baselines_favorita_100_v1_5,favorita_top_volume_100_20260714,Favorita,14,lightgbm_cov,30819932,336,44266.0,23131.60994577408,68.8440772195657,54.867180444785355,0.5225592993668747
source_b_repair_baselines_favorita_100_v1_5,favorita_top_volume_100_20260714,Favorita,14,lightgbm_cov,31047679,336,125142.0,35327.24850463867,105.14062054951985,27.883875706167334,0.2822972983062335
source_b_repair_baselines_favorita_100_v1_5,favorita_top_volume_100_20260714,Favorita,14,lightgbm_cov,31430040,336,122391.0,36219.26467895508,107.79543059212821,31.620863083324785,0.29593078477138907
source_b_repair_baselines_favorita_100_v1_5,favorita_top_volume_100_20260714,Favorita,14,lightgbm_cov,31463993,336,95667.0,16618.185791015625,49.4588862827846,17.39737747932779,0.1737086538829024
source_b_repair_baselines_favorita_100_v1_5,favorita_top_volume_100_20260714,Favorita,14,lightgbm_cov,31473404,336,71985.0,14297.98821258545,42.5535363469805,20.19643698174217,0.19862454973377022
source_b_repair_baselines_favorita_100_v1_5,favorita_top_volume_100_20260714,Favorita,14,lightgbm_cov,31473474,336,120521.74017333984,15761.183532714844,46.90828432355608,13.059838137313934,0.13077460970980334
source_b_repair_baselines_favorita_100_v1_5,favorita_top_volume_100_20260714,Favorita,14,lightgbm_cov,31503844,336,178326.49873435497,28735.805007100105,85.52322918779794,16.71399557744927,0.16114153090565947
source_b_repair_baselines_favorita_100_v1_5,favorita_top_volume_100_20260714,Favorita,14,lightgbm_cov,71047679,336,65556.0,20367.58032989502,60.61779860087803,29.832217318105343,0.3106897969658768
source_b_repair_baselines_favorita_100_v1_5,favorita_top_volume_100_20260714,Favorita,14,lightgbm_cov,71473474,336,73308.13996124268,10306.1137008667,30.67295744305565,14.158344032879794,0.14058621193110948
source_b_repair_baselines_favorita_100_v1_5,favorita_top_volume_100_20260714,Favorita,14,lightgbm_cov,71503844,336,131404.38612121344,21022.679979860783,62.56749994006185,17.119098126080242,0.15998461391135374
source_b_repair_baselines_favorita_100_v1_5,favorita_top_volume_100_20260714,Favorita,14,lightgbm_cov,81047679,336,68685.0,20219.976356506348,60.17850106103079,29.35380915276126,0.2943870766034265
source_b_repair_baselines_favorita_100_v1_5,favorita_top_volume_100_20260714,Favorita,14,lightgbm_cov,81430040,336,78297.0,29336.107906341553,87.30984495934986,41.8785673322444,0.37467729167581837
source_b_repair_baselines_favorita_100_v1_5,favorita_top_volume_100_20260714,Favorita,14,lightgbm_cov,81473474,336,68700.30795288086,10549.052154541016,31.395988555181596,15.258502313056432,0.15355174480114764
source_b_repair_baselines_favorita_100_v1_5,favorita_top_volume_100_20260714,Favorita,14,lightgbm_cov,81503844,336,134077.01923525333,21653.26892697811,64.44425275886343,16.564816168028088,0.16149873446235402
source_b_repair_baselines_favorita_100_v1_5,favorita_top_volume_100_20260714,Favorita,14,lightgbm_cov,90457928,336,21455.09001350403,10133.864589691162,30.160311278842745,48.691248003334145,0.47232915747791393
source_b_repair_baselines_favorita_100_v1_5,favorita_top_volume_100_20260714,Favorita,14,lightgbm_cov,91463992,336,102244.0,22876.131546020508,68.08372483934674,22.27023044033065,0.2237405769142493
source_b_repair_baselines_favorita_100_v1_5,favorita_top_volume_100_20260714,Favorita,14,lightgbm_cov,110320682,336,42424.0,11511.970542907715,34.26181709198725,26.858368202339932,0.27135514196935023
source_b_repair_baselines_favorita_100_v1_5,favorita_top_volume_100_20260714,Favorita,14,lightgbm_cov,110584126,336,128286.72693824768,28748.409475326538,85.56074248609089,23.044077924266023,0.224094964159191
source_b_repair_baselines_favorita_100_v1_5,favorita_top_volume_100_20260714,Favorita,14,lightgbm_cov,110807493,336,32910.0,13938.98302268982,41.48506851991018,45.32816187003073,0.42354855735915586
source_b_repair_baselines_favorita_100_v1_5,favorita_top_volume_100_20260714,Favorita,14,lightgbm_cov,110819932,336,70807.0,32793.79585266113,97.6005828948248,50.94968460016547,0.46314341594279
source_b_repair_baselines_favorita_100_v1_5,favorita_top_volume_100_20260714,Favorita,14,lightgbm_cov,110968432,336,35446.0,15140.478844106197,45.06094894079225,88.98874696228046,0.42714209908328715
source_b_repair_baselines_favorita_100_v1_5,favorita_top_volume_100_20260714,Favorita,14,lightgbm_cov,111047679,336,57507.0,23261.75323486328,69.2314084370931,39.559042131778824,0.40450298632972126
source_b_repair_baselines_favorita_100_v1_5,favorita_top_volume_100_20260714,Favorita,14,lightgbm_cov,111146786,336,43770.0,17020.260274887085,50.65553653240204,40.959300524462364,0.3888567574797141
source_b_repair_baselines_favorita_100_v1_5,favorita_top_volume_100_20260714,Favorita,14,lightgbm_cov,140584126,336,54653.09191584587,16614.720156908035,49.44857189555963,36.78800852960136,0.30400329742535276
source_b_repair_baselines_favorita_100_v1_5,favorita_top_volume_100_20260714,Favorita,14,lightgbm_cov,171463992,336,71476.0,18059.1056060791,53.747338113330656,25.980866182416413,0.2526597124360499
source_b_repair_baselines_favorita_100_v1_5,favorita_top_volume_100_20260714,Favorita,14,lightgbm_cov,190819932,336,77399.0,33777.052391052246,100.52694164003644,46.95159203902242,0.4364016639885818
source_b_repair_baselines_favorita_100_v1_5,favorita_top_volume_100_20260714,Favorita,14,lightgbm_cov,201463992,336,92876.0,24896.29264831543,74.09610907236735,27.040740532676438,0.26805948413277303
source_b_repair_baselines_favorita_100_v1_5,favorita_top_volume_100_20260714,Favorita,14,lightgbm_cov,230583985,336,12469.941967964172,7408.774794340134,22.049924983155158,97.28521662815174,0.594130655409111
source_b_repair_baselines_favorita_100_v1_5,favorita_top_volume_100_20260714,Favorita,14,lightgbm_cov,231084365,336,68294.02824401855,36617.4136839509,108.98039786890149,132.94343589920373,0.5361729952890573
source_b_repair_baselines_favorita_100_v1_5,favorita_top_volume_100_20260714,Favorita,14,lightgbm_cov,240257847,336,48982.0,17168.262584924698,51.09601959799017,54.041121793962134,0.3505014614536911
source_b_repair_baselines_favorita_100_v1_5,favorita_top_volume_100_20260714,Favorita,14,lightgbm_cov,241503844,336,79591.33407306671,14483.08435344696,43.104417718592146,19.51473517260843,0.18196810647942085
source_b_repair_baselines_favorita_100_v1_5,favorita_top_volume_100_20260714,Favorita,14,lightgbm_cov,311167614,336,74961.0,24384.870071411133,72.57401806967599,32.59920776062475,0.32530075734596836
source_b_repair_baselines_favorita_100_v1_5,favorita_top_volume_100_20260714,Favorita,14,lightgbm_cov,351167614,336,58615.0,25225.374101638794,75.07551815963927,42.935522585648236,0.4303569752049611
source_b_repair_baselines_favorita_100_v1_5,favorita_top_volume_100_20260714,Favorita,14,lightgbm_cov,371503844,336,65680.43591976166,11421.844853401184,33.99358587321781,18.81842930439278,0.17390025954387167
source_b_repair_baselines_favorita_100_v1_5,favorita_top_volume_100_20260714,Favorita,14,lightgbm_cov,391167614,336,149581.0,62325.51663970947,185.49260904675438,48.96185740175375,0.4166673350205539
source_b_repair_baselines_favorita_100_v1_5,favorita_top_volume_100_20260714,Favorita,14,lightgbm_cov,391463864,336,100418.0,23371.691734313965,69.5586063521249,26.360830844342374,0.23274404722573608
source_b_repair_baselines_favorita_100_v1_5,favorita_top_volume_100_20260714,Favorita,14,lightgbm_cov,430807493,336,25500.0,12014.570672035217,35.75765080962862,51.119092491718476,0.4711596341974595
source_b_repair_baselines_favorita_100_v1_5,favorita_top_volume_100_20260714,Favorita,14,lightgbm_cov,431143685,336,22646.0,12466.404867172241,37.10239543801262,57.1409313541569,0.5504903677105114
source_b_repair_baselines_favorita_100_v1_5,favorita_top_volume_100_20260714,Favorita,14,lightgbm_cov,431430040,336,75646.0,33247.51146316528,98.9509269737062,46.87754636270385,0.43951446822257995
source_b_repair_baselines_favorita_100_v1_5,favorita_top_volume_100_20260714,Favorita,14,lightgbm_cov,440819932,336,65672.0,32228.096829414368,95.91695484944752,52.31448052544562,0.4907433431205745
source_b_repair_baselines_favorita_100_v1_5,favorita_top_volume_100_20260714,Favorita,14,lightgbm_cov,441037857,336,26526.0,18542.271015763283,55.18533040405739,71.39797386034145,0.69902250681457
source_b_repair_baselines_favorita_100_v1_5,favorita_top_volume_100_20260714,Favorita,14,lightgbm_cov,441047679,336,127506.0,42440.68272399902,126.31155572618756,31.95821329404625,0.33285243615201654
source_b_repair_baselines_favorita_100_v1_5,favorita_top_volume_100_20260714,Favorita,14,lightgbm_cov,441047690,336,33974.0,10357.081809997559,30.824648244040354,28.689729208563143,0.3048531762523565
source_b_repair_baselines_favorita_100_v1_5,favorita_top_volume_100_20260714,Favorita,14,lightgbm_cov,441430040,336,110659.0,52530.99671936035,156.34225214095343,53.437791725827346,0.4747105677745177
source_b_repair_baselines_favorita_100_v1_5,favorita_top_volume_100_20260714,Favorita,14,lightgbm_cov,441473410,336,60555.434147417545,13488.66318076849,40.14483089514432,24.00935923911153,0.22274901287853666
source_b_repair_baselines_favorita_100_v1_5,favorita_top_volume_100_20260714,Favorita,14,lightgbm_cov,441473474,336,161569.7039642334,28004.28761291504,83.34609408605667,17.193041105448145,0.17332635343018474
source_b_repair_baselines_favorita_100_v1_5,favorita_top_volume_100_20260714,Favorita,14,lightgbm_cov,441502392,336,71587.98893737793,18258.64894104004,54.341217086428685,25.513856917796247,0.2550518489492967
source_b_repair_baselines_favorita_100_v1_5,favorita_top_volume_100_20260714,Favorita,14,lightgbm_cov,441503844,336,240006.25012922287,39600.27593278885,117.8579640856811,17.259935328975576,0.16499685283807186
source_b_repair_baselines_favorita_100_v1_5,favorita_top_volume_100_20260714,Favorita,14,lightgbm_cov,441695835,336,71396.3309249878,20492.589988708496,60.98985115687052,27.41370582225578,0.2870258138368334
source_b_repair_baselines_favorita_100_v1_5,favorita_top_volume_100_20260714,Favorita,14,lightgbm_cov,450265559,336,38409.0,10037.272758483887,29.872835590725852,25.97254437592716,0.2613260631228068
source_b_repair_baselines_favorita_100_v1_5,favorita_top_volume_100_20260714,Favorita,14,lightgbm_cov,450314384,336,40907.0,8766.491806030273,26.09074942270915,20.898344690880805,0.21430297518836075
source_b_repair_baselines_favorita_100_v1_5,favorita_top_volume_100_20260714,Favorita,14,lightgbm_cov,450364606,336,40823.0,10804.254035949707,32.15551796413603,18.600205889375136,0.26466095181514604
source_b_repair_baselines_favorita_100_v1_5,favorita_top_volume_100_20260714,Favorita,14,lightgbm_cov,450364738,336,58977.0,22430.414581298828,66.75718625386556,36.978686792400154,0.38032478052967816
source_b_repair_baselines_favorita_100_v1_5,favorita_top_volume_100_20260714,Favorita,14,lightgbm_cov,450584028,336,55816.6309800148,14320.674844264984,42.621056084121975,26.026203657558224,0.2565664496911774
source_b_repair_baselines_favorita_100_v1_5,favorita_top_volume_100_20260714,Favorita,14,lightgbm_cov,451047679,336,58833.0,23425.48063659668,69.71869237082345,37.40242329033403,0.39816906560258153
source_b_repair_baselines_favorita_100_v1_5,favorita_top_volume_100_20260714,Favorita,14,lightgbm_cov,451463992,336,103241.0,20508.994110107422,61.03867294674828,19.785350031441336,0.1986516414031966
source_b_repair_baselines_favorita_100_v1_5,favorita_top_volume_100_20260714,Favorita,14,lightgbm_cov,451463993,336,106690.0,19273.22134399414,57.360777809506374,17.88775131492705,0.18064693358322373
source_b_repair_baselines_favorita_100_v1_5,favorita_top_volume_100_20260714,Favorita,14,lightgbm_cov,451473474,336,115135.57293128967,18020.778203964233,53.63326846417927,16.24949616225963,0.15651790098546373
source_b_repair_baselines_favorita_100_v1_5,favorita_top_volume_100_20260714,Favorita,14,lightgbm_cov,451503844,336,155174.49281215668,25082.512894630432,74.65033599592391,16.67802351349295,0.16164069519462557
source_b_repair_baselines_favorita_100_v1_5,favorita_top_volume_100_20260714,Favorita,14,lightgbm_cov,451686656,336,66133.0,13426.958335876465,39.96118552344186,20.833100114122555,0.20302962720391432
source_b_repair_baselines_favorita_100_v1_5,favorita_top_volume_100_20260714,Favorita,14,lightgbm_cov,460159156,336,36659.13201189041,19390.480073809624,57.709762124433404,71.34383097759857,0.5289399669233933
source_b_repair_baselines_favorita_100_v1_5,favorita_top_volume_100_20260714,Favorita,14,lightgbm_cov,460265559,336,42994.0,11212.845195770264,33.371563082649594,25.45250962239803,0.26080023249221435
source_b_repair_baselines_favorita_100_v1_5,favorita_top_volume_100_20260714,Favorita,14,lightgbm_cov,460320682,336,32557.0,8010.182300567627,23.83982827549889,23.41904761204094,0.24603563905051531
source_b_repair_baselines_favorita_100_v1_5,favorita_top_volume_100_20260714,Favorita,14,lightgbm_cov,460582864,336,39571.47597503662,8241.978744506836,24.529698644365585,20.37916318594844,0.20828080180042383
source_b_repair_baselines_favorita_100_v1_5,favorita_top_volume_100_20260714,Favorita,14,lightgbm_cov,460583985,336,56362.90319824219,23277.57330608368,69.2784919823919,74.00926565410712,0.41299457595735856
source_b_repair_baselines_favorita_100_v1_5,favorita_top_volume_100_20260714,Favorita,14,lightgbm_cov,460584028,336,53102.20799827576,15534.305528640747,46.23305216857365,30.54716203475058,0.29253596251864233
source_b_repair_baselines_favorita_100_v1_5,favorita_top_volume_100_20260714,Favorita,14,lightgbm_cov,460807493,336,13381.0,8617.831219673157,25.648307201408205,57.95504148814912,0.6440349166484685
source_b_repair_baselines_favorita_100_v1_5,favorita_top_volume_100_20260714,Favorita,14,lightgbm_cov,460903284,336,44653.990087628365,19418.19836986065,57.792257053156696,49.57447299716126,0.4348591991836485
source_b_repair_baselines_favorita_100_v1_5,favorita_top_volume_100_20260714,Favorita,14,lightgbm_cov,461047679,336,42613.0,18337.755584716797,54.576653525942845,42.77266134419198,0.43033242401888616
source_b_repair_baselines_favorita_100_v1_5,favorita_top_volume_100_20260714,Favorita,14,lightgbm_cov,461143685,336,22833.0,12070.103909492493,35.92292830206099,56.5534121041016,0.5286254066260453
source_b_repair_baselines_favorita_100_v1_5,favorita_top_volume_100_20260714,Favorita,14,lightgbm_cov,461463992,336,94141.0,20914.021942138672,62.244112923031764,22.340716133053373,0.22215636058825242
source_b_repair_baselines_favorita_100_v1_5,favorita_top_volume_100_20260714,Favorita,14,lightgbm_cov,461463993,336,82056.0,17609.1375579834,52.40814749399821,21.84981842068136,0.2145990245440114
source_b_repair_baselines_favorita_100_v1_5,favorita_top_volume_100_20260714,Favorita,14,lightgbm_cov,470364738,336,66782.0,29625.553398132324,88.17128987539382,38.30602045475896,0.4436158455591675
source_b_repair_baselines_favorita_100_v1_5,favorita_top_volume_100_20260714,Favorita,14,lightgbm_cov,470584028,336,40728.31797218323,10541.828062057495,31.374488279933022,25.095717897769383,0.2588328854940042
source_b_repair_baselines_favorita_100_v1_5,favorita_top_volume_100_20260714,Favorita,14,lightgbm_cov,470807493,336,15427.0,10661.786100387573,31.73150625115349,62.48865293125158,0.6911120827372511
source_b_repair_baselines_favorita_100_v1_5,favorita_top_volume_100_20260714,Favorita,14,lightgbm_cov,470903285,336,53312.443910360336,19350.849458932877,57.59181386587166,40.035287013851864,0.36297059447264207
source_b_repair_baselines_favorita_100_v1_5,favorita_top_volume_100_20260714,Favorita,14,lightgbm_cov,471047679,336,65494.0,24180.312088012695,71.96521454765683,34.077112589774124,0.36919888979162513
source_b_repair_baselines_favorita_100_v1_5,favorita_top_volume_100_20260714,Favorita,14,lightgbm_cov,471143685,336,22812.0,12965.813237190247,38.58872987259002,58.29142275254567,0.5683768734521413
source_b_repair_baselines_favorita_100_v1_5,favorita_top_volume_100_20260714,Favorita,14,lightgbm_cov,471463992,336,81131.0,18125.886558532715,53.94609094801403,21.61962561494902,0.223415051688414
source_b_repair_baselines_favorita_100_v1_5,favorita_top_volume_100_20260714,Favorita,14,lightgbm_cov,471463993,336,86114.0,18420.704849243164,54.82352633703323,21.7948455819778,0.21391068640689276
source_b_repair_baselines_favorita_100_v1_5,favorita_top_volume_100_20260714,Favorita,14,lightgbm_cov,471473474,336,82299.29704284668,15317.488632202148,45.58776378631592,17.784181358709134,0.1861193130753906
source_b_repair_baselines_favorita_100_v1_5,favorita_top_volume_100_20260714,Favorita,14,lightgbm_cov,471503844,336,119533.05811691284,26154.666400909424,77.84126905032566,21.878509175765913,0.21880697116715678
source_b_repair_baselines_favorita_100_v1_5,favorita_top_volume_100_20260714,Favorita,14,lightgbm_cov,471642399,336,91023.63522148132,24018.581567764282,71.48387371358417,27.104422550613982,0.2638719219389731
source_b_repair_baselines_favorita_100_v1_5,favorita_top_volume_100_20260714,Favorita,14,lightgbm_cov,480265559,336,42158.0,13239.169574737549,39.402290401004606,31.116870151960768,0.3140369461249952
source_b_repair_baselines_favorita_100_v1_5,favorita_top_volume_100_20260714,Favorita,14,lightgbm_cov,480584028,336,78883.58391571045,19518.23908996582,58.08999729156494,24.815146623503118,0.24743093709867015
source_b_repair_baselines_favorita_100_v1_5,favorita_top_volume_100_20260714,Favorita,14,lightgbm_cov,481143685,336,23027.0,11781.605279922485,35.06430142834073,57.00791118755761,0.511643083333586
source_b_repair_baselines_favorita_100_v1_5,favorita_top_volume_100_20260714,Favorita,14,lightgbm_cov,481463992,336,104652.0,29093.190307617188,86.58687591552734,28.749296627859266,0.27799937227780824
source_b_repair_baselines_favorita_100_v1_5,favorita_top_volume_100_20260714,Favorita,14,lightgbm_cov,490364738,336,53215.0,19107.34471511841,56.867097366423835,33.040948190965146,0.35905937639985736
source_b_repair_baselines_favorita_100_v1_5,favorita_top_volume_100_20260714,Favorita,14,lightgbm_cov,491473474,336,102771.42575073242,14833.389282226562,44.14699191138858,14.34022788207366,0.1443337890261861
source_b_repair_baselines_favorita_100_v1_5,favorita_top_volume_100_20260714,Favorita,14,lightgbm_cov,491503844,336,188745.82846546173,32786.10659313202,97.5776981938453,18.495880854327563,0.17370506601226152
source_b_repair_baselines_favorita_100_v1_5,favorita_top_volume_100_20260714,Favorita,14,lightgbm_cov,491642399,336,88456.82216262817,17258.291553497314,51.36396295683725,20.030327253542804,0.19510413251979464
source_b_repair_baselines_favorita_100_v1_5,favorita_top_volume_100_20260714,Favorita,14,lightgbm_cov,491695835,336,86648.78703308105,17301.054718017578,51.49123427981422,19.743496943134488,0.19966874679287
source_b_repair_baselines_favorita_100_v1_5,favorita_top_volume_100_20260714,Favorita,14,lightgbm_cov,500584028,336,46354.22006523609,11971.998539805412,35.630948035135155,26.925342127118462,0.2582720305283263
source_b_repair_baselines_favorita_100_v1_5,favorita_top_volume_100_20260714,Favorita,14,lightgbm_cov,510257847,336,40000.0,17458.850653648376,51.96086504062017,63.77898574575449,0.4364712663412094
source_b_repair_baselines_favorita_100_v1_5,favorita_top_volume_100_20260714,Favorita,14,lightgbm_cov,511239986,336,123141.51953125,94932.85177862644,282.5382493411501,187.15052998590483,0.7709248037542288
source_b_repair_baselines_favorita_100_v1_5,favorita_top_volume_100_20260714,Favorita,14,lightgbm_cov,511473474,336,80121.23680877686,11476.985954284668,34.15769629251389,14.537809284910425,0.1432452419784342
source_b_repair_baselines_favorita_100_v1_5,favorita_top_volume_100_20260714,Favorita,14,lightgbm_cov,511503844,336,115486.46313071251,23481.8600962162,69.88648838159584,23.539371426524042,0.20332997876676187
source_b_repair_baselines_favorita_100_v1_5,favorita_top_volume_100_20260714,Favorita,14,lightgbm_cov,511695835,336,76979.18010139465,16155.021604537964,48.080421442077274,21.356735031293386,0.20986221967107285
source_b_repair_baselines_favorita_100_v1_5,favorita_top_volume_100_20260714,Favorita,14,lightgbm_direct,20582864,336,62179.15570354462,44803.51910877228,133.34380687134606,71.78278870443746,0.72055528258352
source_b_repair_baselines_favorita_100_v1_5,favorita_top_volume_100_20260714,Favorita,14,lightgbm_direct,30364738,336,60684.0,20981.768127441406,62.44573847452799,33.70880492869334,0.34575453377235194
source_b_repair_baselines_favorita_100_v1_5,favorita_top_volume_100_20260714,Favorita,14,lightgbm_direct,30819932,336,44266.0,21059.250410079956,62.67634050619034,52.44643889881415,0.4757432433488446
source_b_repair_baselines_favorita_100_v1_5,favorita_top_volume_100_20260714,Favorita,14,lightgbm_direct,31047679,336,125142.0,34709.63056945801,103.30247193291073,27.317941298459814,0.27736196136755054
source_b_repair_baselines_favorita_100_v1_5,favorita_top_volume_100_20260714,Favorita,14,lightgbm_direct,31430040,336,122391.0,34824.24891662598,103.64359796614875,30.519384126818945,0.28453275908053677
source_b_repair_baselines_favorita_100_v1_5,favorita_top_volume_100_20260714,Favorita,14,lightgbm_direct,31463993,336,95667.0,15848.695877075195,47.168737729390465,16.851115937891876,0.16566523333098346
source_b_repair_baselines_favorita_100_v1_5,favorita_top_volume_100_20260714,Favorita,14,lightgbm_direct,31473404,336,71985.0,13853.888442993164,41.23181084224156,19.595874966686917,0.19245521209964803
source_b_repair_baselines_favorita_100_v1_5,favorita_top_volume_100_20260714,Favorita,14,lightgbm_direct,31473474,336,120521.74017333984,15288.224136352539,45.500667072477796,12.622606367184117,0.1268503434680276
source_b_repair_baselines_favorita_100_v1_5,favorita_top_volume_100_20260714,Favorita,14,lightgbm_direct,31503844,336,178326.49873435497,29237.259902119637,87.01565447059416,17.253129752029363,0.16395353528290307
source_b_repair_baselines_favorita_100_v1_5,favorita_top_volume_100_20260714,Favorita,14,lightgbm_direct,71047679,336,65556.0,19710.157203674316,58.66118215379261,29.98250771464183,0.300661376589089
source_b_repair_baselines_favorita_100_v1_5,favorita_top_volume_100_20260714,Favorita,14,lightgbm_direct,71473474,336,73308.13996124268,11825.241889953613,35.19417229152861,16.093670560480913,0.1613087154605956
source_b_repair_baselines_favorita_100_v1_5,favorita_top_volume_100_20260714,Favorita,14,lightgbm_direct,71503844,336,131404.38612121344,21895.043230593204,65.16381913867025,18.03332896390862,0.16662338204141994
source_b_repair_baselines_favorita_100_v1_5,favorita_top_volume_100_20260714,Favorita,14,lightgbm_direct,81047679,336,68685.0,18705.79921722412,55.672021479833695,27.80118973511897,0.2723418390802085
source_b_repair_baselines_favorita_100_v1_5,favorita_top_volume_100_20260714,Favorita,14,lightgbm_direct,81430040,336,78297.0,28268.0678024292,84.13115417389642,40.392294880541534,0.3610364101105943
source_b_repair_baselines_favorita_100_v1_5,favorita_top_volume_100_20260714,Favorita,14,lightgbm_direct,81473474,336,68700.30795288086,10402.222732543945,30.95899622780936,15.284219986017208,0.15141449933060658
source_b_repair_baselines_favorita_100_v1_5,favorita_top_volume_100_20260714,Favorita,14,lightgbm_direct,81503844,336,134077.01923525333,21497.305029273033,63.980074491884025,16.504913099124987,0.16033549337454747
source_b_repair_baselines_favorita_100_v1_5,favorita_top_volume_100_20260714,Favorita,14,lightgbm_direct,90457928,336,21455.09001350403,9454.221319198608,28.13756344999586,46.44560197157111,0.4406516734839162
source_b_repair_baselines_favorita_100_v1_5,favorita_top_volume_100_20260714,Favorita,14,lightgbm_direct,91463992,336,102244.0,21783.33612060547,64.83135750180199,21.534723217757286,0.21305246391578447
source_b_repair_baselines_favorita_100_v1_5,favorita_top_volume_100_20260714,Favorita,14,lightgbm_direct,110320682,336,42424.0,11710.932739257812,34.853966485886346,27.132807052060397,0.27604499196817395
source_b_repair_baselines_favorita_100_v1_5,favorita_top_volume_100_20260714,Favorita,14,lightgbm_direct,110584126,336,128286.72693824768,28484.566244125366,84.77549477418263,22.951249992967316,0.22203829596367164
source_b_repair_baselines_favorita_100_v1_5,favorita_top_volume_100_20260714,Favorita,14,lightgbm_direct,110807493,336,32910.0,13932.568680763245,41.465978216557275,45.054224181835245,0.42335365180076706
source_b_repair_baselines_favorita_100_v1_5,favorita_top_volume_100_20260714,Favorita,14,lightgbm_direct,110819932,336,70807.0,34370.2873878479,102.29252198764256,53.134570713452526,0.4854080442307667
source_b_repair_baselines_favorita_100_v1_5,favorita_top_volume_100_20260714,Favorita,14,lightgbm_direct,110968432,336,35446.0,16035.787020742893,47.72555660935385,91.19025679267571,0.45240046890320185
source_b_repair_baselines_favorita_100_v1_5,favorita_top_volume_100_20260714,Favorita,14,lightgbm_direct,111047679,336,57507.0,23228.214248657227,69.13159002576556,39.87401690738703,0.4039197706132684
source_b_repair_baselines_favorita_100_v1_5,favorita_top_volume_100_20260714,Favorita,14,lightgbm_direct,111146786,336,43770.0,17103.212817192078,50.90241909878595,42.207681248990845,0.39075194921617723
source_b_repair_baselines_favorita_100_v1_5,favorita_top_volume_100_20260714,Favorita,14,lightgbm_direct,140584126,336,54653.09191584587,18082.54556965828,53.81709990969726,39.15717374823207,0.33086043141898636
source_b_repair_baselines_favorita_100_v1_5,favorita_top_volume_100_20260714,Favorita,14,lightgbm_direct,171463992,336,71476.0,17773.24733734131,52.896569456372944,25.91805804945529,0.24866035224888505
source_b_repair_baselines_favorita_100_v1_5,favorita_top_volume_100_20260714,Favorita,14,lightgbm_direct,190819932,336,77399.0,33958.45364570618,101.06682632650647,47.12853984279064,0.43874537972979205
source_b_repair_baselines_favorita_100_v1_5,favorita_top_volume_100_20260714,Favorita,14,lightgbm_direct,201463992,336,92876.0,22963.516220092773,68.34379827408563,25.12363228023086,0.2472491948414313
source_b_repair_baselines_favorita_100_v1_5,favorita_top_volume_100_20260714,Favorita,14,lightgbm_direct,230583985,336,12469.941967964172,8270.667738676071,24.615082555583545,100.89523498890914,0.663248294172
source_b_repair_baselines_favorita_100_v1_5,favorita_top_volume_100_20260714,Favorita,14,lightgbm_direct,231084365,336,68294.02824401855,28324.903963327408,84.30030941466491,123.88054463252323,0.41474935205346025
source_b_repair_baselines_favorita_100_v1_5,favorita_top_volume_100_20260714,Favorita,14,lightgbm_direct,240257847,336,48982.0,18704.21009159088,55.667291939258575,53.994685304123024,0.3818588479766216
source_b_repair_baselines_favorita_100_v1_5,favorita_top_volume_100_20260714,Favorita,14,lightgbm_direct,241503844,336,79591.33407306671,14708.621691703796,43.775659796737486,19.719907641777056,0.1848017986254752
source_b_repair_baselines_favorita_100_v1_5,favorita_top_volume_100_20260714,Favorita,14,lightgbm_direct,311167614,336,74961.0,25862.562019348145,76.97191077186947,33.89350236371042,0.345013567312978
source_b_repair_baselines_favorita_100_v1_5,favorita_top_volume_100_20260714,Favorita,14,lightgbm_direct,351167614,336,58615.0,26596.358421325684,79.15582863489787,45.54667564586147,0.4537466249479772
source_b_repair_baselines_favorita_100_v1_5,favorita_top_volume_100_20260714,Favorita,14,lightgbm_direct,371503844,336,65680.43591976166,11095.37133693695,33.021938502788544,18.47696724190337,0.16892962389122362
source_b_repair_baselines_favorita_100_v1_5,favorita_top_volume_100_20260714,Favorita,14,lightgbm_direct,391167614,336,149581.0,79871.5736541748,237.7130168279012,56.860491022257854,0.5339687102919141
source_b_repair_baselines_favorita_100_v1_5,favorita_top_volume_100_20260714,Favorita,14,lightgbm_direct,391463864,336,100418.0,23908.0906829834,71.15503179459344,26.862187197961852,0.23808570856801967
source_b_repair_baselines_favorita_100_v1_5,favorita_top_volume_100_20260714,Favorita,14,lightgbm_direct,430807493,336,25500.0,11564.934695243835,34.419448497749514,51.68081763421849,0.4535268507938759
source_b_repair_baselines_favorita_100_v1_5,favorita_top_volume_100_20260714,Favorita,14,lightgbm_direct,431143685,336,22646.0,11263.290543079376,33.521698044879095,55.658746865627464,0.4973633552538804
source_b_repair_baselines_favorita_100_v1_5,favorita_top_volume_100_20260714,Favorita,14,lightgbm_direct,431430040,336,75646.0,32744.65908432007,97.45434251285735,46.836972431787636,0.43286702646960934
source_b_repair_baselines_favorita_100_v1_5,favorita_top_volume_100_20260714,Favorita,14,lightgbm_direct,440819932,336,65672.0,29622.300921440125,88.16160988523846,49.978520824860354,0.45106439458886777
source_b_repair_baselines_favorita_100_v1_5,favorita_top_volume_100_20260714,Favorita,14,lightgbm_direct,441037857,336,26526.0,18472.059357762337,54.97636713619743,69.93996623895514,0.6963756072443014
source_b_repair_baselines_favorita_100_v1_5,favorita_top_volume_100_20260714,Favorita,14,lightgbm_direct,441047679,336,127506.0,37001.21450805664,110.12266222635905,28.931164229028063,0.2901919478930924
source_b_repair_baselines_favorita_100_v1_5,favorita_top_volume_100_20260714,Favorita,14,lightgbm_direct,441047690,336,33974.0,9963.251121520996,29.65253309976487,27.918984868174455,0.2932610561464943
source_b_repair_baselines_favorita_100_v1_5,favorita_top_volume_100_20260714,Favorita,14,lightgbm_direct,441430040,336,110659.0,50366.126052856445,149.89918468112037,52.5099854203584,0.4551471281401101
source_b_repair_baselines_favorita_100_v1_5,favorita_top_volume_100_20260714,Favorita,14,lightgbm_direct,441473410,336,60555.434147417545,13992.044619977474,41.64298994040915,26.047778771304063,0.23106175055924655
source_b_repair_baselines_favorita_100_v1_5,favorita_top_volume_100_20260714,Favorita,14,lightgbm_direct,441473474,336,161569.7039642334,22917.239334106445,68.20606944674537,14.595611469737852,0.14184119158366237
source_b_repair_baselines_favorita_100_v1_5,favorita_top_volume_100_20260714,Favorita,14,lightgbm_direct,441502392,336,71587.98893737793,16908.233627319336,50.32212389083136,24.45900833853612,0.23618813544420036
source_b_repair_baselines_favorita_100_v1_5,favorita_top_volume_100_20260714,Favorita,14,lightgbm_direct,441503844,336,240006.25012922287,40453.92955827713,120.39859987582479,17.770345267773564,0.1685536503174236
source_b_repair_baselines_favorita_100_v1_5,favorita_top_volume_100_20260714,Favorita,14,lightgbm_direct,441695835,336,71396.3309249878,17443.45517730713,51.91504517055693,24.87853436349788,0.24431864987059362
source_b_repair_baselines_favorita_100_v1_5,favorita_top_volume_100_20260714,Favorita,14,lightgbm_direct,450265559,336,38409.0,9993.361610412598,29.74214765003749,26.20876712165502,0.26018281159136136
source_b_repair_baselines_favorita_100_v1_5,favorita_top_volume_100_20260714,Favorita,14,lightgbm_direct,450314384,336,40907.0,9259.314804077148,27.557484535943892,21.893689082668626,0.22635037534106994
source_b_repair_baselines_favorita_100_v1_5,favorita_top_volume_100_20260714,Favorita,14,lightgbm_direct,450364606,336,40823.0,12601.461059570312,37.50434839157831,21.297717525822417,0.3086853259086866
source_b_repair_baselines_favorita_100_v1_5,favorita_top_volume_100_20260714,Favorita,14,lightgbm_direct,450364738,336,58977.0,21204.093383789062,63.1074207850865,36.12296672511124,0.35953156965917327
source_b_repair_baselines_favorita_100_v1_5,favorita_top_volume_100_20260714,Favorita,14,lightgbm_direct,450584028,336,55816.6309800148,13649.739579677582,40.624224939516616,25.14580454695259,0.24454610283743003
source_b_repair_baselines_favorita_100_v1_5,favorita_top_volume_100_20260714,Favorita,14,lightgbm_direct,451047679,336,58833.0,22990.945426940918,68.42543281827655,38.09693207766232,0.39078315616985226
source_b_repair_baselines_favorita_100_v1_5,favorita_top_volume_100_20260714,Favorita,14,lightgbm_direct,451463992,336,103241.0,18722.012268066406,55.72027460734049,18.266023307797933,0.18134280245315723
source_b_repair_baselines_favorita_100_v1_5,favorita_top_volume_100_20260714,Favorita,14,lightgbm_direct,451463993,336,106690.0,16731.87725830078,49.7972537449428,15.706741228416309,0.15682704338083026
source_b_repair_baselines_favorita_100_v1_5,favorita_top_volume_100_20260714,Favorita,14,lightgbm_direct,451473474,336,115135.57293128967,16761.408254623413,49.885143614950636,15.283067477541767,0.14557975287643068
source_b_repair_baselines_favorita_100_v1_5,favorita_top_volume_100_20260714,Favorita,14,lightgbm_direct,451503844,336,155174.49281215668,24565.789658546448,73.11246922186443,16.29268382315842,0.15831074562160202
source_b_repair_baselines_favorita_100_v1_5,favorita_top_volume_100_20260714,Favorita,14,lightgbm_direct,451686656,336,66133.0,13004.94896697998,38.705205258868986,20.402890053541796,0.1966484049866176
source_b_repair_baselines_favorita_100_v1_5,favorita_top_volume_100_20260714,Favorita,14,lightgbm_direct,460159156,336,36659.13201189041,20154.603565454483,59.983939182900244,73.69115961728018,0.5497839817625066
source_b_repair_baselines_favorita_100_v1_5,favorita_top_volume_100_20260714,Favorita,14,lightgbm_direct,460265559,336,42994.0,10967.894630432129,32.642543542952765,25.252355118774744,0.25510291274206004
source_b_repair_baselines_favorita_100_v1_5,favorita_top_volume_100_20260714,Favorita,14,lightgbm_direct,460320682,336,32557.0,8082.983695983887,24.05649909519014,23.55393433122394,0.24827176017396832
source_b_repair_baselines_favorita_100_v1_5,favorita_top_volume_100_20260714,Favorita,14,lightgbm_direct,460582864,336,39571.47597503662,8736.295394897461,26.00087915148054,21.162006949204443,0.22077254334431926
source_b_repair_baselines_favorita_100_v1_5,favorita_top_volume_100_20260714,Favorita,14,lightgbm_direct,460583985,336,56362.90319824219,27697.01617717743,82.43159576540901,75.2518681100832,0.4914050661968248
source_b_repair_baselines_favorita_100_v1_5,favorita_top_volume_100_20260714,Favorita,14,lightgbm_direct,460584028,336,53102.20799827576,14940.119417190552,44.464641122590926,29.640266419349047,0.28134648219666614
source_b_repair_baselines_favorita_100_v1_5,favorita_top_volume_100_20260714,Favorita,14,lightgbm_direct,460807493,336,13381.0,7186.6371421813965,21.388801018397015,53.42153083420074,0.5370777327689558
source_b_repair_baselines_favorita_100_v1_5,favorita_top_volume_100_20260714,Favorita,14,lightgbm_direct,460903284,336,44653.990087628365,20118.789739489555,59.87735041514749,50.943726509126584,0.4505485332891579
source_b_repair_baselines_favorita_100_v1_5,favorita_top_volume_100_20260714,Favorita,14,lightgbm_direct,461047679,336,42613.0,17942.513500213623,53.40033779825483,43.00654025287286,0.4210572712602638
source_b_repair_baselines_favorita_100_v1_5,favorita_top_volume_100_20260714,Favorita,14,lightgbm_direct,461143685,336,22833.0,11767.331572532654,35.02182015634718,56.47586827638579,0.5153651106964767
source_b_repair_baselines_favorita_100_v1_5,favorita_top_volume_100_20260714,Favorita,14,lightgbm_direct,461463992,336,94141.0,19987.777908325195,59.487434250967844,21.293190380823017,0.21231745900643922
source_b_repair_baselines_favorita_100_v1_5,favorita_top_volume_100_20260714,Favorita,14,lightgbm_direct,461463993,336,82056.0,16717.154190063477,49.753435089474635,20.74172619716959,0.20372860229676656
source_b_repair_baselines_favorita_100_v1_5,favorita_top_volume_100_20260714,Favorita,14,lightgbm_direct,470364738,336,66782.0,32027.182220458984,95.31899470374698,40.47334755068035,0.4795780632574494
source_b_repair_baselines_favorita_100_v1_5,favorita_top_volume_100_20260714,Favorita,14,lightgbm_direct,470584028,336,40728.31797218323,10832.811246871948,32.24050966330937,25.54830509049043,0.2659773785470488
source_b_repair_baselines_favorita_100_v1_5,favorita_top_volume_100_20260714,Favorita,14,lightgbm_direct,470807493,336,15427.0,8564.821736335754,25.49054088195165,55.35570483350517,0.5551838812689281
source_b_repair_baselines_favorita_100_v1_5,favorita_top_volume_100_20260714,Favorita,14,lightgbm_direct,470903285,336,53312.443910360336,18253.05315375328,54.32456295759905,38.53228016016937,0.3423788484437893
source_b_repair_baselines_favorita_100_v1_5,favorita_top_volume_100_20260714,Favorita,14,lightgbm_direct,471047679,336,65494.0,20275.720832824707,60.34440724054972,31.237947055248366,0.30958134841091867
source_b_repair_baselines_favorita_100_v1_5,favorita_top_volume_100_20260714,Favorita,14,lightgbm_direct,471143685,336,22812.0,12017.642493247986,35.76679313466663,56.75542835329554,0.5268123133985615
source_b_repair_baselines_favorita_100_v1_5,favorita_top_volume_100_20260714,Favorita,14,lightgbm_direct,471463992,336,81131.0,17371.738357543945,51.70160225459507,20.894180447460943,0.2141196134343709
source_b_repair_baselines_favorita_100_v1_5,favorita_top_volume_100_20260714,Favorita,14,lightgbm_direct,471463993,336,86114.0,16537.6748046875,49.21927025204613,19.718719325880134,0.19204397432110343
source_b_repair_baselines_favorita_100_v1_5,favorita_top_volume_100_20260714,Favorita,14,lightgbm_direct,471473474,336,82299.29704284668,12842.624298095703,38.22209612528483,15.386754442146977,0.15604780064414855
source_b_repair_baselines_favorita_100_v1_5,favorita_top_volume_100_20260714,Favorita,14,lightgbm_direct,471503844,336,119533.05811691284,23483.912784576416,69.8925975731441,20.287514974869328,0.19646374948097856
source_b_repair_baselines_favorita_100_v1_5,favorita_top_volume_100_20260714,Favorita,14,lightgbm_direct,471642399,336,91023.63522148132,23648.236864089966,70.38165733360108,26.686823807171272,0.25980325666568244
source_b_repair_baselines_favorita_100_v1_5,favorita_top_volume_100_20260714,Favorita,14,lightgbm_direct,480265559,336,42158.0,13105.320922851562,39.0039313180106,31.046786335524036,0.3108620172411301
source_b_repair_baselines_favorita_100_v1_5,favorita_top_volume_100_20260714,Favorita,14,lightgbm_direct,480584028,336,78883.58391571045,19167.738258361816,57.046840054648264,24.515541523770683,0.2429876700181769
source_b_repair_baselines_favorita_100_v1_5,favorita_top_volume_100_20260714,Favorita,14,lightgbm_direct,481143685,336,23027.0,12687.28814983368,37.759786160219285,59.6723487658688,0.5509744278383497
source_b_repair_baselines_favorita_100_v1_5,favorita_top_volume_100_20260714,Favorita,14,lightgbm_direct,481463992,336,104652.0,29276.7921295166,87.1333099092756,28.914493552471765,0.2797537756518423
source_b_repair_baselines_favorita_100_v1_5,favorita_top_volume_100_20260714,Favorita,14,lightgbm_direct,490364738,336,53215.0,18540.1241645813,55.17894096601577,33.10515812160785,0.3484003413432547
source_b_repair_baselines_favorita_100_v1_5,favorita_top_volume_100_20260714,Favorita,14,lightgbm_direct,491473474,336,102771.42575073242,14778.745300292969,43.984361012776695,14.425865567087753,0.14380208498944216
source_b_repair_baselines_favorita_100_v1_5,favorita_top_volume_100_20260714,Favorita,14,lightgbm_direct,491503844,336,188745.82846546173,31813.51122570038,94.68306912410827,17.880202251067864,0.16855212898928718
source_b_repair_baselines_favorita_100_v1_5,favorita_top_volume_100_20260714,Favorita,14,lightgbm_direct,491642399,336,88456.82216262817,16541.90514755249,49.23186055819193,19.302601677441334,0.18700541962880082
source_b_repair_baselines_favorita_100_v1_5,favorita_top_volume_100_20260714,Favorita,14,lightgbm_direct,491695835,336,86648.78703308105,16320.600967407227,48.57321716490246,18.793002665080653,0.18835348452340475
source_b_repair_baselines_favorita_100_v1_5,favorita_top_volume_100_20260714,Favorita,14,lightgbm_direct,500584028,336,46354.22006523609,11708.868267893791,34.84782222587438,26.19397460458262,0.25259551884198345
source_b_repair_baselines_favorita_100_v1_5,favorita_top_volume_100_20260714,Favorita,14,lightgbm_direct,510257847,336,40000.0,16791.26550245285,49.974004471585864,63.41958721358322,0.41978163756132125
source_b_repair_baselines_favorita_100_v1_5,favorita_top_volume_100_20260714,Favorita,14,lightgbm_direct,511239986,336,123141.51953125,161096.26288843155,479.4531633584272,194.0634888050169,1.3082205214103246
source_b_repair_baselines_favorita_100_v1_5,favorita_top_volume_100_20260714,Favorita,14,lightgbm_direct,511473474,336,80121.23680877686,11067.951652526855,32.94033229918707,14.15242343678505,0.1381400499213764
source_b_repair_baselines_favorita_100_v1_5,favorita_top_volume_100_20260714,Favorita,14,lightgbm_direct,511503844,336,115486.46313071251,24983.340168237686,74.35517907213597,24.912108675742424,0.21633133001883065
source_b_repair_baselines_favorita_100_v1_5,favorita_top_volume_100_20260714,Favorita,14,lightgbm_direct,511695835,336,76979.18010139465,16381.570920944214,48.75467535995302,21.788651526546605,0.21280521433674537
source_b_repair_baselines_favorita_100_v1_5,favorita_top_volume_100_20260714,Favorita,14,lightgbm_direct_scaled,20582864,336,62179.15570354462,44427.26675891876,132.22400821106774,71.22018548350559,0.7145041816060895
source_b_repair_baselines_favorita_100_v1_5,favorita_top_volume_100_20260714,Favorita,14,lightgbm_direct_scaled,30364738,336,60684.0,21067.70701599121,62.70150897616432,33.76681589939465,0.3471707042382047
source_b_repair_baselines_favorita_100_v1_5,favorita_top_volume_100_20260714,Favorita,14,lightgbm_direct_scaled,30819932,336,44266.0,21079.94764328003,62.73793941452389,52.579965583071164,0.4762108083694038
source_b_repair_baselines_favorita_100_v1_5,favorita_top_volume_100_20260714,Favorita,14,lightgbm_direct_scaled,31047679,336,125142.0,34261.11952209473,101.96761762528192,27.18684459697236,0.2737779444318832
source_b_repair_baselines_favorita_100_v1_5,favorita_top_volume_100_20260714,Favorita,14,lightgbm_direct_scaled,31430040,336,122391.0,35177.65151977539,104.69539142790295,30.96195313416723,0.2874202475653879
source_b_repair_baselines_favorita_100_v1_5,favorita_top_volume_100_20260714,Favorita,14,lightgbm_direct_scaled,31463993,336,95667.0,16173.550399780273,48.13556666601272,17.170686914380216,0.16906091337431167
source_b_repair_baselines_favorita_100_v1_5,favorita_top_volume_100_20260714,Favorita,14,lightgbm_direct_scaled,31473404,336,71985.0,14304.027442932129,42.57151024682181,20.24576747282364,0.19870844541129581
source_b_repair_baselines_favorita_100_v1_5,favorita_top_volume_100_20260714,Favorita,14,lightgbm_direct_scaled,31473474,336,120521.74017333984,15785.043441772461,46.979295957656134,13.108088998894674,0.13097258153649038
source_b_repair_baselines_favorita_100_v1_5,favorita_top_volume_100_20260714,Favorita,14,lightgbm_direct_scaled,31503844,336,178326.49873435497,29926.081374287605,89.06571837585597,17.64232023980593,0.1678162336314759
source_b_repair_baselines_favorita_100_v1_5,favorita_top_volume_100_20260714,Favorita,14,lightgbm_direct_scaled,71047679,336,65556.0,19933.214210510254,59.32504229318528,30.333182664495578,0.30406391803206806
source_b_repair_baselines_favorita_100_v1_5,favorita_top_volume_100_20260714,Favorita,14,lightgbm_direct_scaled,71473474,336,73308.13996124268,11934.272758483887,35.518668924059185,16.212661859535103,0.1627960109858663
source_b_repair_baselines_favorita_100_v1_5,favorita_top_volume_100_20260714,Favorita,14,lightgbm_direct_scaled,71503844,336,131404.38612121344,22683.180101931095,67.50946458908064,18.574440710326545,0.17262117933420493
source_b_repair_baselines_favorita_100_v1_5,favorita_top_volume_100_20260714,Favorita,14,lightgbm_direct_scaled,81047679,336,68685.0,18556.45903778076,55.22755666006179,27.667106809064485,0.27016756260873204
source_b_repair_baselines_favorita_100_v1_5,favorita_top_volume_100_20260714,Favorita,14,lightgbm_direct_scaled,81430040,336,78297.0,28572.907932281494,85.03841646512349,40.74716298575456,0.3649297921029094
source_b_repair_baselines_favorita_100_v1_5,favorita_top_volume_100_20260714,Favorita,14,lightgbm_direct_scaled,81473474,336,68700.30795288086,10629.5513381958,31.635569458916073,15.654763239250466,0.15472348894689436
source_b_repair_baselines_favorita_100_v1_5,favorita_top_volume_100_20260714,Favorita,14,lightgbm_direct_scaled,81503844,336,134077.01923525333,21748.782415747643,64.72851909448703,16.739292170367584,0.16221111223830936
source_b_repair_baselines_favorita_100_v1_5,favorita_top_volume_100_20260714,Favorita,14,lightgbm_direct_scaled,90457928,336,21455.09001350403,9688.076215744019,28.833560165904817,47.84972972204556,0.4515514131912873
source_b_repair_baselines_favorita_100_v1_5,favorita_top_volume_100_20260714,Favorita,14,lightgbm_direct_scaled,91463992,336,102244.0,21996.486251831055,65.46573289235432,21.767420132021716,0.21513718410695057
source_b_repair_baselines_favorita_100_v1_5,favorita_top_volume_100_20260714,Favorita,14,lightgbm_direct_scaled,110320682,336,42424.0,11909.845252990723,35.44596801485334,27.490923505128055,0.2807336708700434
source_b_repair_baselines_favorita_100_v1_5,favorita_top_volume_100_20260714,Favorita,14,lightgbm_direct_scaled,110584126,336,128286.72693824768,29271.19606590271,87.11665495804378,23.51415892890053,0.22817010585976477
source_b_repair_baselines_favorita_100_v1_5,favorita_top_volume_100_20260714,Favorita,14,lightgbm_direct_scaled,110807493,336,32910.0,14199.514270305634,42.26045913781439,45.598546409482374,0.431465034041496
source_b_repair_baselines_favorita_100_v1_5,favorita_top_volume_100_20260714,Favorita,14,lightgbm_direct_scaled,110819932,336,70807.0,34271.913454055786,101.99974242278508,53.20312223024168,0.48401871925170936
source_b_repair_baselines_favorita_100_v1_5,favorita_top_volume_100_20260714,Favorita,14,lightgbm_direct_scaled,110968432,336,35446.0,16074.095180541277,47.83956898970618,91.96555354753032,0.4534812159493674
source_b_repair_baselines_favorita_100_v1_5,favorita_top_volume_100_20260714,Favorita,14,lightgbm_direct_scaled,111047679,336,57507.0,23400.419059753418,69.64410434450421,40.12131534918243,0.40691427234516525
source_b_repair_baselines_favorita_100_v1_5,favorita_top_volume_100_20260714,Favorita,14,lightgbm_direct_scaled,111146786,336,43770.0,17188.994603157043,51.15772203320549,42.85573393293816,0.39271177982995303
source_b_repair_baselines_favorita_100_v1_5,favorita_top_volume_100_20260714,Favorita,14,lightgbm_direct_scaled,140584126,336,54653.09191584587,18159.419636964798,54.045891776680946,39.44628184529264,0.3322670136380653
source_b_repair_baselines_favorita_100_v1_5,favorita_top_volume_100_20260714,Favorita,14,lightgbm_direct_scaled,171463992,336,71476.0,17939.641189575195,53.39178925468808,26.19216281955855,0.25098832040930097
source_b_repair_baselines_favorita_100_v1_5,favorita_top_volume_100_20260714,Favorita,14,lightgbm_direct_scaled,190819932,336,77399.0,34116.12024688721,101.53607216335479,47.758336257068166,0.44078244223939855
source_b_repair_baselines_favorita_100_v1_5,favorita_top_volume_100_20260714,Favorita,14,lightgbm_direct_scaled,201463992,336,92876.0,23057.102569580078,68.62232907613118,25.133241158693842,0.2482568432057806
source_b_repair_baselines_favorita_100_v1_5,favorita_top_volume_100_20260714,Favorita,14,lightgbm_direct_scaled,230583985,336,12469.941967964172,8059.686307787895,23.98716163032112,100.36356404386335,0.646329095074667
source_b_repair_baselines_favorita_100_v1_5,favorita_top_volume_100_20260714,Favorita,14,lightgbm_direct_scaled,231084365,336,68294.02824401855,27410.405793964863,81.57858867251447,124.28096740955485,0.4013587497874028
source_b_repair_baselines_favorita_100_v1_5,favorita_top_volume_100_20260714,Favorita,14,lightgbm_direct_scaled,240257847,336,48982.0,18644.813465476036,55.490516266297725,54.295470566413165,0.3806462264806671
source_b_repair_baselines_favorita_100_v1_5,favorita_top_volume_100_20260714,Favorita,14,lightgbm_direct_scaled,241503844,336,79591.33407306671,14895.618807792664,44.33219883271626,20.000333087315074,0.18715126440924004
source_b_repair_baselines_favorita_100_v1_5,favorita_top_volume_100_20260714,Favorita,14,lightgbm_direct_scaled,311167614,336,74961.0,26131.286094665527,77.77168480555217,34.30103112173519,0.3485984191068092
source_b_repair_baselines_favorita_100_v1_5,favorita_top_volume_100_20260714,Favorita,14,lightgbm_direct_scaled,351167614,336,58615.0,27029.638019561768,80.44535124869574,45.94513041418771,0.46113858260789503
source_b_repair_baselines_favorita_100_v1_5,favorita_top_volume_100_20260714,Favorita,14,lightgbm_direct_scaled,371503844,336,65680.43591976166,11007.391569137573,32.760093955766585,18.416016176031004,0.16759011134738397
source_b_repair_baselines_favorita_100_v1_5,favorita_top_volume_100_20260714,Favorita,14,lightgbm_direct_scaled,391167614,336,149581.0,79749.73183441162,237.3503923643203,56.59117721495135,0.5331541561723189
source_b_repair_baselines_favorita_100_v1_5,favorita_top_volume_100_20260714,Favorita,14,lightgbm_direct_scaled,391463864,336,100418.0,24477.35019493103,72.84925653253283,27.35823571904713,0.24375460768916957
source_b_repair_baselines_favorita_100_v1_5,favorita_top_volume_100_20260714,Favorita,14,lightgbm_direct_scaled,430807493,336,25500.0,11742.653273105621,34.948372836623875,52.326960217715964,0.46049620678845576
source_b_repair_baselines_favorita_100_v1_5,favorita_top_volume_100_20260714,Favorita,14,lightgbm_direct_scaled,431143685,336,22646.0,11291.8763256073,33.606774778593156,56.20253424981483,0.4986256436283361
source_b_repair_baselines_favorita_100_v1_5,favorita_top_volume_100_20260714,Favorita,14,lightgbm_direct_scaled,431430040,336,75646.0,32617.679367542267,97.07642668911389,47.034718897228835,0.43118842195941975
source_b_repair_baselines_favorita_100_v1_5,favorita_top_volume_100_20260714,Favorita,14,lightgbm_direct_scaled,440819932,336,65672.0,29873.378326416016,88.90886406671433,50.93301929362069,0.45488759785625554
source_b_repair_baselines_favorita_100_v1_5,favorita_top_volume_100_20260714,Favorita,14,lightgbm_direct_scaled,441037857,336,26526.0,17940.95477220416,53.395698726798095,70.56172936860958,0.676353569034312
source_b_repair_baselines_favorita_100_v1_5,favorita_top_volume_100_20260714,Favorita,14,lightgbm_direct_scaled,441047679,336,127506.0,36989.0001373291,110.08630993252709,29.004740349292806,0.2900961534149695
source_b_repair_baselines_favorita_100_v1_5,favorita_top_volume_100_20260714,Favorita,14,lightgbm_direct_scaled,441047690,336,33974.0,10754.234577178955,32.00665052731832,30.30604155223794,0.31654307933063386
source_b_repair_baselines_favorita_100_v1_5,favorita_top_volume_100_20260714,Favorita,14,lightgbm_direct_scaled,441430040,336,110659.0,50084.97238922119,149.06241782506308,52.22852069734617,0.4526064069729637
source_b_repair_baselines_favorita_100_v1_5,favorita_top_volume_100_20260714,Favorita,14,lightgbm_direct_scaled,441473410,336,60555.434147417545,14594.918172299862,43.43725646517816,27.624738632792088,0.24101748055789107
source_b_repair_baselines_favorita_100_v1_5,favorita_top_volume_100_20260714,Favorita,14,lightgbm_direct_scaled,441473474,336,161569.7039642334,22742.473342895508,67.6859325681414,14.403795901281354,0.14075951607815038
source_b_repair_baselines_favorita_100_v1_5,favorita_top_volume_100_20260714,Favorita,14,lightgbm_direct_scaled,441502392,336,71587.98893737793,17179.287452697754,51.1288317044576,25.038456986233488,0.2399744385573598
source_b_repair_baselines_favorita_100_v1_5,favorita_top_volume_100_20260714,Favorita,14,lightgbm_direct_scaled,441503844,336,240006.25012922287,42289.53810930252,125.86172056340035,18.4739627180208,0.17620182010482316
source_b_repair_baselines_favorita_100_v1_5,favorita_top_volume_100_20260714,Favorita,14,lightgbm_direct_scaled,441695835,336,71396.3309249878,17588.937049865723,52.34802693412418,25.150969368794467,0.24635631582168352
source_b_repair_baselines_favorita_100_v1_5,favorita_top_volume_100_20260714,Favorita,14,lightgbm_direct_scaled,450265559,336,38409.0,10514.199253082275,31.292259681792487,27.426335198239233,0.273743113673417
source_b_repair_baselines_favorita_100_v1_5,favorita_top_volume_100_20260714,Favorita,14,lightgbm_direct_scaled,450314384,336,40907.0,9566.266399383545,28.471030950546265,22.656454211259465,0.2338540200792907
source_b_repair_baselines_favorita_100_v1_5,favorita_top_volume_100_20260714,Favorita,14,lightgbm_direct_scaled,450364606,336,40823.0,13067.230995178223,38.89056843803043,22.66691410623614,0.32009482387816235
source_b_repair_baselines_favorita_100_v1_5,favorita_top_volume_100_20260714,Favorita,14,lightgbm_direct_scaled,450364738,336,58977.0,21396.02919769287,63.67865832646688,36.171745251806456,0.3627859877188204
source_b_repair_baselines_favorita_100_v1_5,favorita_top_volume_100_20260714,Favorita,14,lightgbm_direct_scaled,450584028,336,55816.6309800148,14029.753945827484,41.75522007686751,25.833691506148455,0.25135436696010643
source_b_repair_baselines_favorita_100_v1_5,favorita_top_volume_100_20260714,Favorita,14,lightgbm_direct_scaled,451047679,336,58833.0,23275.98615837097,69.27376832848503,38.93171657493901,0.3956280685732662
source_b_repair_baselines_favorita_100_v1_5,favorita_top_volume_100_20260714,Favorita,14,lightgbm_direct_scaled,451463992,336,103241.0,19276.724319458008,57.37120333172026,18.783747977965838,0.1867157846152014
source_b_repair_baselines_favorita_100_v1_5,favorita_top_volume_100_20260714,Favorita,14,lightgbm_direct_scaled,451463993,336,106690.0,17417.27867126465,51.83713890257336,16.228319128513174,0.16325127632640968
source_b_repair_baselines_favorita_100_v1_5,favorita_top_volume_100_20260714,Favorita,14,lightgbm_direct_scaled,451473474,336,115135.57293128967,17280.872793197632,51.431169027373905,15.725103631634838,0.15009151692423045
source_b_repair_baselines_favorita_100_v1_5,favorita_top_volume_100_20260714,Favorita,14,lightgbm_direct_scaled,451503844,336,155174.49281215668,25412.260453224182,75.63172753935768,16.841676336206866,0.16376570654551117
source_b_repair_baselines_favorita_100_v1_5,favorita_top_volume_100_20260714,Favorita,14,lightgbm_direct_scaled,451686656,336,66133.0,13621.931861877441,40.54146387463524,21.511255538387022,0.20597783046100193
source_b_repair_baselines_favorita_100_v1_5,favorita_top_volume_100_20260714,Favorita,14,lightgbm_direct_scaled,460159156,336,36659.13201189041,20129.987930238247,59.91067836380431,73.88459306029826,0.5491125082751297
source_b_repair_baselines_favorita_100_v1_5,favorita_top_volume_100_20260714,Favorita,14,lightgbm_direct_scaled,460265559,336,42994.0,11587.210815429688,34.48574647449312,26.381192146471538,0.26950762467855255
source_b_repair_baselines_favorita_100_v1_5,favorita_top_volume_100_20260714,Favorita,14,lightgbm_direct_scaled,460320682,336,32557.0,8537.382637023926,25.40887689590454,24.77275893184015,0.2622287875732999
source_b_repair_baselines_favorita_100_v1_5,favorita_top_volume_100_20260714,Favorita,14,lightgbm_direct_scaled,460582864,336,39571.47597503662,8987.603916168213,26.748821179072063,21.752108178705473,0.22712329259181482
source_b_repair_baselines_favorita_100_v1_5,favorita_top_volume_100_20260714,Favorita,14,lightgbm_direct_scaled,460583985,336,56362.90319824219,27582.06929206848,82.08949194068,75.42697883367546,0.4893656594490096
source_b_repair_baselines_favorita_100_v1_5,favorita_top_volume_100_20260714,Favorita,14,lightgbm_direct_scaled,460584028,336,53102.20799827576,15232.260820388794,45.334109584490456,30.153888065489088,0.2868479747750487
source_b_repair_baselines_favorita_100_v1_5,favorita_top_volume_100_20260714,Favorita,14,lightgbm_direct_scaled,460807493,336,13381.0,7346.120542049408,21.863453994194668,55.8466029964327,0.5489963786002099
source_b_repair_baselines_favorita_100_v1_5,favorita_top_volume_100_20260714,Favorita,14,lightgbm_direct_scaled,460903284,336,44653.990087628365,20635.6973246336,61.41576584712381,51.94442261197173,0.4621243764362019
source_b_repair_baselines_favorita_100_v1_5,favorita_top_volume_100_20260714,Favorita,14,lightgbm_direct_scaled,461047679,336,42613.0,18179.816932678223,54.10659801392328,43.44873920973699,0.4266260749695685
source_b_repair_baselines_favorita_100_v1_5,favorita_top_volume_100_20260714,Favorita,14,lightgbm_direct_scaled,461143685,336,22833.0,11812.38482785225,35.15590722575074,56.89845679767485,0.517338274771263
source_b_repair_baselines_favorita_100_v1_5,favorita_top_volume_100_20260714,Favorita,14,lightgbm_direct_scaled,461463992,336,94141.0,20570.808975219727,61.22264575958252,21.672190262712604,0.21851062741228292
source_b_repair_baselines_favorita_100_v1_5,favorita_top_volume_100_20260714,Favorita,14,lightgbm_direct_scaled,461463993,336,82056.0,17214.090301513672,51.232411611647834,21.25066849627307,0.2097846629315793
source_b_repair_baselines_favorita_100_v1_5,favorita_top_volume_100_20260714,Favorita,14,lightgbm_direct_scaled,470364738,336,66782.0,32721.431968688965,97.38521419252667,41.34588385055644,0.4899738248134073
source_b_repair_baselines_favorita_100_v1_5,favorita_top_volume_100_20260714,Favorita,14,lightgbm_direct_scaled,470584028,336,40728.31797218323,11001.122930526733,32.74143729323433,26.206176587868974,0.2701099254341984
source_b_repair_baselines_favorita_100_v1_5,favorita_top_volume_100_20260714,Favorita,14,lightgbm_direct_scaled,470807493,336,15427.0,8673.08921957016,25.812765534434998,57.01986538037048,0.562201932946792
source_b_repair_baselines_favorita_100_v1_5,favorita_top_volume_100_20260714,Favorita,14,lightgbm_direct_scaled,470903285,336,53312.443910360336,18274.566083431244,54.38858953402156,38.68960375418972,0.3427823739267729
source_b_repair_baselines_favorita_100_v1_5,favorita_top_volume_100_20260714,Favorita,14,lightgbm_direct_scaled,471047679,336,65494.0,20547.59587097168,61.15355913979666,31.754677836756557,0.31373249260957764
source_b_repair_baselines_favorita_100_v1_5,favorita_top_volume_100_20260714,Favorita,14,lightgbm_direct_scaled,471143685,336,22812.0,11933.050919055939,35.51503249719029,56.85452545649492,0.5231041083226345
source_b_repair_baselines_favorita_100_v1_5,favorita_top_volume_100_20260714,Favorita,14,lightgbm_direct_scaled,471463992,336,81131.0,17775.786666870117,52.90412698473249,21.32119044538681,0.21909980977517987
source_b_repair_baselines_favorita_100_v1_5,favorita_top_volume_100_20260714,Favorita,14,lightgbm_direct_scaled,471463993,336,86114.0,17213.54164123535,51.23077869415283,20.331280619524257,0.19989248718251795
source_b_repair_baselines_favorita_100_v1_5,favorita_top_volume_100_20260714,Favorita,14,lightgbm_direct_scaled,471473474,336,82299.29704284668,13232.588790893555,39.382704734802246,15.912555647316218,0.16078617031205505
source_b_repair_baselines_favorita_100_v1_5,favorita_top_volume_100_20260714,Favorita,14,lightgbm_direct_scaled,471503844,336,119533.05811691284,24140.18956375122,71.84580227306911,20.91961314371124,0.20195408654349153
source_b_repair_baselines_favorita_100_v1_5,favorita_top_volume_100_20260714,Favorita,14,lightgbm_direct_scaled,471642399,336,91023.63522148132,23755.289094924927,70.70026516346704,26.914039771289993,0.26097934934286987
source_b_repair_baselines_favorita_100_v1_5,favorita_top_volume_100_20260714,Favorita,14,lightgbm_direct_scaled,480265559,336,42158.0,13269.58374786377,39.49280877340408,31.431921811037427,0.3147583791418893
source_b_repair_baselines_favorita_100_v1_5,favorita_top_volume_100_20260714,Favorita,14,lightgbm_direct_scaled,480584028,336,78883.58391571045,19282.877754211426,57.38951712562924,24.64658180711919,0.24444728290762976
source_b_repair_baselines_favorita_100_v1_5,favorita_top_volume_100_20260714,Favorita,14,lightgbm_direct_scaled,481143685,336,23027.0,12710.091066360474,37.827651983215695,59.739552117413254,0.5519646965023873
source_b_repair_baselines_favorita_100_v1_5,favorita_top_volume_100_20260714,Favorita,14,lightgbm_direct_scaled,481463992,336,104652.0,29217.767120361328,86.95764023917062,28.831520748838425,0.27918976340978985
source_b_repair_baselines_favorita_100_v1_5,favorita_top_volume_100_20260714,Favorita,14,lightgbm_direct_scaled,490364738,336,53215.0,18463.797203063965,54.95177739007132,33.1258121067216,0.34696602843303515
source_b_repair_baselines_favorita_100_v1_5,favorita_top_volume_100_20260714,Favorita,14,lightgbm_direct_scaled,491473474,336,102771.42575073242,15026.192001342773,44.720809527805876,14.658832233424041,0.14620982331984128
source_b_repair_baselines_favorita_100_v1_5,favorita_top_volume_100_20260714,Favorita,14,lightgbm_direct_scaled,491503844,336,188745.82846546173,32456.448420524597,96.59657268013272,18.249297412639905,0.17195849404673727
source_b_repair_baselines_favorita_100_v1_5,favorita_top_volume_100_20260714,Favorita,14,lightgbm_direct_scaled,491642399,336,88456.82216262817,16793.463634490967,49.98054653122311,19.555113980304164,0.18984927588305314
source_b_repair_baselines_favorita_100_v1_5,favorita_top_volume_100_20260714,Favorita,14,lightgbm_direct_scaled,491695835,336,86648.78703308105,16579.811477661133,49.34467701684861,19.03472943142471,0.1913449921847289
source_b_repair_baselines_favorita_100_v1_5,favorita_top_volume_100_20260714,Favorita,14,lightgbm_direct_scaled,500584028,336,46354.22006523609,11810.370190501213,35.14991128125361,26.423405485976044,0.2547852207173375
source_b_repair_baselines_favorita_100_v1_5,favorita_top_volume_100_20260714,Favorita,14,lightgbm_direct_scaled,510257847,336,40000.0,17071.07114291191,50.806759353904496,63.89372917931876,0.4267767785727978
source_b_repair_baselines_favorita_100_v1_5,favorita_top_volume_100_20260714,Favorita,14,lightgbm_direct_scaled,511239986,336,123141.51953125,152976.93333899975,455.2884920803564,194.96189253016638,1.2422855745269437
source_b_repair_baselines_favorita_100_v1_5,favorita_top_volume_100_20260714,Favorita,14,lightgbm_direct_scaled,511473474,336,80121.23680877686,11187.994895935059,33.29760385694958,14.34075602263089,0.13963831989559944
source_b_repair_baselines_favorita_100_v1_5,favorita_top_volume_100_20260714,Favorita,14,lightgbm_direct_scaled,511503844,336,115486.46313071251,25659.908848047256,76.36877633347397,25.5424207740724,0.22218975412732378
source_b_repair_baselines_favorita_100_v1_5,favorita_top_volume_100_20260714,Favorita,14,lightgbm_direct_scaled,511695835,336,76979.18010139465,16395.171201705933,48.795152386029564,21.716323683856466,0.21298188913042082
source_b_repair_baselines_favorita_100_v1_5,favorita_top_volume_100_20260714,Favorita,28,seasonal_naive,20582864,336,62179.15570354462,31227.202103614807,92.9381014988536,54.75599596509602,0.5022133502825071
source_b_repair_baselines_favorita_100_v1_5,favorita_top_volume_100_20260714,Favorita,28,seasonal_naive,30364738,336,60684.0,26998.0,80.35119047619048,43.13530873421144,0.4448948652033485
source_b_repair_baselines_favorita_100_v1_5,favorita_top_volume_100_20260714,Favorita,28,seasonal_naive,30819932,336,44266.0,28426.0,84.60119047619048,71.33905806296306,0.6421632855916505
source_b_repair_baselines_favorita_100_v1_5,favorita_top_volume_100_20260714,Favorita,28,seasonal_naive,31047679,336,125142.0,39026.0,116.14880952380952,31.53549184310323,0.3118537341579965
source_b_repair_baselines_favorita_100_v1_5,favorita_top_volume_100_20260714,Favorita,28,seasonal_naive,31430040,336,122391.0,47117.0,140.22916666666666,39.93224992875365,0.3849711171573073
source_b_repair_baselines_favorita_100_v1_5,favorita_top_volume_100_20260714,Favorita,28,seasonal_naive,31463993,336,95667.0,21061.0,62.68154761904762,22.05887180106601,0.22014905871408114
source_b_repair_baselines_favorita_100_v1_5,favorita_top_volume_100_20260714,Favorita,28,seasonal_naive,31473404,336,71985.0,17733.0,52.776785714285715,24.88009372247478,0.24634298812252553
source_b_repair_baselines_favorita_100_v1_5,favorita_top_volume_100_20260714,Favorita,28,seasonal_naive,31473474,336,120521.74017333984,21898.43994140625,65.17392839704242,17.91244047631527,0.18169701092857538
source_b_repair_baselines_favorita_100_v1_5,favorita_top_volume_100_20260714,Favorita,28,seasonal_naive,31503844,336,178326.49873435497,43938.60880625248,130.7696690662276,27.485054613105742,0.24639416529848357
source_b_repair_baselines_favorita_100_v1_5,favorita_top_volume_100_20260714,Favorita,28,seasonal_naive,71047679,336,65556.0,23736.0,70.64285714285714,37.22953788663922,0.3620721215449387
source_b_repair_baselines_favorita_100_v1_5,favorita_top_volume_100_20260714,Favorita,28,seasonal_naive,71473474,336,73308.13996124268,13953.583854675293,41.5285233770098,19.795132419837465,0.19034153454244537
source_b_repair_baselines_favorita_100_v1_5,favorita_top_volume_100_20260714,Favorita,28,seasonal_naive,71503844,336,131404.38612121344,29529.094326794147,87.88420930593496,25.90158240526767,0.22471924414726274
source_b_repair_baselines_favorita_100_v1_5,favorita_top_volume_100_20260714,Favorita,28,seasonal_naive,81047679,336,68685.0,24211.0,72.05654761904762,36.21536312963062,0.35249326636092304
source_b_repair_baselines_favorita_100_v1_5,favorita_top_volume_100_20260714,Favorita,28,seasonal_naive,81430040,336,78297.0,38399.0,114.2827380952381,53.96839152183244,0.4904274748713233
source_b_repair_baselines_favorita_100_v1_5,favorita_top_volume_100_20260714,Favorita,28,seasonal_naive,81473474,336,68700.30795288086,12093.899948120117,35.99374984559559,17.652431768857223,0.17603851144910299
source_b_repair_baselines_favorita_100_v1_5,favorita_top_volume_100_20260714,Favorita,28,seasonal_naive,81503844,336,134077.01923525333,30219.77278125286,89.93979994420495,24.060628266444247,0.2253911442364992
source_b_repair_baselines_favorita_100_v1_5,favorita_top_volume_100_20260714,Favorita,28,seasonal_naive,90457928,336,21455.09001350403,9233.158002853394,27.479636913254147,48.405079581782864,0.4303481363649353
source_b_repair_baselines_favorita_100_v1_5,favorita_top_volume_100_20260714,Favorita,28,seasonal_naive,91463992,336,102244.0,27702.0,82.44642857142857,26.184795018232656,0.2709401040647862
source_b_repair_baselines_favorita_100_v1_5,favorita_top_volume_100_20260714,Favorita,28,seasonal_naive,110320682,336,42424.0,13886.0,41.32738095238095,31.623998229394733,0.32731472751272866
source_b_repair_baselines_favorita_100_v1_5,favorita_top_volume_100_20260714,Favorita,28,seasonal_naive,110584126,336,128286.72693824768,36029.46312522888,107.23054501556214,28.227628038563584,0.28085105906998536
source_b_repair_baselines_favorita_100_v1_5,favorita_top_volume_100_20260714,Favorita,28,seasonal_naive,110807493,336,32910.0,17048.0,50.73809523809524,54.49658012878975,0.518018839258584
source_b_repair_baselines_favorita_100_v1_5,favorita_top_volume_100_20260714,Favorita,28,seasonal_naive,110819932,336,70807.0,46563.0,138.58035714285714,71.63244121236954,0.6576044741339133
source_b_repair_baselines_favorita_100_v1_5,favorita_top_volume_100_20260714,Favorita,28,seasonal_naive,110968432,336,35446.0,21700.0,64.58333333333333,61.2839672342513,0.6121988376685663
source_b_repair_baselines_favorita_100_v1_5,favorita_top_volume_100_20260714,Favorita,28,seasonal_naive,111047679,336,57507.0,29191.0,86.87797619047619,48.04903869372094,0.5076077694889318
source_b_repair_baselines_favorita_100_v1_5,favorita_top_volume_100_20260714,Favorita,28,seasonal_naive,111146786,336,43770.0,21538.0,64.10119047619048,49.29020471524168,0.49207219556774046
source_b_repair_baselines_favorita_100_v1_5,favorita_top_volume_100_20260714,Favorita,28,seasonal_naive,140584126,336,54653.09191584587,21351.939945459366,63.54744031386716,50.58483579704189,0.39068128072857816
source_b_repair_baselines_favorita_100_v1_5,favorita_top_volume_100_20260714,Favorita,28,seasonal_naive,171463992,336,71476.0,21534.0,64.08928571428571,31.033741248593604,0.30127595276736246
source_b_repair_baselines_favorita_100_v1_5,favorita_top_volume_100_20260714,Favorita,28,seasonal_naive,190819932,336,77399.0,50427.0,150.08035714285714,59.69016145270404,0.6515200454786237
source_b_repair_baselines_favorita_100_v1_5,favorita_top_volume_100_20260714,Favorita,28,seasonal_naive,201463992,336,92876.0,30758.0,91.54166666666667,33.423678916645564,0.33117274645764244
source_b_repair_baselines_favorita_100_v1_5,favorita_top_volume_100_20260714,Favorita,28,seasonal_naive,230583985,336,12469.941967964172,10172.021987915039,30.273874964032853,101.0135615467923,0.8157232819565167
source_b_repair_baselines_favorita_100_v1_5,favorita_top_volume_100_20260714,Favorita,28,seasonal_naive,231084365,336,68294.02824401855,43421.771728515625,129.23146347772507,59.47765354159764,0.6358062753798487
source_b_repair_baselines_favorita_100_v1_5,favorita_top_volume_100_20260714,Favorita,28,seasonal_naive,240257847,336,48982.0,20326.0,60.49404761904762,43.34118864821038,0.41496876403576827
source_b_repair_baselines_favorita_100_v1_5,favorita_top_volume_100_20260714,Favorita,28,seasonal_naive,241503844,336,79591.33407306671,18364.304133415222,54.65566706373578,26.523473821377507,0.23073245783964821
source_b_repair_baselines_favorita_100_v1_5,favorita_top_volume_100_20260714,Favorita,28,seasonal_naive,311167614,336,74961.0,28889.0,85.97916666666667,39.58699883693329,0.3853870679419965
source_b_repair_baselines_favorita_100_v1_5,favorita_top_volume_100_20260714,Favorita,28,seasonal_naive,351167614,336,58615.0,30627.0,91.15178571428571,54.51696864042045,0.5225113025676021
source_b_repair_baselines_favorita_100_v1_5,favorita_top_volume_100_20260714,Favorita,28,seasonal_naive,371503844,336,65680.43591976166,15896.140015602112,47.30994052262533,28.613011954764044,0.24202244995787775
source_b_repair_baselines_favorita_100_v1_5,favorita_top_volume_100_20260714,Favorita,28,seasonal_naive,391167614,336,149581.0,81483.0,242.50892857142858,57.077418565088124,0.5447416449950194
source_b_repair_baselines_favorita_100_v1_5,favorita_top_volume_100_20260714,Favorita,28,seasonal_naive,391463864,336,100418.0,33368.0,99.30952380952381,35.366639581086865,0.3322910235216794
source_b_repair_baselines_favorita_100_v1_5,favorita_top_volume_100_20260714,Favorita,28,seasonal_naive,430807493,336,25500.0,13348.0,39.726190476190474,58.668401470533006,0.5234509803921569
source_b_repair_baselines_favorita_100_v1_5,favorita_top_volume_100_20260714,Favorita,28,seasonal_naive,431143685,336,22646.0,13756.0,40.94047619047619,66.83902633078367,0.6074361918219553
source_b_repair_baselines_favorita_100_v1_5,favorita_top_volume_100_20260714,Favorita,28,seasonal_naive,431430040,336,75646.0,45528.0,135.5,62.68660853296302,0.6018560135367369
source_b_repair_baselines_favorita_100_v1_5,favorita_top_volume_100_20260714,Favorita,28,seasonal_naive,440819932,336,65672.0,36932.0,109.91666666666667,63.59953314686992,0.5623705688878061
source_b_repair_baselines_favorita_100_v1_5,favorita_top_volume_100_20260714,Favorita,28,seasonal_naive,441037857,336,26526.0,23060.0,68.63095238095238,77.48242853870637,0.8693357460604689
source_b_repair_baselines_favorita_100_v1_5,favorita_top_volume_100_20260714,Favorita,28,seasonal_naive,441047679,336,127506.0,42936.0,127.78571428571429,34.4835835427338,0.3367370947249541
source_b_repair_baselines_favorita_100_v1_5,favorita_top_volume_100_20260714,Favorita,28,seasonal_naive,441047690,336,33974.0,9212.0,27.416666666666668,26.652256373823768,0.2711485253429093
source_b_repair_baselines_favorita_100_v1_5,favorita_top_volume_100_20260714,Favorita,28,seasonal_naive,441430040,336,110659.0,64651.0,192.41369047619048,61.738838788433526,0.5842362573310802
source_b_repair_baselines_favorita_100_v1_5,favorita_top_volume_100_20260714,Favorita,28,seasonal_naive,441473410,336,60555.434147417545,18498.248027980328,55.054309607084306,34.85665590925973,0.3054762679588386
source_b_repair_baselines_favorita_100_v1_5,favorita_top_volume_100_20260714,Favorita,28,seasonal_naive,441473474,336,161569.7039642334,29804.25782775879,88.70314829690116,18.816668431339874,0.1844668715513432
source_b_repair_baselines_favorita_100_v1_5,favorita_top_volume_100_20260714,Favorita,28,seasonal_naive,441502392,336,71587.98893737793,20192.39501953125,60.09641374860491,30.45190266254612,0.28206400709474716
source_b_repair_baselines_favorita_100_v1_5,favorita_top_volume_100_20260714,Favorita,28,seasonal_naive,441503844,336,240006.25012922287,59819.647730350494,178.0346658641384,26.89600356950615,0.24924204139743328
source_b_repair_baselines_favorita_100_v1_5,favorita_top_volume_100_20260714,Favorita,28,seasonal_naive,441695835,336,71396.3309249878,23282.940727233887,69.29446645010086,34.12049299044927,0.3261083647519085
source_b_repair_baselines_favorita_100_v1_5,favorita_top_volume_100_20260714,Favorita,28,seasonal_naive,450265559,336,38409.0,14279.0,42.49702380952381,35.7448190315779,0.371761826655211
source_b_repair_baselines_favorita_100_v1_5,favorita_top_volume_100_20260714,Favorita,28,seasonal_naive,450314384,336,40907.0,11791.0,35.092261904761905,28.371931833785435,0.28823917666902976
source_b_repair_baselines_favorita_100_v1_5,favorita_top_volume_100_20260714,Favorita,28,seasonal_naive,450364606,336,40823.0,13073.0,38.907738095238095,24.90489261578733,0.3202361413908826
source_b_repair_baselines_favorita_100_v1_5,favorita_top_volume_100_20260714,Favorita,28,seasonal_naive,450364738,336,58977.0,26495.0,78.85416666666667,42.11532320051406,0.44924292520813197
source_b_repair_baselines_favorita_100_v1_5,favorita_top_volume_100_20260714,Favorita,28,seasonal_naive,450584028,336,55816.6309800148,17834.31103658676,53.07830665650822,33.34503636991283,0.3195160783346518
source_b_repair_baselines_favorita_100_v1_5,favorita_top_volume_100_20260714,Favorita,28,seasonal_naive,451047679,336,58833.0,28263.0,84.11607142857143,50.581047427502654,0.48039365662128397
source_b_repair_baselines_favorita_100_v1_5,favorita_top_volume_100_20260714,Favorita,28,seasonal_naive,451463992,336,103241.0,26879.0,79.99702380952381,25.794771483858998,0.26035199194118613
source_b_repair_baselines_favorita_100_v1_5,favorita_top_volume_100_20260714,Favorita,28,seasonal_naive,451463993,336,106690.0,28238.0,84.04166666666667,26.17060956541567,0.264673352704096
source_b_repair_baselines_favorita_100_v1_5,favorita_top_volume_100_20260714,Favorita,28,seasonal_naive,451473474,336,115135.57293128967,25182.023107528687,74.94649734383538,23.310998068613475,0.21871627044889727
source_b_repair_baselines_favorita_100_v1_5,favorita_top_volume_100_20260714,Favorita,28,seasonal_naive,451503844,336,155174.49281215668,37779.161034584045,112.43797926959537,25.74174794856968,0.24346244250539836
source_b_repair_baselines_favorita_100_v1_5,favorita_top_volume_100_20260714,Favorita,28,seasonal_naive,451686656,336,66133.0,17749.0,52.82440476190476,27.45700583218587,0.2683834091905705
source_b_repair_baselines_favorita_100_v1_5,favorita_top_volume_100_20260714,Favorita,28,seasonal_naive,460159156,336,36659.13201189041,23783.64997959137,70.78467255830765,65.77263857988376,0.6487783172792287
source_b_repair_baselines_favorita_100_v1_5,favorita_top_volume_100_20260714,Favorita,28,seasonal_naive,460265559,336,42994.0,17750.0,52.82738095238095,37.91795751504738,0.4128483044145695
source_b_repair_baselines_favorita_100_v1_5,favorita_top_volume_100_20260714,Favorita,28,seasonal_naive,460320682,336,32557.0,11487.0,34.1875,32.666974878508825,0.3528273489572135
source_b_repair_baselines_favorita_100_v1_5,favorita_top_volume_100_20260714,Favorita,28,seasonal_naive,460582864,336,39571.47597503662,10195.303886413574,30.34316632861183,25.430233011879476,0.25764274986470576
source_b_repair_baselines_favorita_100_v1_5,favorita_top_volume_100_20260714,Favorita,28,seasonal_naive,460583985,336,56362.90319824219,21742.025466918945,64.70840912773495,44.04716654206401,0.38575063087944383
source_b_repair_baselines_favorita_100_v1_5,favorita_top_volume_100_20260714,Favorita,28,seasonal_naive,460584028,336,53102.20799827576,19469.37790298462,57.94457709221613,38.8678658426566,0.3666397055206592
source_b_repair_baselines_favorita_100_v1_5,favorita_top_volume_100_20260714,Favorita,28,seasonal_naive,460807493,336,13381.0,8007.0,23.830357142857142,60.551314052493865,0.5983857708691428
source_b_repair_baselines_favorita_100_v1_5,favorita_top_volume_100_20260714,Favorita,28,seasonal_naive,460903284,336,44653.990087628365,25978.44424045086,77.31679833467517,66.86979744785792,0.5817720698524617
source_b_repair_baselines_favorita_100_v1_5,favorita_top_volume_100_20260714,Favorita,28,seasonal_naive,461047679,336,42613.0,19953.0,59.38392857142857,49.95579031689984,0.468237392345059
source_b_repair_baselines_favorita_100_v1_5,favorita_top_volume_100_20260714,Favorita,28,seasonal_naive,461143685,336,22833.0,13515.0,40.223214285714285,59.98529192509239,0.5919064511890685
source_b_repair_baselines_favorita_100_v1_5,favorita_top_volume_100_20260714,Favorita,28,seasonal_naive,461463992,336,94141.0,25881.0,77.02678571428571,27.962282727153198,0.2749174111173665
source_b_repair_baselines_favorita_100_v1_5,favorita_top_volume_100_20260714,Favorita,28,seasonal_naive,461463993,336,82056.0,23786.0,70.79166666666667,29.293755827573232,0.2898752071755874
source_b_repair_baselines_favorita_100_v1_5,favorita_top_volume_100_20260714,Favorita,28,seasonal_naive,470364738,336,66782.0,34312.0,102.11904761904762,44.309948278659064,0.5137911413255069
source_b_repair_baselines_favorita_100_v1_5,favorita_top_volume_100_20260714,Favorita,28,seasonal_naive,470584028,336,40728.31797218323,12713.899961471558,37.83898798057011,31.95880167806405,0.31216363931736496
source_b_repair_baselines_favorita_100_v1_5,favorita_top_volume_100_20260714,Favorita,28,seasonal_naive,470807493,336,15427.0,9369.0,27.883928571428573,61.11990915626778,0.6073118558371686
source_b_repair_baselines_favorita_100_v1_5,favorita_top_volume_100_20260714,Favorita,28,seasonal_naive,470903285,336,53312.443910360336,27605.227979898453,82.15841660684063,53.74492426424903,0.5178008351354881
source_b_repair_baselines_favorita_100_v1_5,favorita_top_volume_100_20260714,Favorita,28,seasonal_naive,471047679,336,65494.0,25762.0,76.67261904761905,39.995875839813436,0.3933490090695331
source_b_repair_baselines_favorita_100_v1_5,favorita_top_volume_100_20260714,Favorita,28,seasonal_naive,471143685,336,22812.0,14650.0,43.601190476190474,66.06351275170799,0.6422058565667192
source_b_repair_baselines_favorita_100_v1_5,favorita_top_volume_100_20260714,Favorita,28,seasonal_naive,471463992,336,81131.0,21701.0,64.58630952380952,26.965678483817012,0.267480987538672
source_b_repair_baselines_favorita_100_v1_5,favorita_top_volume_100_20260714,Favorita,28,seasonal_naive,471463993,336,86114.0,22322.0,66.43452380952381,27.50243726162389,0.25921452957707225
source_b_repair_baselines_favorita_100_v1_5,favorita_top_volume_100_20260714,Favorita,28,seasonal_naive,471473474,336,82299.29704284668,17035.8748626709,50.70200851985386,20.527778031799716,0.20699903249236354
source_b_repair_baselines_favorita_100_v1_5,favorita_top_volume_100_20260714,Favorita,28,seasonal_naive,471503844,336,119533.05811691284,32878.412647247314,97.85241859299796,29.679439682505144,0.2750570692760961
source_b_repair_baselines_favorita_100_v1_5,favorita_top_volume_100_20260714,Favorita,28,seasonal_naive,471642399,336,91023.63522148132,33558.9089679718,99.87770526182084,35.70406071209891,0.36868346211745223
source_b_repair_baselines_favorita_100_v1_5,favorita_top_volume_100_20260714,Favorita,28,seasonal_naive,480265559,336,42158.0,16792.0,49.976190476190474,38.31678784092136,0.39831111532805163
source_b_repair_baselines_favorita_100_v1_5,favorita_top_volume_100_20260714,Favorita,28,seasonal_naive,480584028,336,78883.58391571045,23895.984077453613,71.1190002305167,30.03032151863181,0.302927211103735
source_b_repair_baselines_favorita_100_v1_5,favorita_top_volume_100_20260714,Favorita,28,seasonal_naive,481143685,336,23027.0,14487.0,43.11607142857143,64.03900777577908,0.6291310201068311
source_b_repair_baselines_favorita_100_v1_5,favorita_top_volume_100_20260714,Favorita,28,seasonal_naive,481463992,336,104652.0,38192.0,113.66666666666667,35.51908107765255,0.3649428582349119
source_b_repair_baselines_favorita_100_v1_5,favorita_top_volume_100_20260714,Favorita,28,seasonal_naive,490364738,336,53215.0,23055.0,68.61607142857143,41.55540051181112,0.4332425068119891
source_b_repair_baselines_favorita_100_v1_5,favorita_top_volume_100_20260714,Favorita,28,seasonal_naive,491473474,336,102771.42575073242,20060.54214477539,59.70399447849819,19.81459488477393,0.19519571708026465
source_b_repair_baselines_favorita_100_v1_5,favorita_top_volume_100_20260714,Favorita,28,seasonal_naive,491503844,336,188745.82846546173,44881.25281429291,133.57515718539557,26.151699317519945,0.2377867271514594
source_b_repair_baselines_favorita_100_v1_5,favorita_top_volume_100_20260714,Favorita,28,seasonal_naive,491642399,336,88456.82216262817,23246.674144744873,69.18653019269307,26.37120630979083,0.2628025015640488
source_b_repair_baselines_favorita_100_v1_5,favorita_top_volume_100_20260714,Favorita,28,seasonal_naive,491695835,336,86648.78703308105,23711.800735473633,70.57083552224296,27.289857917481587,0.27365415659449294
source_b_repair_baselines_favorita_100_v1_5,favorita_top_volume_100_20260714,Favorita,28,seasonal_naive,500584028,336,46354.22006523609,15317.252041697502,45.587059647909236,35.306341105104636,0.3304392139516303
source_b_repair_baselines_favorita_100_v1_5,favorita_top_volume_100_20260714,Favorita,28,seasonal_naive,510257847,336,40000.0,23368.0,69.54761904761905,60.442358144842515,0.5842
source_b_repair_baselines_favorita_100_v1_5,favorita_top_volume_100_20260714,Favorita,28,seasonal_naive,511239986,336,123141.51953125,117408.47900390625,349.4299970354353,21.681640542403517,0.9534434807271576
source_b_repair_baselines_favorita_100_v1_5,favorita_top_volume_100_20260714,Favorita,28,seasonal_naive,511473474,336,80121.23680877686,14516.176658630371,43.2029067221142,18.769185665756464,0.18117764074555825
source_b_repair_baselines_favorita_100_v1_5,favorita_top_volume_100_20260714,Favorita,28,seasonal_naive,511503844,336,115486.46313071251,30673.462792634964,91.29006783522311,34.359400581349966,0.26560223563100577
source_b_repair_baselines_favorita_100_v1_5,favorita_top_volume_100_20260714,Favorita,28,seasonal_naive,511695835,336,76979.18010139465,20076.639936447144,59.75190457275936,27.065731961078043,0.26080610250723374
source_b_repair_baselines_favorita_100_v1_5,favorita_top_volume_100_20260714,Favorita,28,lightgbm_cov,20582864,336,62179.15570354462,36401.90710926056,108.33900925375167,63.24655091107484,0.5854358538223994
source_b_repair_baselines_favorita_100_v1_5,favorita_top_volume_100_20260714,Favorita,28,lightgbm_cov,30364738,336,60684.0,22254.918815612793,66.23487742741902,35.57484731151862,0.36673453983937765
source_b_repair_baselines_favorita_100_v1_5,favorita_top_volume_100_20260714,Favorita,28,lightgbm_cov,30819932,336,44266.0,23892.327501773834,71.10811756480308,62.36894780652031,0.539744442727462
source_b_repair_baselines_favorita_100_v1_5,favorita_top_volume_100_20260714,Favorita,28,lightgbm_cov,31047679,336,125142.0,40005.588119506836,119.06425035567511,31.20588247153143,0.3196815467189819
source_b_repair_baselines_favorita_100_v1_5,favorita_top_volume_100_20260714,Favorita,28,lightgbm_cov,31430040,336,122391.0,38459.655532836914,114.46326051439557,33.28062066376399,0.31423597758688887
source_b_repair_baselines_favorita_100_v1_5,favorita_top_volume_100_20260714,Favorita,28,lightgbm_cov,31463993,336,95667.0,18130.643844604492,53.96024953751337,19.185900521036718,0.18951826486253873
source_b_repair_baselines_favorita_100_v1_5,favorita_top_volume_100_20260714,Favorita,28,lightgbm_cov,31473404,336,71985.0,14547.703407287598,43.29673633121309,20.397395859018097,0.20209353903295962
source_b_repair_baselines_favorita_100_v1_5,favorita_top_volume_100_20260714,Favorita,28,lightgbm_cov,31473474,336,120521.74017333984,16574.400161743164,49.32857190994989,13.799965714387637,0.13752207807408945
source_b_repair_baselines_favorita_100_v1_5,favorita_top_volume_100_20260714,Favorita,28,lightgbm_cov,31503844,336,178326.49873435497,30532.456862568855,90.87040732907397,17.933179372766098,0.17121660033291908
source_b_repair_baselines_favorita_100_v1_5,favorita_top_volume_100_20260714,Favorita,28,lightgbm_cov,71047679,336,65556.0,22212.55322265625,66.1087893531436,31.641087966366033,0.33883326045909223
source_b_repair_baselines_favorita_100_v1_5,favorita_top_volume_100_20260714,Favorita,28,lightgbm_cov,71473474,336,73308.13996124268,11335.429664611816,33.736397811344695,15.41032033809697,0.15462716242159127
source_b_repair_baselines_favorita_100_v1_5,favorita_top_volume_100_20260714,Favorita,28,lightgbm_cov,71503844,336,131404.38612121344,22077.710863649845,65.70747280848168,17.945194182586707,0.16801350027452167
source_b_repair_baselines_favorita_100_v1_5,favorita_top_volume_100_20260714,Favorita,28,lightgbm_cov,81047679,336,68685.0,22562.815895080566,67.15123778297787,32.92637285769944,0.3284969919936022
source_b_repair_baselines_favorita_100_v1_5,favorita_top_volume_100_20260714,Favorita,28,lightgbm_cov,81430040,336,78297.0,29576.28466796875,88.024656749907,42.212209066598746,0.3777448007965663
source_b_repair_baselines_favorita_100_v1_5,favorita_top_volume_100_20260714,Favorita,28,lightgbm_cov,81473474,336,68700.30795288086,11215.162315368652,33.37845927193051,16.20625180607847,0.1632476279882288
source_b_repair_baselines_favorita_100_v1_5,favorita_top_volume_100_20260714,Favorita,28,lightgbm_cov,81503844,336,134077.01923525333,23314.961614966393,69.3897667112095,17.730346992652102,0.17389230270742856
source_b_repair_baselines_favorita_100_v1_5,favorita_top_volume_100_20260714,Favorita,28,lightgbm_cov,90457928,336,21455.09001350403,11916.534643173218,35.46587691420601,53.742849538204716,0.5554176018685003
source_b_repair_baselines_favorita_100_v1_5,favorita_top_volume_100_20260714,Favorita,28,lightgbm_cov,91463992,336,102244.0,23782.18214416504,70.78030400049118,23.35756281608114,0.232602227457504
source_b_repair_baselines_favorita_100_v1_5,favorita_top_volume_100_20260714,Favorita,28,lightgbm_cov,110320682,336,42424.0,12388.527450561523,36.870617412385485,28.926721920346015,0.2920169585744278
source_b_repair_baselines_favorita_100_v1_5,favorita_top_volume_100_20260714,Favorita,28,lightgbm_cov,110584126,336,128286.72693824768,29697.758016586304,88.38618457317352,23.639291058455335,0.23149517276936737
source_b_repair_baselines_favorita_100_v1_5,favorita_top_volume_100_20260714,Favorita,28,lightgbm_cov,110807493,336,32910.0,13706.920446395874,40.79440609046391,44.317114282635444,0.41649712690355134
source_b_repair_baselines_favorita_100_v1_5,favorita_top_volume_100_20260714,Favorita,28,lightgbm_cov,110819932,336,70807.0,32156.88747406006,95.70502224422637,51.10378130082673,0.4541484242244419
source_b_repair_baselines_favorita_100_v1_5,favorita_top_volume_100_20260714,Favorita,28,lightgbm_cov,110968432,336,35446.0,18248.542029947042,54.31113699389001,92.93238369494394,0.5148265539115003
source_b_repair_baselines_favorita_100_v1_5,favorita_top_volume_100_20260714,Favorita,28,lightgbm_cov,111047679,336,57507.0,26951.58218383789,80.21304221380325,43.417282830007146,0.4686661134094613
source_b_repair_baselines_favorita_100_v1_5,favorita_top_volume_100_20260714,Favorita,28,lightgbm_cov,111146786,336,43770.0,16684.544471740723,49.656382356371196,39.428149515452915,0.38118675969249993
source_b_repair_baselines_favorita_100_v1_5,favorita_top_volume_100_20260714,Favorita,28,lightgbm_cov,140584126,336,54653.09191584587,17228.782408952713,51.27613812188307,37.73311936390818,0.31523893351690646
source_b_repair_baselines_favorita_100_v1_5,favorita_top_volume_100_20260714,Favorita,28,lightgbm_cov,171463992,336,71476.0,18206.64242553711,54.18643579028902,26.246304030060358,0.2547238573162615
source_b_repair_baselines_favorita_100_v1_5,favorita_top_volume_100_20260714,Favorita,28,lightgbm_cov,190819932,336,77399.0,35713.592277526855,106.29045320692516,49.75928096668783,0.4614218824213085
source_b_repair_baselines_favorita_100_v1_5,favorita_top_volume_100_20260714,Favorita,28,lightgbm_cov,201463992,336,92876.0,26332.602798461914,78.37084166208903,28.387384654695722,0.2835242990488599
source_b_repair_baselines_favorita_100_v1_5,favorita_top_volume_100_20260714,Favorita,28,lightgbm_cov,230583985,336,12469.941967964172,7553.5728276968,22.48087151100238,97.79894365088015,0.6057424202215423
source_b_repair_baselines_favorita_100_v1_5,favorita_top_volume_100_20260714,Favorita,28,lightgbm_cov,231084365,336,68294.02824401855,45287.329319775105,134.7837182136164,142.51956744976374,0.6631228305637622
source_b_repair_baselines_favorita_100_v1_5,favorita_top_volume_100_20260714,Favorita,28,lightgbm_cov,240257847,336,48982.0,17095.63888645172,50.87987763824917,53.79259026828404,0.34901880050736434
source_b_repair_baselines_favorita_100_v1_5,favorita_top_volume_100_20260714,Favorita,28,lightgbm_cov,241503844,336,79591.33407306671,15396.111361503601,45.821760004475,20.558790824581358,0.19343954390021417
source_b_repair_baselines_favorita_100_v1_5,favorita_top_volume_100_20260714,Favorita,28,lightgbm_cov,311167614,336,74961.0,24150.034088134766,71.87510145278205,32.14566777636521,0.32216798185903023
source_b_repair_baselines_favorita_100_v1_5,favorita_top_volume_100_20260714,Favorita,28,lightgbm_cov,351167614,336,58615.0,24369.159671783447,72.52726092792693,41.94561731025367,0.41574954656288404
source_b_repair_baselines_favorita_100_v1_5,favorita_top_volume_100_20260714,Favorita,28,lightgbm_cov,371503844,336,65680.43591976166,11667.806099891663,34.72561339253471,19.26109541912067,0.17764507705377608
source_b_repair_baselines_favorita_100_v1_5,favorita_top_volume_100_20260714,Favorita,28,lightgbm_cov,391167614,336,149581.0,65713.24536132812,195.57513500395277,50.14622251412052,0.4393154569185132
source_b_repair_baselines_favorita_100_v1_5,favorita_top_volume_100_20260714,Favorita,28,lightgbm_cov,391463864,336,100418.0,25672.890586853027,76.40741246087211,28.721570403198527,0.25566024604008275
source_b_repair_baselines_favorita_100_v1_5,favorita_top_volume_100_20260714,Favorita,28,lightgbm_cov,430807493,336,25500.0,13036.245778083801,38.79835053001131,53.66740686315462,0.5112253246307373
source_b_repair_baselines_favorita_100_v1_5,favorita_top_volume_100_20260714,Favorita,28,lightgbm_cov,431143685,336,22646.0,13634.563863754272,40.57905911831629,59.877377501326976,0.602073826006989
source_b_repair_baselines_favorita_100_v1_5,favorita_top_volume_100_20260714,Favorita,28,lightgbm_cov,431430040,336,75646.0,34264.330726623535,101.97717478161766,49.18482127681388,0.4529562796000256
source_b_repair_baselines_favorita_100_v1_5,favorita_top_volume_100_20260714,Favorita,28,lightgbm_cov,440819932,336,65672.0,33852.541226387024,100.75161079281852,57.35041715576076,0.5154790660614421
source_b_repair_baselines_favorita_100_v1_5,favorita_top_volume_100_20260714,Favorita,28,lightgbm_cov,441037857,336,26526.0,19515.585839271545,58.08210071211769,73.08219042901256,0.7357153675364376
source_b_repair_baselines_favorita_100_v1_5,favorita_top_volume_100_20260714,Favorita,28,lightgbm_cov,441047679,336,127506.0,48336.343032836914,143.8581637882051,34.73669750944403,0.37909073324264675
source_b_repair_baselines_favorita_100_v1_5,favorita_top_volume_100_20260714,Favorita,28,lightgbm_cov,441047690,336,33974.0,12272.319972991943,36.52476182438078,32.981949251814406,0.3612268197148391
source_b_repair_baselines_favorita_100_v1_5,favorita_top_volume_100_20260714,Favorita,28,lightgbm_cov,441430040,336,110659.0,60440.527282714844,179.88252167474656,58.38817637436483,0.546187181184674
source_b_repair_baselines_favorita_100_v1_5,favorita_top_volume_100_20260714,Favorita,28,lightgbm_cov,441473410,336,60555.434147417545,13607.154353559017,40.497483195116125,24.455741680597143,0.2247057517651256
source_b_repair_baselines_favorita_100_v1_5,favorita_top_volume_100_20260714,Favorita,28,lightgbm_cov,441473474,336,161569.7039642334,35758.41590881348,106.42385687146869,21.115623316826383,0.221318818017574
source_b_repair_baselines_favorita_100_v1_5,favorita_top_volume_100_20260714,Favorita,28,lightgbm_cov,441502392,336,71587.98893737793,23191.02310180664,69.02090208871024,30.498970457389973,0.32395131426436835
source_b_repair_baselines_favorita_100_v1_5,favorita_top_volume_100_20260714,Favorita,28,lightgbm_cov,441503844,336,240006.25012922287,41056.94912004471,122.19330095251401,17.82053294212952,0.17106616639332953
source_b_repair_baselines_favorita_100_v1_5,favorita_top_volume_100_20260714,Favorita,28,lightgbm_cov,441695835,336,71396.3309249878,22592.301765441895,67.23899334952945,29.09681890368163,0.3164350530726626
source_b_repair_baselines_favorita_100_v1_5,favorita_top_volume_100_20260714,Favorita,28,lightgbm_cov,450265559,336,38409.0,10041.943504333496,29.886736620040168,26.25184884979017,0.26144766862801677
source_b_repair_baselines_favorita_100_v1_5,favorita_top_volume_100_20260714,Favorita,28,lightgbm_cov,450314384,336,40907.0,8990.08406829834,26.75620258422125,21.78665239516901,0.2197688431881668
source_b_repair_baselines_favorita_100_v1_5,favorita_top_volume_100_20260714,Favorita,28,lightgbm_cov,450364606,336,40823.0,10948.026054382324,32.58341087613787,19.038370461688846,0.268182790446129
source_b_repair_baselines_favorita_100_v1_5,favorita_top_volume_100_20260714,Favorita,28,lightgbm_cov,450364738,336,58977.0,24855.726821899414,73.97537744612922,38.98193722627119,0.4214477986655716
source_b_repair_baselines_favorita_100_v1_5,favorita_top_volume_100_20260714,Favorita,28,lightgbm_cov,450584028,336,55816.6309800148,13580.891114711761,40.419318793785,25.090722922755447,0.24331262701208914
source_b_repair_baselines_favorita_100_v1_5,favorita_top_volume_100_20260714,Favorita,28,lightgbm_cov,451047679,336,58833.0,27295.786743164062,81.23746054513114,43.11095597497454,0.4639536780916163
source_b_repair_baselines_favorita_100_v1_5,favorita_top_volume_100_20260714,Favorita,28,lightgbm_cov,451463992,336,103241.0,22180.506393432617,66.01341188521613,21.080869974732767,0.21484203362455437
source_b_repair_baselines_favorita_100_v1_5,favorita_top_volume_100_20260714,Favorita,28,lightgbm_cov,451463993,336,106690.0,21727.19596862793,64.66427371615455,20.18250516676011,0.2036479142246502
source_b_repair_baselines_favorita_100_v1_5,favorita_top_volume_100_20260714,Favorita,28,lightgbm_cov,451473474,336,115135.57293128967,21791.81067466736,64.85657938889095,18.979267154394506,0.18927087536770432
source_b_repair_baselines_favorita_100_v1_5,favorita_top_volume_100_20260714,Favorita,28,lightgbm_cov,451503844,336,155174.49281215668,26182.907731056213,77.9253206281435,17.364521724887755,0.1687320335743027
source_b_repair_baselines_favorita_100_v1_5,favorita_top_volume_100_20260714,Favorita,28,lightgbm_cov,451686656,336,66133.0,15568.075225830078,46.33355721973238,23.313844492531434,0.23540554981370992
source_b_repair_baselines_favorita_100_v1_5,favorita_top_volume_100_20260714,Favorita,28,lightgbm_cov,460159156,336,36659.13201189041,21632.33677840233,64.38195469762597,74.28058917708327,0.5900940800067461
source_b_repair_baselines_favorita_100_v1_5,favorita_top_volume_100_20260714,Favorita,28,lightgbm_cov,460265559,336,42994.0,12118.910327911377,36.06818549973624,28.079648700632003,0.28187445522424937
source_b_repair_baselines_favorita_100_v1_5,favorita_top_volume_100_20260714,Favorita,28,lightgbm_cov,460320682,336,32557.0,8479.682971954346,25.237151702245075,24.883626809564344,0.26045652154542326
source_b_repair_baselines_favorita_100_v1_5,favorita_top_volume_100_20260714,Favorita,28,lightgbm_cov,460582864,336,39571.47597503662,7894.075820922852,23.494273276556108,20.017588114323036,0.1994890417002078
source_b_repair_baselines_favorita_100_v1_5,favorita_top_volume_100_20260714,Favorita,28,lightgbm_cov,460583985,336,56362.90319824219,29224.791440963745,86.97854595524925,80.0381702377014,0.5185111089500299
source_b_repair_baselines_favorita_100_v1_5,favorita_top_volume_100_20260714,Favorita,28,lightgbm_cov,460584028,336,53102.20799827576,14335.956659317017,42.66653767653874,28.790086493970286,0.2699691255735074
source_b_repair_baselines_favorita_100_v1_5,favorita_top_volume_100_20260714,Favorita,28,lightgbm_cov,460807493,336,13381.0,10948.602279663086,32.58512583233061,66.90598448695664,0.8182200343519234
source_b_repair_baselines_favorita_100_v1_5,favorita_top_volume_100_20260714,Favorita,28,lightgbm_cov,460903284,336,44653.990087628365,19767.36911571026,58.83145570151863,50.129196652862674,0.44267867388600773
source_b_repair_baselines_favorita_100_v1_5,favorita_top_volume_100_20260714,Favorita,28,lightgbm_cov,461047679,336,42613.0,16755.87010192871,49.868661017644975,41.469854474623766,0.39321029033226274
source_b_repair_baselines_favorita_100_v1_5,favorita_top_volume_100_20260714,Favorita,28,lightgbm_cov,461143685,336,22833.0,13577.909496307373,40.41044492948623,61.22901392316591,0.5946616518331964
source_b_repair_baselines_favorita_100_v1_5,favorita_top_volume_100_20260714,Favorita,28,lightgbm_cov,461463992,336,94141.0,21626.92774963379,64.36585639771961,23.06474070355628,0.22972910580548103
source_b_repair_baselines_favorita_100_v1_5,favorita_top_volume_100_20260714,Favorita,28,lightgbm_cov,461463993,336,82056.0,19389.729034423828,57.70752688816616,23.95986901381296,0.2362987354297532
source_b_repair_baselines_favorita_100_v1_5,favorita_top_volume_100_20260714,Favorita,28,lightgbm_cov,470364738,336,66782.0,31843.841026306152,94.77333638781593,40.89949303731649,0.476832694832532
source_b_repair_baselines_favorita_100_v1_5,favorita_top_volume_100_20260714,Favorita,28,lightgbm_cov,470584028,336,40728.31797218323,10953.492559432983,32.599680236407686,25.70950394604288,0.26894045972912606
source_b_repair_baselines_favorita_100_v1_5,favorita_top_volume_100_20260714,Favorita,28,lightgbm_cov,470807493,336,15427.0,13344.978254318237,39.717197185470944,69.8173631656042,0.8650404002280572
source_b_repair_baselines_favorita_100_v1_5,favorita_top_volume_100_20260714,Favorita,28,lightgbm_cov,470903285,336,53312.443910360336,19450.78578400612,57.88924340478012,39.595109321213165,0.36484513478149144
source_b_repair_baselines_favorita_100_v1_5,favorita_top_volume_100_20260714,Favorita,28,lightgbm_cov,471047679,336,65494.0,31993.607025146484,95.21906852722168,41.34487980506937,0.48849676344621623
source_b_repair_baselines_favorita_100_v1_5,favorita_top_volume_100_20260714,Favorita,28,lightgbm_cov,471143685,336,22812.0,14734.046444892883,43.85132870503834,63.426724499033405,0.6458901650400177
source_b_repair_baselines_favorita_100_v1_5,favorita_top_volume_100_20260714,Favorita,28,lightgbm_cov,471463992,336,81131.0,19927.05556488037,59.30671299071539,23.680775040638576,0.24561580117193638
source_b_repair_baselines_favorita_100_v1_5,favorita_top_volume_100_20260714,Favorita,28,lightgbm_cov,471463993,336,86114.0,20164.759368896484,60.014164788382395,23.79444497706445,0.23416354331347383
source_b_repair_baselines_favorita_100_v1_5,favorita_top_volume_100_20260714,Favorita,28,lightgbm_cov,471473474,336,82299.29704284668,19039.040496826172,56.66381100245884,21.01443911811776,0.23133904153414656
source_b_repair_baselines_favorita_100_v1_5,favorita_top_volume_100_20260714,Favorita,28,lightgbm_cov,471503844,336,119533.05811691284,28188.414600372314,83.89409107253665,23.17316271343819,0.2358210778210142
source_b_repair_baselines_favorita_100_v1_5,favorita_top_volume_100_20260714,Favorita,28,lightgbm_cov,471642399,336,91023.63522148132,31964.672525405884,95.13295394466037,33.871623177298716,0.3511689293404787
source_b_repair_baselines_favorita_100_v1_5,favorita_top_volume_100_20260714,Favorita,28,lightgbm_cov,480265559,336,42158.0,13210.101036071777,39.31577689307077,31.18484443738181,0.3133474319481896
source_b_repair_baselines_favorita_100_v1_5,favorita_top_volume_100_20260714,Favorita,28,lightgbm_cov,480584028,336,78883.58391571045,19869.462562561035,59.13530524571737,25.238551056369634,0.2518833650331122
source_b_repair_baselines_favorita_100_v1_5,favorita_top_volume_100_20260714,Favorita,28,lightgbm_cov,481143685,336,23027.0,12215.10733795166,36.35448612485613,57.985872050552445,0.5304688990294724
source_b_repair_baselines_favorita_100_v1_5,favorita_top_volume_100_20260714,Favorita,28,lightgbm_cov,481463992,336,104652.0,30463.410354614258,90.66491176968529,29.71055845880092,0.29109248131535237
source_b_repair_baselines_favorita_100_v1_5,favorita_top_volume_100_20260714,Favorita,28,lightgbm_cov,490364738,336,53215.0,18078.412185668945,53.80479817163376,32.8133507655679,0.3397239910865159
source_b_repair_baselines_favorita_100_v1_5,favorita_top_volume_100_20260714,Favorita,28,lightgbm_cov,491473474,336,102771.42575073242,16198.196212768555,48.20891729990641,15.60104198759673,0.15761381234562774
source_b_repair_baselines_favorita_100_v1_5,favorita_top_volume_100_20260714,Favorita,28,lightgbm_cov,491503844,336,188745.82846546173,34546.89388561249,102.81813656432288,19.50052216180612,0.1830339465856548
source_b_repair_baselines_favorita_100_v1_5,favorita_top_volume_100_20260714,Favorita,28,lightgbm_cov,491642399,336,88456.82216262817,19212.324016571045,57.1795357636043,21.925241984818054,0.21719437288001509
source_b_repair_baselines_favorita_100_v1_5,favorita_top_volume_100_20260714,Favorita,28,lightgbm_cov,491695835,336,86648.78703308105,18824.93650817871,56.02659675053188,21.42609947824888,0.2172556264520087
source_b_repair_baselines_favorita_100_v1_5,favorita_top_volume_100_20260714,Favorita,28,lightgbm_cov,500584028,336,46354.22006523609,11521.559811472893,34.29035658176456,26.32910609920105,0.24855471185273217
source_b_repair_baselines_favorita_100_v1_5,favorita_top_volume_100_20260714,Favorita,28,lightgbm_cov,510257847,336,40000.0,18101.421201229095,53.873277384610404,64.18735691464933,0.4525355300307274
source_b_repair_baselines_favorita_100_v1_5,favorita_top_volume_100_20260714,Favorita,28,lightgbm_cov,511239986,336,123141.51953125,108734.56268912554,323.6147699081117,189.6220313791084,0.8830048801008309
source_b_repair_baselines_favorita_100_v1_5,favorita_top_volume_100_20260714,Favorita,28,lightgbm_cov,511473474,336,80121.23680877686,12690.402534484863,37.76905516215733,15.789926967270478,0.15838999795737924
source_b_repair_baselines_favorita_100_v1_5,favorita_top_volume_100_20260714,Favorita,28,lightgbm_cov,511503844,336,115486.46313071251,23558.95059609413,70.11592439313729,23.752523017614,0.20399750721804602
source_b_repair_baselines_favorita_100_v1_5,favorita_top_volume_100_20260714,Favorita,28,lightgbm_cov,511695835,336,76979.18010139465,17461.624174118042,51.969119565827505,22.67685890021007,0.22683567363432708
source_b_repair_baselines_favorita_100_v1_5,favorita_top_volume_100_20260714,Favorita,28,lightgbm_direct,20582864,336,62179.15570354462,43856.52627277374,130.52537581182662,70.66366649780224,0.7053252135148184
source_b_repair_baselines_favorita_100_v1_5,favorita_top_volume_100_20260714,Favorita,28,lightgbm_direct,30364738,336,60684.0,19431.57559967041,57.832070237114316,31.51547258170289,0.3202092083526203
source_b_repair_baselines_favorita_100_v1_5,favorita_top_volume_100_20260714,Favorita,28,lightgbm_direct,30819932,336,44266.0,21994.006214141846,65.45835182780311,56.07202281619443,0.4968600328500846
source_b_repair_baselines_favorita_100_v1_5,favorita_top_volume_100_20260714,Favorita,28,lightgbm_direct,31047679,336,125142.0,36127.860931396484,107.5233956291562,28.26406971190916,0.28869493001067975
source_b_repair_baselines_favorita_100_v1_5,favorita_top_volume_100_20260714,Favorita,28,lightgbm_direct,31430040,336,122391.0,36728.65966796875,109.31148710704986,31.94431742984572,0.3000928145694434
source_b_repair_baselines_favorita_100_v1_5,favorita_top_volume_100_20260714,Favorita,28,lightgbm_direct,31463993,336,95667.0,16312.934753417969,48.550401051839195,17.445731224136036,0.17051788760406378
source_b_repair_baselines_favorita_100_v1_5,favorita_top_volume_100_20260714,Favorita,28,lightgbm_direct,31473404,336,71985.0,13473.19644165039,40.09879893348331,18.798130106871984,0.1871667214232186
source_b_repair_baselines_favorita_100_v1_5,favorita_top_volume_100_20260714,Favorita,28,lightgbm_direct,31473474,336,120521.74017333984,16425.272201538086,48.88473869505383,13.651529062578337,0.13628472487963178
source_b_repair_baselines_favorita_100_v1_5,favorita_top_volume_100_20260714,Favorita,28,lightgbm_direct,31503844,336,178326.49873435497,30742.60179054737,91.49583866234336,18.271596118723423,0.1723950282697091
source_b_repair_baselines_favorita_100_v1_5,favorita_top_volume_100_20260714,Favorita,28,lightgbm_direct,71047679,336,65556.0,19514.572380065918,58.0790844644819,30.244008255211313,0.2976778995067716
source_b_repair_baselines_favorita_100_v1_5,favorita_top_volume_100_20260714,Favorita,28,lightgbm_direct,71473474,336,73308.13996124268,12177.27628326416,36.24189370019095,16.40218028270949,0.166110834208891
source_b_repair_baselines_favorita_100_v1_5,favorita_top_volume_100_20260714,Favorita,28,lightgbm_direct,71503844,336,131404.38612121344,22831.780489504337,67.95172764733434,18.78796538724903,0.17375204255696042
source_b_repair_baselines_favorita_100_v1_5,favorita_top_volume_100_20260714,Favorita,28,lightgbm_direct,81047679,336,68685.0,19761.157974243164,58.81297016143799,29.445648229578158,0.2877070390076897
source_b_repair_baselines_favorita_100_v1_5,favorita_top_volume_100_20260714,Favorita,28,lightgbm_direct,81430040,336,78297.0,28097.58979034424,83.62377913792928,40.49747222306303,0.35885908515453
source_b_repair_baselines_favorita_100_v1_5,favorita_top_volume_100_20260714,Favorita,28,lightgbm_direct,81473474,336,68700.30795288086,10831.532470703125,32.23670378185454,15.952228367118208,0.15766352136488376
source_b_repair_baselines_favorita_100_v1_5,favorita_top_volume_100_20260714,Favorita,28,lightgbm_direct,81503844,336,134077.01923525333,22435.0218719244,66.77089842834643,17.2562493817307,0.16732936039217586
source_b_repair_baselines_favorita_100_v1_5,favorita_top_volume_100_20260714,Favorita,28,lightgbm_direct,90457928,336,21455.09001350403,10745.03726387024,31.979277571042378,50.00167357537777,0.5008152963752291
source_b_repair_baselines_favorita_100_v1_5,favorita_top_volume_100_20260714,Favorita,28,lightgbm_direct,91463992,336,102244.0,21242.47100830078,63.221639905657085,21.10269398498398,0.20776251915320978
source_b_repair_baselines_favorita_100_v1_5,favorita_top_volume_100_20260714,Favorita,28,lightgbm_direct,110320682,336,42424.0,11796.54891204834,35.108776523953395,27.491604219035676,0.27806309900170517
source_b_repair_baselines_favorita_100_v1_5,favorita_top_volume_100_20260714,Favorita,28,lightgbm_direct,110584126,336,128286.72693824768,27408.126211166382,81.57180419989994,22.062370521662857,0.21364740425842813
source_b_repair_baselines_favorita_100_v1_5,favorita_top_volume_100_20260714,Favorita,28,lightgbm_direct,110807493,336,32910.0,13739.771885871887,40.89217823176157,44.52604107365428,0.41749534748927036
source_b_repair_baselines_favorita_100_v1_5,favorita_top_volume_100_20260714,Favorita,28,lightgbm_direct,110819932,336,70807.0,33153.25457191467,98.67040051165081,51.76617528944949,0.4682200145736251
source_b_repair_baselines_favorita_100_v1_5,favorita_top_volume_100_20260714,Favorita,28,lightgbm_direct,110968432,336,35446.0,18568.476729363203,55.26332359929525,95.62649184000055,0.5238525286171416
source_b_repair_baselines_favorita_100_v1_5,favorita_top_volume_100_20260714,Favorita,28,lightgbm_direct,111047679,336,57507.0,25795.021690368652,76.77089788800194,43.157776339971996,0.4485544662453032
source_b_repair_baselines_favorita_100_v1_5,favorita_top_volume_100_20260714,Favorita,28,lightgbm_direct,111146786,336,43770.0,16373.488865852356,48.730621624560584,39.29451579639762,0.37408016600073923
source_b_repair_baselines_favorita_100_v1_5,favorita_top_volume_100_20260714,Favorita,28,lightgbm_direct,140584126,336,54653.09191584587,17754.8729698658,52.841883838886304,39.088617076339446,0.3248649316529891
source_b_repair_baselines_favorita_100_v1_5,favorita_top_volume_100_20260714,Favorita,28,lightgbm_direct,171463992,336,71476.0,17629.146842956543,52.46769893737066,25.83588258033632,0.2466442839968177
source_b_repair_baselines_favorita_100_v1_5,favorita_top_volume_100_20260714,Favorita,28,lightgbm_direct,190819932,336,77399.0,36790.35873222351,109.49511527447473,50.42684019277637,0.47533377346249317
source_b_repair_baselines_favorita_100_v1_5,favorita_top_volume_100_20260714,Favorita,28,lightgbm_direct,201463992,336,92876.0,22432.806671142578,66.76430556887672,24.740538967246707,0.2415350216540611
source_b_repair_baselines_favorita_100_v1_5,favorita_top_volume_100_20260714,Favorita,28,lightgbm_direct,230583985,336,12469.941967964172,8224.093969106674,24.476470146150817,100.28487600197728,0.6595134115487251
source_b_repair_baselines_favorita_100_v1_5,favorita_top_volume_100_20260714,Favorita,28,lightgbm_direct,231084365,336,68294.02824401855,30718.45623397827,91.4239768868401,126.52248776179759,0.4497971056007918
source_b_repair_baselines_favorita_100_v1_5,favorita_top_volume_100_20260714,Favorita,28,lightgbm_direct,240257847,336,48982.0,19063.71906208992,56.73725911336286,54.04537049524711,0.3891984619266245
source_b_repair_baselines_favorita_100_v1_5,favorita_top_volume_100_20260714,Favorita,28,lightgbm_direct,241503844,336,79591.33407306671,14554.525561332703,43.317040361109235,19.50966448560952,0.1828657068113886
source_b_repair_baselines_favorita_100_v1_5,favorita_top_volume_100_20260714,Favorita,28,lightgbm_direct,311167614,336,74961.0,26271.452995300293,78.1888482002985,34.51975082211802,0.3504682834447285
source_b_repair_baselines_favorita_100_v1_5,favorita_top_volume_100_20260714,Favorita,28,lightgbm_direct,351167614,336,58615.0,27321.114112854004,81.31283962158929,46.56063896810295,0.4661113044929456
source_b_repair_baselines_favorita_100_v1_5,favorita_top_volume_100_20260714,Favorita,28,lightgbm_direct,371503844,336,65680.43591976166,11156.385120868683,33.20352714544251,18.730003397423044,0.16985857302314275
source_b_repair_baselines_favorita_100_v1_5,favorita_top_volume_100_20260714,Favorita,28,lightgbm_direct,391167614,336,149581.0,80717.78569030762,240.23150503067743,57.14701723700087,0.5396259263563394
source_b_repair_baselines_favorita_100_v1_5,favorita_top_volume_100_20260714,Favorita,28,lightgbm_direct,391463864,336,100418.0,24387.614433288574,72.58218581335885,27.298146905717598,0.2428609854138558
source_b_repair_baselines_favorita_100_v1_5,favorita_top_volume_100_20260714,Favorita,28,lightgbm_direct,430807493,336,25500.0,11872.230839729309,35.33402035633723,52.6637388067437,0.46557767998938465
source_b_repair_baselines_favorita_100_v1_5,favorita_top_volume_100_20260714,Favorita,28,lightgbm_direct,431143685,336,22646.0,11555.3728890419,34.390990741196134,56.862239374833855,0.5102611008143557
source_b_repair_baselines_favorita_100_v1_5,favorita_top_volume_100_20260714,Favorita,28,lightgbm_direct,431430040,336,75646.0,32213.407566070557,95.87323680378142,46.736547778610166,0.42584416315562695
source_b_repair_baselines_favorita_100_v1_5,favorita_top_volume_100_20260714,Favorita,28,lightgbm_direct,440819932,336,65672.0,29479.60547733307,87.73692106349128,52.489061384170654,0.44889154399642267
source_b_repair_baselines_favorita_100_v1_5,favorita_top_volume_100_20260714,Favorita,28,lightgbm_direct,441037857,336,26526.0,18881.977199554443,56.19636071295965,70.87612757880096,0.7118290431860983
source_b_repair_baselines_favorita_100_v1_5,favorita_top_volume_100_20260714,Favorita,28,lightgbm_direct,441047679,336,127506.0,35370.26023864746,105.26863166264125,28.17564333228414,0.27740075164029504
source_b_repair_baselines_favorita_100_v1_5,favorita_top_volume_100_20260714,Favorita,28,lightgbm_direct,441047690,336,33974.0,9333.052375793457,27.776941594623384,26.78993884771656,0.27471161405172945
source_b_repair_baselines_favorita_100_v1_5,favorita_top_volume_100_20260714,Favorita,28,lightgbm_direct,441430040,336,110659.0,48441.78141784668,144.17196850549607,51.42420869967296,0.43775726708037016
source_b_repair_baselines_favorita_100_v1_5,favorita_top_volume_100_20260714,Favorita,28,lightgbm_direct,441473410,336,60555.434147417545,14770.306807935238,43.95924645218821,28.163560208043975,0.24391381245782273
source_b_repair_baselines_favorita_100_v1_5,favorita_top_volume_100_20260714,Favorita,28,lightgbm_direct,441473474,336,161569.7039642334,24719.331619262695,73.56943934304374,15.556968321817882,0.1529948437903606
source_b_repair_baselines_favorita_100_v1_5,favorita_top_volume_100_20260714,Favorita,28,lightgbm_direct,441502392,336,71587.98893737793,16907.9169921875,50.32118152436756,24.799083626945855,0.23618371242385106
source_b_repair_baselines_favorita_100_v1_5,favorita_top_volume_100_20260714,Favorita,28,lightgbm_direct,441503844,336,240006.25012922287,42824.688927173615,127.45443133087386,18.747446261558146,0.1784315571120176
source_b_repair_baselines_favorita_100_v1_5,favorita_top_volume_100_20260714,Favorita,28,lightgbm_direct,441695835,336,71396.3309249878,17029.216186523438,50.68219103131975,24.348897019400844,0.23851668518393615
source_b_repair_baselines_favorita_100_v1_5,favorita_top_volume_100_20260714,Favorita,28,lightgbm_direct,450265559,336,38409.0,10160.443939208984,30.239416485741025,26.781660639835795,0.26453289435311994
source_b_repair_baselines_favorita_100_v1_5,favorita_top_volume_100_20260714,Favorita,28,lightgbm_direct,450314384,336,40907.0,9380.197738647461,27.917255174546014,22.486874979904968,0.22930544255622415
source_b_repair_baselines_favorita_100_v1_5,favorita_top_volume_100_20260714,Favorita,28,lightgbm_direct,450364606,336,40823.0,13452.580585479736,40.03744221868969,22.559137932977976,0.32953434547876775
source_b_repair_baselines_favorita_100_v1_5,favorita_top_volume_100_20260714,Favorita,28,lightgbm_direct,450364738,336,58977.0,20252.279762268066,60.27464214960734,34.90404616288566,0.3433928440284868
source_b_repair_baselines_favorita_100_v1_5,favorita_top_volume_100_20260714,Favorita,28,lightgbm_direct,450584028,336,55816.6309800148,13134.810052394867,39.09169658450853,24.44210741835184,0.23532072469758697
source_b_repair_baselines_favorita_100_v1_5,favorita_top_volume_100_20260714,Favorita,28,lightgbm_direct,451047679,336,58833.0,24021.711917877197,71.49319023177738,41.830336038555735,0.4083033657620247
source_b_repair_baselines_favorita_100_v1_5,favorita_top_volume_100_20260714,Favorita,28,lightgbm_direct,451463992,336,103241.0,18662.23518371582,55.54236661820185,18.185673697594908,0.18076379717085092
source_b_repair_baselines_favorita_100_v1_5,favorita_top_volume_100_20260714,Favorita,28,lightgbm_direct,451463993,336,106690.0,17842.40104675293,53.102384067717054,16.929642808064788,0.16723592695428746
source_b_repair_baselines_favorita_100_v1_5,favorita_top_volume_100_20260714,Favorita,28,lightgbm_direct,451473474,336,115135.57293128967,17876.505544662476,53.2038855495907,16.20104458304756,0.15526483335720032
source_b_repair_baselines_favorita_100_v1_5,favorita_top_volume_100_20260714,Favorita,28,lightgbm_direct,451503844,336,155174.49281215668,24492.368103981018,72.8939526904197,16.2567350688605,0.15783759083156634
source_b_repair_baselines_favorita_100_v1_5,favorita_top_volume_100_20260714,Favorita,28,lightgbm_direct,451686656,336,66133.0,13684.142623901367,40.7266149520874,21.24976201552668,0.2069185221281564
source_b_repair_baselines_favorita_100_v1_5,favorita_top_volume_100_20260714,Favorita,28,lightgbm_direct,460159156,336,36659.13201189041,21201.337127685547,63.09921764192127,75.18040630217642,0.578337128135191
source_b_repair_baselines_favorita_100_v1_5,favorita_top_volume_100_20260714,Favorita,28,lightgbm_direct,460265559,336,42994.0,11283.763843536377,33.58263048671541,26.198522870881156,0.26244973353343204
source_b_repair_baselines_favorita_100_v1_5,favorita_top_volume_100_20260714,Favorita,28,lightgbm_direct,460320682,336,32557.0,8706.190856933594,25.91128231230236,25.404091806931717,0.2674137929457135
source_b_repair_baselines_favorita_100_v1_5,favorita_top_volume_100_20260714,Favorita,28,lightgbm_direct,460582864,336,39571.47597503662,8202.253505706787,24.411468766984484,20.549669437219865,0.20727691610191945
source_b_repair_baselines_favorita_100_v1_5,favorita_top_volume_100_20260714,Favorita,28,lightgbm_direct,460583985,336,56362.90319824219,27688.412288427353,82.40598895365284,75.70615389154608,0.4912524145720528
source_b_repair_baselines_favorita_100_v1_5,favorita_top_volume_100_20260714,Favorita,28,lightgbm_direct,460584028,336,53102.20799827576,14594.703783035278,43.43661840189071,28.98200768335118,0.2748417501492437
source_b_repair_baselines_favorita_100_v1_5,favorita_top_volume_100_20260714,Favorita,28,lightgbm_direct,460807493,336,13381.0,6607.65430355072,19.665637808186666,49.685846230509966,0.49380870664006576
source_b_repair_baselines_favorita_100_v1_5,favorita_top_volume_100_20260714,Favorita,28,lightgbm_direct,460903284,336,44653.990087628365,20558.370687365532,61.18562704573075,51.74226545236786,0.46039269160543267
source_b_repair_baselines_favorita_100_v1_5,favorita_top_volume_100_20260714,Favorita,28,lightgbm_direct,461047679,336,42613.0,17160.83615875244,51.07391713914417,42.60261917267593,0.40271363571568397
source_b_repair_baselines_favorita_100_v1_5,favorita_top_volume_100_20260714,Favorita,28,lightgbm_direct,461143685,336,22833.0,12212.215887069702,36.345880616278876,57.299872997852866,0.5348493797166252
source_b_repair_baselines_favorita_100_v1_5,favorita_top_volume_100_20260714,Favorita,28,lightgbm_direct,461463992,336,94141.0,19954.93783569336,59.389695939563566,21.370699210032495,0.21196861979045645
source_b_repair_baselines_favorita_100_v1_5,favorita_top_volume_100_20260714,Favorita,28,lightgbm_direct,461463993,336,82056.0,16645.56723022461,49.54037866138277,20.921495400859673,0.20285618638764513
source_b_repair_baselines_favorita_100_v1_5,favorita_top_volume_100_20260714,Favorita,28,lightgbm_direct,470364738,336,66782.0,30972.960876464844,92.1814311799549,39.38484147341572,0.4637920528954635
source_b_repair_baselines_favorita_100_v1_5,favorita_top_volume_100_20260714,Favorita,28,lightgbm_direct,470584028,336,40728.31797218323,10318.533109664917,30.709919969240826,25.109680238274507,0.25335033763761877
source_b_repair_baselines_favorita_100_v1_5,favorita_top_volume_100_20260714,Favorita,28,lightgbm_direct,470807493,336,15427.0,9140.242500305176,27.20310267947969,56.22433319313874,0.5924834705584479
source_b_repair_baselines_favorita_100_v1_5,favorita_top_volume_100_20260714,Favorita,28,lightgbm_direct,470903285,336,53312.443910360336,18836.581855535507,56.0612555224271,39.37349415324087,0.3533242986798238
source_b_repair_baselines_favorita_100_v1_5,favorita_top_volume_100_20260714,Favorita,28,lightgbm_direct,471047679,336,65494.0,22059.762351989746,65.6540546190171,33.781923516470485,0.3368211187588137
source_b_repair_baselines_favorita_100_v1_5,favorita_top_volume_100_20260714,Favorita,28,lightgbm_direct,471143685,336,22812.0,12371.705054283142,36.820550756795065,58.20899737173375,0.5423332042031888
source_b_repair_baselines_favorita_100_v1_5,favorita_top_volume_100_20260714,Favorita,28,lightgbm_direct,471463992,336,81131.0,17319.26508331299,51.54543179557437,20.992079637430656,0.21347284124826502
source_b_repair_baselines_favorita_100_v1_5,favorita_top_volume_100_20260714,Favorita,28,lightgbm_direct,471463993,336,86114.0,16384.00421142578,48.76191729591007,19.71486947220508,0.19025947246006203
source_b_repair_baselines_favorita_100_v1_5,favorita_top_volume_100_20260714,Favorita,28,lightgbm_direct,471473474,336,82299.29704284668,13505.078842163086,40.19368703024728,16.15215642664057,0.16409713481674174
source_b_repair_baselines_favorita_100_v1_5,favorita_top_volume_100_20260714,Favorita,28,lightgbm_direct,471503844,336,119533.05811691284,22815.028003692627,67.90186905860901,19.80248240249722,0.1908679353068815
source_b_repair_baselines_favorita_100_v1_5,favorita_top_volume_100_20260714,Favorita,28,lightgbm_direct,471642399,336,91023.63522148132,27026.630716323853,80.43640094144004,29.522197704532143,0.2969188238918593
source_b_repair_baselines_favorita_100_v1_5,favorita_top_volume_100_20260714,Favorita,28,lightgbm_direct,480265559,336,42158.0,13007.606498718262,38.71311457951864,30.857099135055865,0.3085442027306386
source_b_repair_baselines_favorita_100_v1_5,favorita_top_volume_100_20260714,Favorita,28,lightgbm_direct,480584028,336,78883.58391571045,17168.859016418457,51.097794691721596,22.29823883039024,0.217648060143463
source_b_repair_baselines_favorita_100_v1_5,favorita_top_volume_100_20260714,Favorita,28,lightgbm_direct,481143685,336,23027.0,12792.211999893188,38.07205952349163,59.241417853969246,0.5555309853603677
source_b_repair_baselines_favorita_100_v1_5,favorita_top_volume_100_20260714,Favorita,28,lightgbm_direct,481463992,336,104652.0,28454.513702392578,84.6860526856922,27.74352310490289,0.2718965113174385
source_b_repair_baselines_favorita_100_v1_5,favorita_top_volume_100_20260714,Favorita,28,lightgbm_direct,490364738,336,53215.0,17383.91897201538,51.73785408337911,32.20297832879357,0.32667328708099935
source_b_repair_baselines_favorita_100_v1_5,favorita_top_volume_100_20260714,Favorita,28,lightgbm_direct,491473474,336,102771.42575073242,14575.825714111328,43.38043367295038,14.213844785563289,0.14182761022956278
source_b_repair_baselines_favorita_100_v1_5,favorita_top_volume_100_20260714,Favorita,28,lightgbm_direct,491503844,336,188745.82846546173,33438.85238170624,99.52039399317333,18.982484536367053,0.17716339827783348
source_b_repair_baselines_favorita_100_v1_5,favorita_top_volume_100_20260714,Favorita,28,lightgbm_direct,491642399,336,88456.82216262817,17811.782955169678,53.01125879514785,20.43969967740256,0.2013613254433067
source_b_repair_baselines_favorita_100_v1_5,favorita_top_volume_100_20260714,Favorita,28,lightgbm_direct,491695835,336,86648.78703308105,17291.914352416992,51.46403081076486,19.767172628546177,0.19956325927349947
source_b_repair_baselines_favorita_100_v1_5,favorita_top_volume_100_20260714,Favorita,28,lightgbm_direct,500584028,336,46354.22006523609,11680.076451182365,34.76213229518561,26.271571122628,0.2519743927250753
source_b_repair_baselines_favorita_100_v1_5,favorita_top_volume_100_20260714,Favorita,28,lightgbm_direct,510257847,336,40000.0,16895.86062169075,50.28529946931771,63.09258111039846,0.42239651554226876
source_b_repair_baselines_favorita_100_v1_5,favorita_top_volume_100_20260714,Favorita,28,lightgbm_direct,511239986,336,123141.51953125,154777.11243897676,460.6461679731451,194.1285353471715,1.2569043571018994
source_b_repair_baselines_favorita_100_v1_5,favorita_top_volume_100_20260714,Favorita,28,lightgbm_direct,511473474,336,80121.23680877686,11243.490287780762,33.46276871363322,14.15199718005072,0.14033096262124972
source_b_repair_baselines_favorita_100_v1_5,favorita_top_volume_100_20260714,Favorita,28,lightgbm_direct,511503844,336,115486.46313071251,25142.16440987587,74.82787026748771,25.19984332612929,0.21770659286204735
source_b_repair_baselines_favorita_100_v1_5,favorita_top_volume_100_20260714,Favorita,28,lightgbm_direct,511695835,336,76979.18010139465,16781.0988445282,49.94374656109583,22.082914051384776,0.21799529200524922
source_b_repair_baselines_favorita_100_v1_5,favorita_top_volume_100_20260714,Favorita,28,lightgbm_direct_scaled,20582864,336,62179.15570354462,43192.000851631165,128.54762158223562,69.74559406513987,0.6946379435828998
source_b_repair_baselines_favorita_100_v1_5,favorita_top_volume_100_20260714,Favorita,28,lightgbm_direct_scaled,30364738,336,60684.0,19517.452026367188,58.08765484037853,31.491892703182177,0.32162434952157387
source_b_repair_baselines_favorita_100_v1_5,favorita_top_volume_100_20260714,Favorita,28,lightgbm_direct_scaled,30819932,336,44266.0,22384.57030391693,66.62074495213372,57.54696780546338,0.5056831496841127
source_b_repair_baselines_favorita_100_v1_5,favorita_top_volume_100_20260714,Favorita,28,lightgbm_direct_scaled,31047679,336,125142.0,35461.86227416992,105.54125676836286,28.040448600352097,0.2833729864807173
source_b_repair_baselines_favorita_100_v1_5,favorita_top_volume_100_20260714,Favorita,28,lightgbm_direct_scaled,31430040,336,122391.0,37695.334899902344,112.18849672589984,32.96745319883572,0.30799106878693977
source_b_repair_baselines_favorita_100_v1_5,favorita_top_volume_100_20260714,Favorita,28,lightgbm_direct_scaled,31463993,336,95667.0,17191.401611328125,51.16488574800037,18.29916404566128,0.179700436005395
source_b_repair_baselines_favorita_100_v1_5,favorita_top_volume_100_20260714,Favorita,28,lightgbm_direct_scaled,31473404,336,71985.0,14120.737083435059,42.026003224509104,19.671040602138692,0.19616221550927357
source_b_repair_baselines_favorita_100_v1_5,favorita_top_volume_100_20260714,Favorita,28,lightgbm_direct_scaled,31473474,336,120521.74017333984,17339.046112060547,51.60430390494211,14.534419207304945,0.14386654297492504
source_b_repair_baselines_favorita_100_v1_5,favorita_top_volume_100_20260714,Favorita,28,lightgbm_direct_scaled,31503844,336,178326.49873435497,31812.0896140337,94.67883813700506,18.952177445087255,0.17839238609973915
source_b_repair_baselines_favorita_100_v1_5,favorita_top_volume_100_20260714,Favorita,28,lightgbm_direct_scaled,71047679,336,65556.0,20328.92027282715,60.50273890722366,31.40467914858272,0.3101000712799309
source_b_repair_baselines_favorita_100_v1_5,favorita_top_volume_100_20260714,Favorita,28,lightgbm_direct_scaled,71473474,336,73308.13996124268,12786.288581848145,38.054430303119474,17.19880486998104,0.1744184014027383
source_b_repair_baselines_favorita_100_v1_5,favorita_top_volume_100_20260714,Favorita,28,lightgbm_direct_scaled,71503844,336,131404.38612121344,23814.549608767033,70.87663574037808,19.40873328639274,0.18123100995121577
source_b_repair_baselines_favorita_100_v1_5,favorita_top_volume_100_20260714,Favorita,28,lightgbm_direct_scaled,81047679,336,68685.0,20242.01296234131,60.24408619744437,30.376091462699,0.2947079123875855
source_b_repair_baselines_favorita_100_v1_5,favorita_top_volume_100_20260714,Favorita,28,lightgbm_direct_scaled,81430040,336,78297.0,28723.30043411255,85.48601319676354,41.28403907446005,0.36685058730363296
source_b_repair_baselines_favorita_100_v1_5,favorita_top_volume_100_20260714,Favorita,28,lightgbm_direct_scaled,81473474,336,68700.30795288086,11566.967277526855,34.42549784978231,17.079699356471615,0.16836849240123106
source_b_repair_baselines_favorita_100_v1_5,favorita_top_volume_100_20260714,Favorita,28,lightgbm_direct_scaled,81503844,336,134077.01923525333,23361.017721533775,69.52683845694575,17.991484083001737,0.17423580755881976
source_b_repair_baselines_favorita_100_v1_5,favorita_top_volume_100_20260714,Favorita,28,lightgbm_direct_scaled,90457928,336,21455.09001350403,11295.128923416138,33.61645512921469,52.72991931102491,0.5264545110883656
source_b_repair_baselines_favorita_100_v1_5,favorita_top_volume_100_20260714,Favorita,28,lightgbm_direct_scaled,91463992,336,102244.0,21758.595504760742,64.75772471654983,21.608871655504792,0.21281048770354
source_b_repair_baselines_favorita_100_v1_5,favorita_top_volume_100_20260714,Favorita,28,lightgbm_direct_scaled,110320682,336,42424.0,11949.23779296875,35.5632077171689,27.840922295078087,0.28166221461834695
source_b_repair_baselines_favorita_100_v1_5,favorita_top_volume_100_20260714,Favorita,28,lightgbm_direct_scaled,110584126,336,128286.72693824768,28622.457693099976,85.18588599136898,22.92868255359897,0.22311316514355947
source_b_repair_baselines_favorita_100_v1_5,favorita_top_volume_100_20260714,Favorita,28,lightgbm_direct_scaled,110807493,336,32910.0,14131.916387081146,42.05927496155103,45.51554524805211,0.42941101145795035
source_b_repair_baselines_favorita_100_v1_5,favorita_top_volume_100_20260714,Favorita,28,lightgbm_direct_scaled,110819932,336,70807.0,32960.77630233765,98.09754851886204,52.032896407007435,0.46550166371033436
source_b_repair_baselines_favorita_100_v1_5,favorita_top_volume_100_20260714,Favorita,28,lightgbm_direct_scaled,110968432,336,35446.0,18551.840680107474,55.21381154793891,96.85044661129399,0.523383193593282
source_b_repair_baselines_favorita_100_v1_5,favorita_top_volume_100_20260714,Favorita,28,lightgbm_direct_scaled,111047679,336,57507.0,25854.26453781128,76.94721588634309,43.551763157682366,0.44958465122178654
source_b_repair_baselines_favorita_100_v1_5,favorita_top_volume_100_20260714,Favorita,28,lightgbm_direct_scaled,111146786,336,43770.0,16603.21560716629,49.41433216418539,40.08195879580222,0.3793286636318549
source_b_repair_baselines_favorita_100_v1_5,favorita_top_volume_100_20260714,Favorita,28,lightgbm_direct_scaled,140584126,336,54653.09191584587,17859.097155809402,53.15207486848036,39.79086687721669,0.32677194518671715
source_b_repair_baselines_favorita_100_v1_5,favorita_top_volume_100_20260714,Favorita,28,lightgbm_direct_scaled,171463992,336,71476.0,17857.12601852417,53.14620838846479,26.294126139015777,0.24983387456662615
source_b_repair_baselines_favorita_100_v1_5,favorita_top_volume_100_20260714,Favorita,28,lightgbm_direct_scaled,190819932,336,77399.0,36728.96168613434,109.3123859706379,51.93263140869555,0.4745405197242127
source_b_repair_baselines_favorita_100_v1_5,favorita_top_volume_100_20260714,Favorita,28,lightgbm_direct_scaled,201463992,336,92876.0,23113.56330871582,68.79036699022565,25.34736258535372,0.24886475848137107
source_b_repair_baselines_favorita_100_v1_5,favorita_top_volume_100_20260714,Favorita,28,lightgbm_direct_scaled,230583985,336,12469.941967964172,7954.290568351746,23.673483834380196,100.62966836486883,0.6378771119213439
source_b_repair_baselines_favorita_100_v1_5,favorita_top_volume_100_20260714,Favorita,28,lightgbm_direct_scaled,231084365,336,68294.02824401855,30802.66022208333,91.67458399429563,129.28374852650123,0.4510300682809868
source_b_repair_baselines_favorita_100_v1_5,favorita_top_volume_100_20260714,Favorita,28,lightgbm_direct_scaled,240257847,336,48982.0,18907.13486725092,56.27123472396107,54.80709753100697,0.38600169178985994
source_b_repair_baselines_favorita_100_v1_5,favorita_top_volume_100_20260714,Favorita,28,lightgbm_direct_scaled,241503844,336,79591.33407306671,15402.681765556335,45.84131477844147,20.688107797350185,0.19352209565197528
source_b_repair_baselines_favorita_100_v1_5,favorita_top_volume_100_20260714,Favorita,28,lightgbm_direct_scaled,311167614,336,74961.0,27182.389625549316,80.89996912365868,35.66516754427622,0.3626204242946241
source_b_repair_baselines_favorita_100_v1_5,favorita_top_volume_100_20260714,Favorita,28,lightgbm_direct_scaled,351167614,336,58615.0,28384.472705841064,84.47759733881269,47.970626215894285,0.4842527118628519
source_b_repair_baselines_favorita_100_v1_5,favorita_top_volume_100_20260714,Favorita,28,lightgbm_direct_scaled,371503844,336,65680.43591976166,11445.63574886322,34.06439210971197,19.27168737559932,0.17426248149214102
source_b_repair_baselines_favorita_100_v1_5,favorita_top_volume_100_20260714,Favorita,28,lightgbm_direct_scaled,391167614,336,149581.0,79909.82890319824,237.82687173570906,55.398275644100615,0.5342244596786908
source_b_repair_baselines_favorita_100_v1_5,favorita_top_volume_100_20260714,Favorita,28,lightgbm_direct_scaled,391463864,336,100418.0,25305.065349578857,75.31269449279422,28.041625851680084,0.2519973047618839
source_b_repair_baselines_favorita_100_v1_5,favorita_top_volume_100_20260714,Favorita,28,lightgbm_direct_scaled,430807493,336,25500.0,12167.132148265839,36.211702822219756,54.10305063560238,0.47714243718689564
source_b_repair_baselines_favorita_100_v1_5,favorita_top_volume_100_20260714,Favorita,28,lightgbm_direct_scaled,431143685,336,22646.0,11677.80374288559,34.75536828239759,57.87834458539764,0.5156673912781767
source_b_repair_baselines_favorita_100_v1_5,favorita_top_volume_100_20260714,Favorita,28,lightgbm_direct_scaled,431430040,336,75646.0,32576.08880186081,96.95264524363336,46.820750827952295,0.4306386167392963
source_b_repair_baselines_favorita_100_v1_5,favorita_top_volume_100_20260714,Favorita,28,lightgbm_direct_scaled,440819932,336,65672.0,30407.171946525574,90.49753555513564,55.18502690168642,0.46301577455423276
source_b_repair_baselines_favorita_100_v1_5,favorita_top_volume_100_20260714,Favorita,28,lightgbm_direct_scaled,441037857,336,26526.0,18434.98273539543,54.86602004581974,72.10082201880627,0.6949778607930118
source_b_repair_baselines_favorita_100_v1_5,favorita_top_volume_100_20260714,Favorita,28,lightgbm_direct_scaled,441047679,336,127506.0,34943.281661987305,103.99786208924793,28.090412225331473,0.27405205764424656
source_b_repair_baselines_favorita_100_v1_5,favorita_top_volume_100_20260714,Favorita,28,lightgbm_direct_scaled,441047690,336,33974.0,11329.045234680176,33.717396531786235,32.641093496631456,0.3334622133007646
source_b_repair_baselines_favorita_100_v1_5,favorita_top_volume_100_20260714,Favorita,28,lightgbm_direct_scaled,441430040,336,110659.0,48681.37651062012,144.88504913875036,51.01484603123839,0.43992243297535777
source_b_repair_baselines_favorita_100_v1_5,favorita_top_volume_100_20260714,Favorita,28,lightgbm_direct_scaled,441473410,336,60555.434147417545,16127.386770665646,47.998174912695376,31.91895545827301,0.2663243521862095
source_b_repair_baselines_favorita_100_v1_5,favorita_top_volume_100_20260714,Favorita,28,lightgbm_direct_scaled,441473474,336,161569.7039642334,25600.163619995117,76.19096315474738,15.806912392884692,0.15844655892705115
source_b_repair_baselines_favorita_100_v1_5,favorita_top_volume_100_20260714,Favorita,28,lightgbm_direct_scaled,441502392,336,71587.98893737793,17492.56871032715,52.06121639978318,26.225349980100415,0.24435060922899915
source_b_repair_baselines_favorita_100_v1_5,favorita_top_volume_100_20260714,Favorita,28,lightgbm_direct_scaled,441503844,336,240006.25012922287,44184.04235124588,131.50012604537466,19.35939366280745,0.1840953822138238
source_b_repair_baselines_favorita_100_v1_5,favorita_top_volume_100_20260714,Favorita,28,lightgbm_direct_scaled,441695835,336,71396.3309249878,17854.617973327637,53.138743968237016,25.635712792830756,0.2500775283828871
source_b_repair_baselines_favorita_100_v1_5,favorita_top_volume_100_20260714,Favorita,28,lightgbm_direct_scaled,450265559,336,38409.0,10930.662830352783,32.531734614145186,28.797025952374174,0.2845859780351684
source_b_repair_baselines_favorita_100_v1_5,favorita_top_volume_100_20260714,Favorita,28,lightgbm_direct_scaled,450314384,336,40907.0,10253.749633789062,30.51711200532459,24.744246191791262,0.2506600247827771
source_b_repair_baselines_favorita_100_v1_5,favorita_top_volume_100_20260714,Favorita,28,lightgbm_direct_scaled,450364606,336,40823.0,14410.56100845337,42.888574429920745,25.817292963419682,0.3530010290388597
source_b_repair_baselines_favorita_100_v1_5,favorita_top_volume_100_20260714,Favorita,28,lightgbm_direct_scaled,450364738,336,58977.0,20471.150886535645,60.92604430516561,35.07561903346222,0.3471039708112594
source_b_repair_baselines_favorita_100_v1_5,favorita_top_volume_100_20260714,Favorita,28,lightgbm_direct_scaled,450584028,336,55816.6309800148,13802.23568868637,41.078082406804675,25.839369130693363,0.24727819372739057
source_b_repair_baselines_favorita_100_v1_5,favorita_top_volume_100_20260714,Favorita,28,lightgbm_direct_scaled,451047679,336,58833.0,24947.507442474365,74.24853405498322,43.848449766096856,0.4240393561857183
source_b_repair_baselines_favorita_100_v1_5,favorita_top_volume_100_20260714,Favorita,28,lightgbm_direct_scaled,451463992,336,103241.0,19449.27066040039,57.8847341083345,18.798948122689133,0.18838708129910006
source_b_repair_baselines_favorita_100_v1_5,favorita_top_volume_100_20260714,Favorita,28,lightgbm_direct_scaled,451463993,336,106690.0,19215.82469177246,57.18995443979899,18.005685771358223,0.1801089576508807
source_b_repair_baselines_favorita_100_v1_5,favorita_top_volume_100_20260714,Favorita,28,lightgbm_direct_scaled,451473474,336,115135.57293128967,18994.604070663452,56.531559734117415,17.08722714571886,0.16497598081176013
source_b_repair_baselines_favorita_100_v1_5,favorita_top_volume_100_20260714,Favorita,28,lightgbm_direct_scaled,451503844,336,155174.49281215668,25913.80461215973,77.12441848857063,17.186178551266803,0.16699783670973012
source_b_repair_baselines_favorita_100_v1_5,favorita_top_volume_100_20260714,Favorita,28,lightgbm_direct_scaled,451686656,336,66133.0,14553.125114440918,43.3128723644075,22.982772877106704,0.22005844456535947
source_b_repair_baselines_favorita_100_v1_5,favorita_top_volume_100_20260714,Favorita,28,lightgbm_direct_scaled,460159156,336,36659.13201189041,21474.121177196503,63.91107493213245,75.96813894695667,0.5857782221966237
source_b_repair_baselines_favorita_100_v1_5,favorita_top_volume_100_20260714,Favorita,28,lightgbm_direct_scaled,460265559,336,42994.0,12134.108486175537,36.11341811361767,28.11256536601349,0.28222795009014134
source_b_repair_baselines_favorita_100_v1_5,favorita_top_volume_100_20260714,Favorita,28,lightgbm_direct_scaled,460320682,336,32557.0,9477.25338935852,28.206111277852738,27.709931186372604,0.29109725679142795
source_b_repair_baselines_favorita_100_v1_5,favorita_top_volume_100_20260714,Favorita,28,lightgbm_direct_scaled,460582864,336,39571.47597503662,9146.595344543457,27.222009953998384,22.931430016870006,0.23114112170881673
source_b_repair_baselines_favorita_100_v1_5,favorita_top_volume_100_20260714,Favorita,28,lightgbm_direct_scaled,460583985,336,56362.90319824219,27737.222737312317,82.55125814676285,76.56356421202774,0.49211841767188047
source_b_repair_baselines_favorita_100_v1_5,favorita_top_volume_100_20260714,Favorita,28,lightgbm_direct_scaled,460584028,336,53102.20799827576,15424.820756912231,45.907204633667355,30.405454679695644,0.2904741881432328
source_b_repair_baselines_favorita_100_v1_5,favorita_top_volume_100_20260714,Favorita,28,lightgbm_direct_scaled,460807493,336,13381.0,6744.361329078674,20.072503955591294,52.14649676818578,0.5040252095567352
source_b_repair_baselines_favorita_100_v1_5,favorita_top_volume_100_20260714,Favorita,28,lightgbm_direct_scaled,460903284,336,44653.990087628365,21319.937799334526,63.45219583135275,53.55086548521896,0.47744754180973703
source_b_repair_baselines_favorita_100_v1_5,favorita_top_volume_100_20260714,Favorita,28,lightgbm_direct_scaled,461047679,336,42613.0,17773.18826675415,52.89639365105402,44.047677538716066,0.4170837131099465
source_b_repair_baselines_favorita_100_v1_5,favorita_top_volume_100_20260714,Favorita,28,lightgbm_direct_scaled,461143685,336,22833.0,12833.889719188213,38.19610035472682,60.03554687981364,0.5620763683785842
source_b_repair_baselines_favorita_100_v1_5,favorita_top_volume_100_20260714,Favorita,28,lightgbm_direct_scaled,461463992,336,94141.0,20925.80712890625,62.279187883649556,22.19626239259646,0.22228154713574585
source_b_repair_baselines_favorita_100_v1_5,favorita_top_volume_100_20260714,Favorita,28,lightgbm_direct_scaled,461463993,336,82056.0,17308.21580505371,51.51254703885033,21.491149705943943,0.21093175154837807
source_b_repair_baselines_favorita_100_v1_5,favorita_top_volume_100_20260714,Favorita,28,lightgbm_direct_scaled,470364738,336,66782.0,32033.382064819336,95.33744662148612,40.558860498865776,0.4796709003147455
source_b_repair_baselines_favorita_100_v1_5,favorita_top_volume_100_20260714,Favorita,28,lightgbm_direct_scaled,470584028,336,40728.31797218323,11034.315404891968,32.84022441932133,27.177193153147595,0.2709248983085485
source_b_repair_baselines_favorita_100_v1_5,favorita_top_volume_100_20260714,Favorita,28,lightgbm_direct_scaled,470807493,336,15427.0,9042.74059009552,26.912918422903335,57.54853788313563,0.5861632585788241
source_b_repair_baselines_favorita_100_v1_5,favorita_top_volume_100_20260714,Favorita,28,lightgbm_direct_scaled,470903285,336,53312.443910360336,18995.646819353104,56.534663152836615,39.999860345731605,0.35630793537232
source_b_repair_baselines_favorita_100_v1_5,favorita_top_volume_100_20260714,Favorita,28,lightgbm_direct_scaled,471047679,336,65494.0,22661.83278656006,67.44593091238113,35.02425660210789,0.3460138758750429
source_b_repair_baselines_favorita_100_v1_5,favorita_top_volume_100_20260714,Favorita,28,lightgbm_direct_scaled,471143685,336,22812.0,12434.620144367218,37.00779804871196,59.279641300923224,0.545091186409224
source_b_repair_baselines_favorita_100_v1_5,favorita_top_volume_100_20260714,Favorita,28,lightgbm_direct_scaled,471463992,336,81131.0,18225.025665283203,54.24114781334286,22.212799858891184,0.22463701501624783
source_b_repair_baselines_favorita_100_v1_5,favorita_top_volume_100_20260714,Favorita,28,lightgbm_direct_scaled,471463993,336,86114.0,17771.813995361328,52.892303557623,21.055871393497746,0.20637543251226662
source_b_repair_baselines_favorita_100_v1_5,favorita_top_volume_100_20260714,Favorita,28,lightgbm_direct_scaled,471473474,336,82299.29704284668,14524.040725708008,43.226311683654785,17.387320961701494,0.17647830841309006
source_b_repair_baselines_favorita_100_v1_5,favorita_top_volume_100_20260714,Favorita,28,lightgbm_direct_scaled,471503844,336,119533.05811691284,24434.518909454346,72.72178246861412,21.30553858105924,0.20441641245014783
source_b_repair_baselines_favorita_100_v1_5,favorita_top_volume_100_20260714,Favorita,28,lightgbm_direct_scaled,471642399,336,91023.63522148132,27176.552179336548,80.88259577183496,29.94660528877985,0.2985658847090624
source_b_repair_baselines_favorita_100_v1_5,favorita_top_volume_100_20260714,Favorita,28,lightgbm_direct_scaled,480265559,336,42158.0,13552.024429321289,40.3334060396467,32.22626153621271,0.32145795410885925
source_b_repair_baselines_favorita_100_v1_5,favorita_top_volume_100_20260714,Favorita,28,lightgbm_direct_scaled,480584028,336,78883.58391571045,17842.56879425049,53.10288331622169,23.076029296062213,0.22618861756225256
source_b_repair_baselines_favorita_100_v1_5,favorita_top_volume_100_20260714,Favorita,28,lightgbm_direct_scaled,481143685,336,23027.0,13104.415473937988,39.00123652957735,59.69934904307577,0.569089133362487
source_b_repair_baselines_favorita_100_v1_5,favorita_top_volume_100_20260714,Favorita,28,lightgbm_direct_scaled,481463992,336,104652.0,28534.76008605957,84.92488120851063,27.984990677363285,0.27266330396035976
source_b_repair_baselines_favorita_100_v1_5,favorita_top_volume_100_20260714,Favorita,28,lightgbm_direct_scaled,490364738,336,53215.0,17475.236053466797,52.00963111150833,32.42757956551488,0.3283892897391111
source_b_repair_baselines_favorita_100_v1_5,favorita_top_volume_100_20260714,Favorita,28,lightgbm_direct_scaled,491473474,336,102771.42575073242,15479.639556884766,46.0703558240618,15.060199131922914,0.15062201817098414
source_b_repair_baselines_favorita_100_v1_5,favorita_top_volume_100_20260714,Favorita,28,lightgbm_direct_scaled,491503844,336,188745.82846546173,34824.62157726288,103.64470707518714,19.75337565390105,0.1845053840945437
source_b_repair_baselines_favorita_100_v1_5,favorita_top_volume_100_20260714,Favorita,28,lightgbm_direct_scaled,491642399,336,88456.82216262817,18295.389568328857,54.45056419145493,21.04448721081567,0.2068284742887634
source_b_repair_baselines_favorita_100_v1_5,favorita_top_volume_100_20260714,Favorita,28,lightgbm_direct_scaled,491695835,336,86648.78703308105,17990.7705078125,53.54395984468006,20.562949858566075,0.20762864806109663
source_b_repair_baselines_favorita_100_v1_5,favorita_top_volume_100_20260714,Favorita,28,lightgbm_direct_scaled,500584028,336,46354.22006523609,11758.249653697014,34.99479063600302,26.549935049528745,0.2536608239152589
source_b_repair_baselines_favorita_100_v1_5,favorita_top_volume_100_20260714,Favorita,28,lightgbm_direct_scaled,510257847,336,40000.0,16583.696650266647,49.3562400305555,62.49900685211903,0.4145924162566662
source_b_repair_baselines_favorita_100_v1_5,favorita_top_volume_100_20260714,Favorita,28,lightgbm_direct_scaled,511239986,336,123141.51953125,145119.69736859202,431.9038612160477,195.94949019700877,1.1784790208940419
source_b_repair_baselines_favorita_100_v1_5,favorita_top_volume_100_20260714,Favorita,28,lightgbm_direct_scaled,511473474,336,80121.23680877686,11566.938926696777,34.42541347231184,14.610772696752205,0.14436795271025674
source_b_repair_baselines_favorita_100_v1_5,favorita_top_volume_100_20260714,Favorita,28,lightgbm_direct_scaled,511503844,336,115486.46313071251,26942.587673425674,80.18627283757641,26.84391804636444,0.23329650023943416
source_b_repair_baselines_favorita_100_v1_5,favorita_top_volume_100_20260714,Favorita,28,lightgbm_direct_scaled,511695835,336,76979.18010139465,17343.72773551941,51.61823730809348,22.539173611084657,0.22530413694553222
