run_id,panel_id,dataset,horizon,model_name,series_id,n_predictions,abs_y,abs_error,MAE,sMAPE,WAPE
source_b_v1_14_m5_stratified_volume_zero_100_chronos_only,m5_stratified_volume_zero_100_20260714,M5,7,seasonal_naive,FOODS_1_026_WI_2_validation,378,234.0,298.0,0.7883597883597884,91.68304358780549,1.2735042735042734
source_b_v1_14_m5_stratified_volume_zero_100_chronos_only,m5_stratified_volume_zero_100_20260714,M5,7,seasonal_naive,FOODS_1_063_CA_2_validation,378,23.0,34.0,0.08994708994708994,9.700176366843035,1.4782608695652173
source_b_v1_14_m5_stratified_volume_zero_100_chronos_only,m5_stratified_volume_zero_100_20260714,M5,7,seasonal_naive,FOODS_1_080_WI_2_validation,378,190.0,279.0,0.7380952380952381,99.96472663139329,1.4684210526315788
source_b_v1_14_m5_stratified_volume_zero_100_chronos_only,m5_stratified_volume_zero_100_20260714,M5,7,seasonal_naive,FOODS_1_118_CA_3_validation,378,463.0,550.0,1.4550264550264551,113.10153691106073,1.187904967602592
source_b_v1_14_m5_stratified_volume_zero_100_chronos_only,m5_stratified_volume_zero_100_20260714,M5,7,seasonal_naive,FOODS_1_129_WI_2_validation,378,1401.0,1276.0,3.375661375661376,102.32335041452892,0.9107780157030693
source_b_v1_14_m5_stratified_volume_zero_100_chronos_only,m5_stratified_volume_zero_100_20260714,M5,7,seasonal_naive,FOODS_1_171_TX_1_validation,378,168.0,236.0,0.6243386243386243,79.0652557319224,1.4047619047619047
source_b_v1_14_m5_stratified_volume_zero_100_chronos_only,m5_stratified_volume_zero_100_20260714,M5,7,seasonal_naive,FOODS_1_178_WI_3_validation,378,149.0,217.0,0.5740740740740741,79.45326278659611,1.4563758389261745
source_b_v1_14_m5_stratified_volume_zero_100_chronos_only,m5_stratified_volume_zero_100_20260714,M5,7,seasonal_naive,FOODS_2_001_WI_1_validation,378,389.0,341.0,0.9021164021164021,55.51253273475496,0.8766066838046273
source_b_v1_14_m5_stratified_volume_zero_100_chronos_only,m5_stratified_volume_zero_100_20260714,M5,7,seasonal_naive,FOODS_2_015_WI_2_validation,378,164.0,225.0,0.5952380952380952,62.24741748551273,1.3719512195121952
source_b_v1_14_m5_stratified_volume_zero_100_chronos_only,m5_stratified_volume_zero_100_20260714,M5,7,seasonal_naive,FOODS_2_016_CA_2_validation,378,915.0,820.0,2.1693121693121693,89.49018493787277,0.8961748633879781
source_b_v1_14_m5_stratified_volume_zero_100_chronos_only,m5_stratified_volume_zero_100_20260714,M5,7,seasonal_naive,FOODS_2_027_CA_4_validation,378,83.0,144.0,0.38095238095238093,30.89065255731922,1.7349397590361446
source_b_v1_14_m5_stratified_volume_zero_100_chronos_only,m5_stratified_volume_zero_100_20260714,M5,7,seasonal_naive,FOODS_2_044_WI_1_validation,378,805.0,659.0,1.7433862433862435,89.72701607622241,0.8186335403726708
source_b_v1_14_m5_stratified_volume_zero_100_chronos_only,m5_stratified_volume_zero_100_20260714,M5,7,seasonal_naive,FOODS_2_075_CA_2_validation,378,909.0,720.0,1.9047619047619047,66.623748264738,0.7920792079207921
source_b_v1_14_m5_stratified_volume_zero_100_chronos_only,m5_stratified_volume_zero_100_20260714,M5,7,seasonal_naive,FOODS_2_130_TX_2_validation,378,402.0,517.0,1.3677248677248677,110.20324179054339,1.2860696517412935
source_b_v1_14_m5_stratified_volume_zero_100_chronos_only,m5_stratified_volume_zero_100_20260714,M5,7,seasonal_naive,FOODS_2_137_CA_4_validation,378,185.0,293.0,0.7751322751322751,77.26379440665154,1.5837837837837838
source_b_v1_14_m5_stratified_volume_zero_100_chronos_only,m5_stratified_volume_zero_100_20260714,M5,7,seasonal_naive,FOODS_2_140_WI_2_validation,378,568.0,557.0,1.4735449735449735,51.98707423190198,0.9806338028169014
source_b_v1_14_m5_stratified_volume_zero_100_chronos_only,m5_stratified_volume_zero_100_20260714,M5,7,seasonal_naive,FOODS_2_215_TX_2_validation,378,352.0,430.0,1.1375661375661377,89.18498315323713,1.2215909090909092
source_b_v1_14_m5_stratified_volume_zero_100_chronos_only,m5_stratified_volume_zero_100_20260714,M5,7,seasonal_naive,FOODS_2_233_WI_2_validation,378,2595.0,1449.0,3.8333333333333335,36.233955159046005,0.5583815028901734
source_b_v1_14_m5_stratified_volume_zero_100_chronos_only,m5_stratified_volume_zero_100_20260714,M5,7,seasonal_naive,FOODS_2_258_CA_4_validation,378,176.0,260.0,0.6878306878306878,67.90627362055935,1.4772727272727273
source_b_v1_14_m5_stratified_volume_zero_100_chronos_only,m5_stratified_volume_zero_100_20260714,M5,7,seasonal_naive,FOODS_2_261_TX_1_validation,378,73.0,129.0,0.3412698412698413,59.964726631393305,1.7671232876712328
source_b_v1_14_m5_stratified_volume_zero_100_chronos_only,m5_stratified_volume_zero_100_20260714,M5,7,seasonal_naive,FOODS_2_299_WI_2_validation,378,1143.0,756.0,2.0,47.42042251354214,0.6614173228346457
source_b_v1_14_m5_stratified_volume_zero_100_chronos_only,m5_stratified_volume_zero_100_20260714,M5,7,seasonal_naive,FOODS_2_316_TX_3_validation,378,301.0,324.0,0.8571428571428571,50.769821007916235,1.0764119601328903
source_b_v1_14_m5_stratified_volume_zero_100_chronos_only,m5_stratified_volume_zero_100_20260714,M5,7,seasonal_naive,FOODS_2_347_WI_2_validation,378,2351.0,1704.0,4.507936507936508,44.06282270835992,0.7247979583156103
source_b_v1_14_m5_stratified_volume_zero_100_chronos_only,m5_stratified_volume_zero_100_20260714,M5,7,seasonal_naive,FOODS_2_357_WI_2_validation,378,2378.0,1695.0,4.484126984126984,47.60796341328603,0.7127838519764508
source_b_v1_14_m5_stratified_volume_zero_100_chronos_only,m5_stratified_volume_zero_100_20260714,M5,7,seasonal_naive,FOODS_3_009_TX_1_validation,378,240.0,362.0,0.9576719576719577,86.53221557983463,1.5083333333333333
source_b_v1_14_m5_stratified_volume_zero_100_chronos_only,m5_stratified_volume_zero_100_20260714,M5,7,seasonal_naive,FOODS_3_024_WI_2_validation,378,1369.0,1182.0,3.126984126984127,57.10820368387901,0.8634039444850256
source_b_v1_14_m5_stratified_volume_zero_100_chronos_only,m5_stratified_volume_zero_100_20260714,M5,7,seasonal_naive,FOODS_3_039_WI_1_validation,378,623.0,292.0,0.7724867724867724,14.500380735058435,0.46869983948635635
source_b_v1_14_m5_stratified_volume_zero_100_chronos_only,m5_stratified_volume_zero_100_20260714,M5,7,seasonal_naive,FOODS_3_073_TX_3_validation,378,349.0,300.0,0.7936507936507936,23.153610129284612,0.8595988538681948
source_b_v1_14_m5_stratified_volume_zero_100_chronos_only,m5_stratified_volume_zero_100_20260714,M5,7,seasonal_naive,FOODS_3_073_WI_3_validation,378,90.0,88.0,0.2328042328042328,10.977805263519551,0.9777777777777777
source_b_v1_14_m5_stratified_volume_zero_100_chronos_only,m5_stratified_volume_zero_100_20260714,M5,7,seasonal_naive,FOODS_3_077_CA_3_validation,378,1849.0,1339.0,3.5423280423280423,78.20680685334051,0.7241752298539751
source_b_v1_14_m5_stratified_volume_zero_100_chronos_only,m5_stratified_volume_zero_100_20260714,M5,7,seasonal_naive,FOODS_3_091_CA_1_validation,378,455.0,424.0,1.1216931216931216,95.15243134290753,0.9318681318681319
source_b_v1_14_m5_stratified_volume_zero_100_chronos_only,m5_stratified_volume_zero_100_20260714,M5,7,seasonal_naive,FOODS_3_100_WI_1_validation,378,717.0,710.0,1.8783068783068784,102.18342668155927,0.9902370990237099
source_b_v1_14_m5_stratified_volume_zero_100_chronos_only,m5_stratified_volume_zero_100_20260714,M5,7,seasonal_naive,FOODS_3_230_WI_1_validation,378,467.0,441.0,1.1666666666666667,100.75417821449568,0.9443254817987152
source_b_v1_14_m5_stratified_volume_zero_100_chronos_only,m5_stratified_volume_zero_100_20260714,M5,7,seasonal_naive,FOODS_3_233_WI_1_validation,378,922.0,678.0,1.7936507936507937,55.35429080959574,0.735357917570499
source_b_v1_14_m5_stratified_volume_zero_100_chronos_only,m5_stratified_volume_zero_100_20260714,M5,7,seasonal_naive,FOODS_3_233_WI_2_validation,378,2529.0,1433.0,3.791005291005291,42.76164912097658,0.5666271253459866
source_b_v1_14_m5_stratified_volume_zero_100_chronos_only,m5_stratified_volume_zero_100_20260714,M5,7,seasonal_naive,FOODS_3_236_CA_1_validation,378,578.0,474.0,1.253968253968254,63.396474190124984,0.8200692041522492
source_b_v1_14_m5_stratified_volume_zero_100_chronos_only,m5_stratified_volume_zero_100_20260714,M5,7,seasonal_naive,FOODS_3_266_CA_1_validation,378,53.0,85.0,0.22486772486772486,35.714285714285715,1.6037735849056605
source_b_v1_14_m5_stratified_volume_zero_100_chronos_only,m5_stratified_volume_zero_100_20260714,M5,7,seasonal_naive,FOODS_3_320_CA_3_validation,378,903.0,941.0,2.4894179894179893,110.62348770712818,1.0420819490586932
source_b_v1_14_m5_stratified_volume_zero_100_chronos_only,m5_stratified_volume_zero_100_20260714,M5,7,seasonal_naive,FOODS_3_339_WI_2_validation,378,807.0,813.0,2.1507936507936507,94.32080636795857,1.0074349442379182
source_b_v1_14_m5_stratified_volume_zero_100_chronos_only,m5_stratified_volume_zero_100_20260714,M5,7,seasonal_naive,FOODS_3_345_CA_2_validation,378,7.0,7.0,0.018518518518518517,2.1164021164021163,1.0
source_b_v1_14_m5_stratified_volume_zero_100_chronos_only,m5_stratified_volume_zero_100_20260714,M5,7,seasonal_naive,FOODS_3_424_CA_4_validation,378,277.0,326.0,0.8624338624338624,103.44671201814057,1.1768953068592058
source_b_v1_14_m5_stratified_volume_zero_100_chronos_only,m5_stratified_volume_zero_100_20260714,M5,7,seasonal_naive,FOODS_3_444_TX_2_validation,378,2089.0,1002.0,2.6507936507936507,17.74678091877054,0.4796553374820488
source_b_v1_14_m5_stratified_volume_zero_100_chronos_only,m5_stratified_volume_zero_100_20260714,M5,7,seasonal_naive,FOODS_3_457_CA_2_validation,378,153.0,238.0,0.6296296296296297,74.70647518266566,1.5555555555555556
source_b_v1_14_m5_stratified_volume_zero_100_chronos_only,m5_stratified_volume_zero_100_20260714,M5,7,seasonal_naive,FOODS_3_521_WI_2_validation,378,121.0,195.0,0.5158730158730159,70.26455026455028,1.6115702479338843
source_b_v1_14_m5_stratified_volume_zero_100_chronos_only,m5_stratified_volume_zero_100_20260714,M5,7,seasonal_naive,FOODS_3_528_TX_3_validation,378,174.0,252.0,0.6666666666666666,93.7037037037037,1.4482758620689655
source_b_v1_14_m5_stratified_volume_zero_100_chronos_only,m5_stratified_volume_zero_100_20260714,M5,7,seasonal_naive,FOODS_3_538_CA_3_validation,378,12.0,16.0,0.042328042328042326,6.349206349206349,1.3333333333333333
source_b_v1_14_m5_stratified_volume_zero_100_chronos_only,m5_stratified_volume_zero_100_20260714,M5,7,seasonal_naive,FOODS_3_567_CA_3_validation,378,205.0,313.0,0.828042328042328,100.91710758377425,1.526829268292683
source_b_v1_14_m5_stratified_volume_zero_100_chronos_only,m5_stratified_volume_zero_100_20260714,M5,7,seasonal_naive,FOODS_3_583_WI_1_validation,378,173.0,229.0,0.6058201058201058,69.4973544973545,1.323699421965318
source_b_v1_14_m5_stratified_volume_zero_100_chronos_only,m5_stratified_volume_zero_100_20260714,M5,7,seasonal_naive,FOODS_3_606_CA_4_validation,378,356.0,369.0,0.9761904761904762,94.42806752330561,1.0365168539325842
source_b_v1_14_m5_stratified_volume_zero_100_chronos_only,m5_stratified_volume_zero_100_20260714,M5,7,seasonal_naive,FOODS_3_698_CA_1_validation,378,476.0,564.0,1.492063492063492,108.46570537046728,1.184873949579832
source_b_v1_14_m5_stratified_volume_zero_100_chronos_only,m5_stratified_volume_zero_100_20260714,M5,7,seasonal_naive,FOODS_3_703_CA_1_validation,378,383.0,412.0,1.08994708994709,76.92224589049988,1.0757180156657964
source_b_v1_14_m5_stratified_volume_zero_100_chronos_only,m5_stratified_volume_zero_100_20260714,M5,7,seasonal_naive,FOODS_3_760_CA_3_validation,378,3780.0,1802.0,4.767195767195767,56.17655097493657,0.4767195767195767
source_b_v1_14_m5_stratified_volume_zero_100_chronos_only,m5_stratified_volume_zero_100_20260714,M5,7,seasonal_naive,FOODS_3_780_WI_1_validation,378,1714.0,1056.0,2.7936507936507935,66.60168473936875,0.6161026837806302
source_b_v1_14_m5_stratified_volume_zero_100_chronos_only,m5_stratified_volume_zero_100_20260714,M5,7,seasonal_naive,FOODS_3_827_CA_3_validation,378,1792.0,1500.0,3.9682539682539684,99.57659680642156,0.8370535714285714
source_b_v1_14_m5_stratified_volume_zero_100_chronos_only,m5_stratified_volume_zero_100_20260714,M5,7,seasonal_naive,HOBBIES_1_010_CA_1_validation,378,228.0,297.0,0.7857142857142857,105.34391534391534,1.3026315789473684
source_b_v1_14_m5_stratified_volume_zero_100_chronos_only,m5_stratified_volume_zero_100_20260714,M5,7,seasonal_naive,HOBBIES_1_014_TX_2_validation,378,2183.0,1706.0,4.5132275132275135,86.3246174157696,0.7814933577645442
source_b_v1_14_m5_stratified_volume_zero_100_chronos_only,m5_stratified_volume_zero_100_20260714,M5,7,seasonal_naive,HOBBIES_1_047_WI_1_validation,378,321.0,398.0,1.052910052910053,96.31633798300466,1.2398753894080996
source_b_v1_14_m5_stratified_volume_zero_100_chronos_only,m5_stratified_volume_zero_100_20260714,M5,7,seasonal_naive,HOBBIES_1_058_WI_3_validation,378,88.0,140.0,0.37037037037037035,62.169312169312164,1.5909090909090908
source_b_v1_14_m5_stratified_volume_zero_100_chronos_only,m5_stratified_volume_zero_100_20260714,M5,7,seasonal_naive,HOBBIES_1_090_CA_1_validation,378,1429.0,2069.0,5.473544973544974,113.04526209468561,1.4478656403079075
source_b_v1_14_m5_stratified_volume_zero_100_chronos_only,m5_stratified_volume_zero_100_20260714,M5,7,seasonal_naive,HOBBIES_1_090_TX_1_validation,378,274.0,480.0,1.2698412698412698,55.53062037240224,1.7518248175182483
source_b_v1_14_m5_stratified_volume_zero_100_chronos_only,m5_stratified_volume_zero_100_20260714,M5,7,seasonal_naive,HOBBIES_1_121_TX_1_validation,378,262.0,443.0,1.1719576719576719,61.6342945708025,1.6908396946564885
source_b_v1_14_m5_stratified_volume_zero_100_chronos_only,m5_stratified_volume_zero_100_20260714,M5,7,seasonal_naive,HOBBIES_1_128_WI_1_validation,378,109.0,173.0,0.4576719576719577,72.13403880070545,1.5871559633027523
source_b_v1_14_m5_stratified_volume_zero_100_chronos_only,m5_stratified_volume_zero_100_20260714,M5,7,seasonal_naive,HOBBIES_1_156_WI_1_validation,378,233.0,322.0,0.8518518518518519,82.29780801209372,1.3819742489270386
source_b_v1_14_m5_stratified_volume_zero_100_chronos_only,m5_stratified_volume_zero_100_20260714,M5,7,seasonal_naive,HOBBIES_1_197_TX_3_validation,378,21.0,39.0,0.10317460317460317,19.047619047619047,1.8571428571428572
source_b_v1_14_m5_stratified_volume_zero_100_chronos_only,m5_stratified_volume_zero_100_20260714,M5,7,seasonal_naive,HOBBIES_1_197_WI_1_validation,378,98.0,148.0,0.3915343915343915,62.257495590828924,1.510204081632653
source_b_v1_14_m5_stratified_volume_zero_100_chronos_only,m5_stratified_volume_zero_100_20260714,M5,7,seasonal_naive,HOBBIES_1_234_CA_2_validation,378,980.0,1487.0,3.933862433862434,72.43056546642389,1.5173469387755103
source_b_v1_14_m5_stratified_volume_zero_100_chronos_only,m5_stratified_volume_zero_100_20260714,M5,7,seasonal_naive,HOBBIES_1_320_CA_1_validation,378,338.0,371.0,0.9814814814814815,105.54547745023935,1.0976331360946745
source_b_v1_14_m5_stratified_volume_zero_100_chronos_only,m5_stratified_volume_zero_100_20260714,M5,7,seasonal_naive,HOBBIES_1_327_TX_3_validation,378,171.0,228.0,0.6031746031746031,90.84656084656085,1.3333333333333333
source_b_v1_14_m5_stratified_volume_zero_100_chronos_only,m5_stratified_volume_zero_100_20260714,M5,7,seasonal_naive,HOBBIES_1_341_WI_1_validation,378,1982.0,1756.0,4.645502645502646,96.55951017235903,0.8859737638748738
source_b_v1_14_m5_stratified_volume_zero_100_chronos_only,m5_stratified_volume_zero_100_20260714,M5,7,seasonal_naive,HOBBIES_1_352_CA_3_validation,378,576.0,537.0,1.4206349206349207,102.086781531226,0.9322916666666666
source_b_v1_14_m5_stratified_volume_zero_100_chronos_only,m5_stratified_volume_zero_100_20260714,M5,7,seasonal_naive,HOBBIES_1_354_TX_3_validation,378,8664.0,3236.0,8.56084656084656,42.95564295956324,0.3734995383194829
source_b_v1_14_m5_stratified_volume_zero_100_chronos_only,m5_stratified_volume_zero_100_20260714,M5,7,seasonal_naive,HOBBIES_2_058_TX_3_validation,378,125.0,171.0,0.4523809523809524,60.01763668430334,1.368
source_b_v1_14_m5_stratified_volume_zero_100_chronos_only,m5_stratified_volume_zero_100_20260714,M5,7,seasonal_naive,HOBBIES_2_076_WI_2_validation,378,85.0,159.0,0.42063492063492064,56.613756613756614,1.8705882352941177
source_b_v1_14_m5_stratified_volume_zero_100_chronos_only,m5_stratified_volume_zero_100_20260714,M5,7,seasonal_naive,HOBBIES_2_115_WI_3_validation,378,160.0,243.0,0.6428571428571429,84.23280423280423,1.51875
source_b_v1_14_m5_stratified_volume_zero_100_chronos_only,m5_stratified_volume_zero_100_20260714,M5,7,seasonal_naive,HOUSEHOLD_1_008_TX_3_validation,378,130.0,217.0,0.5740740740740741,97.00176366843033,1.6692307692307693
source_b_v1_14_m5_stratified_volume_zero_100_chronos_only,m5_stratified_volume_zero_100_20260714,M5,7,seasonal_naive,HOUSEHOLD_1_035_CA_2_validation,378,72.0,72.0,0.19047619047619047,20.393046107331823,1.0
source_b_v1_14_m5_stratified_volume_zero_100_chronos_only,m5_stratified_volume_zero_100_20260714,M5,7,seasonal_naive,HOUSEHOLD_1_109_CA_4_validation,378,324.0,332.0,0.8783068783068783,103.08390022675738,1.0246913580246915
source_b_v1_14_m5_stratified_volume_zero_100_chronos_only,m5_stratified_volume_zero_100_20260714,M5,7,seasonal_naive,HOUSEHOLD_1_113_TX_3_validation,378,993.0,900.0,2.380952380952381,99.69637358526246,0.9063444108761329
source_b_v1_14_m5_stratified_volume_zero_100_chronos_only,m5_stratified_volume_zero_100_20260714,M5,7,seasonal_naive,HOUSEHOLD_1_201_CA_3_validation,378,493.0,659.0,1.7433862433862435,108.16399062430808,1.3367139959432048
source_b_v1_14_m5_stratified_volume_zero_100_chronos_only,m5_stratified_volume_zero_100_20260714,M5,7,seasonal_naive,HOUSEHOLD_1_224_TX_3_validation,378,76.0,123.0,0.3253968253968254,51.552028218694886,1.618421052631579
source_b_v1_14_m5_stratified_volume_zero_100_chronos_only,m5_stratified_volume_zero_100_20260714,M5,7,seasonal_naive,HOUSEHOLD_1_270_TX_2_validation,378,324.0,358.0,0.9470899470899471,100.39682539682539,1.1049382716049383
source_b_v1_14_m5_stratified_volume_zero_100_chronos_only,m5_stratified_volume_zero_100_20260714,M5,7,seasonal_naive,HOUSEHOLD_1_346_WI_2_validation,378,322.0,375.0,0.9920634920634921,112.36079617031997,1.1645962732919255
source_b_v1_14_m5_stratified_volume_zero_100_chronos_only,m5_stratified_volume_zero_100_20260714,M5,7,seasonal_naive,HOUSEHOLD_1_441_TX_2_validation,378,1096.0,829.0,2.193121693121693,45.53503474381035,0.7563868613138686
source_b_v1_14_m5_stratified_volume_zero_100_chronos_only,m5_stratified_volume_zero_100_20260714,M5,7,seasonal_naive,HOUSEHOLD_1_441_TX_3_validation,378,2360.0,1056.0,2.7936507936507935,31.95764301169835,0.44745762711864406
source_b_v1_14_m5_stratified_volume_zero_100_chronos_only,m5_stratified_volume_zero_100_20260714,M5,7,seasonal_naive,HOUSEHOLD_1_460_WI_1_validation,378,237.0,280.0,0.7407407407407407,88.25396825396824,1.1814345991561181
source_b_v1_14_m5_stratified_volume_zero_100_chronos_only,m5_stratified_volume_zero_100_20260714,M5,7,seasonal_naive,HOUSEHOLD_2_023_TX_3_validation,378,123.0,193.0,0.5105820105820106,73.89770723104056,1.5691056910569106
source_b_v1_14_m5_stratified_volume_zero_100_chronos_only,m5_stratified_volume_zero_100_20260714,M5,7,seasonal_naive,HOUSEHOLD_2_041_CA_1_validation,378,147.0,223.0,0.58994708994709,90.12345679012344,1.5170068027210883
source_b_v1_14_m5_stratified_volume_zero_100_chronos_only,m5_stratified_volume_zero_100_20260714,M5,7,seasonal_naive,HOUSEHOLD_2_107_TX_2_validation,378,36.0,67.0,0.17724867724867724,33.33333333333333,1.8611111111111112
source_b_v1_14_m5_stratified_volume_zero_100_chronos_only,m5_stratified_volume_zero_100_20260714,M5,7,seasonal_naive,HOUSEHOLD_2_133_WI_3_validation,378,61.0,101.0,0.2671957671957672,48.500881834215164,1.6557377049180328
source_b_v1_14_m5_stratified_volume_zero_100_chronos_only,m5_stratified_volume_zero_100_20260714,M5,7,seasonal_naive,HOUSEHOLD_2_148_WI_1_validation,378,69.0,121.0,0.3201058201058201,55.026455026455025,1.7536231884057971
source_b_v1_14_m5_stratified_volume_zero_100_chronos_only,m5_stratified_volume_zero_100_20260714,M5,7,seasonal_naive,HOUSEHOLD_2_158_CA_1_validation,378,68.0,112.0,0.2962962962962963,47.08994708994709,1.6470588235294117
source_b_v1_14_m5_stratified_volume_zero_100_chronos_only,m5_stratified_volume_zero_100_20260714,M5,7,seasonal_naive,HOUSEHOLD_2_192_CA_2_validation,378,88.0,140.0,0.37037037037037035,66.49029982363315,1.5909090909090908
source_b_v1_14_m5_stratified_volume_zero_100_chronos_only,m5_stratified_volume_zero_100_20260714,M5,7,seasonal_naive,HOUSEHOLD_2_202_CA_2_validation,378,48.0,86.0,0.2275132275132275,38.095238095238095,1.7916666666666667
source_b_v1_14_m5_stratified_volume_zero_100_chronos_only,m5_stratified_volume_zero_100_20260714,M5,7,seasonal_naive,HOUSEHOLD_2_223_CA_3_validation,378,100.0,167.0,0.4417989417989418,71.25220458553791,1.67
source_b_v1_14_m5_stratified_volume_zero_100_chronos_only,m5_stratified_volume_zero_100_20260714,M5,7,seasonal_naive,HOUSEHOLD_2_235_TX_1_validation,378,52.0,91.0,0.24074074074074073,42.857142857142854,1.75
source_b_v1_14_m5_stratified_volume_zero_100_chronos_only,m5_stratified_volume_zero_100_20260714,M5,7,seasonal_naive,HOUSEHOLD_2_246_CA_3_validation,378,113.0,185.0,0.4894179894179894,75.5379188712522,1.6371681415929205
source_b_v1_14_m5_stratified_volume_zero_100_chronos_only,m5_stratified_volume_zero_100_20260714,M5,7,seasonal_naive,HOUSEHOLD_2_265_WI_3_validation,378,122.0,184.0,0.48677248677248675,80.77601410934744,1.5081967213114753
source_b_v1_14_m5_stratified_volume_zero_100_chronos_only,m5_stratified_volume_zero_100_20260714,M5,7,seasonal_naive,HOUSEHOLD_2_422_CA_2_validation,378,87.0,155.0,0.41005291005291006,64.99118165784832,1.7816091954022988
source_b_v1_14_m5_stratified_volume_zero_100_chronos_only,m5_stratified_volume_zero_100_20260714,M5,7,seasonal_naive,HOUSEHOLD_2_474_CA_3_validation,378,29.0,54.0,0.14285714285714285,24.867724867724867,1.8620689655172413
source_b_v1_14_m5_stratified_volume_zero_100_chronos_only,m5_stratified_volume_zero_100_20260714,M5,7,seasonal_naive,HOUSEHOLD_2_480_WI_2_validation,378,54.0,93.0,0.24603174603174602,43.56261022927689,1.7222222222222223
source_b_v1_14_m5_stratified_volume_zero_100_chronos_only,m5_stratified_volume_zero_100_20260714,M5,7,lightgbm_cov,FOODS_1_026_WI_2_validation,378,234.0,253.6126365698874,0.6709329009785381,145.022481947941,1.0838146861961
source_b_v1_14_m5_stratified_volume_zero_100_chronos_only,m5_stratified_volume_zero_100_20260714,M5,7,lightgbm_cov,FOODS_1_063_CA_2_validation,378,23.0,168.70635492354631,0.44631310826335,195.72299849154712,7.335058909719405
source_b_v1_14_m5_stratified_volume_zero_100_chronos_only,m5_stratified_volume_zero_100_20260714,M5,7,lightgbm_cov,FOODS_1_080_WI_2_validation,378,190.0,240.67075537145138,0.6366951200302946,157.0459580778979,1.2666881861655335
source_b_v1_14_m5_stratified_volume_zero_100_chronos_only,m5_stratified_volume_zero_100_20260714,M5,7,lightgbm_cov,FOODS_1_118_CA_3_validation,378,463.0,532.870423540473,1.4097101151864364,121.59969256053655,1.1509080422040454
source_b_v1_14_m5_stratified_volume_zero_100_chronos_only,m5_stratified_volume_zero_100_20260714,M5,7,lightgbm_cov,FOODS_1_129_WI_2_validation,378,1401.0,1082.6180801987648,2.8640689952348275,81.93603773686704,0.7727466668085402
source_b_v1_14_m5_stratified_volume_zero_100_chronos_only,m5_stratified_volume_zero_100_20260714,M5,7,lightgbm_cov,FOODS_1_171_TX_1_validation,378,168.0,229.70725501328707,0.6076911508288018,168.74461183358903,1.367305089364804
source_b_v1_14_m5_stratified_volume_zero_100_chronos_only,m5_stratified_volume_zero_100_20260714,M5,7,lightgbm_cov,FOODS_1_178_WI_3_validation,378,149.0,220.96477769315243,0.5845629039501387,167.47019693268703,1.4829850851889426
source_b_v1_14_m5_stratified_volume_zero_100_chronos_only,m5_stratified_volume_zero_100_20260714,M5,7,lightgbm_cov,FOODS_2_001_WI_1_validation,378,389.0,332.8417577156797,0.8805337505705813,140.60115855622917,0.855634338600719
source_b_v1_14_m5_stratified_volume_zero_100_chronos_only,m5_stratified_volume_zero_100_20260714,M5,7,lightgbm_cov,FOODS_2_015_WI_2_validation,378,164.0,255.74767744541168,0.6765811572629938,164.16489869165596,1.5594370575939738
source_b_v1_14_m5_stratified_volume_zero_100_chronos_only,m5_stratified_volume_zero_100_20260714,M5,7,lightgbm_cov,FOODS_2_016_CA_2_validation,378,915.0,696.1655022529303,1.841707677917805,110.17729447731739,0.7608366144840768
source_b_v1_14_m5_stratified_volume_zero_100_chronos_only,m5_stratified_volume_zero_100_20260714,M5,7,lightgbm_cov,FOODS_2_027_CA_4_validation,378,83.0,243.40204019472003,0.6439207412558731,190.2811857479288,2.932554701141205
source_b_v1_14_m5_stratified_volume_zero_100_chronos_only,m5_stratified_volume_zero_100_20260714,M5,7,lightgbm_cov,FOODS_2_044_WI_1_validation,378,805.0,546.421468526125,1.445559440545304,95.18572641723571,0.678784432951708
source_b_v1_14_m5_stratified_volume_zero_100_chronos_only,m5_stratified_volume_zero_100_20260714,M5,7,lightgbm_cov,FOODS_2_075_CA_2_validation,378,909.0,567.612684885913,1.5016208594865423,112.29179365594459,0.6244363970142057
source_b_v1_14_m5_stratified_volume_zero_100_chronos_only,m5_stratified_volume_zero_100_20260714,M5,7,lightgbm_cov,FOODS_2_130_TX_2_validation,378,402.0,394.18742284178734,1.0428238699518184,122.49683644128196,0.9805657284621575
source_b_v1_14_m5_stratified_volume_zero_100_chronos_only,m5_stratified_volume_zero_100_20260714,M5,7,lightgbm_cov,FOODS_2_137_CA_4_validation,378,185.0,325.25965270772576,0.8604752717135602,173.35815610539487,1.7581602849066258
source_b_v1_14_m5_stratified_volume_zero_100_chronos_only,m5_stratified_volume_zero_100_20260714,M5,7,lightgbm_cov,FOODS_2_140_WI_2_validation,378,568.0,617.886839164421,1.6346212676307432,161.5580455450393,1.087828942190882
source_b_v1_14_m5_stratified_volume_zero_100_chronos_only,m5_stratified_volume_zero_100_20260714,M5,7,lightgbm_cov,FOODS_2_215_TX_2_validation,378,352.0,406.42536216415465,1.075199370804642,147.8969471979596,1.1546175061481667
source_b_v1_14_m5_stratified_volume_zero_100_chronos_only,m5_stratified_volume_zero_100_20260714,M5,7,lightgbm_cov,FOODS_2_233_WI_2_validation,378,2595.0,1622.5862284004688,4.2925561597896005,129.84846315185513,0.6252740764549013
source_b_v1_14_m5_stratified_volume_zero_100_chronos_only,m5_stratified_volume_zero_100_20260714,M5,7,lightgbm_cov,FOODS_2_258_CA_4_validation,378,176.0,302.1304731965065,0.7992869661283241,166.28787135150475,1.7166504158892415
source_b_v1_14_m5_stratified_volume_zero_100_chronos_only,m5_stratified_volume_zero_100_20260714,M5,7,lightgbm_cov,FOODS_2_261_TX_1_validation,378,73.0,146.45861092209816,0.38745664265105334,184.9633965201499,2.006282341398605
source_b_v1_14_m5_stratified_volume_zero_100_chronos_only,m5_stratified_volume_zero_100_20260714,M5,7,lightgbm_cov,FOODS_2_299_WI_2_validation,378,1143.0,714.8593977382407,1.8911624278789436,129.6691943355149,0.6254237950465797
source_b_v1_14_m5_stratified_volume_zero_100_chronos_only,m5_stratified_volume_zero_100_20260714,M5,7,lightgbm_cov,FOODS_2_316_TX_3_validation,378,301.0,320.86337184906006,0.8488448990715874,156.44713833142163,1.0659912686015285
source_b_v1_14_m5_stratified_volume_zero_100_chronos_only,m5_stratified_volume_zero_100_20260714,M5,7,lightgbm_cov,FOODS_2_347_WI_2_validation,378,2351.0,1393.939989774488,3.6876719306203385,128.76796845181536,0.5929136494149246
source_b_v1_14_m5_stratified_volume_zero_100_chronos_only,m5_stratified_volume_zero_100_20260714,M5,7,lightgbm_cov,FOODS_2_357_WI_2_validation,378,2378.0,1728.861385195516,4.573707368242106,144.1173583944738,0.7270232906625382
source_b_v1_14_m5_stratified_volume_zero_100_chronos_only,m5_stratified_volume_zero_100_20260714,M5,7,lightgbm_cov,FOODS_3_009_TX_1_validation,378,240.0,339.93409526720643,0.899296548325943,159.32262365855837,1.4163920636133602
source_b_v1_14_m5_stratified_volume_zero_100_chronos_only,m5_stratified_volume_zero_100_20260714,M5,7,lightgbm_cov,FOODS_3_024_WI_2_validation,378,1369.0,1022.6649041390046,2.7054627093624464,128.61204596916588,0.7470160001015373
source_b_v1_14_m5_stratified_volume_zero_100_chronos_only,m5_stratified_volume_zero_100_20260714,M5,7,lightgbm_cov,FOODS_3_039_WI_1_validation,378,623.0,434.3740939530544,1.1491378146906202,164.50518279766703,0.6972296853179043
source_b_v1_14_m5_stratified_volume_zero_100_chronos_only,m5_stratified_volume_zero_100_20260714,M5,7,lightgbm_cov,FOODS_3_073_TX_3_validation,378,349.0,505.740567965433,1.3379380104905636,179.4319644901418,1.4491133752591203
source_b_v1_14_m5_stratified_volume_zero_100_chronos_only,m5_stratified_volume_zero_100_20260714,M5,7,lightgbm_cov,FOODS_3_073_WI_3_validation,378,90.0,286.50388651527464,0.7579467897229488,190.67630890014976,3.183376516836385
source_b_v1_14_m5_stratified_volume_zero_100_chronos_only,m5_stratified_volume_zero_100_20260714,M5,7,lightgbm_cov,FOODS_3_077_CA_3_validation,378,1849.0,1039.22299426049,2.7492671805833067,90.30686851087464,0.5620459676909085
source_b_v1_14_m5_stratified_volume_zero_100_chronos_only,m5_stratified_volume_zero_100_20260714,M5,7,lightgbm_cov,FOODS_3_091_CA_1_validation,378,455.0,333.69805777817965,0.8827990946512689,102.54161213700928,0.733402324787208
source_b_v1_14_m5_stratified_volume_zero_100_chronos_only,m5_stratified_volume_zero_100_20260714,M5,7,lightgbm_cov,FOODS_3_100_WI_1_validation,378,717.0,547.9640967398882,1.4496404675658419,92.62937521045652,0.7642456021476822
source_b_v1_14_m5_stratified_volume_zero_100_chronos_only,m5_stratified_volume_zero_100_20260714,M5,7,lightgbm_cov,FOODS_3_230_WI_1_validation,378,467.0,362.09836019575596,0.9579321698300423,98.24717531433058,0.7753712209759228
source_b_v1_14_m5_stratified_volume_zero_100_chronos_only,m5_stratified_volume_zero_100_20260714,M5,7,lightgbm_cov,FOODS_3_233_WI_1_validation,378,922.0,612.0988664422184,1.6193091704820592,114.89950004799563,0.6638816338852694
source_b_v1_14_m5_stratified_volume_zero_100_chronos_only,m5_stratified_volume_zero_100_20260714,M5,7,lightgbm_cov,FOODS_3_233_WI_2_validation,378,2529.0,1139.162264810875,3.0136567852139553,103.09674957151228,0.45043980419568014
source_b_v1_14_m5_stratified_volume_zero_100_chronos_only,m5_stratified_volume_zero_100_20260714,M5,7,lightgbm_cov,FOODS_3_236_CA_1_validation,378,578.0,428.35712496005,1.1332199073017195,121.93745348941869,0.7411022923184256
source_b_v1_14_m5_stratified_volume_zero_100_chronos_only,m5_stratified_volume_zero_100_20260714,M5,7,lightgbm_cov,FOODS_3_266_CA_1_validation,378,53.0,247.52716758055612,0.6548337766681379,185.04620303622352,4.670323916614267
source_b_v1_14_m5_stratified_volume_zero_100_chronos_only,m5_stratified_volume_zero_100_20260714,M5,7,lightgbm_cov,FOODS_3_320_CA_3_validation,378,903.0,715.0951303839684,1.8917860592168474,93.42133719200895,0.7919104433930989
source_b_v1_14_m5_stratified_volume_zero_100_chronos_only,m5_stratified_volume_zero_100_20260714,M5,7,lightgbm_cov,FOODS_3_339_WI_2_validation,378,807.0,624.5169502235949,1.6521612439777642,102.85630888520201,0.773874783424529
source_b_v1_14_m5_stratified_volume_zero_100_chronos_only,m5_stratified_volume_zero_100_20260714,M5,7,lightgbm_cov,FOODS_3_345_CA_2_validation,378,7.0,166.08118655905128,0.4393682184101886,199.13197830798822,23.72588379415018
source_b_v1_14_m5_stratified_volume_zero_100_chronos_only,m5_stratified_volume_zero_100_20260714,M5,7,lightgbm_cov,FOODS_3_424_CA_4_validation,378,277.0,285.43432472925633,0.7551172611885089,130.62875569343865,1.0304488257373874
source_b_v1_14_m5_stratified_volume_zero_100_chronos_only,m5_stratified_volume_zero_100_20260714,M5,7,lightgbm_cov,FOODS_3_444_TX_2_validation,378,2089.0,1052.1079611107707,2.7833543944729384,165.35792484619438,0.50364191532349
source_b_v1_14_m5_stratified_volume_zero_100_chronos_only,m5_stratified_volume_zero_100_20260714,M5,7,lightgbm_cov,FOODS_3_457_CA_2_validation,378,153.0,243.84027378633618,0.6450800893818418,169.80174360198083,1.593727279649256
source_b_v1_14_m5_stratified_volume_zero_100_chronos_only,m5_stratified_volume_zero_100_20260714,M5,7,lightgbm_cov,FOODS_3_521_WI_2_validation,378,121.0,206.1646909788251,0.5454092353937172,177.83519828241722,1.7038404213126042
source_b_v1_14_m5_stratified_volume_zero_100_chronos_only,m5_stratified_volume_zero_100_20260714,M5,7,lightgbm_cov,FOODS_3_528_TX_3_validation,378,174.0,239.09570014476776,0.6325283072612904,161.11877563018743,1.3741132192228032
source_b_v1_14_m5_stratified_volume_zero_100_chronos_only,m5_stratified_volume_zero_100_20260714,M5,7,lightgbm_cov,FOODS_3_538_CA_3_validation,378,12.0,217.58817047812045,0.5756300806299482,196.58062393847612,18.13234753984337
source_b_v1_14_m5_stratified_volume_zero_100_chronos_only,m5_stratified_volume_zero_100_20260714,M5,7,lightgbm_cov,FOODS_3_567_CA_3_validation,378,205.0,300.09563334286213,0.7939037919123336,148.72493175171996,1.463881138257864
source_b_v1_14_m5_stratified_volume_zero_100_chronos_only,m5_stratified_volume_zero_100_20260714,M5,7,lightgbm_cov,FOODS_3_583_WI_1_validation,378,173.0,319.27429762482643,0.8446409990074774,155.04082156134882,1.8455161712417714
source_b_v1_14_m5_stratified_volume_zero_100_chronos_only,m5_stratified_volume_zero_100_20260714,M5,7,lightgbm_cov,FOODS_3_606_CA_4_validation,378,356.0,306.83262349665165,0.8117265171869091,111.10398375573965,0.8618893918445271
source_b_v1_14_m5_stratified_volume_zero_100_chronos_only,m5_stratified_volume_zero_100_20260714,M5,7,lightgbm_cov,FOODS_3_698_CA_1_validation,378,476.0,538.5458620488644,1.4247245027747735,118.15732219021345,1.1313988698505555
source_b_v1_14_m5_stratified_volume_zero_100_chronos_only,m5_stratified_volume_zero_100_20260714,M5,7,lightgbm_cov,FOODS_3_703_CA_1_validation,378,383.0,377.974772981368,0.9999332618554709,138.83451781199315,0.9868793028234152
source_b_v1_14_m5_stratified_volume_zero_100_chronos_only,m5_stratified_volume_zero_100_20260714,M5,7,lightgbm_cov,FOODS_3_760_CA_3_validation,378,3780.0,1595.7137850821018,4.221465039899741,60.74521612881687,0.42214650398997405
source_b_v1_14_m5_stratified_volume_zero_100_chronos_only,m5_stratified_volume_zero_100_20260714,M5,7,lightgbm_cov,FOODS_3_780_WI_1_validation,378,1714.0,863.2935247421265,2.2838453035505992,65.16771047974956,0.5036718347386969
source_b_v1_14_m5_stratified_volume_zero_100_chronos_only,m5_stratified_volume_zero_100_20260714,M5,7,lightgbm_cov,FOODS_3_827_CA_3_validation,378,1792.0,1235.8589773215353,3.269468193972316,97.56389618404998,0.6896534471660354
source_b_v1_14_m5_stratified_volume_zero_100_chronos_only,m5_stratified_volume_zero_100_20260714,M5,7,lightgbm_cov,HOBBIES_1_010_CA_1_validation,378,228.0,256.57629366219044,0.6787732636565884,137.17856232726388,1.1253346213253967
source_b_v1_14_m5_stratified_volume_zero_100_chronos_only,m5_stratified_volume_zero_100_20260714,M5,7,lightgbm_cov,HOBBIES_1_014_TX_2_validation,378,2183.0,1209.3371042013168,3.1993045084690923,63.494179684843196,0.5539794338989084
source_b_v1_14_m5_stratified_volume_zero_100_chronos_only,m5_stratified_volume_zero_100_20260714,M5,7,lightgbm_cov,HOBBIES_1_047_WI_1_validation,378,321.0,363.45423693954945,0.9615191453427234,135.25765087071963,1.1322561898428332
source_b_v1_14_m5_stratified_volume_zero_100_chronos_only,m5_stratified_volume_zero_100_20260714,M5,7,lightgbm_cov,HOBBIES_1_058_WI_3_validation,378,88.0,146.740789514035,0.38820314686252644,184.2102276137164,1.6675089717503975
source_b_v1_14_m5_stratified_volume_zero_100_chronos_only,m5_stratified_volume_zero_100_20260714,M5,7,lightgbm_cov,HOBBIES_1_090_CA_1_validation,378,1429.0,1564.2216606363654,4.138152541366046,136.2891609619073,1.094626774413132
source_b_v1_14_m5_stratified_volume_zero_100_chronos_only,m5_stratified_volume_zero_100_20260714,M5,7,lightgbm_cov,HOBBIES_1_090_TX_1_validation,378,274.0,519.346682485193,1.3739330224476005,178.9011153081843,1.895425848486106
source_b_v1_14_m5_stratified_volume_zero_100_chronos_only,m5_stratified_volume_zero_100_20260714,M5,7,lightgbm_cov,HOBBIES_1_121_TX_1_validation,378,262.0,518.7281928770244,1.3722968065529746,179.87814213782934,1.9798785987672687
source_b_v1_14_m5_stratified_volume_zero_100_chronos_only,m5_stratified_volume_zero_100_20260714,M5,7,lightgbm_cov,HOBBIES_1_128_WI_1_validation,378,109.0,160.92601954564452,0.425730210438213,182.40772681647346,1.4763855004187572
source_b_v1_14_m5_stratified_volume_zero_100_chronos_only,m5_stratified_volume_zero_100_20260714,M5,7,lightgbm_cov,HOBBIES_1_156_WI_1_validation,378,233.0,334.62677721772343,0.8852560243855118,160.76441458535317,1.4361664258271392
source_b_v1_14_m5_stratified_volume_zero_100_chronos_only,m5_stratified_volume_zero_100_20260714,M5,7,lightgbm_cov,HOBBIES_1_197_TX_3_validation,378,21.0,84.02095967438072,0.2222776710962453,196.9136715251215,4.000998079732415
source_b_v1_14_m5_stratified_volume_zero_100_chronos_only,m5_stratified_volume_zero_100_20260714,M5,7,lightgbm_cov,HOBBIES_1_197_WI_1_validation,378,98.0,145.26975540071726,0.38431152222411974,186.43668327621035,1.4823444428644619
source_b_v1_14_m5_stratified_volume_zero_100_chronos_only,m5_stratified_volume_zero_100_20260714,M5,7,lightgbm_cov,HOBBIES_1_234_CA_2_validation,378,980.0,1242.0598250329494,3.285872552997221,176.3456822923096,1.2674079847274995
source_b_v1_14_m5_stratified_volume_zero_100_chronos_only,m5_stratified_volume_zero_100_20260714,M5,7,lightgbm_cov,HOBBIES_1_320_CA_1_validation,378,338.0,320.2231450676918,0.8471511774277561,113.56851370046344,0.9474057546381415
source_b_v1_14_m5_stratified_volume_zero_100_chronos_only,m5_stratified_volume_zero_100_20260714,M5,7,lightgbm_cov,HOBBIES_1_327_TX_3_validation,378,171.0,216.87611939013004,0.5737463475929366,157.78725483817684,1.268281399942281
source_b_v1_14_m5_stratified_volume_zero_100_chronos_only,m5_stratified_volume_zero_100_20260714,M5,7,lightgbm_cov,HOBBIES_1_341_WI_1_validation,378,1982.0,1261.8794953078032,3.3383055431423365,81.65134230829375,0.6366697756346131
source_b_v1_14_m5_stratified_volume_zero_100_chronos_only,m5_stratified_volume_zero_100_20260714,M5,7,lightgbm_cov,HOBBIES_1_352_CA_3_validation,378,576.0,386.56119079887867,1.0226486529070864,87.84050516391986,0.6711131784702755
source_b_v1_14_m5_stratified_volume_zero_100_chronos_only,m5_stratified_volume_zero_100_20260714,M5,7,lightgbm_cov,HOBBIES_1_354_TX_3_validation,378,8664.0,2890.0363535881042,7.645598819016149,36.682275761089386,0.33356836952771285
source_b_v1_14_m5_stratified_volume_zero_100_chronos_only,m5_stratified_volume_zero_100_20260714,M5,7,lightgbm_cov,HOBBIES_2_058_TX_3_validation,378,125.0,235.47929651942104,0.6229611019032303,167.84379721285475,1.8838343721553683
source_b_v1_14_m5_stratified_volume_zero_100_chronos_only,m5_stratified_volume_zero_100_20260714,M5,7,lightgbm_cov,HOBBIES_2_076_WI_2_validation,378,85.0,207.736204944551,0.5495666797474894,182.14150616514405,2.4439553522888353
source_b_v1_14_m5_stratified_volume_zero_100_chronos_only,m5_stratified_volume_zero_100_20260714,M5,7,lightgbm_cov,HOBBIES_2_115_WI_3_validation,378,160.0,238.4856990724802,0.6309145478107941,169.2516106244109,1.4905356192030013
source_b_v1_14_m5_stratified_volume_zero_100_chronos_only,m5_stratified_volume_zero_100_20260714,M5,7,lightgbm_cov,HOUSEHOLD_1_008_TX_3_validation,378,130.0,184.51400125026703,0.48813227843985985,172.7986606338055,1.4193384711559003
source_b_v1_14_m5_stratified_volume_zero_100_chronos_only,m5_stratified_volume_zero_100_20260714,M5,7,lightgbm_cov,HOUSEHOLD_1_035_CA_2_validation,378,72.0,136.86418243171647,0.36207455669766264,185.3884516523502,1.9008914226627287
source_b_v1_14_m5_stratified_volume_zero_100_chronos_only,m5_stratified_volume_zero_100_20260714,M5,7,lightgbm_cov,HOUSEHOLD_1_109_CA_4_validation,378,324.0,291.0979419797659,0.7701003756078463,116.17383070223491,0.8984504382091539
source_b_v1_14_m5_stratified_volume_zero_100_chronos_only,m5_stratified_volume_zero_100_20260714,M5,7,lightgbm_cov,HOUSEHOLD_1_113_TX_3_validation,378,993.0,674.0287482887506,1.7831448367427265,90.22100754351771,0.67878020975705
source_b_v1_14_m5_stratified_volume_zero_100_chronos_only,m5_stratified_volume_zero_100_20260714,M5,7,lightgbm_cov,HOUSEHOLD_1_201_CA_3_validation,378,493.0,508.6667887531221,1.34567933532572,143.08340779449915,1.0317784761726614
source_b_v1_14_m5_stratified_volume_zero_100_chronos_only,m5_stratified_volume_zero_100_20260714,M5,7,lightgbm_cov,HOUSEHOLD_1_224_TX_3_validation,378,76.0,149.1986507475376,0.39470542525803604,186.50547805974392,1.9631401414149685
source_b_v1_14_m5_stratified_volume_zero_100_chronos_only,m5_stratified_volume_zero_100_20260714,M5,7,lightgbm_cov,HOUSEHOLD_1_270_TX_2_validation,378,324.0,312.57041223347187,0.8269058524695023,128.74346064512306,0.9647234945477526
source_b_v1_14_m5_stratified_volume_zero_100_chronos_only,m5_stratified_volume_zero_100_20260714,M5,7,lightgbm_cov,HOUSEHOLD_1_346_WI_2_validation,378,322.0,293.22661033272743,0.7757317733670038,119.79701270142994,0.9106416469960479
source_b_v1_14_m5_stratified_volume_zero_100_chronos_only,m5_stratified_volume_zero_100_20260714,M5,7,lightgbm_cov,HOUSEHOLD_1_441_TX_2_validation,378,1096.0,759.690532686378,2.0097633139851268,154.39029600908023,0.6931482962466953
source_b_v1_14_m5_stratified_volume_zero_100_chronos_only,m5_stratified_volume_zero_100_20260714,M5,7,lightgbm_cov,HOUSEHOLD_1_441_TX_3_validation,378,2360.0,965.9203691205039,2.555344891853185,120.22652167311728,0.4092882920002135
source_b_v1_14_m5_stratified_volume_zero_100_chronos_only,m5_stratified_volume_zero_100_20260714,M5,7,lightgbm_cov,HOUSEHOLD_1_460_WI_1_validation,378,237.0,270.28350554034114,0.7150357289427014,140.82324399060354,1.1404367322377262
source_b_v1_14_m5_stratified_volume_zero_100_chronos_only,m5_stratified_volume_zero_100_20260714,M5,7,lightgbm_cov,HOUSEHOLD_2_023_TX_3_validation,378,123.0,235.45266477577388,0.6228906475549574,166.95654233097508,1.9142493071201128
source_b_v1_14_m5_stratified_volume_zero_100_chronos_only,m5_stratified_volume_zero_100_20260714,M5,7,lightgbm_cov,HOUSEHOLD_2_041_CA_1_validation,378,147.0,202.42081483453512,0.5355048011495638,168.94952943497051,1.377012345813164
source_b_v1_14_m5_stratified_volume_zero_100_chronos_only,m5_stratified_volume_zero_100_20260714,M5,7,lightgbm_cov,HOUSEHOLD_2_107_TX_2_validation,378,36.0,83.40661608986557,0.22065242351816286,195.31288258293628,2.3168504469407103
source_b_v1_14_m5_stratified_volume_zero_100_chronos_only,m5_stratified_volume_zero_100_20260714,M5,7,lightgbm_cov,HOUSEHOLD_2_133_WI_3_validation,378,61.0,125.80402458831668,0.33281487986327163,188.88535593126582,2.0623610588248638
source_b_v1_14_m5_stratified_volume_zero_100_chronos_only,m5_stratified_volume_zero_100_20260714,M5,7,lightgbm_cov,HOUSEHOLD_2_148_WI_1_validation,378,69.0,147.5912041142583,0.39045292093719125,186.33126524335745,2.1390029581776564
source_b_v1_14_m5_stratified_volume_zero_100_chronos_only,m5_stratified_volume_zero_100_20260714,M5,7,lightgbm_cov,HOUSEHOLD_2_158_CA_1_validation,378,68.0,131.08990775048733,0.34679869775261196,190.47491022970274,1.9277927610365784
source_b_v1_14_m5_stratified_volume_zero_100_chronos_only,m5_stratified_volume_zero_100_20260714,M5,7,lightgbm_cov,HOUSEHOLD_2_192_CA_2_validation,378,88.0,154.6068036914803,0.4090127081785193,180.60836616692478,1.7568954964940944
source_b_v1_14_m5_stratified_volume_zero_100_chronos_only,m5_stratified_volume_zero_100_20260714,M5,7,lightgbm_cov,HOUSEHOLD_2_202_CA_2_validation,378,48.0,113.58715627342463,0.30049512241646725,193.00828683624223,2.3663990890296795
source_b_v1_14_m5_stratified_volume_zero_100_chronos_only,m5_stratified_volume_zero_100_20260714,M5,7,lightgbm_cov,HOUSEHOLD_2_223_CA_3_validation,378,100.0,169.2017707824707,0.44762373222875845,179.77484414870858,1.692017707824707
source_b_v1_14_m5_stratified_volume_zero_100_chronos_only,m5_stratified_volume_zero_100_20260714,M5,7,lightgbm_cov,HOUSEHOLD_2_235_TX_1_validation,378,52.0,100.85840287432075,0.26682117162518715,192.8572511141329,1.9395846706600144
source_b_v1_14_m5_stratified_volume_zero_100_chronos_only,m5_stratified_volume_zero_100_20260714,M5,7,lightgbm_cov,HOUSEHOLD_2_246_CA_3_validation,378,113.0,183.68876589089632,0.48594911611348235,177.12634434374513,1.6255642999194364
source_b_v1_14_m5_stratified_volume_zero_100_chronos_only,m5_stratified_volume_zero_100_20260714,M5,7,lightgbm_cov,HOUSEHOLD_2_265_WI_3_validation,378,122.0,182.92750664055347,0.48393520275278695,174.12637068609243,1.4994057921356843
source_b_v1_14_m5_stratified_volume_zero_100_chronos_only,m5_stratified_volume_zero_100_20260714,M5,7,lightgbm_cov,HOUSEHOLD_2_422_CA_2_validation,378,87.0,153.96135710552335,0.40730517752783957,186.7080150879345,1.7696707713278546
source_b_v1_14_m5_stratified_volume_zero_100_chronos_only,m5_stratified_volume_zero_100_20260714,M5,7,lightgbm_cov,HOUSEHOLD_2_474_CA_3_validation,378,29.0,123.56175937131047,0.32688296129976313,194.5339029882591,4.2607503231486366
source_b_v1_14_m5_stratified_volume_zero_100_chronos_only,m5_stratified_volume_zero_100_20260714,M5,7,lightgbm_cov,HOUSEHOLD_2_480_WI_2_validation,378,54.0,144.3775695450604,0.38195124218269944,187.80278940906055,2.6736586952788963
source_b_v1_14_m5_stratified_volume_zero_100_chronos_only,m5_stratified_volume_zero_100_20260714,M5,7,lightgbm_direct,FOODS_1_026_WI_2_validation,378,234.0,245.96398298442364,0.6506983676836604,144.898023693989,1.051128132412067
source_b_v1_14_m5_stratified_volume_zero_100_chronos_only,m5_stratified_volume_zero_100_20260714,M5,7,lightgbm_direct,FOODS_1_063_CA_2_validation,378,23.0,42.376821607816964,0.11210799367147345,196.30747757943223,1.8424705046876941
source_b_v1_14_m5_stratified_volume_zero_100_chronos_only,m5_stratified_volume_zero_100_20260714,M5,7,lightgbm_direct,FOODS_1_080_WI_2_validation,378,190.0,238.8178254365921,0.6317931889856934,158.0879033176422,1.2569359233504847
source_b_v1_14_m5_stratified_volume_zero_100_chronos_only,m5_stratified_volume_zero_100_20260714,M5,7,lightgbm_direct,FOODS_1_118_CA_3_validation,378,463.0,491.12632527947426,1.299275992802842,121.35759720510787,1.0607480027634433
source_b_v1_14_m5_stratified_volume_zero_100_chronos_only,m5_stratified_volume_zero_100_20260714,M5,7,lightgbm_direct,FOODS_1_129_WI_2_validation,378,1401.0,952.494569838047,2.5198269043334576,82.72881640058777,0.6798676444240165
source_b_v1_14_m5_stratified_volume_zero_100_chronos_only,m5_stratified_volume_zero_100_20260714,M5,7,lightgbm_direct,FOODS_1_171_TX_1_validation,378,168.0,227.52537051588297,0.601918969618738,167.4297528254913,1.3543176816421605
source_b_v1_14_m5_stratified_volume_zero_100_chronos_only,m5_stratified_volume_zero_100_20260714,M5,7,lightgbm_direct,FOODS_1_178_WI_3_validation,378,149.0,209.15953431650996,0.5533321013664285,169.29414617270155,1.4037552638691944
source_b_v1_14_m5_stratified_volume_zero_100_chronos_only,m5_stratified_volume_zero_100_20260714,M5,7,lightgbm_direct,FOODS_2_001_WI_1_validation,378,389.0,286.6882879505865,0.7584346242079009,142.17788647507484,0.7369878867624332
source_b_v1_14_m5_stratified_volume_zero_100_chronos_only,m5_stratified_volume_zero_100_20260714,M5,7,lightgbm_direct,FOODS_2_015_WI_2_validation,378,164.0,205.74889625422657,0.5443092493498057,165.36837604411548,1.2545664405745522
source_b_v1_14_m5_stratified_volume_zero_100_chronos_only,m5_stratified_volume_zero_100_20260714,M5,7,lightgbm_direct,FOODS_2_016_CA_2_validation,378,915.0,708.5006560311376,1.8743403598707344,113.91988048341857,0.7743176568646313
source_b_v1_14_m5_stratified_volume_zero_100_chronos_only,m5_stratified_volume_zero_100_20260714,M5,7,lightgbm_direct,FOODS_2_027_CA_4_validation,378,83.0,211.04120508767664,0.558310066369515,192.28309056731777,2.5426651215382727
source_b_v1_14_m5_stratified_volume_zero_100_chronos_only,m5_stratified_volume_zero_100_20260714,M5,7,lightgbm_direct,FOODS_2_044_WI_1_validation,378,805.0,540.8245967272669,1.430752901394886,96.1990245472995,0.671831797176729
source_b_v1_14_m5_stratified_volume_zero_100_chronos_only,m5_stratified_volume_zero_100_20260714,M5,7,lightgbm_direct,FOODS_2_075_CA_2_validation,378,909.0,577.1097538918912,1.5267453806663787,114.30444664903168,0.6348842177028505
source_b_v1_14_m5_stratified_volume_zero_100_chronos_only,m5_stratified_volume_zero_100_20260714,M5,7,lightgbm_direct,FOODS_2_130_TX_2_validation,378,402.0,390.6591718196869,1.0334898725388542,123.44731088357162,0.9717889846260868
source_b_v1_14_m5_stratified_volume_zero_100_chronos_only,m5_stratified_volume_zero_100_20260714,M5,7,lightgbm_direct,FOODS_2_137_CA_4_validation,378,185.0,309.70300069637597,0.8193201076623703,174.7465676956,1.6740702740344646
source_b_v1_14_m5_stratified_volume_zero_100_chronos_only,m5_stratified_volume_zero_100_20260714,M5,7,lightgbm_direct,FOODS_2_140_WI_2_validation,378,568.0,483.01989338360727,1.277830405776739,162.49384993386994,0.8503871362387452
source_b_v1_14_m5_stratified_volume_zero_100_chronos_only,m5_stratified_volume_zero_100_20260714,M5,7,lightgbm_direct,FOODS_2_215_TX_2_validation,378,352.0,374.8439687853679,0.9916507110724019,150.55220664510395,1.0648976385947952
source_b_v1_14_m5_stratified_volume_zero_100_chronos_only,m5_stratified_volume_zero_100_20260714,M5,7,lightgbm_direct,FOODS_2_233_WI_2_validation,378,2595.0,1418.4647172596306,3.7525521620625146,126.87040852414727,0.546614534589453
source_b_v1_14_m5_stratified_volume_zero_100_chronos_only,m5_stratified_volume_zero_100_20260714,M5,7,lightgbm_direct,FOODS_2_258_CA_4_validation,378,176.0,282.4525588080287,0.7472289915556315,168.9998957820034,1.6048440841365268
source_b_v1_14_m5_stratified_volume_zero_100_chronos_only,m5_stratified_volume_zero_100_20260714,M5,7,lightgbm_direct,FOODS_2_261_TX_1_validation,378,73.0,142.6963729672134,0.3775036321883952,185.92784723544239,1.9547448351673067
source_b_v1_14_m5_stratified_volume_zero_100_chronos_only,m5_stratified_volume_zero_100_20260714,M5,7,lightgbm_direct,FOODS_2_299_WI_2_validation,378,1143.0,666.6346905003302,1.7635838373024608,129.15753051213423,0.5832324501315225
source_b_v1_14_m5_stratified_volume_zero_100_chronos_only,m5_stratified_volume_zero_100_20260714,M5,7,lightgbm_direct,FOODS_2_316_TX_3_validation,378,301.0,254.36649164371192,0.6729272265706665,157.68870854645718,0.8450714008096741
source_b_v1_14_m5_stratified_volume_zero_100_chronos_only,m5_stratified_volume_zero_100_20260714,M5,7,lightgbm_direct,FOODS_2_347_WI_2_validation,378,2351.0,1336.1215622755699,3.534713127713148,129.90280750104534,0.5683205284030497
source_b_v1_14_m5_stratified_volume_zero_100_chronos_only,m5_stratified_volume_zero_100_20260714,M5,7,lightgbm_direct,FOODS_2_357_WI_2_validation,378,2378.0,1550.3539076219313,4.101465364079183,139.3286024007552,0.6519570679654884
source_b_v1_14_m5_stratified_volume_zero_100_chronos_only,m5_stratified_volume_zero_100_20260714,M5,7,lightgbm_direct,FOODS_3_009_TX_1_validation,378,240.0,321.1442378172651,0.8495879307335056,160.73267946566634,1.3381009909052712
source_b_v1_14_m5_stratified_volume_zero_100_chronos_only,m5_stratified_volume_zero_100_20260714,M5,7,lightgbm_direct,FOODS_3_024_WI_2_validation,378,1369.0,1005.1300483159721,2.6590742018941063,130.39644080754005,0.7342074859868313
source_b_v1_14_m5_stratified_volume_zero_100_chronos_only,m5_stratified_volume_zero_100_20260714,M5,7,lightgbm_direct,FOODS_3_039_WI_1_validation,378,623.0,487.3722547548823,1.2893445892986304,165.0102910655184,0.7822989642935511
source_b_v1_14_m5_stratified_volume_zero_100_chronos_only,m5_stratified_volume_zero_100_20260714,M5,7,lightgbm_direct,FOODS_3_073_TX_3_validation,378,349.0,335.43512481916696,0.8873945101036163,180.44827423286782,0.961132162805636
source_b_v1_14_m5_stratified_volume_zero_100_chronos_only,m5_stratified_volume_zero_100_20260714,M5,7,lightgbm_direct,FOODS_3_073_WI_3_validation,378,90.0,195.60259690787643,0.5174671875869747,191.9209187614847,2.1733621878652936
source_b_v1_14_m5_stratified_volume_zero_100_chronos_only,m5_stratified_volume_zero_100_20260714,M5,7,lightgbm_direct,FOODS_3_077_CA_3_validation,378,1849.0,1068.7906929440796,2.827488605672168,91.84229495290975,0.5780371514029635
source_b_v1_14_m5_stratified_volume_zero_100_chronos_only,m5_stratified_volume_zero_100_20260714,M5,7,lightgbm_direct,FOODS_3_091_CA_1_validation,378,455.0,326.6858015805483,0.8642481523294928,102.3528012384336,0.7179907727045017
source_b_v1_14_m5_stratified_volume_zero_100_chronos_only,m5_stratified_volume_zero_100_20260714,M5,7,lightgbm_direct,FOODS_3_100_WI_1_validation,378,717.0,558.6054330617189,1.4777921509569285,93.87683406296817,0.779087075399887
source_b_v1_14_m5_stratified_volume_zero_100_chronos_only,m5_stratified_volume_zero_100_20260714,M5,7,lightgbm_direct,FOODS_3_230_WI_1_validation,378,467.0,355.2200274467468,0.9397355223458911,97.25975333826503,0.760642457059415
source_b_v1_14_m5_stratified_volume_zero_100_chronos_only,m5_stratified_volume_zero_100_20260714,M5,7,lightgbm_direct,FOODS_3_233_WI_1_validation,378,922.0,607.63605762925,1.6075027979609788,119.40940527462658,0.6590412772551518
source_b_v1_14_m5_stratified_volume_zero_100_chronos_only,m5_stratified_volume_zero_100_20260714,M5,7,lightgbm_direct,FOODS_3_233_WI_2_validation,378,2529.0,1174.297099580057,3.1066060835451244,106.15706377841884,0.4643325818821894
source_b_v1_14_m5_stratified_volume_zero_100_chronos_only,m5_stratified_volume_zero_100_20260714,M5,7,lightgbm_direct,FOODS_3_236_CA_1_validation,378,578.0,400.1765123764053,1.0586680221598024,123.96251694859728,0.6923469072256146
source_b_v1_14_m5_stratified_volume_zero_100_chronos_only,m5_stratified_volume_zero_100_20260714,M5,7,lightgbm_direct,FOODS_3_266_CA_1_validation,378,53.0,123.34316165931523,0.3263046604743789,188.30787515926355,2.3272294652700984
source_b_v1_14_m5_stratified_volume_zero_100_chronos_only,m5_stratified_volume_zero_100_20260714,M5,7,lightgbm_direct,FOODS_3_320_CA_3_validation,378,903.0,708.9372982978821,1.8754954981425451,94.00439705053161,0.7850911387573445
source_b_v1_14_m5_stratified_volume_zero_100_chronos_only,m5_stratified_volume_zero_100_20260714,M5,7,lightgbm_direct,FOODS_3_339_WI_2_validation,378,807.0,606.5845481883734,1.604721026953369,103.4028080235201,0.7516537152272286
source_b_v1_14_m5_stratified_volume_zero_100_chronos_only,m5_stratified_volume_zero_100_20260714,M5,7,lightgbm_direct,FOODS_3_345_CA_2_validation,378,7.0,78.70955503545702,0.2082263360726376,199.34901383672033,11.24422214792243
source_b_v1_14_m5_stratified_volume_zero_100_chronos_only,m5_stratified_volume_zero_100_20260714,M5,7,lightgbm_direct,FOODS_3_424_CA_4_validation,378,277.0,281.6620444608852,0.7451376837589556,133.70455252142554,1.0168304854183583
source_b_v1_14_m5_stratified_volume_zero_100_chronos_only,m5_stratified_volume_zero_100_20260714,M5,7,lightgbm_direct,FOODS_3_444_TX_2_validation,378,2089.0,1005.1519737131894,2.6591322055904483,165.75413338180434,0.48116418081052625
source_b_v1_14_m5_stratified_volume_zero_100_chronos_only,m5_stratified_volume_zero_100_20260714,M5,7,lightgbm_direct,FOODS_3_457_CA_2_validation,378,153.0,214.90475298464298,0.5685310925519655,170.77049106684868,1.4046062286577972
source_b_v1_14_m5_stratified_volume_zero_100_chronos_only,m5_stratified_volume_zero_100_20260714,M5,7,lightgbm_direct,FOODS_3_521_WI_2_validation,378,121.0,187.63471270352602,0.4963881288453069,182.84879351322041,1.5507001049878184
source_b_v1_14_m5_stratified_volume_zero_100_chronos_only,m5_stratified_volume_zero_100_20260714,M5,7,lightgbm_direct,FOODS_3_528_TX_3_validation,378,174.0,233.5243173390627,0.6177891993096897,165.590844472814,1.3420937778107052
source_b_v1_14_m5_stratified_volume_zero_100_chronos_only,m5_stratified_volume_zero_100_20260714,M5,7,lightgbm_direct,FOODS_3_538_CA_3_validation,378,12.0,141.53112757764757,0.37442097242763905,196.93967359011003,11.79426063147063
source_b_v1_14_m5_stratified_volume_zero_100_chronos_only,m5_stratified_volume_zero_100_20260714,M5,7,lightgbm_direct,FOODS_3_567_CA_3_validation,378,205.0,285.16246550530195,0.7543980568923332,153.6512707579569,1.391036417099034
source_b_v1_14_m5_stratified_volume_zero_100_chronos_only,m5_stratified_volume_zero_100_20260714,M5,7,lightgbm_direct,FOODS_3_583_WI_1_validation,378,173.0,297.64062935858965,0.7874090723772212,155.47965429299592,1.7204660656565876
source_b_v1_14_m5_stratified_volume_zero_100_chronos_only,m5_stratified_volume_zero_100_20260714,M5,7,lightgbm_direct,FOODS_3_606_CA_4_validation,378,356.0,300.521163739264,0.7950295337017567,113.0122033340383,0.8441605723013034
source_b_v1_14_m5_stratified_volume_zero_100_chronos_only,m5_stratified_volume_zero_100_20260714,M5,7,lightgbm_direct,FOODS_3_698_CA_1_validation,378,476.0,476.8212510943413,1.2614318812019611,118.97676338461703,1.0017253174250866
source_b_v1_14_m5_stratified_volume_zero_100_chronos_only,m5_stratified_volume_zero_100_20260714,M5,7,lightgbm_direct,FOODS_3_703_CA_1_validation,378,383.0,357.979125296697,0.947034723007135,139.80196448298938,0.9346713454221854
source_b_v1_14_m5_stratified_volume_zero_100_chronos_only,m5_stratified_volume_zero_100_20260714,M5,7,lightgbm_direct,FOODS_3_760_CA_3_validation,378,3780.0,1748.0737759023905,4.624533798683573,66.87167370184281,0.4624533798683573
source_b_v1_14_m5_stratified_volume_zero_100_chronos_only,m5_stratified_volume_zero_100_20260714,M5,7,lightgbm_direct,FOODS_3_780_WI_1_validation,378,1714.0,915.8967826329172,2.423007361462744,75.52829141304905,0.5343621835664628
source_b_v1_14_m5_stratified_volume_zero_100_chronos_only,m5_stratified_volume_zero_100_20260714,M5,7,lightgbm_direct,FOODS_3_827_CA_3_validation,378,1792.0,1256.6251755803823,3.324405226403128,102.59968766348113,0.7012417274444098
source_b_v1_14_m5_stratified_volume_zero_100_chronos_only,m5_stratified_volume_zero_100_20260714,M5,7,lightgbm_direct,HOBBIES_1_010_CA_1_validation,378,228.0,254.18222832679749,0.6724397574783002,140.61619292552385,1.1148343347666556
source_b_v1_14_m5_stratified_volume_zero_100_chronos_only,m5_stratified_volume_zero_100_20260714,M5,7,lightgbm_direct,HOBBIES_1_014_TX_2_validation,378,2183.0,1225.1003807783127,3.2410062983553245,64.2113656218425,0.5612003576629925
source_b_v1_14_m5_stratified_volume_zero_100_chronos_only,m5_stratified_volume_zero_100_20260714,M5,7,lightgbm_direct,HOBBIES_1_047_WI_1_validation,378,321.0,340.9342631138861,0.9019424950102808,137.15835075779378,1.0621005081429473
source_b_v1_14_m5_stratified_volume_zero_100_chronos_only,m5_stratified_volume_zero_100_20260714,M5,7,lightgbm_direct,HOBBIES_1_058_WI_3_validation,378,88.0,141.2917223609984,0.37378762529364656,184.9285360701172,1.6055877541022545
source_b_v1_14_m5_stratified_volume_zero_100_chronos_only,m5_stratified_volume_zero_100_20260714,M5,7,lightgbm_direct,HOBBIES_1_090_CA_1_validation,378,1429.0,1494.3059075176716,3.953190231528232,138.81796392334425,1.0457004251348296
source_b_v1_14_m5_stratified_volume_zero_100_chronos_only,m5_stratified_volume_zero_100_20260714,M5,7,lightgbm_direct,HOBBIES_1_090_TX_1_validation,378,274.0,428.02816847898066,1.1323496520607954,180.59087960549354,1.5621466002882505
source_b_v1_14_m5_stratified_volume_zero_100_chronos_only,m5_stratified_volume_zero_100_20260714,M5,7,lightgbm_direct,HOBBIES_1_121_TX_1_validation,378,262.0,439.2794609814882,1.1621149761415033,182.6888469014954,1.6766391640514817
source_b_v1_14_m5_stratified_volume_zero_100_chronos_only,m5_stratified_volume_zero_100_20260714,M5,7,lightgbm_direct,HOBBIES_1_128_WI_1_validation,378,109.0,158.44063982367516,0.4191551318086644,182.79702265905013,1.4535838515933501
source_b_v1_14_m5_stratified_volume_zero_100_chronos_only,m5_stratified_volume_zero_100_20260714,M5,7,lightgbm_direct,HOBBIES_1_156_WI_1_validation,378,233.0,321.742633366026,0.8511709877408095,162.6916448250406,1.380869671098824
source_b_v1_14_m5_stratified_volume_zero_100_chronos_only,m5_stratified_volume_zero_100_20260714,M5,7,lightgbm_direct,HOBBIES_1_197_TX_3_validation,378,21.0,54.06724571529776,0.1430350415748618,198.35806789376963,2.5746307483475124
source_b_v1_14_m5_stratified_volume_zero_100_chronos_only,m5_stratified_volume_zero_100_20260714,M5,7,lightgbm_direct,HOBBIES_1_197_WI_1_validation,378,98.0,144.08228060603142,0.38117005451331065,186.09946546360612,1.4702273531227696
source_b_v1_14_m5_stratified_volume_zero_100_chronos_only,m5_stratified_volume_zero_100_20260714,M5,7,lightgbm_direct,HOBBIES_1_234_CA_2_validation,378,980.0,1286.7718929061666,3.4041584468417105,176.50942837100467,1.3130325437818027
source_b_v1_14_m5_stratified_volume_zero_100_chronos_only,m5_stratified_volume_zero_100_20260714,M5,7,lightgbm_direct,HOBBIES_1_320_CA_1_validation,378,338.0,308.48312255740166,0.8160929168185229,118.73848291893974,0.912671960228999
source_b_v1_14_m5_stratified_volume_zero_100_chronos_only,m5_stratified_volume_zero_100_20260714,M5,7,lightgbm_direct,HOBBIES_1_327_TX_3_validation,378,171.0,214.23696415126324,0.5667644554266223,159.34172890564233,1.2528477435746388
source_b_v1_14_m5_stratified_volume_zero_100_chronos_only,m5_stratified_volume_zero_100_20260714,M5,7,lightgbm_direct,HOBBIES_1_341_WI_1_validation,378,1982.0,1304.4503480643034,3.4509268467309613,85.26367873971672,0.6581485106278019
source_b_v1_14_m5_stratified_volume_zero_100_chronos_only,m5_stratified_volume_zero_100_20260714,M5,7,lightgbm_direct,HOBBIES_1_352_CA_3_validation,378,576.0,385.4497585594654,1.0197083559774218,88.72620014564984,0.669183608610183
source_b_v1_14_m5_stratified_volume_zero_100_chronos_only,m5_stratified_volume_zero_100_20260714,M5,7,lightgbm_direct,HOBBIES_1_354_TX_3_validation,378,8664.0,3033.6514048576355,8.025532817083691,41.51846332723621,0.3501444373104381
source_b_v1_14_m5_stratified_volume_zero_100_chronos_only,m5_stratified_volume_zero_100_20260714,M5,7,lightgbm_direct,HOBBIES_2_058_TX_3_validation,378,125.0,182.696362468414,0.4833237102338995,168.39512197598188,1.461570899747312
source_b_v1_14_m5_stratified_volume_zero_100_chronos_only,m5_stratified_volume_zero_100_20260714,M5,7,lightgbm_direct,HOBBIES_2_076_WI_2_validation,378,85.0,190.83270907960832,0.5048484367185405,185.08786906588983,2.2450906950542153
source_b_v1_14_m5_stratified_volume_zero_100_chronos_only,m5_stratified_volume_zero_100_20260714,M5,7,lightgbm_direct,HOBBIES_2_115_WI_3_validation,378,160.0,237.88847894966602,0.6293346003959419,171.78308115401924,1.4868029934354126
source_b_v1_14_m5_stratified_volume_zero_100_chronos_only,m5_stratified_volume_zero_100_20260714,M5,7,lightgbm_direct,HOUSEHOLD_1_008_TX_3_validation,378,130.0,186.87936906516552,0.49438986525176065,170.6466407515403,1.437533608193581
source_b_v1_14_m5_stratified_volume_zero_100_chronos_only,m5_stratified_volume_zero_100_20260714,M5,7,lightgbm_direct,HOUSEHOLD_1_035_CA_2_validation,378,72.0,68.93959569511935,0.18237988279132103,186.72870009695995,0.9574943846544355
source_b_v1_14_m5_stratified_volume_zero_100_chronos_only,m5_stratified_volume_zero_100_20260714,M5,7,lightgbm_direct,HOUSEHOLD_1_109_CA_4_validation,378,324.0,285.7435906678438,0.7559354250472059,117.28232756912725,0.8819246625550735
source_b_v1_14_m5_stratified_volume_zero_100_chronos_only,m5_stratified_volume_zero_100_20260714,M5,7,lightgbm_direct,HOUSEHOLD_1_113_TX_3_validation,378,993.0,665.5477003157139,1.760708201893423,90.97396340821969,0.6702393759473453
source_b_v1_14_m5_stratified_volume_zero_100_chronos_only,m5_stratified_volume_zero_100_20260714,M5,7,lightgbm_direct,HOUSEHOLD_1_201_CA_3_validation,378,493.0,500.8719321936369,1.3250580216762882,144.00964188803763,1.0159674081006833
source_b_v1_14_m5_stratified_volume_zero_100_chronos_only,m5_stratified_volume_zero_100_20260714,M5,7,lightgbm_direct,HOUSEHOLD_1_224_TX_3_validation,378,76.0,130.60924768447876,0.3455271102763988,187.36280211053855,1.71854273269051
source_b_v1_14_m5_stratified_volume_zero_100_chronos_only,m5_stratified_volume_zero_100_20260714,M5,7,lightgbm_direct,HOUSEHOLD_1_270_TX_2_validation,378,324.0,306.8044634759426,0.8116520197776259,128.1449180241292,0.9469273564072302
source_b_v1_14_m5_stratified_volume_zero_100_chronos_only,m5_stratified_volume_zero_100_20260714,M5,7,lightgbm_direct,HOUSEHOLD_1_346_WI_2_validation,378,322.0,295.4842810034752,0.7817044470991407,121.86481825952413,0.9176530465946434
source_b_v1_14_m5_stratified_volume_zero_100_chronos_only,m5_stratified_volume_zero_100_20260714,M5,7,lightgbm_direct,HOUSEHOLD_1_441_TX_2_validation,378,1096.0,720.2458438236135,1.905412285247655,155.18326090560598,0.6571586166273846
source_b_v1_14_m5_stratified_volume_zero_100_chronos_only,m5_stratified_volume_zero_100_20260714,M5,7,lightgbm_direct,HOUSEHOLD_1_441_TX_3_validation,378,2360.0,1091.2318847771603,2.8868568380348156,124.62468928907302,0.46238639185472896
source_b_v1_14_m5_stratified_volume_zero_100_chronos_only,m5_stratified_volume_zero_100_20260714,M5,7,lightgbm_direct,HOUSEHOLD_1_460_WI_1_validation,378,237.0,227.82794870063663,0.6027194410069752,143.38782346857982,0.9612993616060617
source_b_v1_14_m5_stratified_volume_zero_100_chronos_only,m5_stratified_volume_zero_100_20260714,M5,7,lightgbm_direct,HOUSEHOLD_2_023_TX_3_validation,378,123.0,205.25127986446023,0.5429928038742334,172.55201012258382,1.6687095923939856
source_b_v1_14_m5_stratified_volume_zero_100_chronos_only,m5_stratified_volume_zero_100_20260714,M5,7,lightgbm_direct,HOUSEHOLD_2_041_CA_1_validation,378,147.0,204.47969464957714,0.5409515731470295,169.88714689397614,1.3910183309495043
source_b_v1_14_m5_stratified_volume_zero_100_chronos_only,m5_stratified_volume_zero_100_20260714,M5,7,lightgbm_direct,HOUSEHOLD_2_107_TX_2_validation,378,36.0,69.84181857854128,0.18476671581624676,196.54294796856482,1.940050516070591
source_b_v1_14_m5_stratified_volume_zero_100_chronos_only,m5_stratified_volume_zero_100_20260714,M5,7,lightgbm_direct,HOUSEHOLD_2_133_WI_3_validation,378,61.0,119.36664514616132,0.3157847755189453,189.58314362605,1.9568302482977264
source_b_v1_14_m5_stratified_volume_zero_100_chronos_only,m5_stratified_volume_zero_100_20260714,M5,7,lightgbm_direct,HOUSEHOLD_2_148_WI_1_validation,378,69.0,158.54971568100154,0.4194436922777819,186.60589645784066,2.297821966391327
source_b_v1_14_m5_stratified_volume_zero_100_chronos_only,m5_stratified_volume_zero_100_20260714,M5,7,lightgbm_direct,HOUSEHOLD_2_158_CA_1_validation,378,68.0,106.58320902660489,0.2819661614460447,190.40998868220518,1.5674001327441895
source_b_v1_14_m5_stratified_volume_zero_100_chronos_only,m5_stratified_volume_zero_100_20260714,M5,7,lightgbm_direct,HOUSEHOLD_2_192_CA_2_validation,378,88.0,134.59102853899822,0.35606092206084183,186.3349935881689,1.5294435061249798
source_b_v1_14_m5_stratified_volume_zero_100_chronos_only,m5_stratified_volume_zero_100_20260714,M5,7,lightgbm_direct,HOUSEHOLD_2_202_CA_2_validation,378,48.0,99.60588022880256,0.2635076196529168,193.99397874799783,2.07512250476672
source_b_v1_14_m5_stratified_volume_zero_100_chronos_only,m5_stratified_volume_zero_100_20260714,M5,7,lightgbm_direct,HOUSEHOLD_2_223_CA_3_validation,378,100.0,162.86338744685054,0.4308555223461654,179.67347690431802,1.6286338744685054
source_b_v1_14_m5_stratified_volume_zero_100_chronos_only,m5_stratified_volume_zero_100_20260714,M5,7,lightgbm_direct,HOUSEHOLD_2_235_TX_1_validation,378,52.0,98.92866810411215,0.26171605318548186,193.14864198399243,1.9024743866175413
source_b_v1_14_m5_stratified_volume_zero_100_chronos_only,m5_stratified_volume_zero_100_20260714,M5,7,lightgbm_direct,HOUSEHOLD_2_246_CA_3_validation,378,113.0,181.31652633845806,0.4796733501017409,177.3943319260354,1.6045710295438766
source_b_v1_14_m5_stratified_volume_zero_100_chronos_only,m5_stratified_volume_zero_100_20260714,M5,7,lightgbm_direct,HOUSEHOLD_2_265_WI_3_validation,378,122.0,181.07328042201698,0.4790298423862883,174.94471004281195,1.4842072165739097
source_b_v1_14_m5_stratified_volume_zero_100_chronos_only,m5_stratified_volume_zero_100_20260714,M5,7,lightgbm_direct,HOUSEHOLD_2_422_CA_2_validation,378,87.0,148.71036799252033,0.39341367193788446,187.30269659673397,1.7093145746266705
source_b_v1_14_m5_stratified_volume_zero_100_chronos_only,m5_stratified_volume_zero_100_20260714,M5,7,lightgbm_direct,HOUSEHOLD_2_474_CA_3_validation,378,29.0,93.5320466645062,0.24743927689022804,195.15469692477612,3.225242988431248
source_b_v1_14_m5_stratified_volume_zero_100_chronos_only,m5_stratified_volume_zero_100_20260714,M5,7,lightgbm_direct,HOUSEHOLD_2_480_WI_2_validation,378,54.0,121.73222651612014,0.3220429272913231,188.92238850602988,2.254300491039262
source_b_v1_14_m5_stratified_volume_zero_100_chronos_only,m5_stratified_volume_zero_100_20260714,M5,7,lightgbm_direct_scaled,FOODS_1_026_WI_2_validation,378,234.0,245.96398298442364,0.6506983676836604,144.898023693989,1.051128132412067
source_b_v1_14_m5_stratified_volume_zero_100_chronos_only,m5_stratified_volume_zero_100_20260714,M5,7,lightgbm_direct_scaled,FOODS_1_063_CA_2_validation,378,23.0,42.376821607816964,0.11210799367147345,196.30747757943223,1.8424705046876941
source_b_v1_14_m5_stratified_volume_zero_100_chronos_only,m5_stratified_volume_zero_100_20260714,M5,7,lightgbm_direct_scaled,FOODS_1_080_WI_2_validation,378,190.0,238.8178254365921,0.6317931889856934,158.0879033176422,1.2569359233504847
source_b_v1_14_m5_stratified_volume_zero_100_chronos_only,m5_stratified_volume_zero_100_20260714,M5,7,lightgbm_direct_scaled,FOODS_1_118_CA_3_validation,378,463.0,491.12632527947426,1.299275992802842,121.35759720510787,1.0607480027634433
source_b_v1_14_m5_stratified_volume_zero_100_chronos_only,m5_stratified_volume_zero_100_20260714,M5,7,lightgbm_direct_scaled,FOODS_1_129_WI_2_validation,378,1401.0,952.494569838047,2.5198269043334576,82.72881640058777,0.6798676444240165
source_b_v1_14_m5_stratified_volume_zero_100_chronos_only,m5_stratified_volume_zero_100_20260714,M5,7,lightgbm_direct_scaled,FOODS_1_171_TX_1_validation,378,168.0,227.52537051588297,0.601918969618738,167.4297528254913,1.3543176816421605
source_b_v1_14_m5_stratified_volume_zero_100_chronos_only,m5_stratified_volume_zero_100_20260714,M5,7,lightgbm_direct_scaled,FOODS_1_178_WI_3_validation,378,149.0,209.15953431650996,0.5533321013664285,169.29414617270155,1.4037552638691944
source_b_v1_14_m5_stratified_volume_zero_100_chronos_only,m5_stratified_volume_zero_100_20260714,M5,7,lightgbm_direct_scaled,FOODS_2_001_WI_1_validation,378,389.0,286.6882879505865,0.7584346242079009,142.17788647507484,0.7369878867624332
source_b_v1_14_m5_stratified_volume_zero_100_chronos_only,m5_stratified_volume_zero_100_20260714,M5,7,lightgbm_direct_scaled,FOODS_2_015_WI_2_validation,378,164.0,205.74889625422657,0.5443092493498057,165.36837604411548,1.2545664405745522
source_b_v1_14_m5_stratified_volume_zero_100_chronos_only,m5_stratified_volume_zero_100_20260714,M5,7,lightgbm_direct_scaled,FOODS_2_016_CA_2_validation,378,915.0,708.5006560311376,1.8743403598707344,113.91988048341857,0.7743176568646313
source_b_v1_14_m5_stratified_volume_zero_100_chronos_only,m5_stratified_volume_zero_100_20260714,M5,7,lightgbm_direct_scaled,FOODS_2_027_CA_4_validation,378,83.0,211.04120508767664,0.558310066369515,192.28309056731777,2.5426651215382727
source_b_v1_14_m5_stratified_volume_zero_100_chronos_only,m5_stratified_volume_zero_100_20260714,M5,7,lightgbm_direct_scaled,FOODS_2_044_WI_1_validation,378,805.0,540.8245967272669,1.430752901394886,96.1990245472995,0.671831797176729
source_b_v1_14_m5_stratified_volume_zero_100_chronos_only,m5_stratified_volume_zero_100_20260714,M5,7,lightgbm_direct_scaled,FOODS_2_075_CA_2_validation,378,909.0,577.1097538918912,1.5267453806663787,114.30444664903168,0.6348842177028505
source_b_v1_14_m5_stratified_volume_zero_100_chronos_only,m5_stratified_volume_zero_100_20260714,M5,7,lightgbm_direct_scaled,FOODS_2_130_TX_2_validation,378,402.0,390.6591718196869,1.0334898725388542,123.44731088357162,0.9717889846260868
source_b_v1_14_m5_stratified_volume_zero_100_chronos_only,m5_stratified_volume_zero_100_20260714,M5,7,lightgbm_direct_scaled,FOODS_2_137_CA_4_validation,378,185.0,309.70300069637597,0.8193201076623703,174.7465676956,1.6740702740344646
source_b_v1_14_m5_stratified_volume_zero_100_chronos_only,m5_stratified_volume_zero_100_20260714,M5,7,lightgbm_direct_scaled,FOODS_2_140_WI_2_validation,378,568.0,483.01989338360727,1.277830405776739,162.49384993386994,0.8503871362387452
source_b_v1_14_m5_stratified_volume_zero_100_chronos_only,m5_stratified_volume_zero_100_20260714,M5,7,lightgbm_direct_scaled,FOODS_2_215_TX_2_validation,378,352.0,374.8439687853679,0.9916507110724019,150.55220664510395,1.0648976385947952
source_b_v1_14_m5_stratified_volume_zero_100_chronos_only,m5_stratified_volume_zero_100_20260714,M5,7,lightgbm_direct_scaled,FOODS_2_233_WI_2_validation,378,2595.0,1418.4647172596306,3.7525521620625146,126.87040852414727,0.546614534589453
source_b_v1_14_m5_stratified_volume_zero_100_chronos_only,m5_stratified_volume_zero_100_20260714,M5,7,lightgbm_direct_scaled,FOODS_2_258_CA_4_validation,378,176.0,282.4525588080287,0.7472289915556315,168.9998957820034,1.6048440841365268
source_b_v1_14_m5_stratified_volume_zero_100_chronos_only,m5_stratified_volume_zero_100_20260714,M5,7,lightgbm_direct_scaled,FOODS_2_261_TX_1_validation,378,73.0,142.6963729672134,0.3775036321883952,185.92784723544239,1.9547448351673067
source_b_v1_14_m5_stratified_volume_zero_100_chronos_only,m5_stratified_volume_zero_100_20260714,M5,7,lightgbm_direct_scaled,FOODS_2_299_WI_2_validation,378,1143.0,666.6346905003302,1.7635838373024608,129.15753051213423,0.5832324501315225
source_b_v1_14_m5_stratified_volume_zero_100_chronos_only,m5_stratified_volume_zero_100_20260714,M5,7,lightgbm_direct_scaled,FOODS_2_316_TX_3_validation,378,301.0,254.36649164371192,0.6729272265706665,157.68870854645718,0.8450714008096741
source_b_v1_14_m5_stratified_volume_zero_100_chronos_only,m5_stratified_volume_zero_100_20260714,M5,7,lightgbm_direct_scaled,FOODS_2_347_WI_2_validation,378,2351.0,1336.1215622755699,3.534713127713148,129.90280750104534,0.5683205284030497
source_b_v1_14_m5_stratified_volume_zero_100_chronos_only,m5_stratified_volume_zero_100_20260714,M5,7,lightgbm_direct_scaled,FOODS_2_357_WI_2_validation,378,2378.0,1550.3539076219313,4.101465364079183,139.3286024007552,0.6519570679654884
source_b_v1_14_m5_stratified_volume_zero_100_chronos_only,m5_stratified_volume_zero_100_20260714,M5,7,lightgbm_direct_scaled,FOODS_3_009_TX_1_validation,378,240.0,321.1442378172651,0.8495879307335056,160.73267946566634,1.3381009909052712
source_b_v1_14_m5_stratified_volume_zero_100_chronos_only,m5_stratified_volume_zero_100_20260714,M5,7,lightgbm_direct_scaled,FOODS_3_024_WI_2_validation,378,1369.0,1005.1300483159721,2.6590742018941063,130.39644080754005,0.7342074859868313
source_b_v1_14_m5_stratified_volume_zero_100_chronos_only,m5_stratified_volume_zero_100_20260714,M5,7,lightgbm_direct_scaled,FOODS_3_039_WI_1_validation,378,623.0,487.3722547548823,1.2893445892986304,165.0102910655184,0.7822989642935511
source_b_v1_14_m5_stratified_volume_zero_100_chronos_only,m5_stratified_volume_zero_100_20260714,M5,7,lightgbm_direct_scaled,FOODS_3_073_TX_3_validation,378,349.0,335.43512481916696,0.8873945101036163,180.44827423286782,0.961132162805636
source_b_v1_14_m5_stratified_volume_zero_100_chronos_only,m5_stratified_volume_zero_100_20260714,M5,7,lightgbm_direct_scaled,FOODS_3_073_WI_3_validation,378,90.0,195.60259690787643,0.5174671875869747,191.9209187614847,2.1733621878652936
source_b_v1_14_m5_stratified_volume_zero_100_chronos_only,m5_stratified_volume_zero_100_20260714,M5,7,lightgbm_direct_scaled,FOODS_3_077_CA_3_validation,378,1849.0,1068.7906929440796,2.827488605672168,91.84229495290975,0.5780371514029635
source_b_v1_14_m5_stratified_volume_zero_100_chronos_only,m5_stratified_volume_zero_100_20260714,M5,7,lightgbm_direct_scaled,FOODS_3_091_CA_1_validation,378,455.0,326.6858015805483,0.8642481523294928,102.3528012384336,0.7179907727045017
source_b_v1_14_m5_stratified_volume_zero_100_chronos_only,m5_stratified_volume_zero_100_20260714,M5,7,lightgbm_direct_scaled,FOODS_3_100_WI_1_validation,378,717.0,558.6054330617189,1.4777921509569285,93.87683406296817,0.779087075399887
source_b_v1_14_m5_stratified_volume_zero_100_chronos_only,m5_stratified_volume_zero_100_20260714,M5,7,lightgbm_direct_scaled,FOODS_3_230_WI_1_validation,378,467.0,355.2200274467468,0.9397355223458911,97.25975333826503,0.760642457059415
source_b_v1_14_m5_stratified_volume_zero_100_chronos_only,m5_stratified_volume_zero_100_20260714,M5,7,lightgbm_direct_scaled,FOODS_3_233_WI_1_validation,378,922.0,607.63605762925,1.6075027979609788,119.40940527462658,0.6590412772551518
source_b_v1_14_m5_stratified_volume_zero_100_chronos_only,m5_stratified_volume_zero_100_20260714,M5,7,lightgbm_direct_scaled,FOODS_3_233_WI_2_validation,378,2529.0,1174.297099580057,3.1066060835451244,106.15706377841884,0.4643325818821894
source_b_v1_14_m5_stratified_volume_zero_100_chronos_only,m5_stratified_volume_zero_100_20260714,M5,7,lightgbm_direct_scaled,FOODS_3_236_CA_1_validation,378,578.0,400.1765123764053,1.0586680221598024,123.96251694859728,0.6923469072256146
source_b_v1_14_m5_stratified_volume_zero_100_chronos_only,m5_stratified_volume_zero_100_20260714,M5,7,lightgbm_direct_scaled,FOODS_3_266_CA_1_validation,378,53.0,123.34316165931523,0.3263046604743789,188.30787515926355,2.3272294652700984
source_b_v1_14_m5_stratified_volume_zero_100_chronos_only,m5_stratified_volume_zero_100_20260714,M5,7,lightgbm_direct_scaled,FOODS_3_320_CA_3_validation,378,903.0,708.9372982978821,1.8754954981425451,94.00439705053161,0.7850911387573445
source_b_v1_14_m5_stratified_volume_zero_100_chronos_only,m5_stratified_volume_zero_100_20260714,M5,7,lightgbm_direct_scaled,FOODS_3_339_WI_2_validation,378,807.0,606.5845481883734,1.604721026953369,103.4028080235201,0.7516537152272286
source_b_v1_14_m5_stratified_volume_zero_100_chronos_only,m5_stratified_volume_zero_100_20260714,M5,7,lightgbm_direct_scaled,FOODS_3_345_CA_2_validation,378,7.0,78.70955503545702,0.2082263360726376,199.34901383672033,11.24422214792243
source_b_v1_14_m5_stratified_volume_zero_100_chronos_only,m5_stratified_volume_zero_100_20260714,M5,7,lightgbm_direct_scaled,FOODS_3_424_CA_4_validation,378,277.0,281.6620444608852,0.7451376837589556,133.70455252142554,1.0168304854183583
source_b_v1_14_m5_stratified_volume_zero_100_chronos_only,m5_stratified_volume_zero_100_20260714,M5,7,lightgbm_direct_scaled,FOODS_3_444_TX_2_validation,378,2089.0,1005.1519737131894,2.6591322055904483,165.75413338180434,0.48116418081052625
source_b_v1_14_m5_stratified_volume_zero_100_chronos_only,m5_stratified_volume_zero_100_20260714,M5,7,lightgbm_direct_scaled,FOODS_3_457_CA_2_validation,378,153.0,214.90475298464298,0.5685310925519655,170.77049106684868,1.4046062286577972
source_b_v1_14_m5_stratified_volume_zero_100_chronos_only,m5_stratified_volume_zero_100_20260714,M5,7,lightgbm_direct_scaled,FOODS_3_521_WI_2_validation,378,121.0,187.63471270352602,0.4963881288453069,182.84879351322041,1.5507001049878184
source_b_v1_14_m5_stratified_volume_zero_100_chronos_only,m5_stratified_volume_zero_100_20260714,M5,7,lightgbm_direct_scaled,FOODS_3_528_TX_3_validation,378,174.0,233.5243173390627,0.6177891993096897,165.590844472814,1.3420937778107052
source_b_v1_14_m5_stratified_volume_zero_100_chronos_only,m5_stratified_volume_zero_100_20260714,M5,7,lightgbm_direct_scaled,FOODS_3_538_CA_3_validation,378,12.0,141.53112757764757,0.37442097242763905,196.93967359011003,11.79426063147063
source_b_v1_14_m5_stratified_volume_zero_100_chronos_only,m5_stratified_volume_zero_100_20260714,M5,7,lightgbm_direct_scaled,FOODS_3_567_CA_3_validation,378,205.0,285.16246550530195,0.7543980568923332,153.6512707579569,1.391036417099034
source_b_v1_14_m5_stratified_volume_zero_100_chronos_only,m5_stratified_volume_zero_100_20260714,M5,7,lightgbm_direct_scaled,FOODS_3_583_WI_1_validation,378,173.0,297.64062935858965,0.7874090723772212,155.47965429299592,1.7204660656565876
source_b_v1_14_m5_stratified_volume_zero_100_chronos_only,m5_stratified_volume_zero_100_20260714,M5,7,lightgbm_direct_scaled,FOODS_3_606_CA_4_validation,378,356.0,300.521163739264,0.7950295337017567,113.0122033340383,0.8441605723013034
source_b_v1_14_m5_stratified_volume_zero_100_chronos_only,m5_stratified_volume_zero_100_20260714,M5,7,lightgbm_direct_scaled,FOODS_3_698_CA_1_validation,378,476.0,476.8212510943413,1.2614318812019611,118.97676338461703,1.0017253174250866
source_b_v1_14_m5_stratified_volume_zero_100_chronos_only,m5_stratified_volume_zero_100_20260714,M5,7,lightgbm_direct_scaled,FOODS_3_703_CA_1_validation,378,383.0,357.979125296697,0.947034723007135,139.80196448298938,0.9346713454221854
source_b_v1_14_m5_stratified_volume_zero_100_chronos_only,m5_stratified_volume_zero_100_20260714,M5,7,lightgbm_direct_scaled,FOODS_3_760_CA_3_validation,378,3780.0,1748.0737759023905,4.624533798683573,66.87167370184281,0.4624533798683573
source_b_v1_14_m5_stratified_volume_zero_100_chronos_only,m5_stratified_volume_zero_100_20260714,M5,7,lightgbm_direct_scaled,FOODS_3_780_WI_1_validation,378,1714.0,915.8967826329172,2.423007361462744,75.52829141304905,0.5343621835664628
source_b_v1_14_m5_stratified_volume_zero_100_chronos_only,m5_stratified_volume_zero_100_20260714,M5,7,lightgbm_direct_scaled,FOODS_3_827_CA_3_validation,378,1792.0,1256.6251755803823,3.324405226403128,102.59968766348113,0.7012417274444098
source_b_v1_14_m5_stratified_volume_zero_100_chronos_only,m5_stratified_volume_zero_100_20260714,M5,7,lightgbm_direct_scaled,HOBBIES_1_010_CA_1_validation,378,228.0,254.18222832679749,0.6724397574783002,140.61619292552385,1.1148343347666556
source_b_v1_14_m5_stratified_volume_zero_100_chronos_only,m5_stratified_volume_zero_100_20260714,M5,7,lightgbm_direct_scaled,HOBBIES_1_014_TX_2_validation,378,2183.0,1225.1003807783127,3.2410062983553245,64.2113656218425,0.5612003576629925
source_b_v1_14_m5_stratified_volume_zero_100_chronos_only,m5_stratified_volume_zero_100_20260714,M5,7,lightgbm_direct_scaled,HOBBIES_1_047_WI_1_validation,378,321.0,340.9342631138861,0.9019424950102808,137.15835075779378,1.0621005081429473
source_b_v1_14_m5_stratified_volume_zero_100_chronos_only,m5_stratified_volume_zero_100_20260714,M5,7,lightgbm_direct_scaled,HOBBIES_1_058_WI_3_validation,378,88.0,141.2917223609984,0.37378762529364656,184.9285360701172,1.6055877541022545
source_b_v1_14_m5_stratified_volume_zero_100_chronos_only,m5_stratified_volume_zero_100_20260714,M5,7,lightgbm_direct_scaled,HOBBIES_1_090_CA_1_validation,378,1429.0,1494.3059075176716,3.953190231528232,138.81796392334425,1.0457004251348296
source_b_v1_14_m5_stratified_volume_zero_100_chronos_only,m5_stratified_volume_zero_100_20260714,M5,7,lightgbm_direct_scaled,HOBBIES_1_090_TX_1_validation,378,274.0,428.02816847898066,1.1323496520607954,180.59087960549354,1.5621466002882505
source_b_v1_14_m5_stratified_volume_zero_100_chronos_only,m5_stratified_volume_zero_100_20260714,M5,7,lightgbm_direct_scaled,HOBBIES_1_121_TX_1_validation,378,262.0,439.2794609814882,1.1621149761415033,182.6888469014954,1.6766391640514817
source_b_v1_14_m5_stratified_volume_zero_100_chronos_only,m5_stratified_volume_zero_100_20260714,M5,7,lightgbm_direct_scaled,HOBBIES_1_128_WI_1_validation,378,109.0,158.44063982367516,0.4191551318086644,182.79702265905013,1.4535838515933501
source_b_v1_14_m5_stratified_volume_zero_100_chronos_only,m5_stratified_volume_zero_100_20260714,M5,7,lightgbm_direct_scaled,HOBBIES_1_156_WI_1_validation,378,233.0,321.742633366026,0.8511709877408095,162.6916448250406,1.380869671098824
source_b_v1_14_m5_stratified_volume_zero_100_chronos_only,m5_stratified_volume_zero_100_20260714,M5,7,lightgbm_direct_scaled,HOBBIES_1_197_TX_3_validation,378,21.0,54.06724571529776,0.1430350415748618,198.35806789376963,2.5746307483475124
source_b_v1_14_m5_stratified_volume_zero_100_chronos_only,m5_stratified_volume_zero_100_20260714,M5,7,lightgbm_direct_scaled,HOBBIES_1_197_WI_1_validation,378,98.0,144.08228060603142,0.38117005451331065,186.09946546360612,1.4702273531227696
source_b_v1_14_m5_stratified_volume_zero_100_chronos_only,m5_stratified_volume_zero_100_20260714,M5,7,lightgbm_direct_scaled,HOBBIES_1_234_CA_2_validation,378,980.0,1286.7718929061666,3.4041584468417105,176.50942837100467,1.3130325437818027
source_b_v1_14_m5_stratified_volume_zero_100_chronos_only,m5_stratified_volume_zero_100_20260714,M5,7,lightgbm_direct_scaled,HOBBIES_1_320_CA_1_validation,378,338.0,308.48312255740166,0.8160929168185229,118.73848291893974,0.912671960228999
source_b_v1_14_m5_stratified_volume_zero_100_chronos_only,m5_stratified_volume_zero_100_20260714,M5,7,lightgbm_direct_scaled,HOBBIES_1_327_TX_3_validation,378,171.0,214.23696415126324,0.5667644554266223,159.34172890564233,1.2528477435746388
source_b_v1_14_m5_stratified_volume_zero_100_chronos_only,m5_stratified_volume_zero_100_20260714,M5,7,lightgbm_direct_scaled,HOBBIES_1_341_WI_1_validation,378,1982.0,1304.4503480643034,3.4509268467309613,85.26367873971672,0.6581485106278019
source_b_v1_14_m5_stratified_volume_zero_100_chronos_only,m5_stratified_volume_zero_100_20260714,M5,7,lightgbm_direct_scaled,HOBBIES_1_352_CA_3_validation,378,576.0,385.4497585594654,1.0197083559774218,88.72620014564984,0.669183608610183
source_b_v1_14_m5_stratified_volume_zero_100_chronos_only,m5_stratified_volume_zero_100_20260714,M5,7,lightgbm_direct_scaled,HOBBIES_1_354_TX_3_validation,378,8664.0,3033.6514048576355,8.025532817083691,41.51846332723621,0.3501444373104381
source_b_v1_14_m5_stratified_volume_zero_100_chronos_only,m5_stratified_volume_zero_100_20260714,M5,7,lightgbm_direct_scaled,HOBBIES_2_058_TX_3_validation,378,125.0,182.696362468414,0.4833237102338995,168.39512197598188,1.461570899747312
source_b_v1_14_m5_stratified_volume_zero_100_chronos_only,m5_stratified_volume_zero_100_20260714,M5,7,lightgbm_direct_scaled,HOBBIES_2_076_WI_2_validation,378,85.0,190.83270907960832,0.5048484367185405,185.08786906588983,2.2450906950542153
source_b_v1_14_m5_stratified_volume_zero_100_chronos_only,m5_stratified_volume_zero_100_20260714,M5,7,lightgbm_direct_scaled,HOBBIES_2_115_WI_3_validation,378,160.0,237.88847894966602,0.6293346003959419,171.78308115401924,1.4868029934354126
source_b_v1_14_m5_stratified_volume_zero_100_chronos_only,m5_stratified_volume_zero_100_20260714,M5,7,lightgbm_direct_scaled,HOUSEHOLD_1_008_TX_3_validation,378,130.0,186.87936906516552,0.49438986525176065,170.6466407515403,1.437533608193581
source_b_v1_14_m5_stratified_volume_zero_100_chronos_only,m5_stratified_volume_zero_100_20260714,M5,7,lightgbm_direct_scaled,HOUSEHOLD_1_035_CA_2_validation,378,72.0,68.93959569511935,0.18237988279132103,186.72870009695995,0.9574943846544355
source_b_v1_14_m5_stratified_volume_zero_100_chronos_only,m5_stratified_volume_zero_100_20260714,M5,7,lightgbm_direct_scaled,HOUSEHOLD_1_109_CA_4_validation,378,324.0,285.7435906678438,0.7559354250472059,117.28232756912725,0.8819246625550735
source_b_v1_14_m5_stratified_volume_zero_100_chronos_only,m5_stratified_volume_zero_100_20260714,M5,7,lightgbm_direct_scaled,HOUSEHOLD_1_113_TX_3_validation,378,993.0,665.5477003157139,1.760708201893423,90.97396340821969,0.6702393759473453
source_b_v1_14_m5_stratified_volume_zero_100_chronos_only,m5_stratified_volume_zero_100_20260714,M5,7,lightgbm_direct_scaled,HOUSEHOLD_1_201_CA_3_validation,378,493.0,500.8719321936369,1.3250580216762882,144.00964188803763,1.0159674081006833
source_b_v1_14_m5_stratified_volume_zero_100_chronos_only,m5_stratified_volume_zero_100_20260714,M5,7,lightgbm_direct_scaled,HOUSEHOLD_1_224_TX_3_validation,378,76.0,130.60924768447876,0.3455271102763988,187.36280211053855,1.71854273269051
source_b_v1_14_m5_stratified_volume_zero_100_chronos_only,m5_stratified_volume_zero_100_20260714,M5,7,lightgbm_direct_scaled,HOUSEHOLD_1_270_TX_2_validation,378,324.0,306.8044634759426,0.8116520197776259,128.1449180241292,0.9469273564072302
source_b_v1_14_m5_stratified_volume_zero_100_chronos_only,m5_stratified_volume_zero_100_20260714,M5,7,lightgbm_direct_scaled,HOUSEHOLD_1_346_WI_2_validation,378,322.0,295.4842810034752,0.7817044470991407,121.86481825952413,0.9176530465946434
source_b_v1_14_m5_stratified_volume_zero_100_chronos_only,m5_stratified_volume_zero_100_20260714,M5,7,lightgbm_direct_scaled,HOUSEHOLD_1_441_TX_2_validation,378,1096.0,720.2458438236135,1.905412285247655,155.18326090560598,0.6571586166273846
source_b_v1_14_m5_stratified_volume_zero_100_chronos_only,m5_stratified_volume_zero_100_20260714,M5,7,lightgbm_direct_scaled,HOUSEHOLD_1_441_TX_3_validation,378,2360.0,1091.2318847771603,2.8868568380348156,124.62468928907302,0.46238639185472896
source_b_v1_14_m5_stratified_volume_zero_100_chronos_only,m5_stratified_volume_zero_100_20260714,M5,7,lightgbm_direct_scaled,HOUSEHOLD_1_460_WI_1_validation,378,237.0,227.82794870063663,0.6027194410069752,143.38782346857982,0.9612993616060617
source_b_v1_14_m5_stratified_volume_zero_100_chronos_only,m5_stratified_volume_zero_100_20260714,M5,7,lightgbm_direct_scaled,HOUSEHOLD_2_023_TX_3_validation,378,123.0,205.25127986446023,0.5429928038742334,172.55201012258382,1.6687095923939856
source_b_v1_14_m5_stratified_volume_zero_100_chronos_only,m5_stratified_volume_zero_100_20260714,M5,7,lightgbm_direct_scaled,HOUSEHOLD_2_041_CA_1_validation,378,147.0,204.47969464957714,0.5409515731470295,169.88714689397614,1.3910183309495043
source_b_v1_14_m5_stratified_volume_zero_100_chronos_only,m5_stratified_volume_zero_100_20260714,M5,7,lightgbm_direct_scaled,HOUSEHOLD_2_107_TX_2_validation,378,36.0,69.84181857854128,0.18476671581624676,196.54294796856482,1.940050516070591
source_b_v1_14_m5_stratified_volume_zero_100_chronos_only,m5_stratified_volume_zero_100_20260714,M5,7,lightgbm_direct_scaled,HOUSEHOLD_2_133_WI_3_validation,378,61.0,119.36664514616132,0.3157847755189453,189.58314362605,1.9568302482977264
source_b_v1_14_m5_stratified_volume_zero_100_chronos_only,m5_stratified_volume_zero_100_20260714,M5,7,lightgbm_direct_scaled,HOUSEHOLD_2_148_WI_1_validation,378,69.0,158.54971568100154,0.4194436922777819,186.60589645784066,2.297821966391327
source_b_v1_14_m5_stratified_volume_zero_100_chronos_only,m5_stratified_volume_zero_100_20260714,M5,7,lightgbm_direct_scaled,HOUSEHOLD_2_158_CA_1_validation,378,68.0,106.58320902660489,0.2819661614460447,190.40998868220518,1.5674001327441895
source_b_v1_14_m5_stratified_volume_zero_100_chronos_only,m5_stratified_volume_zero_100_20260714,M5,7,lightgbm_direct_scaled,HOUSEHOLD_2_192_CA_2_validation,378,88.0,134.59102853899822,0.35606092206084183,186.3349935881689,1.5294435061249798
source_b_v1_14_m5_stratified_volume_zero_100_chronos_only,m5_stratified_volume_zero_100_20260714,M5,7,lightgbm_direct_scaled,HOUSEHOLD_2_202_CA_2_validation,378,48.0,99.60588022880256,0.2635076196529168,193.99397874799783,2.07512250476672
source_b_v1_14_m5_stratified_volume_zero_100_chronos_only,m5_stratified_volume_zero_100_20260714,M5,7,lightgbm_direct_scaled,HOUSEHOLD_2_223_CA_3_validation,378,100.0,162.86338744685054,0.4308555223461654,179.67347690431802,1.6286338744685054
source_b_v1_14_m5_stratified_volume_zero_100_chronos_only,m5_stratified_volume_zero_100_20260714,M5,7,lightgbm_direct_scaled,HOUSEHOLD_2_235_TX_1_validation,378,52.0,98.92866810411215,0.26171605318548186,193.14864198399243,1.9024743866175413
source_b_v1_14_m5_stratified_volume_zero_100_chronos_only,m5_stratified_volume_zero_100_20260714,M5,7,lightgbm_direct_scaled,HOUSEHOLD_2_246_CA_3_validation,378,113.0,181.31652633845806,0.4796733501017409,177.3943319260354,1.6045710295438766
source_b_v1_14_m5_stratified_volume_zero_100_chronos_only,m5_stratified_volume_zero_100_20260714,M5,7,lightgbm_direct_scaled,HOUSEHOLD_2_265_WI_3_validation,378,122.0,181.07328042201698,0.4790298423862883,174.94471004281195,1.4842072165739097
source_b_v1_14_m5_stratified_volume_zero_100_chronos_only,m5_stratified_volume_zero_100_20260714,M5,7,lightgbm_direct_scaled,HOUSEHOLD_2_422_CA_2_validation,378,87.0,148.71036799252033,0.39341367193788446,187.30269659673397,1.7093145746266705
source_b_v1_14_m5_stratified_volume_zero_100_chronos_only,m5_stratified_volume_zero_100_20260714,M5,7,lightgbm_direct_scaled,HOUSEHOLD_2_474_CA_3_validation,378,29.0,93.5320466645062,0.24743927689022804,195.15469692477612,3.225242988431248
source_b_v1_14_m5_stratified_volume_zero_100_chronos_only,m5_stratified_volume_zero_100_20260714,M5,7,lightgbm_direct_scaled,HOUSEHOLD_2_480_WI_2_validation,378,54.0,121.73222651612014,0.3220429272913231,188.92238850602988,2.254300491039262
source_b_v1_14_m5_stratified_volume_zero_100_chronos_only,m5_stratified_volume_zero_100_20260714,M5,7,lightgbm_tuned_cov,FOODS_1_026_WI_2_validation,378,234.0,249.81197362113744,0.6608782370929562,149.7347789033035,1.0675725368424678
source_b_v1_14_m5_stratified_volume_zero_100_chronos_only,m5_stratified_volume_zero_100_20260714,M5,7,lightgbm_tuned_cov,FOODS_1_063_CA_2_validation,378,23.0,142.08776706394565,0.3758935636612319,197.00933800694747,6.177729002780246
source_b_v1_14_m5_stratified_volume_zero_100_chronos_only,m5_stratified_volume_zero_100_20260714,M5,7,lightgbm_tuned_cov,FOODS_1_080_WI_2_validation,378,190.0,233.67606634646654,0.6181906517102289,161.28007945384365,1.2298740334024554
source_b_v1_14_m5_stratified_volume_zero_100_chronos_only,m5_stratified_volume_zero_100_20260714,M5,7,lightgbm_tuned_cov,FOODS_1_118_CA_3_validation,378,463.0,497.3847558610141,1.3158326874630004,125.94107661722889,1.0742651314492746
source_b_v1_14_m5_stratified_volume_zero_100_chronos_only,m5_stratified_volume_zero_100_20260714,M5,7,lightgbm_tuned_cov,FOODS_1_129_WI_2_validation,378,1401.0,925.7914431095123,2.4491837119299267,82.70767756592797,0.6608075967947983
source_b_v1_14_m5_stratified_volume_zero_100_chronos_only,m5_stratified_volume_zero_100_20260714,M5,7,lightgbm_tuned_cov,FOODS_1_171_TX_1_validation,378,168.0,213.05243010818958,0.563630767481983,174.20779164357427,1.2681692268344618
source_b_v1_14_m5_stratified_volume_zero_100_chronos_only,m5_stratified_volume_zero_100_20260714,M5,7,lightgbm_tuned_cov,FOODS_1_178_WI_3_validation,378,149.0,219.5810169747856,0.5809021613089566,168.86653195998164,1.4736981005019167
source_b_v1_14_m5_stratified_volume_zero_100_chronos_only,m5_stratified_volume_zero_100_20260714,M5,7,lightgbm_tuned_cov,FOODS_2_001_WI_1_validation,378,389.0,319.1784605335415,0.8443874617289457,141.54558957225674,0.8205101813201581
source_b_v1_14_m5_stratified_volume_zero_100_chronos_only,m5_stratified_volume_zero_100_20260714,M5,7,lightgbm_tuned_cov,FOODS_2_015_WI_2_validation,378,164.0,266.84823332726955,0.7059477072149988,171.86324726914054,1.6271233739467656
source_b_v1_14_m5_stratified_volume_zero_100_chronos_only,m5_stratified_volume_zero_100_20260714,M5,7,lightgbm_tuned_cov,FOODS_2_016_CA_2_validation,378,915.0,697.5993131300231,1.8455008283863046,118.53774354349254,0.7624036209071291
source_b_v1_14_m5_stratified_volume_zero_100_chronos_only,m5_stratified_volume_zero_100_20260714,M5,7,lightgbm_tuned_cov,FOODS_2_027_CA_4_validation,378,83.0,196.13481956842588,0.5188751840434547,193.10956247934547,2.3630701152822398
source_b_v1_14_m5_stratified_volume_zero_100_chronos_only,m5_stratified_volume_zero_100_20260714,M5,7,lightgbm_tuned_cov,FOODS_2_044_WI_1_validation,378,805.0,547.8515062644146,1.449342609165118,96.47598765620167,0.6805608773470989
source_b_v1_14_m5_stratified_volume_zero_100_chronos_only,m5_stratified_volume_zero_100_20260714,M5,7,lightgbm_tuned_cov,FOODS_2_075_CA_2_validation,378,909.0,625.9329398250004,1.6559072482142867,122.20959399060978,0.6885950933168321
source_b_v1_14_m5_stratified_volume_zero_100_chronos_only,m5_stratified_volume_zero_100_20260714,M5,7,lightgbm_tuned_cov,FOODS_2_130_TX_2_validation,378,402.0,387.26091462373734,1.0244997741368713,129.51820763738075,0.9633356085167596
source_b_v1_14_m5_stratified_volume_zero_100_chronos_only,m5_stratified_volume_zero_100_20260714,M5,7,lightgbm_tuned_cov,FOODS_2_137_CA_4_validation,378,185.0,299.863061923068,0.793288523606,178.78302416133133,1.6208814158003677
source_b_v1_14_m5_stratified_volume_zero_100_chronos_only,m5_stratified_volume_zero_100_20260714,M5,7,lightgbm_tuned_cov,FOODS_2_140_WI_2_validation,378,568.0,509.92901188210817,1.349018549952667,163.32900441334507,0.8977623448628665
source_b_v1_14_m5_stratified_volume_zero_100_chronos_only,m5_stratified_volume_zero_100_20260714,M5,7,lightgbm_tuned_cov,FOODS_2_215_TX_2_validation,378,352.0,390.9174295341072,1.0341730940055747,153.68750472526435,1.110560879358259
source_b_v1_14_m5_stratified_volume_zero_100_chronos_only,m5_stratified_volume_zero_100_20260714,M5,7,lightgbm_tuned_cov,FOODS_2_233_WI_2_validation,378,2595.0,1554.8912891448235,4.113469018901649,129.34972235134188,0.5991873946608183
source_b_v1_14_m5_stratified_volume_zero_100_chronos_only,m5_stratified_volume_zero_100_20260714,M5,7,lightgbm_tuned_cov,FOODS_2_258_CA_4_validation,378,176.0,296.21728201862425,0.7836436032238737,169.72008513364656,1.6830527387421832
source_b_v1_14_m5_stratified_volume_zero_100_chronos_only,m5_stratified_volume_zero_100_20260714,M5,7,lightgbm_tuned_cov,FOODS_2_261_TX_1_validation,378,73.0,126.5510014758911,0.3347910091954791,188.8248932408613,1.7335753626834398
source_b_v1_14_m5_stratified_volume_zero_100_chronos_only,m5_stratified_volume_zero_100_20260714,M5,7,lightgbm_tuned_cov,FOODS_2_299_WI_2_validation,378,1143.0,710.8182873346232,1.8804716596154052,130.51450224244306,0.6218882653846222
source_b_v1_14_m5_stratified_volume_zero_100_chronos_only,m5_stratified_volume_zero_100_20260714,M5,7,lightgbm_tuned_cov,FOODS_2_316_TX_3_validation,378,301.0,357.68354763428215,0.9462527715192649,161.35045589318332,1.1883174340009375
source_b_v1_14_m5_stratified_volume_zero_100_chronos_only,m5_stratified_volume_zero_100_20260714,M5,7,lightgbm_tuned_cov,FOODS_2_347_WI_2_validation,378,2351.0,1463.6304594047688,3.872038252393568,132.259168526571,0.6225565544044104
source_b_v1_14_m5_stratified_volume_zero_100_chronos_only,m5_stratified_volume_zero_100_20260714,M5,7,lightgbm_tuned_cov,FOODS_2_357_WI_2_validation,378,2378.0,1675.6584793396614,4.432958940052014,142.60925863548823,0.7046503277290418
source_b_v1_14_m5_stratified_volume_zero_100_chronos_only,m5_stratified_volume_zero_100_20260714,M5,7,lightgbm_tuned_cov,FOODS_3_009_TX_1_validation,378,240.0,326.37679680867586,0.8634306793880314,162.8549024845071,1.3599033200361494
source_b_v1_14_m5_stratified_volume_zero_100_chronos_only,m5_stratified_volume_zero_100_20260714,M5,7,lightgbm_tuned_cov,FOODS_3_024_WI_2_validation,378,1369.0,974.8035536668176,2.578845380070946,130.25812689753744,0.7120551889458128
source_b_v1_14_m5_stratified_volume_zero_100_chronos_only,m5_stratified_volume_zero_100_20260714,M5,7,lightgbm_tuned_cov,FOODS_3_039_WI_1_validation,378,623.0,459.30319633649196,1.2150878209960105,164.6963378650556,0.7372442958852199
source_b_v1_14_m5_stratified_volume_zero_100_chronos_only,m5_stratified_volume_zero_100_20260714,M5,7,lightgbm_tuned_cov,FOODS_3_073_TX_3_validation,378,349.0,483.7187617518939,1.2796792638938992,179.80299424402767,1.3860136439882347
source_b_v1_14_m5_stratified_volume_zero_100_chronos_only,m5_stratified_volume_zero_100_20260714,M5,7,lightgbm_tuned_cov,FOODS_3_073_WI_3_validation,378,90.0,264.09626909851795,0.6986673785675078,190.684940698495,2.934402989983533
source_b_v1_14_m5_stratified_volume_zero_100_chronos_only,m5_stratified_volume_zero_100_20260714,M5,7,lightgbm_tuned_cov,FOODS_3_077_CA_3_validation,378,1849.0,1037.7829339187592,2.745457497139575,92.22108101358083,0.5612671357051159
source_b_v1_14_m5_stratified_volume_zero_100_chronos_only,m5_stratified_volume_zero_100_20260714,M5,7,lightgbm_tuned_cov,FOODS_3_091_CA_1_validation,378,455.0,331.42876746319234,0.8767956811195564,103.24573974972142,0.7284148735454776
source_b_v1_14_m5_stratified_volume_zero_100_chronos_only,m5_stratified_volume_zero_100_20260714,M5,7,lightgbm_tuned_cov,FOODS_3_100_WI_1_validation,378,717.0,552.4500488117337,1.4615080656395072,93.68573098670477,0.770502160127941
source_b_v1_14_m5_stratified_volume_zero_100_chronos_only,m5_stratified_volume_zero_100_20260714,M5,7,lightgbm_tuned_cov,FOODS_3_230_WI_1_validation,378,467.0,365.69326770305634,0.9674425071509427,101.2803579048674,0.7830690957238894
source_b_v1_14_m5_stratified_volume_zero_100_chronos_only,m5_stratified_volume_zero_100_20260714,M5,7,lightgbm_tuned_cov,FOODS_3_233_WI_1_validation,378,922.0,601.3034507556586,1.5907498697239644,116.37054747630404,0.6521729400820592
source_b_v1_14_m5_stratified_volume_zero_100_chronos_only,m5_stratified_volume_zero_100_20260714,M5,7,lightgbm_tuned_cov,FOODS_3_233_WI_2_validation,378,2529.0,1119.3093372895382,2.9611358129352863,102.9828358160894,0.4425896944600784
source_b_v1_14_m5_stratified_volume_zero_100_chronos_only,m5_stratified_volume_zero_100_20260714,M5,7,lightgbm_tuned_cov,FOODS_3_236_CA_1_validation,378,578.0,425.35225374018773,1.1252705125401792,124.02811247714382,0.7359035531837158
source_b_v1_14_m5_stratified_volume_zero_100_chronos_only,m5_stratified_volume_zero_100_20260714,M5,7,lightgbm_tuned_cov,FOODS_3_266_CA_1_validation,378,53.0,240.7251116039006,0.6368389195870386,185.35132028942152,4.541983237809445
source_b_v1_14_m5_stratified_volume_zero_100_chronos_only,m5_stratified_volume_zero_100_20260714,M5,7,lightgbm_tuned_cov,FOODS_3_320_CA_3_validation,378,903.0,703.915559887886,1.8622104758938784,93.92682750537142,0.7795299666532515
source_b_v1_14_m5_stratified_volume_zero_100_chronos_only,m5_stratified_volume_zero_100_20260714,M5,7,lightgbm_tuned_cov,FOODS_3_339_WI_2_validation,378,807.0,614.3904337924905,1.6253715179695516,104.53984382615471,0.7613264359262584
source_b_v1_14_m5_stratified_volume_zero_100_chronos_only,m5_stratified_volume_zero_100_20260714,M5,7,lightgbm_tuned_cov,FOODS_3_345_CA_2_validation,378,7.0,125.40833994967397,0.3317680951049576,199.33779689399697,17.91547713566771
source_b_v1_14_m5_stratified_volume_zero_100_chronos_only,m5_stratified_volume_zero_100_20260714,M5,7,lightgbm_tuned_cov,FOODS_3_424_CA_4_validation,378,277.0,289.15900739259087,0.7649709190280182,135.7759035147996,1.0438953335472594
source_b_v1_14_m5_stratified_volume_zero_100_chronos_only,m5_stratified_volume_zero_100_20260714,M5,7,lightgbm_tuned_cov,FOODS_3_444_TX_2_validation,378,2089.0,1005.998939900368,2.6613728568792805,165.3554091968122,0.4815696217809325
source_b_v1_14_m5_stratified_volume_zero_100_chronos_only,m5_stratified_volume_zero_100_20260714,M5,7,lightgbm_tuned_cov,FOODS_3_457_CA_2_validation,378,153.0,224.60253475233912,0.594186599873913,176.23167373288248,1.4679904232179029
source_b_v1_14_m5_stratified_volume_zero_100_chronos_only,m5_stratified_volume_zero_100_20260714,M5,7,lightgbm_tuned_cov,FOODS_3_521_WI_2_validation,378,121.0,172.04511598031968,0.45514580947174516,186.164005645417,1.4218604626472702
source_b_v1_14_m5_stratified_volume_zero_100_chronos_only,m5_stratified_volume_zero_100_20260714,M5,7,lightgbm_tuned_cov,FOODS_3_528_TX_3_validation,378,174.0,228.71645647659898,0.6050699906788333,167.90518852352375,1.3144623935436723
source_b_v1_14_m5_stratified_volume_zero_100_chronos_only,m5_stratified_volume_zero_100_20260714,M5,7,lightgbm_tuned_cov,FOODS_3_538_CA_3_validation,378,12.0,182.4502517169458,0.4826726235898037,196.46946450593992,15.204187643078816
source_b_v1_14_m5_stratified_volume_zero_100_chronos_only,m5_stratified_volume_zero_100_20260714,M5,7,lightgbm_tuned_cov,FOODS_3_567_CA_3_validation,378,205.0,279.6567894592881,0.739832776347323,153.4066596441804,1.3641794607770152
source_b_v1_14_m5_stratified_volume_zero_100_chronos_only,m5_stratified_volume_zero_100_20260714,M5,7,lightgbm_tuned_cov,FOODS_3_583_WI_1_validation,378,173.0,303.81583681947086,0.8037456000515102,158.36476188052825,1.7561609064709298
source_b_v1_14_m5_stratified_volume_zero_100_chronos_only,m5_stratified_volume_zero_100_20260714,M5,7,lightgbm_tuned_cov,FOODS_3_606_CA_4_validation,378,356.0,305.57185271568596,0.808391144750492,115.46082508882182,0.8583479008867583
source_b_v1_14_m5_stratified_volume_zero_100_chronos_only,m5_stratified_volume_zero_100_20260714,M5,7,lightgbm_tuned_cov,FOODS_3_698_CA_1_validation,378,476.0,527.2937283366919,1.3949569532716717,125.12300934072861,1.107759933480445
source_b_v1_14_m5_stratified_volume_zero_100_chronos_only,m5_stratified_volume_zero_100_20260714,M5,7,lightgbm_tuned_cov,FOODS_3_703_CA_1_validation,378,383.0,372.17358824264375,0.9845862122821263,141.96378666232678,0.9717326063776599
source_b_v1_14_m5_stratified_volume_zero_100_chronos_only,m5_stratified_volume_zero_100_20260714,M5,7,lightgbm_tuned_cov,FOODS_3_760_CA_3_validation,378,3780.0,1677.8845692030154,4.438848066674644,64.53534893027097,0.4438848066674644
source_b_v1_14_m5_stratified_volume_zero_100_chronos_only,m5_stratified_volume_zero_100_20260714,M5,7,lightgbm_tuned_cov,FOODS_3_780_WI_1_validation,378,1714.0,853.7993287111021,2.2587283828336036,68.15617850857663,0.4981326305198962
source_b_v1_14_m5_stratified_volume_zero_100_chronos_only,m5_stratified_volume_zero_100_20260714,M5,7,lightgbm_tuned_cov,FOODS_3_827_CA_3_validation,378,1792.0,1242.6724958252162,3.2874933751989848,101.62598547343715,0.6934556338310358
source_b_v1_14_m5_stratified_volume_zero_100_chronos_only,m5_stratified_volume_zero_100_20260714,M5,7,lightgbm_tuned_cov,HOBBIES_1_010_CA_1_validation,378,228.0,251.85213717073202,0.6662754951606668,141.39039143590608,1.1046146367137368
source_b_v1_14_m5_stratified_volume_zero_100_chronos_only,m5_stratified_volume_zero_100_20260714,M5,7,lightgbm_tuned_cov,HOBBIES_1_014_TX_2_validation,378,2183.0,1269.4553131461143,3.3583473892754347,69.76868259609923,0.5815186958983575
source_b_v1_14_m5_stratified_volume_zero_100_chronos_only,m5_stratified_volume_zero_100_20260714,M5,7,lightgbm_tuned_cov,HOBBIES_1_047_WI_1_validation,378,321.0,352.39333609491587,0.9322575028966028,138.78256008345912,1.097798554812822
source_b_v1_14_m5_stratified_volume_zero_100_chronos_only,m5_stratified_volume_zero_100_20260714,M5,7,lightgbm_tuned_cov,HOBBIES_1_058_WI_3_validation,378,88.0,129.3018865417689,0.3420684829147326,188.66369524187655,1.4693396197928286
source_b_v1_14_m5_stratified_volume_zero_100_chronos_only,m5_stratified_volume_zero_100_20260714,M5,7,lightgbm_tuned_cov,HOBBIES_1_090_CA_1_validation,378,1429.0,1432.5552895125002,3.7898288082341276,141.71816965666468,1.0024879562718685
source_b_v1_14_m5_stratified_volume_zero_100_chronos_only,m5_stratified_volume_zero_100_20260714,M5,7,lightgbm_tuned_cov,HOBBIES_1_090_TX_1_validation,378,274.0,370.8877491191961,0.9811845214793548,182.15967919293456,1.3536049237926864
source_b_v1_14_m5_stratified_volume_zero_100_chronos_only,m5_stratified_volume_zero_100_20260714,M5,7,lightgbm_tuned_cov,HOBBIES_1_121_TX_1_validation,378,262.0,384.15555605012923,1.0162845398151568,186.44523676925934,1.4662425803440047
source_b_v1_14_m5_stratified_volume_zero_100_chronos_only,m5_stratified_volume_zero_100_20260714,M5,7,lightgbm_tuned_cov,HOBBIES_1_128_WI_1_validation,378,109.0,142.11849923618138,0.37597486570418354,187.28841500125876,1.303839442533774
source_b_v1_14_m5_stratified_volume_zero_100_chronos_only,m5_stratified_volume_zero_100_20260714,M5,7,lightgbm_tuned_cov,HOBBIES_1_156_WI_1_validation,378,233.0,322.6140013113036,0.8534761939452475,166.62864828576943,1.3846094476879982
source_b_v1_14_m5_stratified_volume_zero_100_chronos_only,m5_stratified_volume_zero_100_20260714,M5,7,lightgbm_tuned_cov,HOBBIES_1_197_TX_3_validation,378,21.0,60.74531264603138,0.16070188530696133,198.23937016020733,2.892633935525304
source_b_v1_14_m5_stratified_volume_zero_100_chronos_only,m5_stratified_volume_zero_100_20260714,M5,7,lightgbm_tuned_cov,HOBBIES_1_197_WI_1_validation,378,98.0,126.71115874266252,0.3352147056684194,191.4294263771633,1.292971007578189
source_b_v1_14_m5_stratified_volume_zero_100_chronos_only,m5_stratified_volume_zero_100_20260714,M5,7,lightgbm_tuned_cov,HOBBIES_1_234_CA_2_validation,378,980.0,1083.6693822661728,2.8668502176353776,185.96096231033016,1.1057850839450742
source_b_v1_14_m5_stratified_volume_zero_100_chronos_only,m5_stratified_volume_zero_100_20260714,M5,7,lightgbm_tuned_cov,HOBBIES_1_320_CA_1_validation,378,338.0,321.3172895088792,0.8500457394414793,118.05607591905243,0.950642868369465
source_b_v1_14_m5_stratified_volume_zero_100_chronos_only,m5_stratified_volume_zero_100_20260714,M5,7,lightgbm_tuned_cov,HOBBIES_1_327_TX_3_validation,378,171.0,213.4642062522471,0.564720122360442,161.4325276171522,1.2483286915336087
source_b_v1_14_m5_stratified_volume_zero_100_chronos_only,m5_stratified_volume_zero_100_20260714,M5,7,lightgbm_tuned_cov,HOBBIES_1_341_WI_1_validation,378,1982.0,1274.9967020405456,3.373007148255412,85.37126625550981,0.643287942502798
source_b_v1_14_m5_stratified_volume_zero_100_chronos_only,m5_stratified_volume_zero_100_20260714,M5,7,lightgbm_tuned_cov,HOBBIES_1_352_CA_3_validation,378,576.0,402.2059507891536,1.0640369068496127,97.99491680029652,0.6982742201200582
source_b_v1_14_m5_stratified_volume_zero_100_chronos_only,m5_stratified_volume_zero_100_20260714,M5,7,lightgbm_tuned_cov,HOBBIES_1_354_TX_3_validation,378,8664.0,2893.619624853134,7.655078372627339,38.26935824648184,0.333981951160334
source_b_v1_14_m5_stratified_volume_zero_100_chronos_only,m5_stratified_volume_zero_100_20260714,M5,7,lightgbm_tuned_cov,HOBBIES_2_058_TX_3_validation,378,125.0,172.3070346679342,0.455838716052736,170.72332947448766,1.3784562773434736
source_b_v1_14_m5_stratified_volume_zero_100_chronos_only,m5_stratified_volume_zero_100_20260714,M5,7,lightgbm_tuned_cov,HOBBIES_2_076_WI_2_validation,378,85.0,175.84419788839296,0.46519629071003427,186.5773944218429,2.0687552692752114
source_b_v1_14_m5_stratified_volume_zero_100_chronos_only,m5_stratified_volume_zero_100_20260714,M5,7,lightgbm_tuned_cov,HOBBIES_2_115_WI_3_validation,378,160.0,210.0040968582034,0.5555663938047709,178.06113148522493,1.3125256053637713
source_b_v1_14_m5_stratified_volume_zero_100_chronos_only,m5_stratified_volume_zero_100_20260714,M5,7,lightgbm_tuned_cov,HOUSEHOLD_1_008_TX_3_validation,378,130.0,173.57230034843087,0.4591859797577536,176.2749420307508,1.335171541141776
source_b_v1_14_m5_stratified_volume_zero_100_chronos_only,m5_stratified_volume_zero_100_20260714,M5,7,lightgbm_tuned_cov,HOUSEHOLD_1_035_CA_2_validation,378,72.0,119.18349641420718,0.3153002550640402,185.9711341630113,1.655326339086211
source_b_v1_14_m5_stratified_volume_zero_100_chronos_only,m5_stratified_volume_zero_100_20260714,M5,7,lightgbm_tuned_cov,HOUSEHOLD_1_109_CA_4_validation,378,324.0,291.15157303214073,0.770242256698785,121.74977331101329,0.8986159661485825
source_b_v1_14_m5_stratified_volume_zero_100_chronos_only,m5_stratified_volume_zero_100_20260714,M5,7,lightgbm_tuned_cov,HOUSEHOLD_1_113_TX_3_validation,378,993.0,669.1804362088442,1.7703186143091116,90.44657837897137,0.6738977202505984
source_b_v1_14_m5_stratified_volume_zero_100_chronos_only,m5_stratified_volume_zero_100_20260714,M5,7,lightgbm_tuned_cov,HOUSEHOLD_1_201_CA_3_validation,378,493.0,497.15283899125643,1.3152191507705198,145.3190707503736,1.0084236085015343
source_b_v1_14_m5_stratified_volume_zero_100_chronos_only,m5_stratified_volume_zero_100_20260714,M5,7,lightgbm_tuned_cov,HOUSEHOLD_1_224_TX_3_validation,378,76.0,128.3440891916398,0.3395346274911106,189.36134422586747,1.688738015679471
source_b_v1_14_m5_stratified_volume_zero_100_chronos_only,m5_stratified_volume_zero_100_20260714,M5,7,lightgbm_tuned_cov,HOUSEHOLD_1_270_TX_2_validation,378,324.0,315.77811846509576,0.8353918477912586,135.22769541939263,0.9746238224231351
source_b_v1_14_m5_stratified_volume_zero_100_chronos_only,m5_stratified_volume_zero_100_20260714,M5,7,lightgbm_tuned_cov,HOUSEHOLD_1_346_WI_2_validation,378,322.0,293.32387255877256,0.7759890808433136,126.4281599613484,0.9109437035986726
source_b_v1_14_m5_stratified_volume_zero_100_chronos_only,m5_stratified_volume_zero_100_20260714,M5,7,lightgbm_tuned_cov,HOUSEHOLD_1_441_TX_2_validation,378,1096.0,713.9198875711355,1.8886769512463903,154.93576522587952,0.6513867587327878
source_b_v1_14_m5_stratified_volume_zero_100_chronos_only,m5_stratified_volume_zero_100_20260714,M5,7,lightgbm_tuned_cov,HOUSEHOLD_1_441_TX_3_validation,378,2360.0,1184.121541732462,3.1325966712498996,127.1115274532824,0.5017464159883314
source_b_v1_14_m5_stratified_volume_zero_100_chronos_only,m5_stratified_volume_zero_100_20260714,M5,7,lightgbm_tuned_cov,HOUSEHOLD_1_460_WI_1_validation,378,237.0,279.12564187898533,0.7384276240184797,144.63988896587102,1.1777453243839044
source_b_v1_14_m5_stratified_volume_zero_100_chronos_only,m5_stratified_volume_zero_100_20260714,M5,7,lightgbm_tuned_cov,HOUSEHOLD_2_023_TX_3_validation,378,123.0,230.31992548859853,0.6093119721920596,169.025445149687,1.8725197194195002
source_b_v1_14_m5_stratified_volume_zero_100_chronos_only,m5_stratified_volume_zero_100_20260714,M5,7,lightgbm_tuned_cov,HOUSEHOLD_2_041_CA_1_validation,378,147.0,192.7495640218258,0.5099194815392216,174.2917812945117,1.3112215239579985
source_b_v1_14_m5_stratified_volume_zero_100_chronos_only,m5_stratified_volume_zero_100_20260714,M5,7,lightgbm_tuned_cov,HOUSEHOLD_2_107_TX_2_validation,378,36.0,57.486612481530756,0.152080985400875,197.61276187982907,1.5968503467091877
source_b_v1_14_m5_stratified_volume_zero_100_chronos_only,m5_stratified_volume_zero_100_20260714,M5,7,lightgbm_tuned_cov,HOUSEHOLD_2_133_WI_3_validation,378,61.0,110.03202665783465,0.29109001761331915,191.99214122778295,1.8038037157022073
source_b_v1_14_m5_stratified_volume_zero_100_chronos_only,m5_stratified_volume_zero_100_20260714,M5,7,lightgbm_tuned_cov,HOUSEHOLD_2_148_WI_1_validation,378,69.0,131.37024117819965,0.34754032057724776,189.68727869141466,1.9039165388144876
source_b_v1_14_m5_stratified_volume_zero_100_chronos_only,m5_stratified_volume_zero_100_20260714,M5,7,lightgbm_tuned_cov,HOUSEHOLD_2_158_CA_1_validation,378,68.0,118.49291932058986,0.313473331535952,192.93270438264062,1.742542931185145
source_b_v1_14_m5_stratified_volume_zero_100_chronos_only,m5_stratified_volume_zero_100_20260714,M5,7,lightgbm_tuned_cov,HOUSEHOLD_2_192_CA_2_validation,378,88.0,127.81374105728173,0.3381315900986289,188.19259924258884,1.4524288756509287
source_b_v1_14_m5_stratified_volume_zero_100_chronos_only,m5_stratified_volume_zero_100_20260714,M5,7,lightgbm_tuned_cov,HOUSEHOLD_2_202_CA_2_validation,378,48.0,95.18919989676215,0.2518232801501644,195.34151423720695,1.9831083311825448
source_b_v1_14_m5_stratified_volume_zero_100_chronos_only,m5_stratified_volume_zero_100_20260714,M5,7,lightgbm_tuned_cov,HOUSEHOLD_2_223_CA_3_validation,378,100.0,151.68561874330044,0.401284705670107,183.80586001415398,1.5168561874330044
source_b_v1_14_m5_stratified_volume_zero_100_chronos_only,m5_stratified_volume_zero_100_20260714,M5,7,lightgbm_tuned_cov,HOUSEHOLD_2_235_TX_1_validation,378,52.0,74.85158898425288,0.19802007667791768,195.43368132211364,1.4394536343125555
source_b_v1_14_m5_stratified_volume_zero_100_chronos_only,m5_stratified_volume_zero_100_20260714,M5,7,lightgbm_tuned_cov,HOUSEHOLD_2_246_CA_3_validation,378,113.0,163.9038950279355,0.43360818790459127,181.19801121078274,1.4504769471498717
source_b_v1_14_m5_stratified_volume_zero_100_chronos_only,m5_stratified_volume_zero_100_20260714,M5,7,lightgbm_tuned_cov,HOUSEHOLD_2_265_WI_3_validation,378,122.0,168.4959150068462,0.4457563889070005,179.19196972519939,1.3811140574331655
source_b_v1_14_m5_stratified_volume_zero_100_chronos_only,m5_stratified_volume_zero_100_20260714,M5,7,lightgbm_tuned_cov,HOUSEHOLD_2_422_CA_2_validation,378,87.0,133.1774077359587,0.3523211844866632,189.64237584006003,1.5307748015627436
source_b_v1_14_m5_stratified_volume_zero_100_chronos_only,m5_stratified_volume_zero_100_20260714,M5,7,lightgbm_tuned_cov,HOUSEHOLD_2_474_CA_3_validation,378,29.0,99.8708811304532,0.26420868023929417,195.89639015595625,3.443823487257007
source_b_v1_14_m5_stratified_volume_zero_100_chronos_only,m5_stratified_volume_zero_100_20260714,M5,7,lightgbm_tuned_cov,HOUSEHOLD_2_480_WI_2_validation,378,54.0,108.96425713924691,0.28826523052710823,191.50111383278855,2.0178566136897578
source_b_v1_14_m5_stratified_volume_zero_100_chronos_only,m5_stratified_volume_zero_100_20260714,M5,7,lightgbm_tuned_direct,FOODS_1_026_WI_2_validation,378,234.0,243.4465855504386,0.6440385861122715,147.97692139703923,1.0403700237198232
source_b_v1_14_m5_stratified_volume_zero_100_chronos_only,m5_stratified_volume_zero_100_20260714,M5,7,lightgbm_tuned_direct,FOODS_1_063_CA_2_validation,378,23.0,32.71297531998425,0.08654226275128109,196.85270092711937,1.422303274781924
source_b_v1_14_m5_stratified_volume_zero_100_chronos_only,m5_stratified_volume_zero_100_20260714,M5,7,lightgbm_tuned_direct,FOODS_1_080_WI_2_validation,378,190.0,232.12932224571705,0.6140987360997806,160.43935360258402,1.221733274977458
source_b_v1_14_m5_stratified_volume_zero_100_chronos_only,m5_stratified_volume_zero_100_20260714,M5,7,lightgbm_tuned_direct,FOODS_1_118_CA_3_validation,378,463.0,474.74420758523047,1.2559370571037842,124.18867668566782,1.025365459147366
source_b_v1_14_m5_stratified_volume_zero_100_chronos_only,m5_stratified_volume_zero_100_20260714,M5,7,lightgbm_tuned_direct,FOODS_1_129_WI_2_validation,378,1401.0,966.6769151091576,2.5573463362676128,85.85373104325295,0.6899906603205979
source_b_v1_14_m5_stratified_volume_zero_100_chronos_only,m5_stratified_volume_zero_100_20260714,M5,7,lightgbm_tuned_direct,FOODS_1_171_TX_1_validation,378,168.0,218.1542432885617,0.5771276277475177,171.60215610929782,1.2985371624319149
source_b_v1_14_m5_stratified_volume_zero_100_chronos_only,m5_stratified_volume_zero_100_20260714,M5,7,lightgbm_tuned_direct,FOODS_1_178_WI_3_validation,378,149.0,209.16543339108466,0.5533477073838219,169.85602808757753,1.4037948549737225
source_b_v1_14_m5_stratified_volume_zero_100_chronos_only,m5_stratified_volume_zero_100_20260714,M5,7,lightgbm_tuned_direct,FOODS_2_001_WI_1_validation,378,389.0,291.64322055530283,0.7715429115219652,143.1935408758503,0.7497255027128608
source_b_v1_14_m5_stratified_volume_zero_100_chronos_only,m5_stratified_volume_zero_100_20260714,M5,7,lightgbm_tuned_direct,FOODS_2_015_WI_2_validation,378,164.0,203.34454235597514,0.537948524751257,169.49754327399665,1.2399057460730192
source_b_v1_14_m5_stratified_volume_zero_100_chronos_only,m5_stratified_volume_zero_100_20260714,M5,7,lightgbm_tuned_direct,FOODS_2_016_CA_2_validation,378,915.0,704.6643913763108,1.8641915115775418,115.77788963643624,0.7701250178976075
source_b_v1_14_m5_stratified_volume_zero_100_chronos_only,m5_stratified_volume_zero_100_20260714,M5,7,lightgbm_tuned_direct,FOODS_2_027_CA_4_validation,378,83.0,177.7668589653913,0.47028269567563835,193.87392876722416,2.141769385125196
source_b_v1_14_m5_stratified_volume_zero_100_chronos_only,m5_stratified_volume_zero_100_20260714,M5,7,lightgbm_tuned_direct,FOODS_2_044_WI_1_validation,378,805.0,540.9470770652406,1.4310769234530174,97.37961533880676,0.6719839466648951
source_b_v1_14_m5_stratified_volume_zero_100_chronos_only,m5_stratified_volume_zero_100_20260714,M5,7,lightgbm_tuned_direct,FOODS_2_075_CA_2_validation,378,909.0,582.1337007761466,1.5400362454395413,115.92787696060176,0.6404111119649578
source_b_v1_14_m5_stratified_volume_zero_100_chronos_only,m5_stratified_volume_zero_100_20260714,M5,7,lightgbm_tuned_direct,FOODS_2_130_TX_2_validation,378,402.0,386.66920517385006,1.0229344052218257,128.68717913631795,0.9618636944623136
source_b_v1_14_m5_stratified_volume_zero_100_chronos_only,m5_stratified_volume_zero_100_20260714,M5,7,lightgbm_tuned_direct,FOODS_2_137_CA_4_validation,378,185.0,288.2605006971862,0.7625939171883234,177.82324468545863,1.558164868633439
source_b_v1_14_m5_stratified_volume_zero_100_chronos_only,m5_stratified_volume_zero_100_20260714,M5,7,lightgbm_tuned_direct,FOODS_2_140_WI_2_validation,378,568.0,495.95288199780043,1.3120446613698424,165.23595700052,0.8731564823904937
source_b_v1_14_m5_stratified_volume_zero_100_chronos_only,m5_stratified_volume_zero_100_20260714,M5,7,lightgbm_tuned_direct,FOODS_2_215_TX_2_validation,378,352.0,353.7673248647916,0.9358923938222,153.81381710244312,1.0050208092749762
source_b_v1_14_m5_stratified_volume_zero_100_chronos_only,m5_stratified_volume_zero_100_20260714,M5,7,lightgbm_tuned_direct,FOODS_2_233_WI_2_validation,378,2595.0,1336.2368153906173,3.5350180301339083,123.81037393841797,0.5149274818460953
source_b_v1_14_m5_stratified_volume_zero_100_chronos_only,m5_stratified_volume_zero_100_20260714,M5,7,lightgbm_tuned_direct,FOODS_2_258_CA_4_validation,378,176.0,282.16822827246506,0.7464767943716006,170.75653599539547,1.6032285697299151
source_b_v1_14_m5_stratified_volume_zero_100_chronos_only,m5_stratified_volume_zero_100_20260714,M5,7,lightgbm_tuned_direct,FOODS_2_261_TX_1_validation,378,73.0,135.58669304754585,0.3586949551522377,187.49993999291706,1.8573519595554226
source_b_v1_14_m5_stratified_volume_zero_100_chronos_only,m5_stratified_volume_zero_100_20260714,M5,7,lightgbm_tuned_direct,FOODS_2_299_WI_2_validation,378,1143.0,633.8413763169556,1.676829037875544,127.83864977044878,0.5545418865415185
source_b_v1_14_m5_stratified_volume_zero_100_chronos_only,m5_stratified_volume_zero_100_20260714,M5,7,lightgbm_tuned_direct,FOODS_2_316_TX_3_validation,378,301.0,245.2405826082686,0.6487846100747846,159.4992979958087,0.8147527661404272
source_b_v1_14_m5_stratified_volume_zero_100_chronos_only,m5_stratified_volume_zero_100_20260714,M5,7,lightgbm_tuned_direct,FOODS_2_347_WI_2_validation,378,2351.0,1274.8455256943016,3.372607210831486,127.04969082952971,0.5422567102059981
source_b_v1_14_m5_stratified_volume_zero_100_chronos_only,m5_stratified_volume_zero_100_20260714,M5,7,lightgbm_tuned_direct,FOODS_2_357_WI_2_validation,378,2378.0,1473.532098633459,3.898233065167881,136.18484370183418,0.6196518497197052
source_b_v1_14_m5_stratified_volume_zero_100_chronos_only,m5_stratified_volume_zero_100_20260714,M5,7,lightgbm_tuned_direct,FOODS_3_009_TX_1_validation,378,240.0,311.0174036343233,0.8227973641119664,163.44657460474428,1.295905848476347
source_b_v1_14_m5_stratified_volume_zero_100_chronos_only,m5_stratified_volume_zero_100_20260714,M5,7,lightgbm_tuned_direct,FOODS_3_024_WI_2_validation,378,1369.0,967.8426876163721,2.560430390519503,130.73536723443723,0.706970553408599
source_b_v1_14_m5_stratified_volume_zero_100_chronos_only,m5_stratified_volume_zero_100_20260714,M5,7,lightgbm_tuned_direct,FOODS_3_039_WI_1_validation,378,623.0,423.0268864418904,1.1191187472007682,165.21906628211246,0.6790158690881065
source_b_v1_14_m5_stratified_volume_zero_100_chronos_only,m5_stratified_volume_zero_100_20260714,M5,7,lightgbm_tuned_direct,FOODS_3_073_TX_3_validation,378,349.0,306.6015890275303,0.8111153148876462,180.61777603824683,0.8785145817407745
source_b_v1_14_m5_stratified_volume_zero_100_chronos_only,m5_stratified_volume_zero_100_20260714,M5,7,lightgbm_tuned_direct,FOODS_3_073_WI_3_validation,378,90.0,211.75951375241857,0.5602103538423772,192.1448870131951,2.352883486137984
source_b_v1_14_m5_stratified_volume_zero_100_chronos_only,m5_stratified_volume_zero_100_20260714,M5,7,lightgbm_tuned_direct,FOODS_3_077_CA_3_validation,378,1849.0,1040.6233054380864,2.752971707508165,92.26268384506902,0.56280330202168
source_b_v1_14_m5_stratified_volume_zero_100_chronos_only,m5_stratified_volume_zero_100_20260714,M5,7,lightgbm_tuned_direct,FOODS_3_091_CA_1_validation,378,455.0,325.0615301672369,0.8599511380085633,104.05566350751279,0.7144209454224988
source_b_v1_14_m5_stratified_volume_zero_100_chronos_only,m5_stratified_volume_zero_100_20260714,M5,7,lightgbm_tuned_direct,FOODS_3_100_WI_1_validation,378,717.0,557.6158550158143,1.4751742196185564,94.67899638129505,0.7777069107612473
source_b_v1_14_m5_stratified_volume_zero_100_chronos_only,m5_stratified_volume_zero_100_20260714,M5,7,lightgbm_tuned_direct,FOODS_3_230_WI_1_validation,378,467.0,349.67571982741356,0.9250680418714644,97.48401786965434,0.7487702780030269
source_b_v1_14_m5_stratified_volume_zero_100_chronos_only,m5_stratified_volume_zero_100_20260714,M5,7,lightgbm_tuned_direct,FOODS_3_233_WI_1_validation,378,922.0,599.1686841234623,1.5851023389509584,119.37908398611172,0.6498575749712172
source_b_v1_14_m5_stratified_volume_zero_100_chronos_only,m5_stratified_volume_zero_100_20260714,M5,7,lightgbm_tuned_direct,FOODS_3_233_WI_2_validation,378,2529.0,1104.3961200047343,2.9216828571553815,103.69025234561407,0.43669281138977234
source_b_v1_14_m5_stratified_volume_zero_100_chronos_only,m5_stratified_volume_zero_100_20260714,M5,7,lightgbm_tuned_direct,FOODS_3_236_CA_1_validation,378,578.0,389.18397430088953,1.029587233600237,123.82643335588554,0.6733286752610546
source_b_v1_14_m5_stratified_volume_zero_100_chronos_only,m5_stratified_volume_zero_100_20260714,M5,7,lightgbm_tuned_direct,FOODS_3_266_CA_1_validation,378,53.0,106.95009620677592,0.28293676245178817,188.6286830851133,2.017926343524074
source_b_v1_14_m5_stratified_volume_zero_100_chronos_only,m5_stratified_volume_zero_100_20260714,M5,7,lightgbm_tuned_direct,FOODS_3_320_CA_3_validation,378,903.0,702.5369303226471,1.8585633077318706,94.28791115149731,0.7780032450970621
source_b_v1_14_m5_stratified_volume_zero_100_chronos_only,m5_stratified_volume_zero_100_20260714,M5,7,lightgbm_tuned_direct,FOODS_3_339_WI_2_validation,378,807.0,591.7171601855371,1.565389312660151,102.94618233387796,0.7332306817664648
source_b_v1_14_m5_stratified_volume_zero_100_chronos_only,m5_stratified_volume_zero_100_20260714,M5,7,lightgbm_tuned_direct,FOODS_3_345_CA_2_validation,378,7.0,49.234898638387676,0.1302510545989092,199.51785892903985,7.033556948341096
source_b_v1_14_m5_stratified_volume_zero_100_chronos_only,m5_stratified_volume_zero_100_20260714,M5,7,lightgbm_tuned_direct,FOODS_3_424_CA_4_validation,378,277.0,284.9944578151917,0.7539535921036817,137.857262892245,1.0288608585385983
source_b_v1_14_m5_stratified_volume_zero_100_chronos_only,m5_stratified_volume_zero_100_20260714,M5,7,lightgbm_tuned_direct,FOODS_3_444_TX_2_validation,378,2089.0,969.910974149825,2.56590204801541,165.5959135781905,0.46429438685965774
source_b_v1_14_m5_stratified_volume_zero_100_chronos_only,m5_stratified_volume_zero_100_20260714,M5,7,lightgbm_tuned_direct,FOODS_3_457_CA_2_validation,378,153.0,199.93694070696074,0.5289337055739702,175.12525420893977,1.3067773902415736
source_b_v1_14_m5_stratified_volume_zero_100_chronos_only,m5_stratified_volume_zero_100_20260714,M5,7,lightgbm_tuned_direct,FOODS_3_521_WI_2_validation,378,121.0,172.32110831851605,0.4558759479325821,186.23284779219492,1.4241413910621161
source_b_v1_14_m5_stratified_volume_zero_100_chronos_only,m5_stratified_volume_zero_100_20260714,M5,7,lightgbm_tuned_direct,FOODS_3_528_TX_3_validation,378,174.0,229.66170742362738,0.6075706545598608,168.13848561972952,1.319894870250732
source_b_v1_14_m5_stratified_volume_zero_100_chronos_only,m5_stratified_volume_zero_100_20260714,M5,7,lightgbm_tuned_direct,FOODS_3_538_CA_3_validation,378,12.0,107.36554317587434,0.28403582850760406,197.35148679167312,8.947128597989527
source_b_v1_14_m5_stratified_volume_zero_100_chronos_only,m5_stratified_volume_zero_100_20260714,M5,7,lightgbm_tuned_direct,FOODS_3_567_CA_3_validation,378,205.0,267.95944802463055,0.7088874286365887,158.16780928853953,1.3071192586567344
source_b_v1_14_m5_stratified_volume_zero_100_chronos_only,m5_stratified_volume_zero_100_20260714,M5,7,lightgbm_tuned_direct,FOODS_3_583_WI_1_validation,378,173.0,287.81616231938824,0.7614184188343605,157.9980714438617,1.6636772388403944
source_b_v1_14_m5_stratified_volume_zero_100_chronos_only,m5_stratified_volume_zero_100_20260714,M5,7,lightgbm_tuned_direct,FOODS_3_606_CA_4_validation,378,356.0,295.0160220200196,0.7804656667196286,115.07810891998398,0.8286966910674708
source_b_v1_14_m5_stratified_volume_zero_100_chronos_only,m5_stratified_volume_zero_100_20260714,M5,7,lightgbm_tuned_direct,FOODS_3_698_CA_1_validation,378,476.0,467.09376100450754,1.2356977804352052,122.95558858636699,0.9812894138750159
source_b_v1_14_m5_stratified_volume_zero_100_chronos_only,m5_stratified_volume_zero_100_20260714,M5,7,lightgbm_tuned_direct,FOODS_3_703_CA_1_validation,378,383.0,354.6247015338158,0.9381605860682958,141.78044422431975,0.9259130588350283
source_b_v1_14_m5_stratified_volume_zero_100_chronos_only,m5_stratified_volume_zero_100_20260714,M5,7,lightgbm_tuned_direct,FOODS_3_760_CA_3_validation,378,3780.0,1740.8421985171735,4.605402641579824,67.28419186066566,0.46054026415798244
source_b_v1_14_m5_stratified_volume_zero_100_chronos_only,m5_stratified_volume_zero_100_20260714,M5,7,lightgbm_tuned_direct,FOODS_3_780_WI_1_validation,378,1714.0,935.9511938849464,2.4760613594839853,78.32057022358148,0.5460625401895837
source_b_v1_14_m5_stratified_volume_zero_100_chronos_only,m5_stratified_volume_zero_100_20260714,M5,7,lightgbm_tuned_direct,FOODS_3_827_CA_3_validation,378,1792.0,1195.1009020796046,3.161642598094192,102.67522273942862,0.6669089855354936
source_b_v1_14_m5_stratified_volume_zero_100_chronos_only,m5_stratified_volume_zero_100_20260714,M5,7,lightgbm_tuned_direct,HOBBIES_1_010_CA_1_validation,378,228.0,249.86105012893677,0.6610080691241713,144.2352017268251,1.0958817988111262
source_b_v1_14_m5_stratified_volume_zero_100_chronos_only,m5_stratified_volume_zero_100_20260714,M5,7,lightgbm_tuned_direct,HOBBIES_1_014_TX_2_validation,378,2183.0,1234.9303228259087,3.2670114360473774,65.4708739236045,0.5657033086696788
source_b_v1_14_m5_stratified_volume_zero_100_chronos_only,m5_stratified_volume_zero_100_20260714,M5,7,lightgbm_tuned_direct,HOBBIES_1_047_WI_1_validation,378,321.0,332.1039500631159,0.8785818784738516,140.1745044248043,1.0345917447449093
source_b_v1_14_m5_stratified_volume_zero_100_chronos_only,m5_stratified_volume_zero_100_20260714,M5,7,lightgbm_tuned_direct,HOBBIES_1_058_WI_3_validation,378,88.0,129.37593776732683,0.3422643856278488,187.22867952500363,1.4701811109923504
source_b_v1_14_m5_stratified_volume_zero_100_chronos_only,m5_stratified_volume_zero_100_20260714,M5,7,lightgbm_tuned_direct,HOBBIES_1_090_CA_1_validation,378,1429.0,1468.4326474107802,3.8847424534676724,138.903849317541,1.0275945748151016
source_b_v1_14_m5_stratified_volume_zero_100_chronos_only,m5_stratified_volume_zero_100_20260714,M5,7,lightgbm_tuned_direct,HOBBIES_1_090_TX_1_validation,378,274.0,399.24544679542305,1.0562048857021773,182.1403198202661,1.4571001707862155
source_b_v1_14_m5_stratified_volume_zero_100_chronos_only,m5_stratified_volume_zero_100_20260714,M5,7,lightgbm_tuned_direct,HOBBIES_1_121_TX_1_validation,378,262.0,400.3047606518958,1.0590073033118936,185.27523467188794,1.5278807658469304
source_b_v1_14_m5_stratified_volume_zero_100_chronos_only,m5_stratified_volume_zero_100_20260714,M5,7,lightgbm_tuned_direct,HOBBIES_1_128_WI_1_validation,378,109.0,145.54346021823585,0.385035609042952,186.42075211223604,1.3352611029195949
source_b_v1_14_m5_stratified_volume_zero_100_chronos_only,m5_stratified_volume_zero_100_20260714,M5,7,lightgbm_tuned_direct,HOBBIES_1_156_WI_1_validation,378,233.0,312.2288497139816,0.8260022479205863,166.1601032595407,1.3400379816050714
source_b_v1_14_m5_stratified_volume_zero_100_chronos_only,m5_stratified_volume_zero_100_20260714,M5,7,lightgbm_tuned_direct,HOBBIES_1_197_TX_3_validation,378,21.0,49.78884161141468,0.13171651219950975,198.58667499577908,2.3708972195911753
source_b_v1_14_m5_stratified_volume_zero_100_chronos_only,m5_stratified_volume_zero_100_20260714,M5,7,lightgbm_tuned_direct,HOBBIES_1_197_WI_1_validation,378,98.0,136.5879778135568,0.36134385664962115,187.69823223151602,1.3937548756485387
source_b_v1_14_m5_stratified_volume_zero_100_chronos_only,m5_stratified_volume_zero_100_20260714,M5,7,lightgbm_tuned_direct,HOBBIES_1_234_CA_2_validation,378,980.0,1194.0655406913902,3.1589035468026196,180.38847575629094,1.2184342251952962
source_b_v1_14_m5_stratified_volume_zero_100_chronos_only,m5_stratified_volume_zero_100_20260714,M5,7,lightgbm_tuned_direct,HOBBIES_1_320_CA_1_validation,378,338.0,304.52076628804207,0.8056104928255081,120.88023767076122,0.900949012686515
source_b_v1_14_m5_stratified_volume_zero_100_chronos_only,m5_stratified_volume_zero_100_20260714,M5,7,lightgbm_tuned_direct,HOBBIES_1_327_TX_3_validation,378,171.0,214.79808388650417,0.5682488991706459,159.56741427508558,1.2561291455351122
source_b_v1_14_m5_stratified_volume_zero_100_chronos_only,m5_stratified_volume_zero_100_20260714,M5,7,lightgbm_tuned_direct,HOBBIES_1_341_WI_1_validation,378,1982.0,1271.6618275940418,3.3641847290847666,84.0632652501815,0.6416053620555205
source_b_v1_14_m5_stratified_volume_zero_100_chronos_only,m5_stratified_volume_zero_100_20260714,M5,7,lightgbm_tuned_direct,HOBBIES_1_352_CA_3_validation,378,576.0,391.8317337036133,1.036591888104797,91.59104853117634,0.680263426568773
source_b_v1_14_m5_stratified_volume_zero_100_chronos_only,m5_stratified_volume_zero_100_20260714,M5,7,lightgbm_tuned_direct,HOBBIES_1_354_TX_3_validation,378,8664.0,2785.960114955902,7.370264854380693,37.2856615183147,0.32155587661079205
source_b_v1_14_m5_stratified_volume_zero_100_chronos_only,m5_stratified_volume_zero_100_20260714,M5,7,lightgbm_tuned_direct,HOBBIES_2_058_TX_3_validation,378,125.0,168.06257318460848,0.44460998196986373,171.4225659535539,1.344500585476868
source_b_v1_14_m5_stratified_volume_zero_100_chronos_only,m5_stratified_volume_zero_100_20260714,M5,7,lightgbm_tuned_direct,HOBBIES_2_076_WI_2_validation,378,85.0,178.4541595239425,0.47210095112154105,187.66977420091297,2.0994607002816768
source_b_v1_14_m5_stratified_volume_zero_100_chronos_only,m5_stratified_volume_zero_100_20260714,M5,7,lightgbm_tuned_direct,HOBBIES_2_115_WI_3_validation,378,160.0,220.96183638833463,0.584555122720462,176.73737475323443,1.3810114774270914
source_b_v1_14_m5_stratified_volume_zero_100_chronos_only,m5_stratified_volume_zero_100_20260714,M5,7,lightgbm_tuned_direct,HOUSEHOLD_1_008_TX_3_validation,378,130.0,178.51695926487446,0.4722670880023134,173.89229517118125,1.3732073789605728
source_b_v1_14_m5_stratified_volume_zero_100_chronos_only,m5_stratified_volume_zero_100_20260714,M5,7,lightgbm_tuned_direct,HOUSEHOLD_1_035_CA_2_validation,378,72.0,63.63426365646228,0.16834461284778382,186.9301283583484,0.883809217450865
source_b_v1_14_m5_stratified_volume_zero_100_chronos_only,m5_stratified_volume_zero_100_20260714,M5,7,lightgbm_tuned_direct,HOUSEHOLD_1_109_CA_4_validation,378,324.0,286.0777068734169,0.7568193303529548,120.8222819809443,0.8829558854117806
source_b_v1_14_m5_stratified_volume_zero_100_chronos_only,m5_stratified_volume_zero_100_20260714,M5,7,lightgbm_tuned_direct,HOUSEHOLD_1_113_TX_3_validation,378,993.0,667.9963870309293,1.7671862090765327,93.25834497615443,0.6727053243010366
source_b_v1_14_m5_stratified_volume_zero_100_chronos_only,m5_stratified_volume_zero_100_20260714,M5,7,lightgbm_tuned_direct,HOUSEHOLD_1_201_CA_3_validation,378,493.0,500.48978235188406,1.3240470432589526,146.53186016703944,1.015192256291854
source_b_v1_14_m5_stratified_volume_zero_100_chronos_only,m5_stratified_volume_zero_100_20260714,M5,7,lightgbm_tuned_direct,HOUSEHOLD_1_224_TX_3_validation,378,76.0,120.8535906993784,0.3197184939136995,188.43322205280379,1.5901788249918212
source_b_v1_14_m5_stratified_volume_zero_100_chronos_only,m5_stratified_volume_zero_100_20260714,M5,7,lightgbm_tuned_direct,HOUSEHOLD_1_270_TX_2_validation,378,324.0,307.4048283621669,0.8132402866723991,131.21909255754474,0.9487803344511323
source_b_v1_14_m5_stratified_volume_zero_100_chronos_only,m5_stratified_volume_zero_100_20260714,M5,7,lightgbm_tuned_direct,HOUSEHOLD_1_346_WI_2_validation,378,322.0,297.5606437623501,0.7871974702707674,126.43680781282755,0.9241013781439443
source_b_v1_14_m5_stratified_volume_zero_100_chronos_only,m5_stratified_volume_zero_100_20260714,M5,7,lightgbm_tuned_direct,HOUSEHOLD_1_441_TX_2_validation,378,1096.0,704.9536191071627,1.8649566643046631,155.68803570116862,0.643205856849601
source_b_v1_14_m5_stratified_volume_zero_100_chronos_only,m5_stratified_volume_zero_100_20260714,M5,7,lightgbm_tuned_direct,HOUSEHOLD_1_441_TX_3_validation,378,2360.0,1044.8110749689174,2.764050462880734,122.83937909496605,0.44271655719021924
source_b_v1_14_m5_stratified_volume_zero_100_chronos_only,m5_stratified_volume_zero_100_20260714,M5,7,lightgbm_tuned_direct,HOUSEHOLD_1_460_WI_1_validation,378,237.0,222.93659623753047,0.589779355125742,145.87729249772994,0.940660743618272
source_b_v1_14_m5_stratified_volume_zero_100_chronos_only,m5_stratified_volume_zero_100_20260714,M5,7,lightgbm_tuned_direct,HOUSEHOLD_2_023_TX_3_validation,378,123.0,199.711702667817,0.5283378377455477,173.34116585188013,1.6236723794131465
source_b_v1_14_m5_stratified_volume_zero_100_chronos_only,m5_stratified_volume_zero_100_20260714,M5,7,lightgbm_tuned_direct,HOUSEHOLD_2_041_CA_1_validation,378,147.0,196.11433661729097,0.5188209963420396,172.7531889093108,1.334111133450959
source_b_v1_14_m5_stratified_volume_zero_100_chronos_only,m5_stratified_volume_zero_100_20260714,M5,7,lightgbm_tuned_direct,HOUSEHOLD_2_107_TX_2_validation,378,36.0,56.78967174515128,0.15023722683902455,197.80553436318573,1.5774908818097577
source_b_v1_14_m5_stratified_volume_zero_100_chronos_only,m5_stratified_volume_zero_100_20260714,M5,7,lightgbm_tuned_direct,HOUSEHOLD_2_133_WI_3_validation,378,61.0,107.34154928987846,0.28397235261872605,191.52363452963147,1.7596975293422699
source_b_v1_14_m5_stratified_volume_zero_100_chronos_only,m5_stratified_volume_zero_100_20260714,M5,7,lightgbm_tuned_direct,HOUSEHOLD_2_148_WI_1_validation,378,69.0,142.29658648371696,0.37644599598866924,188.21030534629145,2.0622693693292313
source_b_v1_14_m5_stratified_volume_zero_100_chronos_only,m5_stratified_volume_zero_100_20260714,M5,7,lightgbm_tuned_direct,HOUSEHOLD_2_158_CA_1_validation,378,68.0,97.71543197747087,0.258506433802833,192.7894127633907,1.4369916467275128
source_b_v1_14_m5_stratified_volume_zero_100_chronos_only,m5_stratified_volume_zero_100_20260714,M5,7,lightgbm_tuned_direct,HOUSEHOLD_2_192_CA_2_validation,378,88.0,123.09238204996836,0.3256412223544137,189.95834182643785,1.3987770687496406
source_b_v1_14_m5_stratified_volume_zero_100_chronos_only,m5_stratified_volume_zero_100_20260714,M5,7,lightgbm_tuned_direct,HOUSEHOLD_2_202_CA_2_validation,378,48.0,83.40730757557321,0.22065425284543178,195.3451009415861,1.7376522411577753
source_b_v1_14_m5_stratified_volume_zero_100_chronos_only,m5_stratified_volume_zero_100_20260714,M5,7,lightgbm_tuned_direct,HOUSEHOLD_2_223_CA_3_validation,378,100.0,164.6630473723635,0.4356165274401151,179.40702291327673,1.646630473723635
source_b_v1_14_m5_stratified_volume_zero_100_chronos_only,m5_stratified_volume_zero_100_20260714,M5,7,lightgbm_tuned_direct,HOUSEHOLD_2_235_TX_1_validation,378,52.0,84.73431452177465,0.22416485323220806,194.52830867273374,1.6295060484956663
source_b_v1_14_m5_stratified_volume_zero_100_chronos_only,m5_stratified_volume_zero_100_20260714,M5,7,lightgbm_tuned_direct,HOUSEHOLD_2_246_CA_3_validation,378,113.0,174.84090681374073,0.4625420815178326,178.95715140150133,1.547264662068502
source_b_v1_14_m5_stratified_volume_zero_100_chronos_only,m5_stratified_volume_zero_100_20260714,M5,7,lightgbm_tuned_direct,HOUSEHOLD_2_265_WI_3_validation,378,122.0,172.35526010463946,0.45596629657312027,178.38526248175353,1.4127480336445857
source_b_v1_14_m5_stratified_volume_zero_100_chronos_only,m5_stratified_volume_zero_100_20260714,M5,7,lightgbm_tuned_direct,HOUSEHOLD_2_422_CA_2_validation,378,87.0,137.72396657709032,0.36434911792881036,189.79304801949957,1.583034098587245
source_b_v1_14_m5_stratified_volume_zero_100_chronos_only,m5_stratified_volume_zero_100_20260714,M5,7,lightgbm_tuned_direct,HOUSEHOLD_2_474_CA_3_validation,378,29.0,84.87647229153663,0.22454093198819214,195.37702384035086,2.9267749066047113
source_b_v1_14_m5_stratified_volume_zero_100_chronos_only,m5_stratified_volume_zero_100_20260714,M5,7,lightgbm_tuned_direct,HOUSEHOLD_2_480_WI_2_validation,378,54.0,101.89484866533894,0.26956309170724585,191.42123020090966,1.8869416419507212
source_b_v1_14_m5_stratified_volume_zero_100_chronos_only,m5_stratified_volume_zero_100_20260714,M5,7,chronos_bolt_tiny,FOODS_1_026_WI_2_validation,378,234.0,233.0449504852295,0.6165210330297076,174.9400467203262,0.9959185918172201
source_b_v1_14_m5_stratified_volume_zero_100_chronos_only,m5_stratified_volume_zero_100_20260714,M5,7,chronos_bolt_tiny,FOODS_1_063_CA_2_validation,378,23.0,27.00105983018875,0.07143137521213955,199.10651903828395,1.1739591230516848
source_b_v1_14_m5_stratified_volume_zero_100_chronos_only,m5_stratified_volume_zero_100_20260714,M5,7,chronos_bolt_tiny,FOODS_1_080_WI_2_validation,378,190.0,209.84604251384735,0.5551482606186438,179.16479094240069,1.1044528553360387
source_b_v1_14_m5_stratified_volume_zero_100_chronos_only,m5_stratified_volume_zero_100_20260714,M5,7,chronos_bolt_tiny,FOODS_1_118_CA_3_validation,378,463.0,439.8461887091398,1.1636142558442852,142.73973322524884,0.9499917682702804
source_b_v1_14_m5_stratified_volume_zero_100_chronos_only,m5_stratified_volume_zero_100_20260714,M5,7,chronos_bolt_tiny,FOODS_1_129_WI_2_validation,378,1401.0,919.3707661628723,2.432197794081673,80.89463189205503,0.656224672493128
source_b_v1_14_m5_stratified_volume_zero_100_chronos_only,m5_stratified_volume_zero_100_20260714,M5,7,chronos_bolt_tiny,FOODS_1_171_TX_1_validation,378,168.0,169.36163248866796,0.4480466467954179,198.7892811790092,1.0081049552896904
source_b_v1_14_m5_stratified_volume_zero_100_chronos_only,m5_stratified_volume_zero_100_20260714,M5,7,chronos_bolt_tiny,FOODS_1_178_WI_3_validation,378,149.0,160.51962526142597,0.4246550932841957,191.47771598108682,1.077312921217624
source_b_v1_14_m5_stratified_volume_zero_100_chronos_only,m5_stratified_volume_zero_100_20260714,M5,7,chronos_bolt_tiny,FOODS_2_001_WI_1_validation,378,389.0,296.18825333565474,0.7835668077662824,152.1329499978422,0.761409391608367
source_b_v1_14_m5_stratified_volume_zero_100_chronos_only,m5_stratified_volume_zero_100_20260714,M5,7,chronos_bolt_tiny,FOODS_2_015_WI_2_validation,378,164.0,164.1944191530347,0.43437677024612353,177.75225014465434,1.0011854826404554
source_b_v1_14_m5_stratified_volume_zero_100_chronos_only,m5_stratified_volume_zero_100_20260714,M5,7,chronos_bolt_tiny,FOODS_2_016_CA_2_validation,378,915.0,719.2933471908677,1.9028924528858935,121.81402020616711,0.7861129477495822
source_b_v1_14_m5_stratified_volume_zero_100_chronos_only,m5_stratified_volume_zero_100_20260714,M5,7,chronos_bolt_tiny,FOODS_2_027_CA_4_validation,378,83.0,85.25823518633842,0.22555088673634505,199.73922860653164,1.027207652847451
source_b_v1_14_m5_stratified_volume_zero_100_chronos_only,m5_stratified_volume_zero_100_20260714,M5,7,chronos_bolt_tiny,FOODS_2_044_WI_1_validation,378,805.0,567.0229071974754,1.5000606010515223,104.30050201894159,0.7043762822328887
source_b_v1_14_m5_stratified_volume_zero_100_chronos_only,m5_stratified_volume_zero_100_20260714,M5,7,chronos_bolt_tiny,FOODS_2_075_CA_2_validation,378,909.0,601.2444624050349,1.5905938158863357,123.90296259851472,0.6614350521507535
source_b_v1_14_m5_stratified_volume_zero_100_chronos_only,m5_stratified_volume_zero_100_20260714,M5,7,chronos_bolt_tiny,FOODS_2_130_TX_2_validation,378,402.0,383.60189690440893,1.014819833080447,153.10123952973248,0.954233574389077
source_b_v1_14_m5_stratified_volume_zero_100_chronos_only,m5_stratified_volume_zero_100_20260714,M5,7,chronos_bolt_tiny,FOODS_2_137_CA_4_validation,378,185.0,189.77876560389996,0.5020602264653438,198.5118027435721,1.0258311654264862
source_b_v1_14_m5_stratified_volume_zero_100_chronos_only,m5_stratified_volume_zero_100_20260714,M5,7,chronos_bolt_tiny,FOODS_2_140_WI_2_validation,378,568.0,459.1766619384289,1.2147530739111876,167.30636414636407,0.8084096160887833
source_b_v1_14_m5_stratified_volume_zero_100_chronos_only,m5_stratified_volume_zero_100_20260714,M5,7,chronos_bolt_tiny,FOODS_2_215_TX_2_validation,378,352.0,342.299472078681,0.9055541589383095,161.7819729296624,0.9724416820417073
source_b_v1_14_m5_stratified_volume_zero_100_chronos_only,m5_stratified_volume_zero_100_20260714,M5,7,chronos_bolt_tiny,FOODS_2_233_WI_2_validation,378,2595.0,1157.3963117189705,3.0618950045475413,117.82861393076473,0.4460101393907401
source_b_v1_14_m5_stratified_volume_zero_100_chronos_only,m5_stratified_volume_zero_100_20260714,M5,7,chronos_bolt_tiny,FOODS_2_258_CA_4_validation,378,176.0,181.28288966417313,0.4795843641909342,197.1924534976012,1.0300164185464382
source_b_v1_14_m5_stratified_volume_zero_100_chronos_only,m5_stratified_volume_zero_100_20260714,M5,7,chronos_bolt_tiny,FOODS_2_261_TX_1_validation,378,73.0,76.13438235223293,0.20141370992654214,199.15465103773377,1.0429367445511362
source_b_v1_14_m5_stratified_volume_zero_100_chronos_only,m5_stratified_volume_zero_100_20260714,M5,7,chronos_bolt_tiny,FOODS_2_299_WI_2_validation,378,1143.0,653.0954662966542,1.7277657838535825,132.42952941440237,0.5713871096208698
source_b_v1_14_m5_stratified_volume_zero_100_chronos_only,m5_stratified_volume_zero_100_20260714,M5,7,chronos_bolt_tiny,FOODS_2_316_TX_3_validation,378,301.0,241.55305561423302,0.6390292476567011,158.30748390630563,0.8025018458944618
source_b_v1_14_m5_stratified_volume_zero_100_chronos_only,m5_stratified_volume_zero_100_20260714,M5,7,chronos_bolt_tiny,FOODS_2_347_WI_2_validation,378,2351.0,1236.8743711300194,3.2721544209788873,124.52744798114654,0.5261056448872903
source_b_v1_14_m5_stratified_volume_zero_100_chronos_only,m5_stratified_volume_zero_100_20260714,M5,7,chronos_bolt_tiny,FOODS_2_357_WI_2_validation,378,2378.0,1468.712886116933,3.885483825706172,135.8387123070182,0.6176252675008129
source_b_v1_14_m5_stratified_volume_zero_100_chronos_only,m5_stratified_volume_zero_100_20260714,M5,7,chronos_bolt_tiny,FOODS_3_009_TX_1_validation,378,240.0,253.87817176803946,0.6716353750477234,185.3809390560211,1.0578257157001645
source_b_v1_14_m5_stratified_volume_zero_100_chronos_only,m5_stratified_volume_zero_100_20260714,M5,7,chronos_bolt_tiny,FOODS_3_024_WI_2_validation,378,1369.0,900.9520544111729,2.3834710434158013,127.96175258248417,0.6581096087736836
source_b_v1_14_m5_stratified_volume_zero_100_chronos_only,m5_stratified_volume_zero_100_20260714,M5,7,chronos_bolt_tiny,FOODS_3_039_WI_1_validation,378,623.0,272.3668978214264,0.7205473487339322,165.89893824118303,0.4371860318160937
source_b_v1_14_m5_stratified_volume_zero_100_chronos_only,m5_stratified_volume_zero_100_20260714,M5,7,chronos_bolt_tiny,FOODS_3_073_TX_3_validation,378,349.0,241.53469902276993,0.6389806852454231,181.0118272903812,0.6920765014979081
source_b_v1_14_m5_stratified_volume_zero_100_chronos_only,m5_stratified_volume_zero_100_20260714,M5,7,chronos_bolt_tiny,FOODS_3_073_WI_3_validation,378,90.0,85.27417078614235,0.225593044407784,192.7557806358353,0.9474907865126928
source_b_v1_14_m5_stratified_volume_zero_100_chronos_only,m5_stratified_volume_zero_100_20260714,M5,7,chronos_bolt_tiny,FOODS_3_077_CA_3_validation,378,1849.0,1077.8546819090843,2.851467412457895,93.60297997913361,0.5829392546831176
source_b_v1_14_m5_stratified_volume_zero_100_chronos_only,m5_stratified_volume_zero_100_20260714,M5,7,chronos_bolt_tiny,FOODS_3_091_CA_1_validation,378,455.0,332.09534627199173,0.8785591171216712,111.90309472867452,0.7298798819164654
source_b_v1_14_m5_stratified_volume_zero_100_chronos_only,m5_stratified_volume_zero_100_20260714,M5,7,chronos_bolt_tiny,FOODS_3_100_WI_1_validation,378,717.0,553.1508932113647,1.4633621513528168,101.83830748479726,0.7714796279098532
source_b_v1_14_m5_stratified_volume_zero_100_chronos_only,m5_stratified_volume_zero_100_20260714,M5,7,chronos_bolt_tiny,FOODS_3_230_WI_1_validation,378,467.0,355.20591136813164,0.9396981782225705,103.0163634532643,0.7606122299103462
source_b_v1_14_m5_stratified_volume_zero_100_chronos_only,m5_stratified_volume_zero_100_20260714,M5,7,chronos_bolt_tiny,FOODS_3_233_WI_1_validation,378,922.0,581.53877556324,1.5384623692149209,118.63421189223111,0.6307361990924513
source_b_v1_14_m5_stratified_volume_zero_100_chronos_only,m5_stratified_volume_zero_100_20260714,M5,7,chronos_bolt_tiny,FOODS_3_233_WI_2_validation,378,2529.0,1116.0650022029877,2.95255291588092,101.76478011367671,0.44130684151956806
source_b_v1_14_m5_stratified_volume_zero_100_chronos_only,m5_stratified_volume_zero_100_20260714,M5,7,chronos_bolt_tiny,FOODS_3_236_CA_1_validation,378,578.0,393.63664799928665,1.0413667936489064,124.75448581020305,0.6810322629745443
source_b_v1_14_m5_stratified_volume_zero_100_chronos_only,m5_stratified_volume_zero_100_20260714,M5,7,chronos_bolt_tiny,FOODS_3_266_CA_1_validation,378,53.0,57.98956334590912,0.15341154324314582,198.23338795456917,1.0941427046397947
source_b_v1_14_m5_stratified_volume_zero_100_chronos_only,m5_stratified_volume_zero_100_20260714,M5,7,chronos_bolt_tiny,FOODS_3_320_CA_3_validation,378,903.0,673.1606915593147,1.7808483903685575,96.70461834134612,0.7454714192240474
source_b_v1_14_m5_stratified_volume_zero_100_chronos_only,m5_stratified_volume_zero_100_20260714,M5,7,chronos_bolt_tiny,FOODS_3_339_WI_2_validation,378,807.0,595.753790974617,1.5760682300915794,107.58235225873874,0.738232702570777
source_b_v1_14_m5_stratified_volume_zero_100_chronos_only,m5_stratified_volume_zero_100_20260714,M5,7,chronos_bolt_tiny,FOODS_3_345_CA_2_validation,378,7.0,11.574964195489883,0.03062159840076689,200.0,1.6535663136414118
source_b_v1_14_m5_stratified_volume_zero_100_chronos_only,m5_stratified_volume_zero_100_20260714,M5,7,chronos_bolt_tiny,FOODS_3_424_CA_4_validation,378,277.0,276.3165343105793,0.7309961225147601,159.53969946601586,0.9975326148396365
source_b_v1_14_m5_stratified_volume_zero_100_chronos_only,m5_stratified_volume_zero_100_20260714,M5,7,chronos_bolt_tiny,FOODS_3_444_TX_2_validation,378,2089.0,949.6290407180786,2.5122461394658164,165.77111387859196,0.4545854670742358
source_b_v1_14_m5_stratified_volume_zero_100_chronos_only,m5_stratified_volume_zero_100_20260714,M5,7,chronos_bolt_tiny,FOODS_3_457_CA_2_validation,378,153.0,159.94819466769695,0.42314337213676445,195.01833784590633,1.0454130370437709
source_b_v1_14_m5_stratified_volume_zero_100_chronos_only,m5_stratified_volume_zero_100_20260714,M5,7,chronos_bolt_tiny,FOODS_3_521_WI_2_validation,378,121.0,123.67405980546027,0.32718005239539755,199.51938525915585,1.0220996678137213
source_b_v1_14_m5_stratified_volume_zero_100_chronos_only,m5_stratified_volume_zero_100_20260714,M5,7,chronos_bolt_tiny,FOODS_3_528_TX_3_validation,378,174.0,191.21960258483887,0.5058719645101557,188.432699701012,1.0989632332462005
source_b_v1_14_m5_stratified_volume_zero_100_chronos_only,m5_stratified_volume_zero_100_20260714,M5,7,chronos_bolt_tiny,FOODS_3_538_CA_3_validation,378,12.0,20.367128670215607,0.05388129277834817,198.76263019642872,1.6972607225179672
source_b_v1_14_m5_stratified_volume_zero_100_chronos_only,m5_stratified_volume_zero_100_20260714,M5,7,chronos_bolt_tiny,FOODS_3_567_CA_3_validation,378,205.0,219.1333548426628,0.5797178699541344,186.03433685224644,1.0689431943544527
source_b_v1_14_m5_stratified_volume_zero_100_chronos_only,m5_stratified_volume_zero_100_20260714,M5,7,chronos_bolt_tiny,FOODS_3_583_WI_1_validation,378,173.0,174.47087562084198,0.46156316301810046,172.2153013425368,1.0085021712187399
source_b_v1_14_m5_stratified_volume_zero_100_chronos_only,m5_stratified_volume_zero_100_20260714,M5,7,chronos_bolt_tiny,FOODS_3_606_CA_4_validation,378,356.0,297.3235341012478,0.7865701960350471,132.18321764588345,0.8351784665765387
source_b_v1_14_m5_stratified_volume_zero_100_chronos_only,m5_stratified_volume_zero_100_20260714,M5,7,chronos_bolt_tiny,FOODS_3_698_CA_1_validation,378,476.0,440.30519738793373,1.1648285645183432,140.03134599614955,0.9250109188822138
source_b_v1_14_m5_stratified_volume_zero_100_chronos_only,m5_stratified_volume_zero_100_20260714,M5,7,chronos_bolt_tiny,FOODS_3_703_CA_1_validation,378,383.0,309.16363459825516,0.8178932132228972,141.90227129885156,0.8072157561312145
source_b_v1_14_m5_stratified_volume_zero_100_chronos_only,m5_stratified_volume_zero_100_20260714,M5,7,chronos_bolt_tiny,FOODS_3_760_CA_3_validation,378,3780.0,1472.4153673052788,3.8952787494848646,57.015347020157556,0.38952787494848645
source_b_v1_14_m5_stratified_volume_zero_100_chronos_only,m5_stratified_volume_zero_100_20260714,M5,7,chronos_bolt_tiny,FOODS_3_780_WI_1_validation,378,1714.0,892.4967370033264,2.3611024788447788,69.08648335216841,0.5207098815655347
source_b_v1_14_m5_stratified_volume_zero_100_chronos_only,m5_stratified_volume_zero_100_20260714,M5,7,chronos_bolt_tiny,FOODS_3_827_CA_3_validation,378,1792.0,1250.4776099324226,3.3081418252180494,114.8725079284707,0.6978111662569323
source_b_v1_14_m5_stratified_volume_zero_100_chronos_only,m5_stratified_volume_zero_100_20260714,M5,7,chronos_bolt_tiny,HOBBIES_1_010_CA_1_validation,378,228.0,242.38351473212242,0.6412262294500594,162.12682661694961,1.0630855909303616
source_b_v1_14_m5_stratified_volume_zero_100_chronos_only,m5_stratified_volume_zero_100_20260714,M5,7,chronos_bolt_tiny,HOBBIES_1_014_TX_2_validation,378,2183.0,1183.2255809307098,3.1302264045785972,61.03790250622282,0.5420181314387127
source_b_v1_14_m5_stratified_volume_zero_100_chronos_only,m5_stratified_volume_zero_100_20260714,M5,7,chronos_bolt_tiny,HOBBIES_1_047_WI_1_validation,378,321.0,329.1558317244053,0.8707826236095378,157.28999145810323,1.025407575465437
source_b_v1_14_m5_stratified_volume_zero_100_chronos_only,m5_stratified_volume_zero_100_20260714,M5,7,chronos_bolt_tiny,HOBBIES_1_058_WI_3_validation,378,88.0,92.36305090785027,0.2443466955234134,199.0105639531667,1.049580123952844
source_b_v1_14_m5_stratified_volume_zero_100_chronos_only,m5_stratified_volume_zero_100_20260714,M5,7,chronos_bolt_tiny,HOBBIES_1_090_CA_1_validation,378,1429.0,1410.8113812208176,3.732305241324914,159.47680139928698,0.9872717853189766
source_b_v1_14_m5_stratified_volume_zero_100_chronos_only,m5_stratified_volume_zero_100_20260714,M5,7,chronos_bolt_tiny,HOBBIES_1_090_TX_1_validation,378,274.0,280.0138937085867,0.7407774965835627,198.5477058075974,1.021948517184623
source_b_v1_14_m5_stratified_volume_zero_100_chronos_only,m5_stratified_volume_zero_100_20260714,M5,7,chronos_bolt_tiny,HOBBIES_1_121_TX_1_validation,378,262.0,263.5969618782401,0.6973464599953442,199.9618464075079,1.0060952743444278
source_b_v1_14_m5_stratified_volume_zero_100_chronos_only,m5_stratified_volume_zero_100_20260714,M5,7,chronos_bolt_tiny,HOBBIES_1_128_WI_1_validation,378,109.0,111.5045198649168,0.2949855022881397,199.20772196086895,1.0229772464671265
source_b_v1_14_m5_stratified_volume_zero_100_chronos_only,m5_stratified_volume_zero_100_20260714,M5,7,chronos_bolt_tiny,HOBBIES_1_156_WI_1_validation,378,233.0,245.3938012495637,0.6491899503956712,192.53207110239052,1.0531922800410458
source_b_v1_14_m5_stratified_volume_zero_100_chronos_only,m5_stratified_volume_zero_100_20260714,M5,7,chronos_bolt_tiny,HOBBIES_1_197_TX_3_validation,378,21.0,21.75760778039694,0.057559808942849046,199.94823673238668,1.0360765609712828
source_b_v1_14_m5_stratified_volume_zero_100_chronos_only,m5_stratified_volume_zero_100_20260714,M5,7,chronos_bolt_tiny,HOBBIES_1_197_WI_1_validation,378,98.0,101.41458554565907,0.2682925543535954,198.62598551315833,1.0348427096495822
source_b_v1_14_m5_stratified_volume_zero_100_chronos_only,m5_stratified_volume_zero_100_20260714,M5,7,chronos_bolt_tiny,HOBBIES_1_234_CA_2_validation,378,980.0,1003.816708356142,2.6555997575559314,195.42399670817656,1.0243027636287163
source_b_v1_14_m5_stratified_volume_zero_100_chronos_only,m5_stratified_volume_zero_100_20260714,M5,7,chronos_bolt_tiny,HOBBIES_1_320_CA_1_validation,378,338.0,301.7117846906185,0.7981793245783558,143.24882008358273,0.8926384162444335
source_b_v1_14_m5_stratified_volume_zero_100_chronos_only,m5_stratified_volume_zero_100_20260714,M5,7,chronos_bolt_tiny,HOBBIES_1_327_TX_3_validation,378,171.0,187.36148010194302,0.49566529127498155,183.14597004005714,1.0956811701868012
source_b_v1_14_m5_stratified_volume_zero_100_chronos_only,m5_stratified_volume_zero_100_20260714,M5,7,chronos_bolt_tiny,HOBBIES_1_341_WI_1_validation,378,1982.0,1276.4093072414398,3.376744199051428,82.23968527115117,0.6440006595567305
source_b_v1_14_m5_stratified_volume_zero_100_chronos_only,m5_stratified_volume_zero_100_20260714,M5,7,chronos_bolt_tiny,HOBBIES_1_352_CA_3_validation,378,576.0,404.0847596526146,1.0690073006682925,91.84233771096099,0.701536041063567
source_b_v1_14_m5_stratified_volume_zero_100_chronos_only,m5_stratified_volume_zero_100_20260714,M5,7,chronos_bolt_tiny,HOBBIES_1_354_TX_3_validation,378,8664.0,2642.752557039261,6.991408881056246,36.36824780102358,0.3050268417635343
source_b_v1_14_m5_stratified_volume_zero_100_chronos_only,m5_stratified_volume_zero_100_20260714,M5,7,chronos_bolt_tiny,HOBBIES_2_058_TX_3_validation,378,125.0,126.52590492367744,0.3347246162002049,180.02192317678944,1.0122072393894195
source_b_v1_14_m5_stratified_volume_zero_100_chronos_only,m5_stratified_volume_zero_100_20260714,M5,7,chronos_bolt_tiny,HOBBIES_2_076_WI_2_validation,378,85.0,86.30631285905838,0.22832357899221795,199.74721724170212,1.0153683865771574
source_b_v1_14_m5_stratified_volume_zero_100_chronos_only,m5_stratified_volume_zero_100_20260714,M5,7,chronos_bolt_tiny,HOBBIES_2_115_WI_3_validation,378,160.0,165.96483623981476,0.4390604133328433,196.71313316726417,1.0372802264988423
source_b_v1_14_m5_stratified_volume_zero_100_chronos_only,m5_stratified_volume_zero_100_20260714,M5,7,chronos_bolt_tiny,HOUSEHOLD_1_008_TX_3_validation,378,130.0,139.2120705395937,0.368285900898396,193.87252573992893,1.0708620810737977
source_b_v1_14_m5_stratified_volume_zero_100_chronos_only,m5_stratified_volume_zero_100_20260714,M5,7,chronos_bolt_tiny,HOUSEHOLD_1_035_CA_2_validation,378,72.0,68.67820924520493,0.18168838424657388,191.53139106760167,0.9538640172945129
source_b_v1_14_m5_stratified_volume_zero_100_chronos_only,m5_stratified_volume_zero_100_20260714,M5,7,chronos_bolt_tiny,HOUSEHOLD_1_109_CA_4_validation,378,324.0,290.94588509202003,0.7696981087090478,131.93497874849027,0.8979811268272223
source_b_v1_14_m5_stratified_volume_zero_100_chronos_only,m5_stratified_volume_zero_100_20260714,M5,7,chronos_bolt_tiny,HOUSEHOLD_1_113_TX_3_validation,378,993.0,699.0057464241982,1.8492215513867676,95.43620924450926,0.7039332793798572
source_b_v1_14_m5_stratified_volume_zero_100_chronos_only,m5_stratified_volume_zero_100_20260714,M5,7,chronos_bolt_tiny,HOUSEHOLD_1_201_CA_3_validation,378,493.0,479.9997921921313,1.2698407200850035,164.20782535835548,0.9736304101260269
source_b_v1_14_m5_stratified_volume_zero_100_chronos_only,m5_stratified_volume_zero_100_20260714,M5,7,chronos_bolt_tiny,HOUSEHOLD_1_224_TX_3_validation,378,76.0,77.6737269461155,0.20548605012199866,199.59216789183552,1.022022722975204
source_b_v1_14_m5_stratified_volume_zero_100_chronos_only,m5_stratified_volume_zero_100_20260714,M5,7,chronos_bolt_tiny,HOUSEHOLD_1_270_TX_2_validation,378,324.0,315.36044776439667,0.8342868988476102,151.85290639285896,0.9733347153222119
source_b_v1_14_m5_stratified_volume_zero_100_chronos_only,m5_stratified_volume_zero_100_20260714,M5,7,chronos_bolt_tiny,HOUSEHOLD_1_346_WI_2_validation,378,322.0,299.0148258060217,0.7910445127143431,144.45133395065304,0.9286174714472724
source_b_v1_14_m5_stratified_volume_zero_100_chronos_only,m5_stratified_volume_zero_100_20260714,M5,7,chronos_bolt_tiny,HOUSEHOLD_1_441_TX_2_validation,378,1096.0,677.1051243803595,1.791283397831639,159.57928683125684,0.6177966463324448
source_b_v1_14_m5_stratified_volume_zero_100_chronos_only,m5_stratified_volume_zero_100_20260714,M5,7,chronos_bolt_tiny,HOUSEHOLD_1_441_TX_3_validation,378,2360.0,970.96557475884,2.568691996716508,122.84464933862769,0.4114260909995085
source_b_v1_14_m5_stratified_volume_zero_100_chronos_only,m5_stratified_volume_zero_100_20260714,M5,7,chronos_bolt_tiny,HOUSEHOLD_1_460_WI_1_validation,378,237.0,229.29919469356537,0.6066116261734533,159.2480129882134,0.9675071506057611
source_b_v1_14_m5_stratified_volume_zero_100_chronos_only,m5_stratified_volume_zero_100_20260714,M5,7,chronos_bolt_tiny,HOUSEHOLD_2_023_TX_3_validation,378,123.0,123.83793313615024,0.32761357972526517,199.70772141308618,1.0068124645215466
source_b_v1_14_m5_stratified_volume_zero_100_chronos_only,m5_stratified_volume_zero_100_20260714,M5,7,chronos_bolt_tiny,HOUSEHOLD_2_041_CA_1_validation,378,147.0,166.33992139995098,0.44005270211627245,188.86153571259257,1.131564091156129
source_b_v1_14_m5_stratified_volume_zero_100_chronos_only,m5_stratified_volume_zero_100_20260714,M5,7,chronos_bolt_tiny,HOUSEHOLD_2_107_TX_2_validation,378,36.0,37.083975315093994,0.09810575480183596,199.87718144568936,1.0301104254192777
source_b_v1_14_m5_stratified_volume_zero_100_chronos_only,m5_stratified_volume_zero_100_20260714,M5,7,chronos_bolt_tiny,HOUSEHOLD_2_133_WI_3_validation,378,61.0,62.33537732064724,0.1649084056101779,199.6959377897283,1.0218914314860204
source_b_v1_14_m5_stratified_volume_zero_100_chronos_only,m5_stratified_volume_zero_100_20260714,M5,7,chronos_bolt_tiny,HOUSEHOLD_2_148_WI_1_validation,378,69.0,71.45525669306517,0.1890350706165745,199.64442231890794,1.0355834303342777
source_b_v1_14_m5_stratified_volume_zero_100_chronos_only,m5_stratified_volume_zero_100_20260714,M5,7,chronos_bolt_tiny,HOUSEHOLD_2_158_CA_1_validation,378,68.0,68.81269905716181,0.18204417739989898,199.80350931872763,1.0119514567229677
source_b_v1_14_m5_stratified_volume_zero_100_chronos_only,m5_stratified_volume_zero_100_20260714,M5,7,chronos_bolt_tiny,HOUSEHOLD_2_192_CA_2_validation,378,88.0,88.71935799717903,0.2347072962888334,199.8174010222201,1.0081745226952163
source_b_v1_14_m5_stratified_volume_zero_100_chronos_only,m5_stratified_volume_zero_100_20260714,M5,7,chronos_bolt_tiny,HOUSEHOLD_2_202_CA_2_validation,378,48.0,49.1432690769434,0.13000864835170212,199.8318678884487,1.023818105769654
source_b_v1_14_m5_stratified_volume_zero_100_chronos_only,m5_stratified_volume_zero_100_20260714,M5,7,chronos_bolt_tiny,HOUSEHOLD_2_223_CA_3_validation,378,100.0,105.55189828574657,0.2792378261527687,197.55635309690572,1.0555189828574658
source_b_v1_14_m5_stratified_volume_zero_100_chronos_only,m5_stratified_volume_zero_100_20260714,M5,7,chronos_bolt_tiny,HOUSEHOLD_2_235_TX_1_validation,378,52.0,53.05363814532757,0.14035354006700415,199.8495324734315,1.02026227202553
source_b_v1_14_m5_stratified_volume_zero_100_chronos_only,m5_stratified_volume_zero_100_20260714,M5,7,chronos_bolt_tiny,HOUSEHOLD_2_246_CA_3_validation,378,113.0,124.06442111730576,0.32821275427858665,196.12033952699085,1.0979152311265996
source_b_v1_14_m5_stratified_volume_zero_100_chronos_only,m5_stratified_volume_zero_100_20260714,M5,7,chronos_bolt_tiny,HOUSEHOLD_2_265_WI_3_validation,378,122.0,125.14856889843941,0.33108087010169157,198.60713955767122,1.0258079417904868
source_b_v1_14_m5_stratified_volume_zero_100_chronos_only,m5_stratified_volume_zero_100_20260714,M5,7,chronos_bolt_tiny,HOUSEHOLD_2_422_CA_2_validation,378,87.0,88.30438252538443,0.23360947758038209,199.65702648930463,1.0149929025906257
source_b_v1_14_m5_stratified_volume_zero_100_chronos_only,m5_stratified_volume_zero_100_20260714,M5,7,chronos_bolt_tiny,HOUSEHOLD_2_474_CA_3_validation,378,29.0,30.048912554979324,0.07949447765867546,199.90634370945682,1.0361693984475628
source_b_v1_14_m5_stratified_volume_zero_100_chronos_only,m5_stratified_volume_zero_100_20260714,M5,7,chronos_bolt_tiny,HOUSEHOLD_2_480_WI_2_validation,378,54.0,55.02321361750364,0.14556405718916307,199.81909751979094,1.0189484003241416
source_b_v1_14_m5_stratified_volume_zero_100_chronos_only,m5_stratified_volume_zero_100_20260714,M5,7,chronos2,FOODS_1_026_WI_2_validation,378,234.0,231.50250640511513,0.6124404931352252,176.6725089590502,0.9893269504492099
source_b_v1_14_m5_stratified_volume_zero_100_chronos_only,m5_stratified_volume_zero_100_20260714,M5,7,chronos2,FOODS_1_063_CA_2_validation,378,23.0,29.275387048721313,0.07744811388550613,198.80570725646564,1.2728429151617962
source_b_v1_14_m5_stratified_volume_zero_100_chronos_only,m5_stratified_volume_zero_100_20260714,M5,7,chronos2,FOODS_1_080_WI_2_validation,378,190.0,193.2145329117775,0.5111495579676654,196.98914051407615,1.0169185942725132
source_b_v1_14_m5_stratified_volume_zero_100_chronos_only,m5_stratified_volume_zero_100_20260714,M5,7,chronos2,FOODS_1_118_CA_3_validation,378,463.0,446.21242628991604,1.1804561542061272,155.49470752238966,0.9637417414469029
source_b_v1_14_m5_stratified_volume_zero_100_chronos_only,m5_stratified_volume_zero_100_20260714,M5,7,chronos2,FOODS_1_129_WI_2_validation,378,1401.0,902.6207790374756,2.3878856588293007,78.49585565371686,0.6442689357869205
source_b_v1_14_m5_stratified_volume_zero_100_chronos_only,m5_stratified_volume_zero_100_20260714,M5,7,chronos2,FOODS_1_171_TX_1_validation,378,168.0,169.81239172816277,0.44923913155598616,194.69268433027466,1.0107880460009688
source_b_v1_14_m5_stratified_volume_zero_100_chronos_only,m5_stratified_volume_zero_100_20260714,M5,7,chronos2,FOODS_1_178_WI_3_validation,378,149.0,150.84189561009407,0.39905263388913775,198.53947464342997,1.012361715503987
source_b_v1_14_m5_stratified_volume_zero_100_chronos_only,m5_stratified_volume_zero_100_20260714,M5,7,chronos2,FOODS_2_001_WI_1_validation,378,389.0,288.21783013734967,0.7624810321093907,148.34229789210664,0.7409198718183796
source_b_v1_14_m5_stratified_volume_zero_100_chronos_only,m5_stratified_volume_zero_100_20260714,M5,7,chronos2,FOODS_2_015_WI_2_validation,378,164.0,168.15341430157423,0.444850302385117,185.9423452209441,1.0253256969608184
source_b_v1_14_m5_stratified_volume_zero_100_chronos_only,m5_stratified_volume_zero_100_20260714,M5,7,chronos2,FOODS_2_016_CA_2_validation,378,915.0,676.1610942497479,1.7887859636236716,117.64256920142098,0.7389738734969922
source_b_v1_14_m5_stratified_volume_zero_100_chronos_only,m5_stratified_volume_zero_100_20260714,M5,7,chronos2,FOODS_2_027_CA_4_validation,378,83.0,84.4115320444107,0.22331093133441984,199.8610626171341,1.017006410173623
source_b_v1_14_m5_stratified_volume_zero_100_chronos_only,m5_stratified_volume_zero_100_20260714,M5,7,chronos2,FOODS_2_044_WI_1_validation,378,805.0,539.2794520258904,1.4266652169997098,97.15997865940709,0.6699123627650811
source_b_v1_14_m5_stratified_volume_zero_100_chronos_only,m5_stratified_volume_zero_100_20260714,M5,7,chronos2,FOODS_2_075_CA_2_validation,378,909.0,605.067212772808,1.6007069120973758,123.39637056736194,0.6656404980998988
source_b_v1_14_m5_stratified_volume_zero_100_chronos_only,m5_stratified_volume_zero_100_20260714,M5,7,chronos2,FOODS_2_130_TX_2_validation,378,402.0,381.4056995213032,1.0090097870933947,168.62590527167214,0.9487703968191621
source_b_v1_14_m5_stratified_volume_zero_100_chronos_only,m5_stratified_volume_zero_100_20260714,M5,7,chronos2,FOODS_2_137_CA_4_validation,378,185.0,186.59304413199425,0.49363239188358266,199.29553114049082,1.008611049362131
source_b_v1_14_m5_stratified_volume_zero_100_chronos_only,m5_stratified_volume_zero_100_20260714,M5,7,chronos2,FOODS_2_140_WI_2_validation,378,568.0,472.385043784976,1.249695883029037,168.40316176071994,0.8316638094805916
source_b_v1_14_m5_stratified_volume_zero_100_chronos_only,m5_stratified_volume_zero_100_20260714,M5,7,chronos2,FOODS_2_215_TX_2_validation,378,352.0,338.52514043450356,0.8955691545886337,169.27110147174835,0.9617191489616578
source_b_v1_14_m5_stratified_volume_zero_100_chronos_only,m5_stratified_volume_zero_100_20260714,M5,7,chronos2,FOODS_2_233_WI_2_validation,378,2595.0,1063.891884304583,2.814528794456569,115.87338097512006,0.4099776047416505
source_b_v1_14_m5_stratified_volume_zero_100_chronos_only,m5_stratified_volume_zero_100_20260714,M5,7,chronos2,FOODS_2_258_CA_4_validation,378,176.0,177.8652727305889,0.4705430495518225,199.09765985440185,1.0105981405147098
source_b_v1_14_m5_stratified_volume_zero_100_chronos_only,m5_stratified_volume_zero_100_20260714,M5,7,chronos2,FOODS_2_261_TX_1_validation,378,73.0,73.81963628530502,0.19529004308281753,199.7768920221605,1.011227894319247
source_b_v1_14_m5_stratified_volume_zero_100_chronos_only,m5_stratified_volume_zero_100_20260714,M5,7,chronos2,FOODS_2_299_WI_2_validation,378,1143.0,651.4478851133026,1.7234071034743454,131.53422306259753,0.5699456562671064
source_b_v1_14_m5_stratified_volume_zero_100_chronos_only,m5_stratified_volume_zero_100_20260714,M5,7,chronos2,FOODS_2_316_TX_3_validation,378,301.0,246.2190282344818,0.6513730905674122,160.88780514730976,0.8180034160614014
source_b_v1_14_m5_stratified_volume_zero_100_chronos_only,m5_stratified_volume_zero_100_20260714,M5,7,chronos2,FOODS_2_347_WI_2_validation,378,2351.0,1243.0828580632806,3.2885789895853983,123.82214661631015,0.528746430482042
source_b_v1_14_m5_stratified_volume_zero_100_chronos_only,m5_stratified_volume_zero_100_20260714,M5,7,chronos2,FOODS_2_357_WI_2_validation,378,2378.0,1435.83983046934,3.798518070024709,134.35179295792744,0.6038014425859294
source_b_v1_14_m5_stratified_volume_zero_100_chronos_only,m5_stratified_volume_zero_100_20260714,M5,7,chronos2,FOODS_3_009_TX_1_validation,378,240.0,244.10924475826323,0.6457916527996381,194.4384178765062,1.0171218531594302
source_b_v1_14_m5_stratified_volume_zero_100_chronos_only,m5_stratified_volume_zero_100_20260714,M5,7,chronos2,FOODS_3_024_WI_2_validation,378,1369.0,1076.7319059371948,2.8484971056539545,125.22571862129041,0.7865097925034293
source_b_v1_14_m5_stratified_volume_zero_100_chronos_only,m5_stratified_volume_zero_100_20260714,M5,7,chronos2,FOODS_3_039_WI_1_validation,378,623.0,229.20322513580322,0.6063577384545059,163.9683126777902,0.3679024480510485
source_b_v1_14_m5_stratified_volume_zero_100_chronos_only,m5_stratified_volume_zero_100_20260714,M5,7,chronos2,FOODS_3_073_TX_3_validation,378,349.0,235.72376731038094,0.6236078500274628,181.09717269053436,0.6754262673649883
source_b_v1_14_m5_stratified_volume_zero_100_chronos_only,m5_stratified_volume_zero_100_20260714,M5,7,chronos2,FOODS_3_073_WI_3_validation,378,90.0,78.48514294624329,0.20763265329693992,194.0815421375949,0.8720571438471476
source_b_v1_14_m5_stratified_volume_zero_100_chronos_only,m5_stratified_volume_zero_100_20260714,M5,7,chronos2,FOODS_3_077_CA_3_validation,378,1849.0,1015.5609444379807,2.686669165179843,94.93122229593939,0.549248753076247
source_b_v1_14_m5_stratified_volume_zero_100_chronos_only,m5_stratified_volume_zero_100_20260714,M5,7,chronos2,FOODS_3_091_CA_1_validation,378,455.0,321.9778473377228,0.8517932469251925,107.23189253462087,0.7076436205224677
source_b_v1_14_m5_stratified_volume_zero_100_chronos_only,m5_stratified_volume_zero_100_20260714,M5,7,chronos2,FOODS_3_100_WI_1_validation,378,717.0,545.0702961683273,1.4419849104982205,100.22562528461924,0.7602096180869279
source_b_v1_14_m5_stratified_volume_zero_100_chronos_only,m5_stratified_volume_zero_100_20260714,M5,7,chronos2,FOODS_3_230_WI_1_validation,378,467.0,357.84031069278717,0.9466674886052571,102.9986511536649,0.7662533419545764
source_b_v1_14_m5_stratified_volume_zero_100_chronos_only,m5_stratified_volume_zero_100_20260714,M5,7,chronos2,FOODS_3_233_WI_1_validation,378,922.0,559.3697902560234,1.4798142599365698,114.9134145694309,0.6066917464815872
source_b_v1_14_m5_stratified_volume_zero_100_chronos_only,m5_stratified_volume_zero_100_20260714,M5,7,chronos2,FOODS_3_233_WI_2_validation,378,2529.0,1067.9709470272064,2.8253199656804404,100.25669367267953,0.422289816934443
source_b_v1_14_m5_stratified_volume_zero_100_chronos_only,m5_stratified_volume_zero_100_20260714,M5,7,chronos2,FOODS_3_236_CA_1_validation,378,578.0,385.10224890708923,1.0187890182727228,123.80120942295139,0.6662668666212617
source_b_v1_14_m5_stratified_volume_zero_100_chronos_only,m5_stratified_volume_zero_100_20260714,M5,7,chronos2,FOODS_3_266_CA_1_validation,378,53.0,56.6816421598196,0.14995143428523705,199.2678389094996,1.0694649464116905
source_b_v1_14_m5_stratified_volume_zero_100_chronos_only,m5_stratified_volume_zero_100_20260714,M5,7,chronos2,FOODS_3_320_CA_3_validation,378,903.0,680.5712477564812,1.8004530363928073,97.31135726898611,0.7536780152341984
source_b_v1_14_m5_stratified_volume_zero_100_chronos_only,m5_stratified_volume_zero_100_20260714,M5,7,chronos2,FOODS_3_339_WI_2_validation,378,807.0,576.3528841733932,1.5247430798237918,104.66483201176531,0.7141919258654191
source_b_v1_14_m5_stratified_volume_zero_100_chronos_only,m5_stratified_volume_zero_100_20260714,M5,7,chronos2,FOODS_3_345_CA_2_validation,378,7.0,7.91679310798645,0.020943897111075267,199.99700343150516,1.1309704439980643
source_b_v1_14_m5_stratified_volume_zero_100_chronos_only,m5_stratified_volume_zero_100_20260714,M5,7,chronos2,FOODS_3_424_CA_4_validation,378,277.0,271.2281237244606,0.7175347188477794,164.08762695759606,0.9791629015323488
source_b_v1_14_m5_stratified_volume_zero_100_chronos_only,m5_stratified_volume_zero_100_20260714,M5,7,chronos2,FOODS_3_444_TX_2_validation,378,2089.0,775.9160180091858,2.0526878783311795,162.37802002920427,0.37142940067457436
source_b_v1_14_m5_stratified_volume_zero_100_chronos_only,m5_stratified_volume_zero_100_20260714,M5,7,chronos2,FOODS_3_457_CA_2_validation,378,153.0,155.1097726970911,0.4103433140134685,197.82857964277508,1.0137893640332751
source_b_v1_14_m5_stratified_volume_zero_100_chronos_only,m5_stratified_volume_zero_100_20260714,M5,7,chronos2,FOODS_3_521_WI_2_validation,378,121.0,121.49536353908479,0.32141630565895446,199.80269412090837,1.0040939135461553
source_b_v1_14_m5_stratified_volume_zero_100_chronos_only,m5_stratified_volume_zero_100_20260714,M5,7,chronos2,FOODS_3_528_TX_3_validation,378,174.0,177.01497766375542,0.4682935917030567,196.7635877283104,1.0173274578376748
source_b_v1_14_m5_stratified_volume_zero_100_chronos_only,m5_stratified_volume_zero_100_20260714,M5,7,chronos2,FOODS_3_538_CA_3_validation,378,12.0,17.915492832660675,0.0473954836842875,198.84777422846668,1.4929577360550563
source_b_v1_14_m5_stratified_volume_zero_100_chronos_only,m5_stratified_volume_zero_100_20260714,M5,7,chronos2,FOODS_3_567_CA_3_validation,378,205.0,209.26423282921314,0.553609081558765,195.92409324249869,1.0208011357522593
source_b_v1_14_m5_stratified_volume_zero_100_chronos_only,m5_stratified_volume_zero_100_20260714,M5,7,chronos2,FOODS_3_583_WI_1_validation,378,173.0,178.82927137613297,0.47309331051887027,178.0006658865588,1.0336952102666646
source_b_v1_14_m5_stratified_volume_zero_100_chronos_only,m5_stratified_volume_zero_100_20260714,M5,7,chronos2,FOODS_3_606_CA_4_validation,378,356.0,302.30018773674965,0.7997359463935176,136.97551211305017,0.8491578307212069
source_b_v1_14_m5_stratified_volume_zero_100_chronos_only,m5_stratified_volume_zero_100_20260714,M5,7,chronos2,FOODS_3_698_CA_1_validation,378,476.0,452.20273265242577,1.1963035255355179,146.39283845319028,0.9500057408664407
source_b_v1_14_m5_stratified_volume_zero_100_chronos_only,m5_stratified_volume_zero_100_20260714,M5,7,chronos2,FOODS_3_703_CA_1_validation,378,383.0,308.2657321691513,0.8155178099712997,144.55331148211238,0.8048713633659303
source_b_v1_14_m5_stratified_volume_zero_100_chronos_only,m5_stratified_volume_zero_100_20260714,M5,7,chronos2,FOODS_3_760_CA_3_validation,378,3780.0,1487.6688041985035,3.935631757138898,61.744241379056575,0.3935631757138898
source_b_v1_14_m5_stratified_volume_zero_100_chronos_only,m5_stratified_volume_zero_100_20260714,M5,7,chronos2,FOODS_3_780_WI_1_validation,378,1714.0,821.2639978379011,2.1726560789362463,66.44254587817682,0.47915052382608
source_b_v1_14_m5_stratified_volume_zero_100_chronos_only,m5_stratified_volume_zero_100_20260714,M5,7,chronos2,FOODS_3_827_CA_3_validation,378,1792.0,1176.1237792372704,3.111438569410768,114.76897301230413,0.6563190732350839
source_b_v1_14_m5_stratified_volume_zero_100_chronos_only,m5_stratified_volume_zero_100_20260714,M5,7,chronos2,HOBBIES_1_010_CA_1_validation,378,228.0,231.7273260653019,0.6130352541410103,179.91342428517626,1.0163479213390434
source_b_v1_14_m5_stratified_volume_zero_100_chronos_only,m5_stratified_volume_zero_100_20260714,M5,7,chronos2,HOBBIES_1_014_TX_2_validation,378,2183.0,1179.145111322403,3.1194315114349283,61.06537965239068,0.5401489286863962
source_b_v1_14_m5_stratified_volume_zero_100_chronos_only,m5_stratified_volume_zero_100_20260714,M5,7,chronos2,HOBBIES_1_047_WI_1_validation,378,321.0,310.46948930621147,0.8213478553074377,167.71093977021883,0.9671946707358613
source_b_v1_14_m5_stratified_volume_zero_100_chronos_only,m5_stratified_volume_zero_100_20260714,M5,7,chronos2,HOBBIES_1_058_WI_3_validation,378,88.0,89.19948872923851,0.2359774834106839,199.65297299943094,1.0136305537413468
source_b_v1_14_m5_stratified_volume_zero_100_chronos_only,m5_stratified_volume_zero_100_20260714,M5,7,chronos2,HOBBIES_1_090_CA_1_validation,378,1429.0,1403.626488506794,3.713297588642312,171.28615572245147,0.9822438687941175
source_b_v1_14_m5_stratified_volume_zero_100_chronos_only,m5_stratified_volume_zero_100_20260714,M5,7,chronos2,HOBBIES_1_090_TX_1_validation,378,274.0,277.23552268743515,0.7334273086969184,199.23435464544923,1.0118084769614422
source_b_v1_14_m5_stratified_volume_zero_100_chronos_only,m5_stratified_volume_zero_100_20260714,M5,7,chronos2,HOBBIES_1_121_TX_1_validation,378,262.0,263.19176107645035,0.6962745002022496,199.60378186573905,1.0045487063986656
source_b_v1_14_m5_stratified_volume_zero_100_chronos_only,m5_stratified_volume_zero_100_20260714,M5,7,chronos2,HOBBIES_1_128_WI_1_validation,378,109.0,109.52781593799591,0.289756126820095,199.8104112773118,1.0048423480550084
source_b_v1_14_m5_stratified_volume_zero_100_chronos_only,m5_stratified_volume_zero_100_20260714,M5,7,chronos2,HOBBIES_1_156_WI_1_validation,378,233.0,234.79779843986034,0.6211581969308475,198.7642938914673,1.0077158731324478
source_b_v1_14_m5_stratified_volume_zero_100_chronos_only,m5_stratified_volume_zero_100_20260714,M5,7,chronos2,HOBBIES_1_197_TX_3_validation,378,21.0,21.18821819126606,0.05605348727848164,199.9866990369392,1.0089627710126696
source_b_v1_14_m5_stratified_volume_zero_100_chronos_only,m5_stratified_volume_zero_100_20260714,M5,7,chronos2,HOBBIES_1_197_WI_1_validation,378,98.0,98.4360418766737,0.26041280919754944,199.80283118560013,1.0044494069048338
source_b_v1_14_m5_stratified_volume_zero_100_chronos_only,m5_stratified_volume_zero_100_20260714,M5,7,chronos2,HOBBIES_1_234_CA_2_validation,378,980.0,984.9586271047592,2.605710653716294,198.5755646805822,1.0050598235762849
source_b_v1_14_m5_stratified_volume_zero_100_chronos_only,m5_stratified_volume_zero_100_20260714,M5,7,chronos2,HOBBIES_1_320_CA_1_validation,378,338.0,300.4685570001602,0.7948903624342862,151.20596854690976,0.8889602278111249
source_b_v1_14_m5_stratified_volume_zero_100_chronos_only,m5_stratified_volume_zero_100_20260714,M5,7,chronos2,HOBBIES_1_327_TX_3_validation,378,171.0,173.89367896318436,0.46003618773329197,196.83246008885635,1.0169220991999086
source_b_v1_14_m5_stratified_volume_zero_100_chronos_only,m5_stratified_volume_zero_100_20260714,M5,7,chronos2,HOBBIES_1_341_WI_1_validation,378,1982.0,1255.8050074577332,3.3222354694649026,82.78090682289384,0.6336049482632357
source_b_v1_14_m5_stratified_volume_zero_100_chronos_only,m5_stratified_volume_zero_100_20260714,M5,7,chronos2,HOBBIES_1_352_CA_3_validation,378,576.0,409.30782675743103,1.0828249385117223,91.12978318897775,0.7106038658983178
source_b_v1_14_m5_stratified_volume_zero_100_chronos_only,m5_stratified_volume_zero_100_20260714,M5,7,chronos2,HOBBIES_1_354_TX_3_validation,378,8664.0,2549.839626789093,6.745607478278024,35.83005355117477,0.2943028193431548
source_b_v1_14_m5_stratified_volume_zero_100_chronos_only,m5_stratified_volume_zero_100_20260714,M5,7,chronos2,HOBBIES_2_058_TX_3_validation,378,125.0,127.50325060635805,0.337310186789307,183.23965700401465,1.0200260048508645
source_b_v1_14_m5_stratified_volume_zero_100_chronos_only,m5_stratified_volume_zero_100_20260714,M5,7,chronos2,HOBBIES_2_076_WI_2_validation,378,85.0,86.01886837184429,0.2275631438408579,199.80992006512813,1.01198668672758
source_b_v1_14_m5_stratified_volume_zero_100_chronos_only,m5_stratified_volume_zero_100_20260714,M5,7,chronos2,HOBBIES_2_115_WI_3_validation,378,160.0,161.27064037322998,0.4266419057492857,199.34153444947245,1.0079415023326874
source_b_v1_14_m5_stratified_volume_zero_100_chronos_only,m5_stratified_volume_zero_100_20260714,M5,7,chronos2,HOUSEHOLD_1_008_TX_3_validation,378,130.0,131.00487503409386,0.34657374347643877,199.354564761348,1.0077298079545682
source_b_v1_14_m5_stratified_volume_zero_100_chronos_only,m5_stratified_volume_zero_100_20260714,M5,7,chronos2,HOUSEHOLD_1_035_CA_2_validation,378,72.0,68.6410078778863,0.1815899679309161,195.56792614741846,0.9533473316373097
source_b_v1_14_m5_stratified_volume_zero_100_chronos_only,m5_stratified_volume_zero_100_20260714,M5,7,chronos2,HOUSEHOLD_1_109_CA_4_validation,378,324.0,293.0078458786011,0.7751530314248706,145.26043338057474,0.9043452033290157
source_b_v1_14_m5_stratified_volume_zero_100_chronos_only,m5_stratified_volume_zero_100_20260714,M5,7,chronos2,HOUSEHOLD_1_113_TX_3_validation,378,993.0,695.4375915527344,1.839781988234747,94.94438184452957,0.7003399713521997
source_b_v1_14_m5_stratified_volume_zero_100_chronos_only,m5_stratified_volume_zero_100_20260714,M5,7,chronos2,HOUSEHOLD_1_201_CA_3_validation,378,493.0,478.83530967030674,1.266760078492875,168.0401249368196,0.9712683766131983
source_b_v1_14_m5_stratified_volume_zero_100_chronos_only,m5_stratified_volume_zero_100_20260714,M5,7,chronos2,HOUSEHOLD_1_224_TX_3_validation,378,76.0,76.82602822035551,0.2032434609004114,199.77449812845745,1.0108687923730988
source_b_v1_14_m5_stratified_volume_zero_100_chronos_only,m5_stratified_volume_zero_100_20260714,M5,7,chronos2,HOUSEHOLD_1_270_TX_2_validation,378,324.0,313.11327239871025,0.8283419904727785,167.79596328199094,0.9663989888849082
source_b_v1_14_m5_stratified_volume_zero_100_chronos_only,m5_stratified_volume_zero_100_20260714,M5,7,chronos2,HOUSEHOLD_1_346_WI_2_validation,378,322.0,307.14420253038406,0.8125508003449314,154.12111176265108,0.9538639830136151
source_b_v1_14_m5_stratified_volume_zero_100_chronos_only,m5_stratified_volume_zero_100_20260714,M5,7,chronos2,HOUSEHOLD_1_441_TX_2_validation,378,1096.0,636.6862475724508,1.684355152308071,157.96513399478678,0.5809181090989515
source_b_v1_14_m5_stratified_volume_zero_100_chronos_only,m5_stratified_volume_zero_100_20260714,M5,7,chronos2,HOUSEHOLD_1_441_TX_3_validation,378,2360.0,955.6725425333016,2.5282342395060886,124.82351513401622,0.4049459925988566
source_b_v1_14_m5_stratified_volume_zero_100_chronos_only,m5_stratified_volume_zero_100_20260714,M5,7,chronos2,HOUSEHOLD_1_460_WI_1_validation,378,237.0,218.93892693519592,0.5792035104105713,157.01960340402462,0.9237929406548351
source_b_v1_14_m5_stratified_volume_zero_100_chronos_only,m5_stratified_volume_zero_100_20260714,M5,7,chronos2,HOUSEHOLD_2_023_TX_3_validation,378,123.0,124.5069729667157,0.3293835263669727,199.56488663362896,1.012251812737526
source_b_v1_14_m5_stratified_volume_zero_100_chronos_only,m5_stratified_volume_zero_100_20260714,M5,7,chronos2,HOUSEHOLD_2_041_CA_1_validation,378,147.0,148.63946345448494,0.39322609379493373,198.8328434497681,1.0111528126155438
source_b_v1_14_m5_stratified_volume_zero_100_chronos_only,m5_stratified_volume_zero_100_20260714,M5,7,chronos2,HOUSEHOLD_2_107_TX_2_validation,378,36.0,36.47100197523832,0.09648413220962519,199.94518418959893,1.0130833882010646
source_b_v1_14_m5_stratified_volume_zero_100_chronos_only,m5_stratified_volume_zero_100_20260714,M5,7,chronos2,HOUSEHOLD_2_133_WI_3_validation,378,61.0,61.67848111689091,0.16317058496531986,199.85143625593423,1.0111226412605068
source_b_v1_14_m5_stratified_volume_zero_100_chronos_only,m5_stratified_volume_zero_100_20260714,M5,7,chronos2,HOUSEHOLD_2_148_WI_1_validation,378,69.0,69.83550894260406,0.1847500236576827,199.79265265413582,1.0121088252551314
source_b_v1_14_m5_stratified_volume_zero_100_chronos_only,m5_stratified_volume_zero_100_20260714,M5,7,chronos2,HOUSEHOLD_2_158_CA_1_validation,378,68.0,68.4876769259572,0.18118433049195026,199.86767923573524,1.0071717194993706
source_b_v1_14_m5_stratified_volume_zero_100_chronos_only,m5_stratified_volume_zero_100_20260714,M5,7,chronos2,HOUSEHOLD_2_192_CA_2_validation,378,88.0,88.58242610096931,0.23434504259515693,199.78779952416355,1.0066184784201058
source_b_v1_14_m5_stratified_volume_zero_100_chronos_only,m5_stratified_volume_zero_100_20260714,M5,7,chronos2,HOUSEHOLD_2_202_CA_2_validation,378,48.0,48.2838434278965,0.1277350355235357,199.9424831570008,1.0059134047478437
source_b_v1_14_m5_stratified_volume_zero_100_chronos_only,m5_stratified_volume_zero_100_20260714,M5,7,chronos2,HOUSEHOLD_2_223_CA_3_validation,378,100.0,100.88236936926842,0.2668845750509746,199.64119037279139,1.0088236936926842
source_b_v1_14_m5_stratified_volume_zero_100_chronos_only,m5_stratified_volume_zero_100_20260714,M5,7,chronos2,HOUSEHOLD_2_235_TX_1_validation,378,52.0,52.50175158679485,0.1388935227163885,199.91445603065893,1.009649068976824
source_b_v1_14_m5_stratified_volume_zero_100_chronos_only,m5_stratified_volume_zero_100_20260714,M5,7,chronos2,HOUSEHOLD_2_246_CA_3_validation,378,113.0,114.16439032554626,0.3020221966284293,199.54217836396163,1.0103043391641262
source_b_v1_14_m5_stratified_volume_zero_100_chronos_only,m5_stratified_volume_zero_100_20260714,M5,7,chronos2,HOUSEHOLD_2_265_WI_3_validation,378,122.0,122.58216832578182,0.3242914505973064,199.64720460396154,1.0047718715228018
source_b_v1_14_m5_stratified_volume_zero_100_chronos_only,m5_stratified_volume_zero_100_20260714,M5,7,chronos2,HOUSEHOLD_2_422_CA_2_validation,378,87.0,87.6761008054018,0.2319473566280471,199.81125172129532,1.0077712736253082
source_b_v1_14_m5_stratified_volume_zero_100_chronos_only,m5_stratified_volume_zero_100_20260714,M5,7,chronos2,HOUSEHOLD_2_474_CA_3_validation,378,29.0,29.597715258598328,0.0783008340174559,199.95690177054414,1.0206108709861492
source_b_v1_14_m5_stratified_volume_zero_100_chronos_only,m5_stratified_volume_zero_100_20260714,M5,7,chronos2,HOUSEHOLD_2_480_WI_2_validation,378,54.0,54.29164798557758,0.14362869837454387,199.9435692080179,1.005400888621807
source_b_v1_14_m5_stratified_volume_zero_100_chronos_only,m5_stratified_volume_zero_100_20260714,M5,14,seasonal_naive,FOODS_1_026_WI_2_validation,378,234.0,272.0,0.7195767195767195,84.22776518014614,1.1623931623931625
source_b_v1_14_m5_stratified_volume_zero_100_chronos_only,m5_stratified_volume_zero_100_20260714,M5,14,seasonal_naive,FOODS_1_063_CA_2_validation,378,23.0,27.0,0.07142857142857142,8.641975308641975,1.173913043478261
source_b_v1_14_m5_stratified_volume_zero_100_chronos_only,m5_stratified_volume_zero_100_20260714,M5,14,seasonal_naive,FOODS_1_080_WI_2_validation,378,190.0,294.0,0.7777777777777778,98.58906525573191,1.5473684210526315
source_b_v1_14_m5_stratified_volume_zero_100_chronos_only,m5_stratified_volume_zero_100_20260714,M5,14,seasonal_naive,FOODS_1_118_CA_3_validation,378,463.0,543.0,1.4365079365079365,112.8118853515679,1.1727861771058314
source_b_v1_14_m5_stratified_volume_zero_100_chronos_only,m5_stratified_volume_zero_100_20260714,M5,14,seasonal_naive,FOODS_1_129_WI_2_validation,378,1401.0,1165.0,3.082010582010582,101.78588190518592,0.8315488936473947
source_b_v1_14_m5_stratified_volume_zero_100_chronos_only,m5_stratified_volume_zero_100_20260714,M5,14,seasonal_naive,FOODS_1_171_TX_1_validation,378,168.0,242.0,0.6402116402116402,80.8994708994709,1.4404761904761905
source_b_v1_14_m5_stratified_volume_zero_100_chronos_only,m5_stratified_volume_zero_100_20260714,M5,14,seasonal_naive,FOODS_1_178_WI_3_validation,378,149.0,213.0,0.5634920634920635,79.47089947089947,1.429530201342282
source_b_v1_14_m5_stratified_volume_zero_100_chronos_only,m5_stratified_volume_zero_100_20260714,M5,14,seasonal_naive,FOODS_2_001_WI_1_validation,378,389.0,339.0,0.8968253968253969,58.5498217244249,0.87146529562982
source_b_v1_14_m5_stratified_volume_zero_100_chronos_only,m5_stratified_volume_zero_100_20260714,M5,14,seasonal_naive,FOODS_2_015_WI_2_validation,378,164.0,232.0,0.6137566137566137,62.151675485008816,1.4146341463414633
source_b_v1_14_m5_stratified_volume_zero_100_chronos_only,m5_stratified_volume_zero_100_20260714,M5,14,seasonal_naive,FOODS_2_016_CA_2_validation,378,915.0,855.0,2.261904761904762,88.24112677827848,0.9344262295081968
source_b_v1_14_m5_stratified_volume_zero_100_chronos_only,m5_stratified_volume_zero_100_20260714,M5,14,seasonal_naive,FOODS_2_027_CA_4_validation,378,83.0,119.0,0.3148148148148148,27.438901486520535,1.4337349397590362
source_b_v1_14_m5_stratified_volume_zero_100_chronos_only,m5_stratified_volume_zero_100_20260714,M5,14,seasonal_naive,FOODS_2_044_WI_1_validation,378,805.0,655.0,1.7328042328042328,92.53285808841363,0.8136645962732919
source_b_v1_14_m5_stratified_volume_zero_100_chronos_only,m5_stratified_volume_zero_100_20260714,M5,14,seasonal_naive,FOODS_2_075_CA_2_validation,378,909.0,747.0,1.9761904761904763,72.43178764801449,0.8217821782178217
source_b_v1_14_m5_stratified_volume_zero_100_chronos_only,m5_stratified_volume_zero_100_20260714,M5,14,seasonal_naive,FOODS_2_130_TX_2_validation,378,402.0,540.0,1.4285714285714286,111.29671621735113,1.3432835820895523
source_b_v1_14_m5_stratified_volume_zero_100_chronos_only,m5_stratified_volume_zero_100_20260714,M5,14,seasonal_naive,FOODS_2_137_CA_4_validation,378,185.0,277.0,0.7328042328042328,74.26807760141094,1.4972972972972973
source_b_v1_14_m5_stratified_volume_zero_100_chronos_only,m5_stratified_volume_zero_100_20260714,M5,14,seasonal_naive,FOODS_2_140_WI_2_validation,378,568.0,644.0,1.7037037037037037,59.933642309189025,1.1338028169014085
source_b_v1_14_m5_stratified_volume_zero_100_chronos_only,m5_stratified_volume_zero_100_20260714,M5,14,seasonal_naive,FOODS_2_215_TX_2_validation,378,352.0,446.0,1.17989417989418,92.68592959069149,1.2670454545454546
source_b_v1_14_m5_stratified_volume_zero_100_chronos_only,m5_stratified_volume_zero_100_20260714,M5,14,seasonal_naive,FOODS_2_233_WI_2_validation,378,2595.0,1579.0,4.177248677248677,39.596404316045124,0.6084778420038536
source_b_v1_14_m5_stratified_volume_zero_100_chronos_only,m5_stratified_volume_zero_100_20260714,M5,14,seasonal_naive,FOODS_2_258_CA_4_validation,378,176.0,298.0,0.7883597883597884,77.16931216931218,1.6931818181818181
source_b_v1_14_m5_stratified_volume_zero_100_chronos_only,m5_stratified_volume_zero_100_20260714,M5,14,seasonal_naive,FOODS_2_261_TX_1_validation,378,73.0,117.0,0.30952380952380953,54.4973544973545,1.6027397260273972
source_b_v1_14_m5_stratified_volume_zero_100_chronos_only,m5_stratified_volume_zero_100_20260714,M5,14,seasonal_naive,FOODS_2_299_WI_2_validation,378,1143.0,779.0,2.060846560846561,50.098119567145915,0.6815398075240595
source_b_v1_14_m5_stratified_volume_zero_100_chronos_only,m5_stratified_volume_zero_100_20260714,M5,14,seasonal_naive,FOODS_2_316_TX_3_validation,378,301.0,275.0,0.7275132275132276,46.43260913102183,0.9136212624584718
source_b_v1_14_m5_stratified_volume_zero_100_chronos_only,m5_stratified_volume_zero_100_20260714,M5,14,seasonal_naive,FOODS_2_347_WI_2_validation,378,2351.0,1537.0,4.0661375661375665,45.682640024045746,0.6537643555933645
source_b_v1_14_m5_stratified_volume_zero_100_chronos_only,m5_stratified_volume_zero_100_20260714,M5,14,seasonal_naive,FOODS_2_357_WI_2_validation,378,2378.0,1846.0,4.883597883597884,52.775051692097406,0.776282590412111
source_b_v1_14_m5_stratified_volume_zero_100_chronos_only,m5_stratified_volume_zero_100_20260714,M5,14,seasonal_naive,FOODS_3_009_TX_1_validation,378,240.0,362.0,0.9576719576719577,84.1330920696,1.5083333333333333
source_b_v1_14_m5_stratified_volume_zero_100_chronos_only,m5_stratified_volume_zero_100_20260714,M5,14,seasonal_naive,FOODS_3_024_WI_2_validation,378,1369.0,1325.0,3.505291005291005,62.413851844266055,0.9678597516435354
source_b_v1_14_m5_stratified_volume_zero_100_chronos_only,m5_stratified_volume_zero_100_20260714,M5,14,seasonal_naive,FOODS_3_039_WI_1_validation,378,623.0,279.0,0.7380952380952381,14.856042465144432,0.4478330658105939
source_b_v1_14_m5_stratified_volume_zero_100_chronos_only,m5_stratified_volume_zero_100_20260714,M5,14,seasonal_naive,FOODS_3_073_TX_3_validation,378,349.0,327.0,0.8650793650793651,22.788468891458674,0.9369627507163324
source_b_v1_14_m5_stratified_volume_zero_100_chronos_only,m5_stratified_volume_zero_100_20260714,M5,14,seasonal_naive,FOODS_3_073_WI_3_validation,378,90.0,118.0,0.31216931216931215,16.02082808432015,1.3111111111111111
source_b_v1_14_m5_stratified_volume_zero_100_chronos_only,m5_stratified_volume_zero_100_20260714,M5,14,seasonal_naive,FOODS_3_077_CA_3_validation,378,1849.0,1365.0,3.611111111111111,81.42061991981956,0.738236884802596
source_b_v1_14_m5_stratified_volume_zero_100_chronos_only,m5_stratified_volume_zero_100_20260714,M5,14,seasonal_naive,FOODS_3_091_CA_1_validation,378,455.0,411.0,1.0873015873015872,90.63240110859158,0.9032967032967033
source_b_v1_14_m5_stratified_volume_zero_100_chronos_only,m5_stratified_volume_zero_100_20260714,M5,14,seasonal_naive,FOODS_3_100_WI_1_validation,378,717.0,649.0,1.716931216931217,103.02095922544103,0.905160390516039
source_b_v1_14_m5_stratified_volume_zero_100_chronos_only,m5_stratified_volume_zero_100_20260714,M5,14,seasonal_naive,FOODS_3_230_WI_1_validation,378,467.0,425.0,1.1243386243386244,98.33333333333336,0.9100642398286938
source_b_v1_14_m5_stratified_volume_zero_100_chronos_only,m5_stratified_volume_zero_100_20260714,M5,14,seasonal_naive,FOODS_3_233_WI_1_validation,378,922.0,736.0,1.947089947089947,61.90539912762135,0.7982646420824295
source_b_v1_14_m5_stratified_volume_zero_100_chronos_only,m5_stratified_volume_zero_100_20260714,M5,14,seasonal_naive,FOODS_3_233_WI_2_validation,378,2529.0,1615.0,4.272486772486772,50.60127774563845,0.638592328983788
source_b_v1_14_m5_stratified_volume_zero_100_chronos_only,m5_stratified_volume_zero_100_20260714,M5,14,seasonal_naive,FOODS_3_236_CA_1_validation,378,578.0,514.0,1.3597883597883598,74.4216160089176,0.889273356401384
source_b_v1_14_m5_stratified_volume_zero_100_chronos_only,m5_stratified_volume_zero_100_20260714,M5,14,seasonal_naive,FOODS_3_266_CA_1_validation,378,53.0,81.0,0.21428571428571427,35.36155202821869,1.528301886792453
source_b_v1_14_m5_stratified_volume_zero_100_chronos_only,m5_stratified_volume_zero_100_20260714,M5,14,seasonal_naive,FOODS_3_320_CA_3_validation,378,903.0,903.0,2.388888888888889,105.44265224003786,1.0
source_b_v1_14_m5_stratified_volume_zero_100_chronos_only,m5_stratified_volume_zero_100_20260714,M5,14,seasonal_naive,FOODS_3_339_WI_2_validation,378,807.0,797.0,2.1084656084656084,93.8495947459533,0.9876084262701363
source_b_v1_14_m5_stratified_volume_zero_100_chronos_only,m5_stratified_volume_zero_100_20260714,M5,14,seasonal_naive,FOODS_3_345_CA_2_validation,378,7.0,7.0,0.018518518518518517,2.1164021164021163,1.0
source_b_v1_14_m5_stratified_volume_zero_100_chronos_only,m5_stratified_volume_zero_100_20260714,M5,14,seasonal_naive,FOODS_3_424_CA_4_validation,378,277.0,333.0,0.8809523809523809,108.57898715041571,1.2021660649819494
source_b_v1_14_m5_stratified_volume_zero_100_chronos_only,m5_stratified_volume_zero_100_20260714,M5,14,seasonal_naive,FOODS_3_444_TX_2_validation,378,2089.0,1341.0,3.5476190476190474,23.60619906804475,0.6419339396840593
source_b_v1_14_m5_stratified_volume_zero_100_chronos_only,m5_stratified_volume_zero_100_20260714,M5,14,seasonal_naive,FOODS_3_457_CA_2_validation,378,153.0,217.0,0.5740740740740741,71.67548500881833,1.4183006535947713
source_b_v1_14_m5_stratified_volume_zero_100_chronos_only,m5_stratified_volume_zero_100_20260714,M5,14,seasonal_naive,FOODS_3_521_WI_2_validation,378,121.0,217.0,0.5740740740740741,75.82010582010582,1.7933884297520661
source_b_v1_14_m5_stratified_volume_zero_100_chronos_only,m5_stratified_volume_zero_100_20260714,M5,14,seasonal_naive,FOODS_3_528_TX_3_validation,378,174.0,252.0,0.6666666666666666,91.74603174603175,1.4482758620689655
source_b_v1_14_m5_stratified_volume_zero_100_chronos_only,m5_stratified_volume_zero_100_20260714,M5,14,seasonal_naive,FOODS_3_538_CA_3_validation,378,12.0,14.0,0.037037037037037035,5.82010582010582,1.1666666666666667
source_b_v1_14_m5_stratified_volume_zero_100_chronos_only,m5_stratified_volume_zero_100_20260714,M5,14,seasonal_naive,FOODS_3_567_CA_3_validation,378,205.0,297.0,0.7857142857142857,93.59536407155454,1.448780487804878
source_b_v1_14_m5_stratified_volume_zero_100_chronos_only,m5_stratified_volume_zero_100_20260714,M5,14,seasonal_naive,FOODS_3_583_WI_1_validation,378,173.0,225.0,0.5952380952380952,67.75174267237759,1.300578034682081
source_b_v1_14_m5_stratified_volume_zero_100_chronos_only,m5_stratified_volume_zero_100_20260714,M5,14,seasonal_naive,FOODS_3_606_CA_4_validation,378,356.0,364.0,0.9629629629629629,94.96976568405138,1.0224719101123596
source_b_v1_14_m5_stratified_volume_zero_100_chronos_only,m5_stratified_volume_zero_100_20260714,M5,14,seasonal_naive,FOODS_3_698_CA_1_validation,378,476.0,538.0,1.4232804232804233,113.33333333333333,1.1302521008403361
source_b_v1_14_m5_stratified_volume_zero_100_chronos_only,m5_stratified_volume_zero_100_20260714,M5,14,seasonal_naive,FOODS_3_703_CA_1_validation,378,383.0,433.0,1.1455026455026456,75.2882185421868,1.1305483028720626
source_b_v1_14_m5_stratified_volume_zero_100_chronos_only,m5_stratified_volume_zero_100_20260714,M5,14,seasonal_naive,FOODS_3_760_CA_3_validation,378,3780.0,1782.0,4.714285714285714,61.81990196188048,0.4714285714285714
source_b_v1_14_m5_stratified_volume_zero_100_chronos_only,m5_stratified_volume_zero_100_20260714,M5,14,seasonal_naive,FOODS_3_780_WI_1_validation,378,1714.0,1204.0,3.185185185185185,78.00246058196385,0.7024504084014003
source_b_v1_14_m5_stratified_volume_zero_100_chronos_only,m5_stratified_volume_zero_100_20260714,M5,14,seasonal_naive,FOODS_3_827_CA_3_validation,378,1792.0,1688.0,4.465608465608466,103.12281934952972,0.9419642857142857
source_b_v1_14_m5_stratified_volume_zero_100_chronos_only,m5_stratified_volume_zero_100_20260714,M5,14,seasonal_naive,HOBBIES_1_010_CA_1_validation,378,228.0,308.0,0.8148148148148148,108.97707231040566,1.3508771929824561
source_b_v1_14_m5_stratified_volume_zero_100_chronos_only,m5_stratified_volume_zero_100_20260714,M5,14,seasonal_naive,HOBBIES_1_014_TX_2_validation,378,2183.0,1699.0,4.494708994708994,88.15546611646045,0.7782867613376088
source_b_v1_14_m5_stratified_volume_zero_100_chronos_only,m5_stratified_volume_zero_100_20260714,M5,14,seasonal_naive,HOBBIES_1_047_WI_1_validation,378,321.0,435.0,1.1507936507936507,103.78432854623331,1.355140186915888
source_b_v1_14_m5_stratified_volume_zero_100_chronos_only,m5_stratified_volume_zero_100_20260714,M5,14,seasonal_naive,HOBBIES_1_058_WI_3_validation,378,88.0,142.0,0.37566137566137564,61.816578483245145,1.6136363636363635
source_b_v1_14_m5_stratified_volume_zero_100_chronos_only,m5_stratified_volume_zero_100_20260714,M5,14,seasonal_naive,HOBBIES_1_090_CA_1_validation,378,1429.0,2093.0,5.537037037037037,117.0671638740806,1.4646606018194541
source_b_v1_14_m5_stratified_volume_zero_100_chronos_only,m5_stratified_volume_zero_100_20260714,M5,14,seasonal_naive,HOBBIES_1_090_TX_1_validation,378,274.0,480.0,1.2698412698412698,57.28395061728394,1.7518248175182483
source_b_v1_14_m5_stratified_volume_zero_100_chronos_only,m5_stratified_volume_zero_100_20260714,M5,14,seasonal_naive,HOBBIES_1_121_TX_1_validation,378,262.0,454.0,1.2010582010582012,60.60800751276941,1.7328244274809161
source_b_v1_14_m5_stratified_volume_zero_100_chronos_only,m5_stratified_volume_zero_100_20260714,M5,14,seasonal_naive,HOBBIES_1_128_WI_1_validation,378,109.0,177.0,0.46825396825396826,75.66137566137566,1.6238532110091743
source_b_v1_14_m5_stratified_volume_zero_100_chronos_only,m5_stratified_volume_zero_100_20260714,M5,14,seasonal_naive,HOBBIES_1_156_WI_1_validation,378,233.0,335.0,0.8862433862433863,88.24892920131016,1.4377682403433476
source_b_v1_14_m5_stratified_volume_zero_100_chronos_only,m5_stratified_volume_zero_100_20260714,M5,14,seasonal_naive,HOBBIES_1_197_TX_3_validation,378,21.0,33.0,0.0873015873015873,16.402116402116402,1.5714285714285714
source_b_v1_14_m5_stratified_volume_zero_100_chronos_only,m5_stratified_volume_zero_100_20260714,M5,14,seasonal_naive,HOBBIES_1_197_WI_1_validation,378,98.0,160.0,0.42328042328042326,68.6067019400353,1.6326530612244898
source_b_v1_14_m5_stratified_volume_zero_100_chronos_only,m5_stratified_volume_zero_100_20260714,M5,14,seasonal_naive,HOBBIES_1_234_CA_2_validation,378,980.0,1566.0,4.142857142857143,72.9654924636888,1.5979591836734695
source_b_v1_14_m5_stratified_volume_zero_100_chronos_only,m5_stratified_volume_zero_100_20260714,M5,14,seasonal_naive,HOBBIES_1_320_CA_1_validation,378,338.0,370.0,0.9788359788359788,101.82287729906778,1.0946745562130178
source_b_v1_14_m5_stratified_volume_zero_100_chronos_only,m5_stratified_volume_zero_100_20260714,M5,14,seasonal_naive,HOBBIES_1_327_TX_3_validation,378,171.0,217.0,0.5740740740740741,85.82010582010582,1.2690058479532165
source_b_v1_14_m5_stratified_volume_zero_100_chronos_only,m5_stratified_volume_zero_100_20260714,M5,14,seasonal_naive,HOBBIES_1_341_WI_1_validation,378,1982.0,1780.0,4.708994708994709,97.77922306256471,0.8980827447023209
source_b_v1_14_m5_stratified_volume_zero_100_chronos_only,m5_stratified_volume_zero_100_20260714,M5,14,seasonal_naive,HOBBIES_1_352_CA_3_validation,378,576.0,562.0,1.4867724867724867,99.3302259175275,0.9756944444444444
source_b_v1_14_m5_stratified_volume_zero_100_chronos_only,m5_stratified_volume_zero_100_20260714,M5,14,seasonal_naive,HOBBIES_1_354_TX_3_validation,378,8664.0,3204.0,8.476190476190476,44.95385659254554,0.3698060941828255
source_b_v1_14_m5_stratified_volume_zero_100_chronos_only,m5_stratified_volume_zero_100_20260714,M5,14,seasonal_naive,HOBBIES_2_058_TX_3_validation,378,125.0,159.0,0.42063492063492064,56.507936507936506,1.272
source_b_v1_14_m5_stratified_volume_zero_100_chronos_only,m5_stratified_volume_zero_100_20260714,M5,14,seasonal_naive,HOBBIES_2_076_WI_2_validation,378,85.0,161.0,0.42592592592592593,60.24691358024691,1.8941176470588235
source_b_v1_14_m5_stratified_volume_zero_100_chronos_only,m5_stratified_volume_zero_100_20260714,M5,14,seasonal_naive,HOBBIES_2_115_WI_3_validation,378,160.0,258.0,0.6825396825396826,90.22927689594357,1.6125
source_b_v1_14_m5_stratified_volume_zero_100_chronos_only,m5_stratified_volume_zero_100_20260714,M5,14,seasonal_naive,HOUSEHOLD_1_008_TX_3_validation,378,130.0,208.0,0.5502645502645502,91.62257495590829,1.6
source_b_v1_14_m5_stratified_volume_zero_100_chronos_only,m5_stratified_volume_zero_100_20260714,M5,14,seasonal_naive,HOUSEHOLD_1_035_CA_2_validation,378,72.0,70.0,0.18518518518518517,19.94708994708995,0.9722222222222222
source_b_v1_14_m5_stratified_volume_zero_100_chronos_only,m5_stratified_volume_zero_100_20260714,M5,14,seasonal_naive,HOUSEHOLD_1_109_CA_4_validation,378,324.0,342.0,0.9047619047619048,106.18291761148903,1.0555555555555556
source_b_v1_14_m5_stratified_volume_zero_100_chronos_only,m5_stratified_volume_zero_100_20260714,M5,14,seasonal_naive,HOUSEHOLD_1_113_TX_3_validation,378,993.0,877.0,2.32010582010582,95.42333569877921,0.8831822759315207
source_b_v1_14_m5_stratified_volume_zero_100_chronos_only,m5_stratified_volume_zero_100_20260714,M5,14,seasonal_naive,HOUSEHOLD_1_201_CA_3_validation,378,493.0,677.0,1.791005291005291,116.21651129587637,1.3732251521298176
source_b_v1_14_m5_stratified_volume_zero_100_chronos_only,m5_stratified_volume_zero_100_20260714,M5,14,seasonal_naive,HOUSEHOLD_1_224_TX_3_validation,378,76.0,134.0,0.3544973544973545,53.70370370370371,1.763157894736842
source_b_v1_14_m5_stratified_volume_zero_100_chronos_only,m5_stratified_volume_zero_100_20260714,M5,14,seasonal_naive,HOUSEHOLD_1_270_TX_2_validation,378,324.0,354.0,0.9365079365079365,102.37213403880068,1.0925925925925926
source_b_v1_14_m5_stratified_volume_zero_100_chronos_only,m5_stratified_volume_zero_100_20260714,M5,14,seasonal_naive,HOUSEHOLD_1_346_WI_2_validation,378,322.0,360.0,0.9523809523809523,107.81305114638447,1.1180124223602483
source_b_v1_14_m5_stratified_volume_zero_100_chronos_only,m5_stratified_volume_zero_100_20260714,M5,14,seasonal_naive,HOUSEHOLD_1_441_TX_2_validation,378,1096.0,994.0,2.6296296296296298,52.54686418547877,0.906934306569343
source_b_v1_14_m5_stratified_volume_zero_100_chronos_only,m5_stratified_volume_zero_100_20260714,M5,14,seasonal_naive,HOUSEHOLD_1_441_TX_3_validation,378,2360.0,1172.0,3.1005291005291005,35.04300423802304,0.4966101694915254
source_b_v1_14_m5_stratified_volume_zero_100_chronos_only,m5_stratified_volume_zero_100_20260714,M5,14,seasonal_naive,HOUSEHOLD_1_460_WI_1_validation,378,237.0,277.0,0.7328042328042328,88.00705467372133,1.1687763713080168
source_b_v1_14_m5_stratified_volume_zero_100_chronos_only,m5_stratified_volume_zero_100_20260714,M5,14,seasonal_naive,HOUSEHOLD_2_023_TX_3_validation,378,123.0,201.0,0.5317460317460317,75.48500881834215,1.6341463414634145
source_b_v1_14_m5_stratified_volume_zero_100_chronos_only,m5_stratified_volume_zero_100_20260714,M5,14,seasonal_naive,HOUSEHOLD_2_041_CA_1_validation,378,147.0,231.0,0.6111111111111112,92.5925925925926,1.5714285714285714
source_b_v1_14_m5_stratified_volume_zero_100_chronos_only,m5_stratified_volume_zero_100_20260714,M5,14,seasonal_naive,HOUSEHOLD_2_107_TX_2_validation,378,36.0,68.0,0.17989417989417988,32.98059964726631,1.8888888888888888
source_b_v1_14_m5_stratified_volume_zero_100_chronos_only,m5_stratified_volume_zero_100_20260714,M5,14,seasonal_naive,HOUSEHOLD_2_133_WI_3_validation,378,61.0,113.0,0.29894179894179895,53.26278659611992,1.8524590163934427
source_b_v1_14_m5_stratified_volume_zero_100_chronos_only,m5_stratified_volume_zero_100_20260714,M5,14,seasonal_naive,HOUSEHOLD_2_148_WI_1_validation,378,69.0,113.0,0.29894179894179895,52.73368606701939,1.6376811594202898
source_b_v1_14_m5_stratified_volume_zero_100_chronos_only,m5_stratified_volume_zero_100_20260714,M5,14,seasonal_naive,HOUSEHOLD_2_158_CA_1_validation,378,68.0,128.0,0.3386243386243386,52.73368606701939,1.8823529411764706
source_b_v1_14_m5_stratified_volume_zero_100_chronos_only,m5_stratified_volume_zero_100_20260714,M5,14,seasonal_naive,HOUSEHOLD_2_192_CA_2_validation,378,88.0,148.0,0.3915343915343915,68.95943562610228,1.6818181818181819
source_b_v1_14_m5_stratified_volume_zero_100_chronos_only,m5_stratified_volume_zero_100_20260714,M5,14,seasonal_naive,HOUSEHOLD_2_202_CA_2_validation,378,48.0,86.0,0.2275132275132275,37.742504409171076,1.7916666666666667
source_b_v1_14_m5_stratified_volume_zero_100_chronos_only,m5_stratified_volume_zero_100_20260714,M5,14,seasonal_naive,HOUSEHOLD_2_223_CA_3_validation,378,100.0,170.0,0.4497354497354497,74.25044091710757,1.7
source_b_v1_14_m5_stratified_volume_zero_100_chronos_only,m5_stratified_volume_zero_100_20260714,M5,14,seasonal_naive,HOUSEHOLD_2_235_TX_1_validation,378,52.0,96.0,0.25396825396825395,45.14991181657848,1.8461538461538463
source_b_v1_14_m5_stratified_volume_zero_100_chronos_only,m5_stratified_volume_zero_100_20260714,M5,14,seasonal_naive,HOUSEHOLD_2_246_CA_3_validation,378,113.0,199.0,0.5264550264550265,79.45326278659611,1.761061946902655
source_b_v1_14_m5_stratified_volume_zero_100_chronos_only,m5_stratified_volume_zero_100_20260714,M5,14,seasonal_naive,HOUSEHOLD_2_265_WI_3_validation,378,122.0,178.0,0.4708994708994709,75.94356261022928,1.459016393442623
source_b_v1_14_m5_stratified_volume_zero_100_chronos_only,m5_stratified_volume_zero_100_20260714,M5,14,seasonal_naive,HOUSEHOLD_2_422_CA_2_validation,378,87.0,169.0,0.4470899470899471,68.25396825396825,1.9425287356321839
source_b_v1_14_m5_stratified_volume_zero_100_chronos_only,m5_stratified_volume_zero_100_20260714,M5,14,seasonal_naive,HOUSEHOLD_2_474_CA_3_validation,378,29.0,59.0,0.15608465608465608,28.57142857142857,2.0344827586206895
source_b_v1_14_m5_stratified_volume_zero_100_chronos_only,m5_stratified_volume_zero_100_20260714,M5,14,seasonal_naive,HOUSEHOLD_2_480_WI_2_validation,378,54.0,78.0,0.20634920634920634,38.44797178130511,1.4444444444444444
source_b_v1_14_m5_stratified_volume_zero_100_chronos_only,m5_stratified_volume_zero_100_20260714,M5,14,lightgbm_cov,FOODS_1_026_WI_2_validation,378,234.0,256.0573834627867,0.6774004853512875,146.2597680198948,1.0942623224905415
source_b_v1_14_m5_stratified_volume_zero_100_chronos_only,m5_stratified_volume_zero_100_20260714,M5,14,lightgbm_cov,FOODS_1_063_CA_2_validation,378,23.0,187.37629051692784,0.49570447226700487,196.03171762382038,8.146795239866428
source_b_v1_14_m5_stratified_volume_zero_100_chronos_only,m5_stratified_volume_zero_100_20260714,M5,14,lightgbm_cov,FOODS_1_080_WI_2_validation,378,190.0,243.15563562512398,0.6432688773151428,156.1324537639579,1.2797665032901262
source_b_v1_14_m5_stratified_volume_zero_100_chronos_only,m5_stratified_volume_zero_100_20260714,M5,14,lightgbm_cov,FOODS_1_118_CA_3_validation,378,463.0,556.2746524810791,1.4716260647647594,121.63696754754056,1.2014571327885077
source_b_v1_14_m5_stratified_volume_zero_100_chronos_only,m5_stratified_volume_zero_100_20260714,M5,14,lightgbm_cov,FOODS_1_129_WI_2_validation,378,1401.0,1146.9560152590275,3.03427517264293,84.5539246360128,0.8186695326616898
source_b_v1_14_m5_stratified_volume_zero_100_chronos_only,m5_stratified_volume_zero_100_20260714,M5,14,lightgbm_cov,FOODS_1_171_TX_1_validation,378,168.0,230.15894112735987,0.6088860876385181,169.60712659323403,1.369993697186666
source_b_v1_14_m5_stratified_volume_zero_100_chronos_only,m5_stratified_volume_zero_100_20260714,M5,14,lightgbm_cov,FOODS_1_178_WI_3_validation,378,149.0,217.46278814785182,0.5752983813435233,169.38604987234987,1.4594817996500122
source_b_v1_14_m5_stratified_volume_zero_100_chronos_only,m5_stratified_volume_zero_100_20260714,M5,14,lightgbm_cov,FOODS_2_001_WI_1_validation,378,389.0,334.68795032799244,0.885417858010562,140.017376778126,0.8603803350333996
source_b_v1_14_m5_stratified_volume_zero_100_chronos_only,m5_stratified_volume_zero_100_20260714,M5,14,lightgbm_cov,FOODS_2_015_WI_2_validation,378,164.0,272.3000884652138,0.7203706044053274,163.78566704274402,1.6603663930805719
source_b_v1_14_m5_stratified_volume_zero_100_chronos_only,m5_stratified_volume_zero_100_20260714,M5,14,lightgbm_cov,FOODS_2_016_CA_2_validation,378,915.0,690.0574348206574,1.8255487693668184,109.89614384285112,0.7541611309515381
source_b_v1_14_m5_stratified_volume_zero_100_chronos_only,m5_stratified_volume_zero_100_20260714,M5,14,lightgbm_cov,FOODS_2_027_CA_4_validation,378,83.0,246.86950680613518,0.653093933349564,190.1283509745474,2.9743314073028335
source_b_v1_14_m5_stratified_volume_zero_100_chronos_only,m5_stratified_volume_zero_100_20260714,M5,14,lightgbm_cov,FOODS_2_044_WI_1_validation,378,805.0,547.2745098844171,1.447816163715389,95.6990550695341,0.6798441116576609
source_b_v1_14_m5_stratified_volume_zero_100_chronos_only,m5_stratified_volume_zero_100_20260714,M5,14,lightgbm_cov,FOODS_2_075_CA_2_validation,378,909.0,590.5723294998461,1.5623606600525028,115.59483365988987,0.649694531903021
source_b_v1_14_m5_stratified_volume_zero_100_chronos_only,m5_stratified_volume_zero_100_20260714,M5,14,lightgbm_cov,FOODS_2_130_TX_2_validation,378,402.0,399.6389887332916,1.057246001939925,122.21936890320784,0.9941268376450041
source_b_v1_14_m5_stratified_volume_zero_100_chronos_only,m5_stratified_volume_zero_100_20260714,M5,14,lightgbm_cov,FOODS_2_137_CA_4_validation,378,185.0,317.30370814725757,0.8394277993313692,172.15067062560396,1.7151551791743653
source_b_v1_14_m5_stratified_volume_zero_100_chronos_only,m5_stratified_volume_zero_100_20260714,M5,14,lightgbm_cov,FOODS_2_140_WI_2_validation,378,568.0,673.2792959064245,1.7811621584826045,164.86649277111277,1.1853508730746911
source_b_v1_14_m5_stratified_volume_zero_100_chronos_only,m5_stratified_volume_zero_100_20260714,M5,14,lightgbm_cov,FOODS_2_215_TX_2_validation,378,352.0,406.37971931509674,1.075078622526711,150.26870949337228,1.154487838963343
source_b_v1_14_m5_stratified_volume_zero_100_chronos_only,m5_stratified_volume_zero_100_20260714,M5,14,lightgbm_cov,FOODS_2_233_WI_2_validation,378,2595.0,1743.1002351650968,4.611376283505547,134.7889746081074,0.6717149268458947
source_b_v1_14_m5_stratified_volume_zero_100_chronos_only,m5_stratified_volume_zero_100_20260714,M5,14,lightgbm_cov,FOODS_2_258_CA_4_validation,378,176.0,303.0472237877548,0.8017122322427375,164.58229783721612,1.7218592260667884
source_b_v1_14_m5_stratified_volume_zero_100_chronos_only,m5_stratified_volume_zero_100_20260714,M5,14,lightgbm_cov,FOODS_2_261_TX_1_validation,378,73.0,142.92348657548428,0.3781044618399055,185.63704319409285,1.957855980486086
source_b_v1_14_m5_stratified_volume_zero_100_chronos_only,m5_stratified_volume_zero_100_20260714,M5,14,lightgbm_cov,FOODS_2_299_WI_2_validation,378,1143.0,756.8669722769409,2.0022935774522246,133.11233080828532,0.6621758287637278
source_b_v1_14_m5_stratified_volume_zero_100_chronos_only,m5_stratified_volume_zero_100_20260714,M5,14,lightgbm_cov,FOODS_2_316_TX_3_validation,378,301.0,316.1286422610283,0.8363191594207098,158.7856344575043,1.0502612699701936
source_b_v1_14_m5_stratified_volume_zero_100_chronos_only,m5_stratified_volume_zero_100_20260714,M5,14,lightgbm_cov,FOODS_2_347_WI_2_validation,378,2351.0,1529.1981460247189,4.045497740806135,133.62550873081616,0.6504458298701484
source_b_v1_14_m5_stratified_volume_zero_100_chronos_only,m5_stratified_volume_zero_100_20260714,M5,14,lightgbm_cov,FOODS_2_357_WI_2_validation,378,2378.0,1785.5941885802895,4.723794149683306,147.0775310578342,0.7508806512112235
source_b_v1_14_m5_stratified_volume_zero_100_chronos_only,m5_stratified_volume_zero_100_20260714,M5,14,lightgbm_cov,FOODS_3_009_TX_1_validation,378,240.0,341.2867465466261,0.9028749908640902,158.63803033604987,1.422028110610942
source_b_v1_14_m5_stratified_volume_zero_100_chronos_only,m5_stratified_volume_zero_100_20260714,M5,14,lightgbm_cov,FOODS_3_024_WI_2_validation,378,1369.0,1096.657783312723,2.901211066964876,131.98823931124542,0.8010648526754733
source_b_v1_14_m5_stratified_volume_zero_100_chronos_only,m5_stratified_volume_zero_100_20260714,M5,14,lightgbm_cov,FOODS_3_039_WI_1_validation,378,623.0,449.98519798740745,1.1904370317127182,164.66557806258112,0.7222876372189526
source_b_v1_14_m5_stratified_volume_zero_100_chronos_only,m5_stratified_volume_zero_100_20260714,M5,14,lightgbm_cov,FOODS_3_073_TX_3_validation,378,349.0,474.1348092444241,1.2543248921810162,179.17420596128613,1.358552462018407
source_b_v1_14_m5_stratified_volume_zero_100_chronos_only,m5_stratified_volume_zero_100_20260714,M5,14,lightgbm_cov,FOODS_3_073_WI_3_validation,378,90.0,300.81341157853603,0.7958026761336933,191.96397299931084,3.3423712397615115
source_b_v1_14_m5_stratified_volume_zero_100_chronos_only,m5_stratified_volume_zero_100_20260714,M5,14,lightgbm_cov,FOODS_3_077_CA_3_validation,378,1849.0,1156.2039183825254,3.058740524821496,95.58329157177278,0.6253130980976341
source_b_v1_14_m5_stratified_volume_zero_100_chronos_only,m5_stratified_volume_zero_100_20260714,M5,14,lightgbm_cov,FOODS_3_091_CA_1_validation,378,455.0,338.5214495137334,0.8955593902479719,103.06405968795602,0.744003185744469
source_b_v1_14_m5_stratified_volume_zero_100_chronos_only,m5_stratified_volume_zero_100_20260714,M5,14,lightgbm_cov,FOODS_3_100_WI_1_validation,378,717.0,526.903564825654,1.3939247746710424,91.83288764030563,0.7348724753495872
source_b_v1_14_m5_stratified_volume_zero_100_chronos_only,m5_stratified_volume_zero_100_20260714,M5,14,lightgbm_cov,FOODS_3_230_WI_1_validation,378,467.0,362.08869537711143,0.9579066015267498,99.06966920558811,0.7753505254327868
source_b_v1_14_m5_stratified_volume_zero_100_chronos_only,m5_stratified_volume_zero_100_20260714,M5,14,lightgbm_cov,FOODS_3_233_WI_1_validation,378,922.0,641.3682697918266,1.6967414544757318,116.32861482102169,0.6956271906635864
source_b_v1_14_m5_stratified_volume_zero_100_chronos_only,m5_stratified_volume_zero_100_20260714,M5,14,lightgbm_cov,FOODS_3_233_WI_2_validation,378,2529.0,1259.046439981088,3.330810687780656,107.60603429089363,0.4978435903444397
source_b_v1_14_m5_stratified_volume_zero_100_chronos_only,m5_stratified_volume_zero_100_20260714,M5,14,lightgbm_cov,FOODS_3_236_CA_1_validation,378,578.0,466.6509915161878,1.2345264325825074,125.24809736419711,0.807354656602401
source_b_v1_14_m5_stratified_volume_zero_100_chronos_only,m5_stratified_volume_zero_100_20260714,M5,14,lightgbm_cov,FOODS_3_266_CA_1_validation,378,53.0,249.43897888157517,0.6598914785226856,184.5441266396489,4.706395827954249
source_b_v1_14_m5_stratified_volume_zero_100_chronos_only,m5_stratified_volume_zero_100_20260714,M5,14,lightgbm_cov,FOODS_3_320_CA_3_validation,378,903.0,710.3003983795643,1.8791015830147204,93.1264993422953,0.7866006626573248
source_b_v1_14_m5_stratified_volume_zero_100_chronos_only,m5_stratified_volume_zero_100_20260714,M5,14,lightgbm_cov,FOODS_3_339_WI_2_validation,378,807.0,637.9534059464931,1.6877074231388707,103.51092785060297,0.7905246666003632
source_b_v1_14_m5_stratified_volume_zero_100_chronos_only,m5_stratified_volume_zero_100_20260714,M5,14,lightgbm_cov,FOODS_3_345_CA_2_validation,378,7.0,156.468724463135,0.41393842450564816,199.0964962668658,22.352674923305
source_b_v1_14_m5_stratified_volume_zero_100_chronos_only,m5_stratified_volume_zero_100_20260714,M5,14,lightgbm_cov,FOODS_3_424_CA_4_validation,378,277.0,284.5511701256037,0.7527808733481579,130.4374268665132,1.0272605419696883
source_b_v1_14_m5_stratified_volume_zero_100_chronos_only,m5_stratified_volume_zero_100_20260714,M5,14,lightgbm_cov,FOODS_3_444_TX_2_validation,378,2089.0,1339.2283029258251,3.5429320183222885,168.507053058981,0.6410858319415151
source_b_v1_14_m5_stratified_volume_zero_100_chronos_only,m5_stratified_volume_zero_100_20260714,M5,14,lightgbm_cov,FOODS_3_457_CA_2_validation,378,153.0,246.92140006273985,0.6532312170971953,169.6877309485298,1.6138653598871886
source_b_v1_14_m5_stratified_volume_zero_100_chronos_only,m5_stratified_volume_zero_100_20260714,M5,14,lightgbm_cov,FOODS_3_521_WI_2_validation,378,121.0,211.52765878289938,0.5595969809071412,176.80690011944677,1.74816246928016
source_b_v1_14_m5_stratified_volume_zero_100_chronos_only,m5_stratified_volume_zero_100_20260714,M5,14,lightgbm_cov,FOODS_3_528_TX_3_validation,378,174.0,239.83683916181326,0.6344889924915694,160.7081772664381,1.3783726388609958
source_b_v1_14_m5_stratified_volume_zero_100_chronos_only,m5_stratified_volume_zero_100_20260714,M5,14,lightgbm_cov,FOODS_3_538_CA_3_validation,378,12.0,259.75630291737616,0.6871859865539052,196.55433550856804,21.646358576448012
source_b_v1_14_m5_stratified_volume_zero_100_chronos_only,m5_stratified_volume_zero_100_20260714,M5,14,lightgbm_cov,FOODS_3_567_CA_3_validation,378,205.0,306.35211603343487,0.8104553334217853,147.80048955905832,1.4944005660167554
source_b_v1_14_m5_stratified_volume_zero_100_chronos_only,m5_stratified_volume_zero_100_20260714,M5,14,lightgbm_cov,FOODS_3_583_WI_1_validation,378,173.0,347.9951156489551,0.9206219990713098,154.71675398455437,2.0115324603985845
source_b_v1_14_m5_stratified_volume_zero_100_chronos_only,m5_stratified_volume_zero_100_20260714,M5,14,lightgbm_cov,FOODS_3_606_CA_4_validation,378,356.0,318.7540283501148,0.843264625264854,112.59780606721928,0.895376484129536
source_b_v1_14_m5_stratified_volume_zero_100_chronos_only,m5_stratified_volume_zero_100_20260714,M5,14,lightgbm_cov,FOODS_3_698_CA_1_validation,378,476.0,544.8975299596786,1.441527857036187,116.22554704625179,1.1447427099993248
source_b_v1_14_m5_stratified_volume_zero_100_chronos_only,m5_stratified_volume_zero_100_20260714,M5,14,lightgbm_cov,FOODS_3_703_CA_1_validation,378,383.0,394.6429595667869,1.0440289935629283,139.31296178364028,1.0303993722370415
source_b_v1_14_m5_stratified_volume_zero_100_chronos_only,m5_stratified_volume_zero_100_20260714,M5,14,lightgbm_cov,FOODS_3_760_CA_3_validation,378,3780.0,1772.5835921764374,4.689374582477347,65.31158460339887,0.46893745824773475
source_b_v1_14_m5_stratified_volume_zero_100_chronos_only,m5_stratified_volume_zero_100_20260714,M5,14,lightgbm_cov,FOODS_3_780_WI_1_validation,378,1714.0,942.8791173174977,2.4943891992526397,69.43408268947175,0.5501045025189601
source_b_v1_14_m5_stratified_volume_zero_100_chronos_only,m5_stratified_volume_zero_100_20260714,M5,14,lightgbm_cov,FOODS_3_827_CA_3_validation,378,1792.0,1278.992338359356,3.3835776147072907,98.44141096652433,0.7137234031023192
source_b_v1_14_m5_stratified_volume_zero_100_chronos_only,m5_stratified_volume_zero_100_20260714,M5,14,lightgbm_cov,HOBBIES_1_010_CA_1_validation,378,228.0,260.58730512857437,0.6893844051020486,135.6167508333453,1.1429267768797122
source_b_v1_14_m5_stratified_volume_zero_100_chronos_only,m5_stratified_volume_zero_100_20260714,M5,14,lightgbm_cov,HOBBIES_1_014_TX_2_validation,378,2183.0,1237.899541735649,3.274866512528172,64.69708710651943,0.5670634639192162
source_b_v1_14_m5_stratified_volume_zero_100_chronos_only,m5_stratified_volume_zero_100_20260714,M5,14,lightgbm_cov,HOBBIES_1_047_WI_1_validation,378,321.0,367.91767198592424,0.9733271745659372,134.18318317174612,1.146160971918767
source_b_v1_14_m5_stratified_volume_zero_100_chronos_only,m5_stratified_volume_zero_100_20260714,M5,14,lightgbm_cov,HOBBIES_1_058_WI_3_validation,378,88.0,147.51758616417646,0.3902581644554933,184.12188336442745,1.6763362064110963
source_b_v1_14_m5_stratified_volume_zero_100_chronos_only,m5_stratified_volume_zero_100_20260714,M5,14,lightgbm_cov,HOBBIES_1_090_CA_1_validation,378,1429.0,1586.184867709875,4.196256263782739,137.122499623146,1.1099964084743703
source_b_v1_14_m5_stratified_volume_zero_100_chronos_only,m5_stratified_volume_zero_100_20260714,M5,14,lightgbm_cov,HOBBIES_1_090_TX_1_validation,378,274.0,553.2313677705824,1.463575047012123,179.85775382193393,2.0190925831043156
source_b_v1_14_m5_stratified_volume_zero_100_chronos_only,m5_stratified_volume_zero_100_20260714,M5,14,lightgbm_cov,HOBBIES_1_121_TX_1_validation,378,262.0,540.8083639666438,1.4307099575837139,179.55094552087206,2.0641540609413886
source_b_v1_14_m5_stratified_volume_zero_100_chronos_only,m5_stratified_volume_zero_100_20260714,M5,14,lightgbm_cov,HOBBIES_1_128_WI_1_validation,378,109.0,160.6669413894415,0.42504481849058595,183.00780013853898,1.4740086366003806
source_b_v1_14_m5_stratified_volume_zero_100_chronos_only,m5_stratified_volume_zero_100_20260714,M5,14,lightgbm_cov,HOBBIES_1_156_WI_1_validation,378,233.0,330.0352178812027,0.8731090420137637,161.84766009252903,1.416460162580269
source_b_v1_14_m5_stratified_volume_zero_100_chronos_only,m5_stratified_volume_zero_100_20260714,M5,14,lightgbm_cov,HOBBIES_1_197_TX_3_validation,378,21.0,85.20980081707239,0.2254227534843185,196.9148025207103,4.057609562717733
source_b_v1_14_m5_stratified_volume_zero_100_chronos_only,m5_stratified_volume_zero_100_20260714,M5,14,lightgbm_cov,HOBBIES_1_197_WI_1_validation,378,98.0,144.02965902537107,0.3810308439824632,186.55301694032804,1.4696903982180722
source_b_v1_14_m5_stratified_volume_zero_100_chronos_only,m5_stratified_volume_zero_100_20260714,M5,14,lightgbm_cov,HOBBIES_1_234_CA_2_validation,378,980.0,1257.8518579229712,3.3276504177856383,175.4376123405485,1.283522304003032
source_b_v1_14_m5_stratified_volume_zero_100_chronos_only,m5_stratified_volume_zero_100_20260714,M5,14,lightgbm_cov,HOBBIES_1_320_CA_1_validation,378,338.0,332.30418890714645,0.8791116108654669,114.01642143640885,0.9831484878909659
source_b_v1_14_m5_stratified_volume_zero_100_chronos_only,m5_stratified_volume_zero_100_20260714,M5,14,lightgbm_cov,HOBBIES_1_327_TX_3_validation,378,171.0,221.10417652875185,0.5849316839384969,157.2561964151549,1.2930068802850985
source_b_v1_14_m5_stratified_volume_zero_100_chronos_only,m5_stratified_volume_zero_100_20260714,M5,14,lightgbm_cov,HOBBIES_1_341_WI_1_validation,378,1982.0,1272.7185266464949,3.3669802292235316,80.06119055898903,0.6421385099124596
source_b_v1_14_m5_stratified_volume_zero_100_chronos_only,m5_stratified_volume_zero_100_20260714,M5,14,lightgbm_cov,HOBBIES_1_352_CA_3_validation,378,576.0,394.78590074181557,1.044407144819618,89.30271469013105,0.6853921887878742
source_b_v1_14_m5_stratified_volume_zero_100_chronos_only,m5_stratified_volume_zero_100_20260714,M5,14,lightgbm_cov,HOBBIES_1_354_TX_3_validation,378,8664.0,2834.2606868743896,7.498044145170343,35.4725532946778,0.3271307348654651
source_b_v1_14_m5_stratified_volume_zero_100_chronos_only,m5_stratified_volume_zero_100_20260714,M5,14,lightgbm_cov,HOBBIES_2_058_TX_3_validation,378,125.0,254.98842638917267,0.6745725565851128,167.1648036912692,2.0399074111133815
source_b_v1_14_m5_stratified_volume_zero_100_chronos_only,m5_stratified_volume_zero_100_20260714,M5,14,lightgbm_cov,HOBBIES_2_076_WI_2_validation,378,85.0,215.6564288958907,0.5705196531637321,181.28388184496276,2.5371344575987145
source_b_v1_14_m5_stratified_volume_zero_100_chronos_only,m5_stratified_volume_zero_100_20260714,M5,14,lightgbm_cov,HOBBIES_2_115_WI_3_validation,378,160.0,241.2040140852332,0.6381058573683418,167.54301598770155,1.5075250880327076
source_b_v1_14_m5_stratified_volume_zero_100_chronos_only,m5_stratified_volume_zero_100_20260714,M5,14,lightgbm_cov,HOUSEHOLD_1_008_TX_3_validation,378,130.0,183.49104055017233,0.4854260332015141,173.16315919701435,1.4114695426936332
source_b_v1_14_m5_stratified_volume_zero_100_chronos_only,m5_stratified_volume_zero_100_20260714,M5,14,lightgbm_cov,HOUSEHOLD_1_035_CA_2_validation,378,72.0,144.79793371073902,0.38306331669507676,185.86944033140878,2.011082412649153
source_b_v1_14_m5_stratified_volume_zero_100_chronos_only,m5_stratified_volume_zero_100_20260714,M5,14,lightgbm_cov,HOUSEHOLD_1_109_CA_4_validation,378,324.0,285.1753392368555,0.7544321143832157,115.76116456575065,0.8801708001137516
source_b_v1_14_m5_stratified_volume_zero_100_chronos_only,m5_stratified_volume_zero_100_20260714,M5,14,lightgbm_cov,HOUSEHOLD_1_113_TX_3_validation,378,993.0,681.9651021212339,1.8041404818022062,91.44232192069104,0.6867725096890573
source_b_v1_14_m5_stratified_volume_zero_100_chronos_only,m5_stratified_volume_zero_100_20260714,M5,14,lightgbm_cov,HOUSEHOLD_1_201_CA_3_validation,378,493.0,519.7478474937379,1.3749943055389893,147.1775965863238,1.0542552687499755
source_b_v1_14_m5_stratified_volume_zero_100_chronos_only,m5_stratified_volume_zero_100_20260714,M5,14,lightgbm_cov,HOUSEHOLD_1_224_TX_3_validation,378,76.0,152.50423031672835,0.4034503447532496,185.57578188292092,2.006634609430636
source_b_v1_14_m5_stratified_volume_zero_100_chronos_only,m5_stratified_volume_zero_100_20260714,M5,14,lightgbm_cov,HOUSEHOLD_1_270_TX_2_validation,378,324.0,309.60923659801483,0.8190720544921027,129.32474431396693,0.9555840635741198
source_b_v1_14_m5_stratified_volume_zero_100_chronos_only,m5_stratified_volume_zero_100_20260714,M5,14,lightgbm_cov,HOUSEHOLD_1_346_WI_2_validation,378,322.0,298.28594003617764,0.7891162434819514,121.68899894300749,0.9263538510440299
source_b_v1_14_m5_stratified_volume_zero_100_chronos_only,m5_stratified_volume_zero_100_20260714,M5,14,lightgbm_cov,HOUSEHOLD_1_441_TX_2_validation,378,1096.0,855.6596411933715,2.263649844426909,156.62900493134464,0.7807113514538061
source_b_v1_14_m5_stratified_volume_zero_100_chronos_only,m5_stratified_volume_zero_100_20260714,M5,14,lightgbm_cov,HOUSEHOLD_1_441_TX_3_validation,378,2360.0,1157.6873433759029,3.0626649295658805,125.03238536701087,0.49054548448131474
source_b_v1_14_m5_stratified_volume_zero_100_chronos_only,m5_stratified_volume_zero_100_20260714,M5,14,lightgbm_cov,HOUSEHOLD_1_460_WI_1_validation,378,237.0,280.2225750675425,0.7413295636707473,141.75508308825994,1.1823737344622045
source_b_v1_14_m5_stratified_volume_zero_100_chronos_only,m5_stratified_volume_zero_100_20260714,M5,14,lightgbm_cov,HOUSEHOLD_2_023_TX_3_validation,378,123.0,239.46950367186219,0.6335172054811169,166.31084720835403,1.9469065339175788
source_b_v1_14_m5_stratified_volume_zero_100_chronos_only,m5_stratified_volume_zero_100_20260714,M5,14,lightgbm_cov,HOUSEHOLD_2_041_CA_1_validation,378,147.0,202.99361427873373,0.5370201435945336,169.02349504399405,1.380908940671658
source_b_v1_14_m5_stratified_volume_zero_100_chronos_only,m5_stratified_volume_zero_100_20260714,M5,14,lightgbm_cov,HOUSEHOLD_2_107_TX_2_validation,378,36.0,82.51091017760336,0.21828283115768085,195.18814903997526,2.291969727155649
source_b_v1_14_m5_stratified_volume_zero_100_chronos_only,m5_stratified_volume_zero_100_20260714,M5,14,lightgbm_cov,HOUSEHOLD_2_133_WI_3_validation,378,61.0,128.73432693630457,0.34056700247699623,188.70358551164807,2.110398802234501
source_b_v1_14_m5_stratified_volume_zero_100_chronos_only,m5_stratified_volume_zero_100_20260714,M5,14,lightgbm_cov,HOUSEHOLD_2_148_WI_1_validation,378,69.0,146.28832031041384,0.3870061383873382,185.37495328989567,2.1201205842088964
source_b_v1_14_m5_stratified_volume_zero_100_chronos_only,m5_stratified_volume_zero_100_20260714,M5,14,lightgbm_cov,HOUSEHOLD_2_158_CA_1_validation,378,68.0,127.76663905382156,0.33800698162386655,190.6710395537606,1.8789211625561995
source_b_v1_14_m5_stratified_volume_zero_100_chronos_only,m5_stratified_volume_zero_100_20260714,M5,14,lightgbm_cov,HOUSEHOLD_2_192_CA_2_validation,378,88.0,159.03771904530004,0.4207347064690477,180.24163893018408,1.807246807332955
source_b_v1_14_m5_stratified_volume_zero_100_chronos_only,m5_stratified_volume_zero_100_20260714,M5,14,lightgbm_cov,HOUSEHOLD_2_202_CA_2_validation,378,48.0,116.80360447242856,0.3090042446360544,192.97307112138077,2.433408426508928
source_b_v1_14_m5_stratified_volume_zero_100_chronos_only,m5_stratified_volume_zero_100_20260714,M5,14,lightgbm_cov,HOUSEHOLD_2_223_CA_3_validation,378,100.0,165.40509574860334,0.43757961838254855,180.20334143446212,1.6540509574860334
source_b_v1_14_m5_stratified_volume_zero_100_chronos_only,m5_stratified_volume_zero_100_20260714,M5,14,lightgbm_cov,HOUSEHOLD_2_235_TX_1_validation,378,52.0,107.29734431952238,0.2838554082527047,192.19367020912958,2.0634104676831226
source_b_v1_14_m5_stratified_volume_zero_100_chronos_only,m5_stratified_volume_zero_100_20260714,M5,14,lightgbm_cov,HOUSEHOLD_2_246_CA_3_validation,378,113.0,187.08076000213623,0.4949226455082969,176.52609145198653,1.6555819469215596
source_b_v1_14_m5_stratified_volume_zero_100_chronos_only,m5_stratified_volume_zero_100_20260714,M5,14,lightgbm_cov,HOUSEHOLD_2_265_WI_3_validation,378,122.0,185.28167685121298,0.49016316627305023,172.5539376177331,1.5187022692722376
source_b_v1_14_m5_stratified_volume_zero_100_chronos_only,m5_stratified_volume_zero_100_20260714,M5,14,lightgbm_cov,HOUSEHOLD_2_422_CA_2_validation,378,87.0,155.36617134884,0.41102161732497355,186.54660575109193,1.7858180614809196
source_b_v1_14_m5_stratified_volume_zero_100_chronos_only,m5_stratified_volume_zero_100_20260714,M5,14,lightgbm_cov,HOUSEHOLD_2_474_CA_3_validation,378,29.0,122.36488985829055,0.3237166398367475,193.91306552009385,4.219478960630709
source_b_v1_14_m5_stratified_volume_zero_100_chronos_only,m5_stratified_volume_zero_100_20260714,M5,14,lightgbm_cov,HOUSEHOLD_2_480_WI_2_validation,378,54.0,143.93550891056657,0.38078176960467347,187.35934124787252,2.665472387232714
source_b_v1_14_m5_stratified_volume_zero_100_chronos_only,m5_stratified_volume_zero_100_20260714,M5,14,lightgbm_direct,FOODS_1_026_WI_2_validation,378,234.0,255.10409036651254,0.6748785459431549,146.84361755703796,1.0901884203697116
source_b_v1_14_m5_stratified_volume_zero_100_chronos_only,m5_stratified_volume_zero_100_20260714,M5,14,lightgbm_direct,FOODS_1_063_CA_2_validation,378,23.0,56.095194657333195,0.14839998586596084,195.91094041011672,2.4389215068405736
source_b_v1_14_m5_stratified_volume_zero_100_chronos_only,m5_stratified_volume_zero_100_20260714,M5,14,lightgbm_direct,FOODS_1_080_WI_2_validation,378,190.0,238.19707652181387,0.6301509960894547,157.6449360684777,1.2536688237990203
source_b_v1_14_m5_stratified_volume_zero_100_chronos_only,m5_stratified_volume_zero_100_20260714,M5,14,lightgbm_direct,FOODS_1_118_CA_3_validation,378,463.0,493.96419167518616,1.3067835758602808,121.61602336129485,1.0668773038340953
source_b_v1_14_m5_stratified_volume_zero_100_chronos_only,m5_stratified_volume_zero_100_20260714,M5,14,lightgbm_direct,FOODS_1_129_WI_2_validation,378,1401.0,920.4326756000519,2.4350070783070157,81.04978516336433,0.6569826378301584
source_b_v1_14_m5_stratified_volume_zero_100_chronos_only,m5_stratified_volume_zero_100_20260714,M5,14,lightgbm_direct,FOODS_1_171_TX_1_validation,378,168.0,231.62015273422003,0.6127517268101059,166.9982994696549,1.3786913853227383
source_b_v1_14_m5_stratified_volume_zero_100_chronos_only,m5_stratified_volume_zero_100_20260714,M5,14,lightgbm_direct,FOODS_1_178_WI_3_validation,378,149.0,212.94019729457796,0.5633338552766612,170.23192697167332,1.4291288409032077
source_b_v1_14_m5_stratified_volume_zero_100_chronos_only,m5_stratified_volume_zero_100_20260714,M5,14,lightgbm_direct,FOODS_2_001_WI_1_validation,378,389.0,296.1334406612441,0.783421800691122,143.0178275702448,0.7612684849903447
source_b_v1_14_m5_stratified_volume_zero_100_chronos_only,m5_stratified_volume_zero_100_20260714,M5,14,lightgbm_direct,FOODS_2_015_WI_2_validation,378,164.0,222.76943055540323,0.5893371178714372,165.22417718702607,1.3583501863134344
source_b_v1_14_m5_stratified_volume_zero_100_chronos_only,m5_stratified_volume_zero_100_20260714,M5,14,lightgbm_direct,FOODS_2_016_CA_2_validation,378,915.0,704.2318125952952,1.8630471232679766,114.2385738007847,0.7696522542025084
source_b_v1_14_m5_stratified_volume_zero_100_chronos_only,m5_stratified_volume_zero_100_20260714,M5,14,lightgbm_direct,FOODS_2_027_CA_4_validation,378,83.0,197.4106555469334,0.5222504114998239,192.25533759237624,2.378441633095583
source_b_v1_14_m5_stratified_volume_zero_100_chronos_only,m5_stratified_volume_zero_100_20260714,M5,14,lightgbm_direct,FOODS_2_044_WI_1_validation,378,805.0,555.9394936133176,1.470739401093433,99.4313822809889,0.6906080666003945
source_b_v1_14_m5_stratified_volume_zero_100_chronos_only,m5_stratified_volume_zero_100_20260714,M5,14,lightgbm_direct,FOODS_2_075_CA_2_validation,378,909.0,598.7537092854254,1.5840045219191148,117.98918091742543,0.6586949497089388
source_b_v1_14_m5_stratified_volume_zero_100_chronos_only,m5_stratified_volume_zero_100_20260714,M5,14,lightgbm_direct,FOODS_2_130_TX_2_validation,378,402.0,400.68529703468084,1.0600140133192615,123.91337218292723,0.996729594613634
source_b_v1_14_m5_stratified_volume_zero_100_chronos_only,m5_stratified_volume_zero_100_20260714,M5,14,lightgbm_direct,FOODS_2_137_CA_4_validation,378,185.0,294.15420559979975,0.7781857290999994,175.0812126002098,1.5900227329718906
source_b_v1_14_m5_stratified_volume_zero_100_chronos_only,m5_stratified_volume_zero_100_20260714,M5,14,lightgbm_direct,FOODS_2_140_WI_2_validation,378,568.0,587.2939012479037,1.5536875694388987,167.30293964686877,1.0339681359998305
source_b_v1_14_m5_stratified_volume_zero_100_chronos_only,m5_stratified_volume_zero_100_20260714,M5,14,lightgbm_direct,FOODS_2_215_TX_2_validation,378,352.0,386.13396456930786,1.0215184247865288,150.55237738494526,1.0969714902537155
source_b_v1_14_m5_stratified_volume_zero_100_chronos_only,m5_stratified_volume_zero_100_20260714,M5,14,lightgbm_direct,FOODS_2_233_WI_2_validation,378,2595.0,1544.466548398137,4.085890339677611,132.34626845135097,0.5951701535252937
source_b_v1_14_m5_stratified_volume_zero_100_chronos_only,m5_stratified_volume_zero_100_20260714,M5,14,lightgbm_direct,FOODS_2_258_CA_4_validation,378,176.0,289.65783055871725,0.7662905570336436,167.53528327782033,1.6457831281745299
source_b_v1_14_m5_stratified_volume_zero_100_chronos_only,m5_stratified_volume_zero_100_20260714,M5,14,lightgbm_direct,FOODS_2_261_TX_1_validation,378,73.0,139.27147390693426,0.36844305266384725,186.371864307076,1.907828409684031
source_b_v1_14_m5_stratified_volume_zero_100_chronos_only,m5_stratified_volume_zero_100_20260714,M5,14,lightgbm_direct,FOODS_2_299_WI_2_validation,378,1143.0,694.7351886769757,1.8379237795687187,131.0272067646862,0.6078173129282377
source_b_v1_14_m5_stratified_volume_zero_100_chronos_only,m5_stratified_volume_zero_100_20260714,M5,14,lightgbm_direct,FOODS_2_316_TX_3_validation,378,301.0,270.00434585660696,0.714297211260865,159.83185170557311,0.8970244048392257
source_b_v1_14_m5_stratified_volume_zero_100_chronos_only,m5_stratified_volume_zero_100_20260714,M5,14,lightgbm_direct,FOODS_2_347_WI_2_validation,378,2351.0,1442.9326897626743,3.817282248049403,133.1723480827008,0.6137527391589427
source_b_v1_14_m5_stratified_volume_zero_100_chronos_only,m5_stratified_volume_zero_100_20260714,M5,14,lightgbm_direct,FOODS_2_357_WI_2_validation,378,2378.0,1644.2306488296017,4.349816531295243,143.3064813549797,0.6914342509796475
source_b_v1_14_m5_stratified_volume_zero_100_chronos_only,m5_stratified_volume_zero_100_20260714,M5,14,lightgbm_direct,FOODS_3_009_TX_1_validation,378,240.0,310.0352351050824,0.8201990346695301,160.07614294290047,1.29181347960451
source_b_v1_14_m5_stratified_volume_zero_100_chronos_only,m5_stratified_volume_zero_100_20260714,M5,14,lightgbm_direct,FOODS_3_024_WI_2_validation,378,1369.0,1058.3226455012336,2.799795358468872,134.30124009057684,0.7730625606290968
source_b_v1_14_m5_stratified_volume_zero_100_chronos_only,m5_stratified_volume_zero_100_20260714,M5,14,lightgbm_direct,FOODS_3_039_WI_1_validation,378,623.0,883.2084993440658,2.3365304215451475,166.07954941209485,1.4176701434094154
source_b_v1_14_m5_stratified_volume_zero_100_chronos_only,m5_stratified_volume_zero_100_20260714,M5,14,lightgbm_direct,FOODS_3_073_TX_3_validation,378,349.0,390.38750816322863,1.032771185617007,179.6310394298586,1.1185888486052395
source_b_v1_14_m5_stratified_volume_zero_100_chronos_only,m5_stratified_volume_zero_100_20260714,M5,14,lightgbm_direct,FOODS_3_073_WI_3_validation,378,90.0,332.74924216326326,0.8802890004319134,193.88259099420026,3.697213801814036
source_b_v1_14_m5_stratified_volume_zero_100_chronos_only,m5_stratified_volume_zero_100_20260714,M5,14,lightgbm_direct,FOODS_3_077_CA_3_validation,378,1849.0,1164.3025718517601,3.0801655339993657,95.76349905505543,0.6296931161988968
source_b_v1_14_m5_stratified_volume_zero_100_chronos_only,m5_stratified_volume_zero_100_20260714,M5,14,lightgbm_direct,FOODS_3_091_CA_1_validation,378,455.0,334.7595531716943,0.8856072835230008,104.00550557776313,0.7357352816960314
source_b_v1_14_m5_stratified_volume_zero_100_chronos_only,m5_stratified_volume_zero_100_20260714,M5,14,lightgbm_direct,FOODS_3_100_WI_1_validation,378,717.0,543.6587656587362,1.4382507028008895,93.59048750919698,0.7582409562883351
source_b_v1_14_m5_stratified_volume_zero_100_chronos_only,m5_stratified_volume_zero_100_20260714,M5,14,lightgbm_direct,FOODS_3_230_WI_1_validation,378,467.0,358.69642162323,0.9489323323365872,98.8569071393641,0.7680865559383939
source_b_v1_14_m5_stratified_volume_zero_100_chronos_only,m5_stratified_volume_zero_100_20260714,M5,14,lightgbm_direct,FOODS_3_233_WI_1_validation,378,922.0,619.6716815698892,1.6393430729362148,120.52676641494877,0.6720950993165826
source_b_v1_14_m5_stratified_volume_zero_100_chronos_only,m5_stratified_volume_zero_100_20260714,M5,14,lightgbm_direct,FOODS_3_233_WI_2_validation,378,2529.0,1334.4553720783442,3.530305217138477,113.71941318600489,0.5276612780064627
source_b_v1_14_m5_stratified_volume_zero_100_chronos_only,m5_stratified_volume_zero_100_20260714,M5,14,lightgbm_direct,FOODS_3_236_CA_1_validation,378,578.0,442.5709306653589,1.1708225678977748,129.05907063936155,0.7656936516701711
source_b_v1_14_m5_stratified_volume_zero_100_chronos_only,m5_stratified_volume_zero_100_20260714,M5,14,lightgbm_direct,FOODS_3_266_CA_1_validation,378,53.0,142.81314952950925,0.3778125648928816,188.5545784731343,2.6945877269718728
source_b_v1_14_m5_stratified_volume_zero_100_chronos_only,m5_stratified_volume_zero_100_20260714,M5,14,lightgbm_direct,FOODS_3_320_CA_3_validation,378,903.0,703.1114578843117,1.8600832219161685,93.24235385133565,0.7786394882439774
source_b_v1_14_m5_stratified_volume_zero_100_chronos_only,m5_stratified_volume_zero_100_20260714,M5,14,lightgbm_direct,FOODS_3_339_WI_2_validation,378,807.0,627.5720081534237,1.6602434078132902,105.05374521026664,0.7776604809831767
source_b_v1_14_m5_stratified_volume_zero_100_chronos_only,m5_stratified_volume_zero_100_20260714,M5,14,lightgbm_direct,FOODS_3_345_CA_2_validation,378,7.0,81.8079880233854,0.21642324873911484,199.20134344344243,11.686855431912202
source_b_v1_14_m5_stratified_volume_zero_100_chronos_only,m5_stratified_volume_zero_100_20260714,M5,14,lightgbm_direct,FOODS_3_424_CA_4_validation,378,277.0,283.7762722745538,0.750730879033211,133.23210600891977,1.0244630768034433
source_b_v1_14_m5_stratified_volume_zero_100_chronos_only,m5_stratified_volume_zero_100_20260714,M5,14,lightgbm_direct,FOODS_3_444_TX_2_validation,378,2089.0,1364.2786110937595,3.6092026748512156,169.7318270353614,0.6530773628979222
source_b_v1_14_m5_stratified_volume_zero_100_chronos_only,m5_stratified_volume_zero_100_20260714,M5,14,lightgbm_direct,FOODS_3_457_CA_2_validation,378,153.0,250.07420829311013,0.6615719796114025,171.43229368687904,1.6344719496281708
source_b_v1_14_m5_stratified_volume_zero_100_chronos_only,m5_stratified_volume_zero_100_20260714,M5,14,lightgbm_direct,FOODS_3_521_WI_2_validation,378,121.0,188.26819970086217,0.49806402037265124,182.30309486716322,1.5559355347178692
source_b_v1_14_m5_stratified_volume_zero_100_chronos_only,m5_stratified_volume_zero_100_20260714,M5,14,lightgbm_direct,FOODS_3_528_TX_3_validation,378,174.0,231.89476186037064,0.6134782059798165,165.84501432350356,1.3327285164389118
source_b_v1_14_m5_stratified_volume_zero_100_chronos_only,m5_stratified_volume_zero_100_20260714,M5,14,lightgbm_direct,FOODS_3_538_CA_3_validation,378,12.0,194.83860358782113,0.515446041237622,196.82897361095965,16.236550298985094
source_b_v1_14_m5_stratified_volume_zero_100_chronos_only,m5_stratified_volume_zero_100_20260714,M5,14,lightgbm_direct,FOODS_3_567_CA_3_validation,378,205.0,279.32706531882286,0.7389604902614362,155.06738839806658,1.3625710503357213
source_b_v1_14_m5_stratified_volume_zero_100_chronos_only,m5_stratified_volume_zero_100_20260714,M5,14,lightgbm_direct,FOODS_3_583_WI_1_validation,378,173.0,335.9955853782594,0.8888772099953953,155.65112838335432,1.9421710137471644
source_b_v1_14_m5_stratified_volume_zero_100_chronos_only,m5_stratified_volume_zero_100_20260714,M5,14,lightgbm_direct,FOODS_3_606_CA_4_validation,378,356.0,311.0253287553787,0.8228183300406845,112.84045469015834,0.8736666538072436
source_b_v1_14_m5_stratified_volume_zero_100_chronos_only,m5_stratified_volume_zero_100_20260714,M5,14,lightgbm_direct,FOODS_3_698_CA_1_validation,378,476.0,485.35953494906425,1.2840199337276832,119.13428638813153,1.0196628885484542
source_b_v1_14_m5_stratified_volume_zero_100_chronos_only,m5_stratified_volume_zero_100_20260714,M5,14,lightgbm_direct,FOODS_3_703_CA_1_validation,378,383.0,356.7230221480131,0.9437116988042675,139.5809702891484,0.9313917027363267
source_b_v1_14_m5_stratified_volume_zero_100_chronos_only,m5_stratified_volume_zero_100_20260714,M5,14,lightgbm_direct,FOODS_3_760_CA_3_validation,378,3780.0,2021.1548563092947,5.346970519336758,75.09863929559043,0.5346970519336759
source_b_v1_14_m5_stratified_volume_zero_100_chronos_only,m5_stratified_volume_zero_100_20260714,M5,14,lightgbm_direct,FOODS_3_780_WI_1_validation,378,1714.0,1091.2004685625434,2.8867737263559348,92.05088252169263,0.6366397132803637
source_b_v1_14_m5_stratified_volume_zero_100_chronos_only,m5_stratified_volume_zero_100_20260714,M5,14,lightgbm_direct,FOODS_3_827_CA_3_validation,378,1792.0,1318.2166679389775,3.487345682378247,105.4140576922386,0.7356119798766615
source_b_v1_14_m5_stratified_volume_zero_100_chronos_only,m5_stratified_volume_zero_100_20260714,M5,14,lightgbm_direct,HOBBIES_1_010_CA_1_validation,378,228.0,255.8222139775753,0.6767783438560193,141.08627127210693,1.122027254287611
source_b_v1_14_m5_stratified_volume_zero_100_chronos_only,m5_stratified_volume_zero_100_20260714,M5,14,lightgbm_direct,HOBBIES_1_014_TX_2_validation,378,2183.0,1239.360219836235,3.2787307403075,64.65902125334475,0.5677325789446793
source_b_v1_14_m5_stratified_volume_zero_100_chronos_only,m5_stratified_volume_zero_100_20260714,M5,14,lightgbm_direct,HOBBIES_1_047_WI_1_validation,378,321.0,347.02151449769735,0.918046334649993,137.51145026981928,1.081063908092515
source_b_v1_14_m5_stratified_volume_zero_100_chronos_only,m5_stratified_volume_zero_100_20260714,M5,14,lightgbm_direct,HOBBIES_1_058_WI_3_validation,378,88.0,140.50965204834938,0.3717186562125645,185.49470425072545,1.5967005914585157
source_b_v1_14_m5_stratified_volume_zero_100_chronos_only,m5_stratified_volume_zero_100_20260714,M5,14,lightgbm_direct,HOBBIES_1_090_CA_1_validation,378,1429.0,1507.727150067687,3.9886961642002303,137.1675855794212,1.0550924773041896
source_b_v1_14_m5_stratified_volume_zero_100_chronos_only,m5_stratified_volume_zero_100_20260714,M5,14,lightgbm_direct,HOBBIES_1_090_TX_1_validation,378,274.0,448.5803820732981,1.1867205874954976,182.2672654869868,1.637154679099628
source_b_v1_14_m5_stratified_volume_zero_100_chronos_only,m5_stratified_volume_zero_100_20260714,M5,14,lightgbm_direct,HOBBIES_1_121_TX_1_validation,378,262.0,443.2039095722139,1.1724971152704071,182.21802888527347,1.6916179754664653
source_b_v1_14_m5_stratified_volume_zero_100_chronos_only,m5_stratified_volume_zero_100_20260714,M5,14,lightgbm_direct,HOBBIES_1_128_WI_1_validation,378,109.0,158.4790006764233,0.4192566155460934,183.36438495514028,1.4539357860222322
source_b_v1_14_m5_stratified_volume_zero_100_chronos_only,m5_stratified_volume_zero_100_20260714,M5,14,lightgbm_direct,HOBBIES_1_156_WI_1_validation,378,233.0,329.7932481840253,0.8724689105397494,163.76669113903412,1.4154216660258596
source_b_v1_14_m5_stratified_volume_zero_100_chronos_only,m5_stratified_volume_zero_100_20260714,M5,14,lightgbm_direct,HOBBIES_1_197_TX_3_validation,378,21.0,52.31528640538454,0.13840022858567338,198.31715427085803,2.491204114542121
source_b_v1_14_m5_stratified_volume_zero_100_chronos_only,m5_stratified_volume_zero_100_20260714,M5,14,lightgbm_direct,HOBBIES_1_197_WI_1_validation,378,98.0,144.1079651080072,0.38123800293123594,186.37348403679505,1.4704894398776245
source_b_v1_14_m5_stratified_volume_zero_100_chronos_only,m5_stratified_volume_zero_100_20260714,M5,14,lightgbm_direct,HOBBIES_1_234_CA_2_validation,378,980.0,1218.088210004993,3.222455582023791,177.4593886900775,1.2429471530663194
source_b_v1_14_m5_stratified_volume_zero_100_chronos_only,m5_stratified_volume_zero_100_20260714,M5,14,lightgbm_direct,HOBBIES_1_320_CA_1_validation,378,338.0,312.6916220150888,0.8272265132674307,121.14480459352515,0.9251231420564757
source_b_v1_14_m5_stratified_volume_zero_100_chronos_only,m5_stratified_volume_zero_100_20260714,M5,14,lightgbm_direct,HOBBIES_1_327_TX_3_validation,378,171.0,215.22047327458858,0.5693663314142555,159.3404986308794,1.2585992589157227
source_b_v1_14_m5_stratified_volume_zero_100_chronos_only,m5_stratified_volume_zero_100_20260714,M5,14,lightgbm_direct,HOBBIES_1_341_WI_1_validation,378,1982.0,1279.1237947046757,3.3839253828166025,82.6537532213012,0.6453702294170917
source_b_v1_14_m5_stratified_volume_zero_100_chronos_only,m5_stratified_volume_zero_100_20260714,M5,14,lightgbm_direct,HOBBIES_1_352_CA_3_validation,378,576.0,390.3148101866245,1.032578862927578,89.67146676987751,0.6776298787962232
source_b_v1_14_m5_stratified_volume_zero_100_chronos_only,m5_stratified_volume_zero_100_20260714,M5,14,lightgbm_direct,HOBBIES_1_354_TX_3_validation,378,8664.0,3015.653609275818,7.977919601258778,40.37359967572345,0.3480671294177998
source_b_v1_14_m5_stratified_volume_zero_100_chronos_only,m5_stratified_volume_zero_100_20260714,M5,14,lightgbm_direct,HOBBIES_2_058_TX_3_validation,378,125.0,194.30001094192266,0.5140211929680494,167.68028777166668,1.5544000875353814
source_b_v1_14_m5_stratified_volume_zero_100_chronos_only,m5_stratified_volume_zero_100_20260714,M5,14,lightgbm_direct,HOBBIES_2_076_WI_2_validation,378,85.0,202.89874967001379,0.5367691790212005,183.43575153553687,2.387044113764868
source_b_v1_14_m5_stratified_volume_zero_100_chronos_only,m5_stratified_volume_zero_100_20260714,M5,14,lightgbm_direct,HOBBIES_2_115_WI_3_validation,378,160.0,244.93078109622002,0.6479650293550794,172.37981396919022,1.530817381851375
source_b_v1_14_m5_stratified_volume_zero_100_chronos_only,m5_stratified_volume_zero_100_20260714,M5,14,lightgbm_direct,HOUSEHOLD_1_008_TX_3_validation,378,130.0,185.82605461776257,0.49160331909460997,171.0394892125727,1.4294311893674043
source_b_v1_14_m5_stratified_volume_zero_100_chronos_only,m5_stratified_volume_zero_100_20260714,M5,14,lightgbm_direct,HOUSEHOLD_1_035_CA_2_validation,378,72.0,72.36315840249881,0.1914369269907376,188.38975422568274,1.0050438667013724
source_b_v1_14_m5_stratified_volume_zero_100_chronos_only,m5_stratified_volume_zero_100_20260714,M5,14,lightgbm_direct,HOUSEHOLD_1_109_CA_4_validation,378,324.0,281.55178355425596,0.7448459882387723,116.6841987013574,0.8689869862785677
source_b_v1_14_m5_stratified_volume_zero_100_chronos_only,m5_stratified_volume_zero_100_20260714,M5,14,lightgbm_direct,HOUSEHOLD_1_113_TX_3_validation,378,993.0,676.9985780119896,1.7910015291322476,92.26164240474726,0.6817709748358405
source_b_v1_14_m5_stratified_volume_zero_100_chronos_only,m5_stratified_volume_zero_100_20260714,M5,14,lightgbm_direct,HOUSEHOLD_1_201_CA_3_validation,378,493.0,516.1116032674909,1.3653746118187589,148.92203599407108,1.0468795198123546
source_b_v1_14_m5_stratified_volume_zero_100_chronos_only,m5_stratified_volume_zero_100_20260714,M5,14,lightgbm_direct,HOUSEHOLD_1_224_TX_3_validation,378,76.0,130.56479058414698,0.3454094988998597,186.8316305648019,1.7179577708440392
source_b_v1_14_m5_stratified_volume_zero_100_chronos_only,m5_stratified_volume_zero_100_20260714,M5,14,lightgbm_direct,HOUSEHOLD_1_270_TX_2_validation,378,324.0,310.2018831670284,0.8206399025582762,129.40712570698534,0.9574132196513223
source_b_v1_14_m5_stratified_volume_zero_100_chronos_only,m5_stratified_volume_zero_100_20260714,M5,14,lightgbm_direct,HOUSEHOLD_1_346_WI_2_validation,378,322.0,300.9574876278639,0.7961838297033436,122.86411537336835,0.9346505826952295
source_b_v1_14_m5_stratified_volume_zero_100_chronos_only,m5_stratified_volume_zero_100_20260714,M5,14,lightgbm_direct,HOUSEHOLD_1_441_TX_2_validation,378,1096.0,792.8327335669819,2.0974410940925448,158.59127266954516,0.7233875306268083
source_b_v1_14_m5_stratified_volume_zero_100_chronos_only,m5_stratified_volume_zero_100_20260714,M5,14,lightgbm_direct,HOUSEHOLD_1_441_TX_3_validation,378,2360.0,1270.3655963271085,3.3607555458389116,129.81686536146634,0.5382905069182663
source_b_v1_14_m5_stratified_volume_zero_100_chronos_only,m5_stratified_volume_zero_100_20260714,M5,14,lightgbm_direct,HOUSEHOLD_1_460_WI_1_validation,378,237.0,236.82707877550274,0.6265266634272559,144.1742288324672,0.9992703745801803
source_b_v1_14_m5_stratified_volume_zero_100_chronos_only,m5_stratified_volume_zero_100_20260714,M5,14,lightgbm_direct,HOUSEHOLD_2_023_TX_3_validation,378,123.0,194.1085781538859,0.5135147570208621,173.49365756819896,1.578118521576308
source_b_v1_14_m5_stratified_volume_zero_100_chronos_only,m5_stratified_volume_zero_100_20260714,M5,14,lightgbm_direct,HOUSEHOLD_2_041_CA_1_validation,378,147.0,203.11635525524616,0.5373448551726089,169.76727800731354,1.3817439133009943
source_b_v1_14_m5_stratified_volume_zero_100_chronos_only,m5_stratified_volume_zero_100_20260714,M5,14,lightgbm_direct,HOUSEHOLD_2_107_TX_2_validation,378,36.0,69.1651382013224,0.18297655608815452,196.50739633538478,1.9212538389256224
source_b_v1_14_m5_stratified_volume_zero_100_chronos_only,m5_stratified_volume_zero_100_20260714,M5,14,lightgbm_direct,HOUSEHOLD_2_133_WI_3_validation,378,61.0,119.51122109219432,0.31616725156665165,189.086179626578,1.9592003457736773
source_b_v1_14_m5_stratified_volume_zero_100_chronos_only,m5_stratified_volume_zero_100_20260714,M5,14,lightgbm_direct,HOUSEHOLD_2_148_WI_1_validation,378,69.0,154.35813312977552,0.4083548495496707,185.89830532826136,2.2370743931851527
source_b_v1_14_m5_stratified_volume_zero_100_chronos_only,m5_stratified_volume_zero_100_20260714,M5,14,lightgbm_direct,HOUSEHOLD_2_158_CA_1_validation,378,68.0,108.32216730993241,0.28656658018500636,190.73666101816164,1.5929730486754767
source_b_v1_14_m5_stratified_volume_zero_100_chronos_only,m5_stratified_volume_zero_100_20260714,M5,14,lightgbm_direct,HOUSEHOLD_2_192_CA_2_validation,378,88.0,131.58637436525896,0.34811210149539407,189.0000489729343,1.4952997086961246
source_b_v1_14_m5_stratified_volume_zero_100_chronos_only,m5_stratified_volume_zero_100_20260714,M5,14,lightgbm_direct,HOUSEHOLD_2_202_CA_2_validation,378,48.0,98.62227769754827,0.2609054965543605,193.76531070353118,2.054630785365589
source_b_v1_14_m5_stratified_volume_zero_100_chronos_only,m5_stratified_volume_zero_100_20260714,M5,14,lightgbm_direct,HOUSEHOLD_2_223_CA_3_validation,378,100.0,160.18713189661503,0.42377548120797626,179.2869583068505,1.6018713189661502
source_b_v1_14_m5_stratified_volume_zero_100_chronos_only,m5_stratified_volume_zero_100_20260714,M5,14,lightgbm_direct,HOUSEHOLD_2_235_TX_1_validation,378,52.0,98.59513264894485,0.26083368425646786,193.42188830374278,1.8960602432489395
source_b_v1_14_m5_stratified_volume_zero_100_chronos_only,m5_stratified_volume_zero_100_20260714,M5,14,lightgbm_direct,HOUSEHOLD_2_246_CA_3_validation,378,113.0,179.67422525584698,0.47532863824298144,177.59015182513414,1.5900373916446635
source_b_v1_14_m5_stratified_volume_zero_100_chronos_only,m5_stratified_volume_zero_100_20260714,M5,14,lightgbm_direct,HOUSEHOLD_2_265_WI_3_validation,378,122.0,177.98302011564374,0.4708545505704861,173.96743876534418,1.4588772140626536
source_b_v1_14_m5_stratified_volume_zero_100_chronos_only,m5_stratified_volume_zero_100_20260714,M5,14,lightgbm_direct,HOUSEHOLD_2_422_CA_2_validation,378,87.0,149.09874052926898,0.3944411125112936,187.61981161385899,1.7137786267732067
source_b_v1_14_m5_stratified_volume_zero_100_chronos_only,m5_stratified_volume_zero_100_20260714,M5,14,lightgbm_direct,HOUSEHOLD_2_474_CA_3_validation,378,29.0,96.17397776432335,0.25442851260403004,195.04174447878063,3.3163440608387362
source_b_v1_14_m5_stratified_volume_zero_100_chronos_only,m5_stratified_volume_zero_100_20260714,M5,14,lightgbm_direct,HOUSEHOLD_2_480_WI_2_validation,378,54.0,127.17685427051038,0.3364467044193396,188.64467387007505,2.3551269309353775
source_b_v1_14_m5_stratified_volume_zero_100_chronos_only,m5_stratified_volume_zero_100_20260714,M5,14,lightgbm_direct_scaled,FOODS_1_026_WI_2_validation,378,234.0,256.56746957823634,0.6787499195191438,147.64459291596637,1.0964421776847706
source_b_v1_14_m5_stratified_volume_zero_100_chronos_only,m5_stratified_volume_zero_100_20260714,M5,14,lightgbm_direct_scaled,FOODS_1_063_CA_2_validation,378,23.0,56.13509468920529,0.1485055415058341,195.9977173049261,2.4406562908350127
source_b_v1_14_m5_stratified_volume_zero_100_chronos_only,m5_stratified_volume_zero_100_20260714,M5,14,lightgbm_direct_scaled,FOODS_1_080_WI_2_validation,378,190.0,238.25758934766054,0.6303110829303189,157.72058456311163,1.253987312356108
source_b_v1_14_m5_stratified_volume_zero_100_chronos_only,m5_stratified_volume_zero_100_20260714,M5,14,lightgbm_direct_scaled,FOODS_1_118_CA_3_validation,378,463.0,482.96577747166157,1.2776872419885226,122.80956803849328,1.0431226295284266
source_b_v1_14_m5_stratified_volume_zero_100_chronos_only,m5_stratified_volume_zero_100_20260714,M5,14,lightgbm_direct_scaled,FOODS_1_129_WI_2_validation,378,1401.0,932.3683933615685,2.4665830512210807,84.14232512514121,0.6655020652116834
source_b_v1_14_m5_stratified_volume_zero_100_chronos_only,m5_stratified_volume_zero_100_20260714,M5,14,lightgbm_direct_scaled,FOODS_1_171_TX_1_validation,378,168.0,230.36773127689958,0.6094384425314804,168.1026155529654,1.3712364956958307
source_b_v1_14_m5_stratified_volume_zero_100_chronos_only,m5_stratified_volume_zero_100_20260714,M5,14,lightgbm_direct_scaled,FOODS_1_178_WI_3_validation,378,149.0,214.92328721936792,0.5685801249189627,169.2493453906438,1.4424381692575028
source_b_v1_14_m5_stratified_volume_zero_100_chronos_only,m5_stratified_volume_zero_100_20260714,M5,14,lightgbm_direct_scaled,FOODS_2_001_WI_1_validation,378,389.0,302.9834415053483,0.801543496045895,143.2956263453178,0.778877741658993
source_b_v1_14_m5_stratified_volume_zero_100_chronos_only,m5_stratified_volume_zero_100_20260714,M5,14,lightgbm_direct_scaled,FOODS_2_015_WI_2_validation,378,164.0,226.3151643127203,0.5987173659066675,166.70243520026517,1.3799705141019531
source_b_v1_14_m5_stratified_volume_zero_100_chronos_only,m5_stratified_volume_zero_100_20260714,M5,14,lightgbm_direct_scaled,FOODS_2_016_CA_2_validation,378,915.0,709.0943037916213,1.8759108565915907,116.43304334015771,0.7749664522312801
source_b_v1_14_m5_stratified_volume_zero_100_chronos_only,m5_stratified_volume_zero_100_20260714,M5,14,lightgbm_direct_scaled,FOODS_2_027_CA_4_validation,378,83.0,198.80723975319415,0.5259450787121538,191.9610957146054,2.3952679488336646
source_b_v1_14_m5_stratified_volume_zero_100_chronos_only,m5_stratified_volume_zero_100_20260714,M5,14,lightgbm_direct_scaled,FOODS_2_044_WI_1_validation,378,805.0,559.406317810528,1.4799108936786454,100.25792071758246,0.6949146805099726
source_b_v1_14_m5_stratified_volume_zero_100_chronos_only,m5_stratified_volume_zero_100_20260714,M5,14,lightgbm_direct_scaled,FOODS_2_075_CA_2_validation,378,909.0,605.9425836105138,1.6030227079643222,119.90610952316747,0.6666035023217973
source_b_v1_14_m5_stratified_volume_zero_100_chronos_only,m5_stratified_volume_zero_100_20260714,M5,14,lightgbm_direct_scaled,FOODS_2_130_TX_2_validation,378,402.0,397.7180435657501,1.0521641364173284,125.83489808409152,0.9893483670789804
source_b_v1_14_m5_stratified_volume_zero_100_chronos_only,m5_stratified_volume_zero_100_20260714,M5,14,lightgbm_direct_scaled,FOODS_2_137_CA_4_validation,378,185.0,292.8685157923028,0.7747844333129703,176.2671184971125,1.5830730583367718
source_b_v1_14_m5_stratified_volume_zero_100_chronos_only,m5_stratified_volume_zero_100_20260714,M5,14,lightgbm_direct_scaled,FOODS_2_140_WI_2_validation,378,568.0,568.27170604188,1.503364301698095,167.87046872376476,1.0004783557075352
source_b_v1_14_m5_stratified_volume_zero_100_chronos_only,m5_stratified_volume_zero_100_20260714,M5,14,lightgbm_direct_scaled,FOODS_2_215_TX_2_validation,378,352.0,377.2529904861003,0.9980237843547627,155.08360320430864,1.0717414502446032
source_b_v1_14_m5_stratified_volume_zero_100_chronos_only,m5_stratified_volume_zero_100_20260714,M5,14,lightgbm_direct_scaled,FOODS_2_233_WI_2_validation,378,2595.0,1711.0770181255648,4.52665877810996,139.9630908099924,0.6593745734587918
source_b_v1_14_m5_stratified_volume_zero_100_chronos_only,m5_stratified_volume_zero_100_20260714,M5,14,lightgbm_direct_scaled,FOODS_2_258_CA_4_validation,378,176.0,298.5098839448765,0.7897086876848585,167.59810455945032,1.6960788860504346
source_b_v1_14_m5_stratified_volume_zero_100_chronos_only,m5_stratified_volume_zero_100_20260714,M5,14,lightgbm_direct_scaled,FOODS_2_261_TX_1_validation,378,73.0,138.44918836280704,0.3662676940815001,186.6986037744117,1.8965642241480416
source_b_v1_14_m5_stratified_volume_zero_100_chronos_only,m5_stratified_volume_zero_100_20260714,M5,14,lightgbm_direct_scaled,FOODS_2_299_WI_2_validation,378,1143.0,717.3886847810354,1.8978536634418925,134.39642894506602,0.6276366446028306
source_b_v1_14_m5_stratified_volume_zero_100_chronos_only,m5_stratified_volume_zero_100_20260714,M5,14,lightgbm_direct_scaled,FOODS_2_316_TX_3_validation,378,301.0,271.4770824252628,0.7181933397493724,160.50408400249177,0.901917217359677
source_b_v1_14_m5_stratified_volume_zero_100_chronos_only,m5_stratified_volume_zero_100_20260714,M5,14,lightgbm_direct_scaled,FOODS_2_347_WI_2_validation,378,2351.0,1487.011758779874,3.9338935417456984,135.82360663849903,0.6325018114759141
source_b_v1_14_m5_stratified_volume_zero_100_chronos_only,m5_stratified_volume_zero_100_20260714,M5,14,lightgbm_direct_scaled,FOODS_2_357_WI_2_validation,378,2378.0,1773.6658251599874,4.6922376326983795,150.46650205789547,0.7458645185702218
source_b_v1_14_m5_stratified_volume_zero_100_chronos_only,m5_stratified_volume_zero_100_20260714,M5,14,lightgbm_direct_scaled,FOODS_3_009_TX_1_validation,378,240.0,304.72988850669935,0.8061637262081993,161.43260943582652,1.269707868777914
source_b_v1_14_m5_stratified_volume_zero_100_chronos_only,m5_stratified_volume_zero_100_20260714,M5,14,lightgbm_direct_scaled,FOODS_3_024_WI_2_validation,378,1369.0,1064.3628023704514,2.8157746094456386,136.02507629724985,0.7774746547629302
source_b_v1_14_m5_stratified_volume_zero_100_chronos_only,m5_stratified_volume_zero_100_20260714,M5,14,lightgbm_direct_scaled,FOODS_3_039_WI_1_validation,378,623.0,929.737629708834,2.4596233590180794,166.2786278012118,1.4923557459210819
source_b_v1_14_m5_stratified_volume_zero_100_chronos_only,m5_stratified_volume_zero_100_20260714,M5,14,lightgbm_direct_scaled,FOODS_3_073_TX_3_validation,378,349.0,392.23824696149677,1.0376673200039597,179.96767267188747,1.1238918251045753
source_b_v1_14_m5_stratified_volume_zero_100_chronos_only,m5_stratified_volume_zero_100_20260714,M5,14,lightgbm_direct_scaled,FOODS_3_073_WI_3_validation,378,90.0,344.45341175515205,0.9112524120506668,194.2267264631272,3.8272601306128005
source_b_v1_14_m5_stratified_volume_zero_100_chronos_only,m5_stratified_volume_zero_100_20260714,M5,14,lightgbm_direct_scaled,FOODS_3_077_CA_3_validation,378,1849.0,1170.9574674740434,3.09777107797366,97.77495994982205,0.6332923025819597
source_b_v1_14_m5_stratified_volume_zero_100_chronos_only,m5_stratified_volume_zero_100_20260714,M5,14,lightgbm_direct_scaled,FOODS_3_091_CA_1_validation,378,455.0,334.64271914213896,0.8852981987887274,104.67152346566051,0.7354785036090966
source_b_v1_14_m5_stratified_volume_zero_100_chronos_only,m5_stratified_volume_zero_100_20260714,M5,14,lightgbm_direct_scaled,FOODS_3_100_WI_1_validation,378,717.0,554.4500653445721,1.46679911466818,94.55527737834242,0.773291583465233
source_b_v1_14_m5_stratified_volume_zero_100_chronos_only,m5_stratified_volume_zero_100_20260714,M5,14,lightgbm_direct_scaled,FOODS_3_230_WI_1_validation,378,467.0,361.34892830997705,0.95594954579359,99.02371044168926,0.7737664417772528
source_b_v1_14_m5_stratified_volume_zero_100_chronos_only,m5_stratified_volume_zero_100_20260714,M5,14,lightgbm_direct_scaled,FOODS_3_233_WI_1_validation,378,922.0,627.636454408057,1.6604139005504155,123.0062350569868,0.6807336815705608
source_b_v1_14_m5_stratified_volume_zero_100_chronos_only,m5_stratified_volume_zero_100_20260714,M5,14,lightgbm_direct_scaled,FOODS_3_233_WI_2_validation,378,2529.0,1404.7305075731128,3.716218274002944,117.80659989714093,0.5554489946908315
source_b_v1_14_m5_stratified_volume_zero_100_chronos_only,m5_stratified_volume_zero_100_20260714,M5,14,lightgbm_direct_scaled,FOODS_3_236_CA_1_validation,378,578.0,441.78491393011063,1.1687431585452663,130.0548434631964,0.7643337611247589
source_b_v1_14_m5_stratified_volume_zero_100_chronos_only,m5_stratified_volume_zero_100_20260714,M5,14,lightgbm_direct_scaled,FOODS_3_266_CA_1_validation,378,53.0,142.37438012612984,0.37665179927547576,188.59406872825642,2.6863090589835816
source_b_v1_14_m5_stratified_volume_zero_100_chronos_only,m5_stratified_volume_zero_100_20260714,M5,14,lightgbm_direct_scaled,FOODS_3_320_CA_3_validation,378,903.0,707.6182247027755,1.872005885457078,93.87133381591562,0.7836303706564512
source_b_v1_14_m5_stratified_volume_zero_100_chronos_only,m5_stratified_volume_zero_100_20260714,M5,14,lightgbm_direct_scaled,FOODS_3_339_WI_2_validation,378,807.0,626.6654840838164,1.6578451959889322,105.91076357126303,0.7765371549985334
source_b_v1_14_m5_stratified_volume_zero_100_chronos_only,m5_stratified_volume_zero_100_20260714,M5,14,lightgbm_direct_scaled,FOODS_3_345_CA_2_validation,378,7.0,72.24261050438508,0.19111801720736796,199.23212571806224,10.32037292919787
source_b_v1_14_m5_stratified_volume_zero_100_chronos_only,m5_stratified_volume_zero_100_20260714,M5,14,lightgbm_direct_scaled,FOODS_3_424_CA_4_validation,378,277.0,286.30126629397273,0.7574107573914622,135.0489805738285,1.0335785786786018
source_b_v1_14_m5_stratified_volume_zero_100_chronos_only,m5_stratified_volume_zero_100_20260714,M5,14,lightgbm_direct_scaled,FOODS_3_444_TX_2_validation,378,2089.0,1369.9085547504947,3.6240967056891393,170.34276198025736,0.6557724053377189
source_b_v1_14_m5_stratified_volume_zero_100_chronos_only,m5_stratified_volume_zero_100_20260714,M5,14,lightgbm_direct_scaled,FOODS_3_457_CA_2_validation,378,153.0,248.1803373056464,0.6565617389038264,172.55379157180582,1.6220937078800417
source_b_v1_14_m5_stratified_volume_zero_100_chronos_only,m5_stratified_volume_zero_100_20260714,M5,14,lightgbm_direct_scaled,FOODS_3_521_WI_2_validation,378,121.0,175.67836302146316,0.4647575741308549,185.46338078501284,1.4518872976980426
source_b_v1_14_m5_stratified_volume_zero_100_chronos_only,m5_stratified_volume_zero_100_20260714,M5,14,lightgbm_direct_scaled,FOODS_3_528_TX_3_validation,378,174.0,230.9087002798915,0.6108695774600303,166.29365927721602,1.3270614958614453
source_b_v1_14_m5_stratified_volume_zero_100_chronos_only,m5_stratified_volume_zero_100_20260714,M5,14,lightgbm_direct_scaled,FOODS_3_538_CA_3_validation,378,12.0,227.50491617014632,0.6018648575929797,196.82982075695153,18.95874301417886
source_b_v1_14_m5_stratified_volume_zero_100_chronos_only,m5_stratified_volume_zero_100_20260714,M5,14,lightgbm_direct_scaled,FOODS_3_567_CA_3_validation,378,205.0,268.6311563439667,0.7106644347723987,158.8405416718057,1.3103958846047157
source_b_v1_14_m5_stratified_volume_zero_100_chronos_only,m5_stratified_volume_zero_100_20260714,M5,14,lightgbm_direct_scaled,FOODS_3_583_WI_1_validation,378,173.0,366.75005292892456,0.9702382352617052,155.93455469533126,2.119942502479333
source_b_v1_14_m5_stratified_volume_zero_100_chronos_only,m5_stratified_volume_zero_100_20260714,M5,14,lightgbm_direct_scaled,FOODS_3_606_CA_4_validation,378,356.0,313.74848160520196,0.8300224381089999,113.67689264943262,0.8813159595651741
source_b_v1_14_m5_stratified_volume_zero_100_chronos_only,m5_stratified_volume_zero_100_20260714,M5,14,lightgbm_direct_scaled,FOODS_3_698_CA_1_validation,378,476.0,481.75717993080616,1.2744898939968416,120.97989240899238,1.0120949158210213
source_b_v1_14_m5_stratified_volume_zero_100_chronos_only,m5_stratified_volume_zero_100_20260714,M5,14,lightgbm_direct_scaled,FOODS_3_703_CA_1_validation,378,383.0,368.35169812478125,0.9744753918645007,139.75738077392984,0.9617537810046508
source_b_v1_14_m5_stratified_volume_zero_100_chronos_only,m5_stratified_volume_zero_100_20260714,M5,14,lightgbm_direct_scaled,FOODS_3_760_CA_3_validation,378,3780.0,2106.6985407322645,5.573276562783769,79.8840537632908,0.5573276562783769
source_b_v1_14_m5_stratified_volume_zero_100_chronos_only,m5_stratified_volume_zero_100_20260714,M5,14,lightgbm_direct_scaled,FOODS_3_780_WI_1_validation,378,1714.0,1169.4433044753969,3.093765355755018,102.29251633468337,0.6822889757732771
source_b_v1_14_m5_stratified_volume_zero_100_chronos_only,m5_stratified_volume_zero_100_20260714,M5,14,lightgbm_direct_scaled,FOODS_3_827_CA_3_validation,378,1792.0,1357.58130317647,3.591484929038281,109.16508846402088,0.7575788522190123
source_b_v1_14_m5_stratified_volume_zero_100_chronos_only,m5_stratified_volume_zero_100_20260714,M5,14,lightgbm_direct_scaled,HOBBIES_1_010_CA_1_validation,378,228.0,255.0258216559887,0.674671485862404,141.9485419692872,1.1185343055087222
source_b_v1_14_m5_stratified_volume_zero_100_chronos_only,m5_stratified_volume_zero_100_20260714,M5,14,lightgbm_direct_scaled,HOBBIES_1_014_TX_2_validation,378,2183.0,1262.1935108006,3.3391362719592594,66.43411529597533,0.5781921716906093
source_b_v1_14_m5_stratified_volume_zero_100_chronos_only,m5_stratified_volume_zero_100_20260714,M5,14,lightgbm_direct_scaled,HOBBIES_1_047_WI_1_validation,378,321.0,347.77528712525964,0.9200404421303165,139.28728430511356,1.0834121094244848
source_b_v1_14_m5_stratified_volume_zero_100_chronos_only,m5_stratified_volume_zero_100_20260714,M5,14,lightgbm_direct_scaled,HOBBIES_1_058_WI_3_validation,378,88.0,138.64446139149368,0.3667842893954859,186.3638246664477,1.5755052430851555
source_b_v1_14_m5_stratified_volume_zero_100_chronos_only,m5_stratified_volume_zero_100_20260714,M5,14,lightgbm_direct_scaled,HOBBIES_1_090_CA_1_validation,378,1429.0,1493.8988795503974,3.952113437964014,139.098387405383,1.0454155910079759
source_b_v1_14_m5_stratified_volume_zero_100_chronos_only,m5_stratified_volume_zero_100_20260714,M5,14,lightgbm_direct_scaled,HOBBIES_1_090_TX_1_validation,378,274.0,431.2993076178245,1.141003459306414,183.2829340056013,1.5740850642986297
source_b_v1_14_m5_stratified_volume_zero_100_chronos_only,m5_stratified_volume_zero_100_20260714,M5,14,lightgbm_direct_scaled,HOBBIES_1_121_TX_1_validation,378,262.0,427.9318579863757,1.1320948623978193,183.2673664201761,1.6333277022380752
source_b_v1_14_m5_stratified_volume_zero_100_chronos_only,m5_stratified_volume_zero_100_20260714,M5,14,lightgbm_direct_scaled,HOBBIES_1_128_WI_1_validation,378,109.0,152.82407444529235,0.4042964932415142,185.12211988987463,1.4020557288558932
source_b_v1_14_m5_stratified_volume_zero_100_chronos_only,m5_stratified_volume_zero_100_20260714,M5,14,lightgbm_direct_scaled,HOBBIES_1_156_WI_1_validation,378,233.0,327.0480377487838,0.8652064490708566,165.62168672143008,1.4036396469904886
source_b_v1_14_m5_stratified_volume_zero_100_chronos_only,m5_stratified_volume_zero_100_20260714,M5,14,lightgbm_direct_scaled,HOBBIES_1_197_TX_3_validation,378,21.0,52.03361499868333,0.1376550661340829,198.50677055830013,2.477791190413492
source_b_v1_14_m5_stratified_volume_zero_100_chronos_only,m5_stratified_volume_zero_100_20260714,M5,14,lightgbm_direct_scaled,HOBBIES_1_197_WI_1_validation,378,98.0,143.19873834215105,0.3788326411168017,186.60637344292638,1.4612116157362351
source_b_v1_14_m5_stratified_volume_zero_100_chronos_only,m5_stratified_volume_zero_100_20260714,M5,14,lightgbm_direct_scaled,HOBBIES_1_234_CA_2_validation,378,980.0,1154.6033492689894,3.0545062149973266,186.50325012864118,1.1781666829275401
source_b_v1_14_m5_stratified_volume_zero_100_chronos_only,m5_stratified_volume_zero_100_20260714,M5,14,lightgbm_direct_scaled,HOBBIES_1_320_CA_1_validation,378,338.0,315.4042999073863,0.8344029098079002,121.294041623265,0.9331488162940423
source_b_v1_14_m5_stratified_volume_zero_100_chronos_only,m5_stratified_volume_zero_100_20260714,M5,14,lightgbm_direct_scaled,HOBBIES_1_327_TX_3_validation,378,171.0,217.2229983098805,0.5746640166928055,158.33343446634103,1.2703099316367281
source_b_v1_14_m5_stratified_volume_zero_100_chronos_only,m5_stratified_volume_zero_100_20260714,M5,14,lightgbm_direct_scaled,HOBBIES_1_341_WI_1_validation,378,1982.0,1291.2036574445665,3.415882691652292,85.22406456880381,0.6514650138469054
source_b_v1_14_m5_stratified_volume_zero_100_chronos_only,m5_stratified_volume_zero_100_20260714,M5,14,lightgbm_direct_scaled,HOBBIES_1_352_CA_3_validation,378,576.0,391.59380378574133,1.0359624438776225,92.33745422961442,0.6798503537946898
source_b_v1_14_m5_stratified_volume_zero_100_chronos_only,m5_stratified_volume_zero_100_20260714,M5,14,lightgbm_direct_scaled,HOBBIES_1_354_TX_3_validation,378,8664.0,3319.7367889881134,8.78237245764051,46.76732345772618,0.3831644493291913
source_b_v1_14_m5_stratified_volume_zero_100_chronos_only,m5_stratified_volume_zero_100_20260714,M5,14,lightgbm_direct_scaled,HOBBIES_2_058_TX_3_validation,378,125.0,184.95294281234965,0.4892934995035705,168.57608865872834,1.4796235424987971
source_b_v1_14_m5_stratified_volume_zero_100_chronos_only,m5_stratified_volume_zero_100_20260714,M5,14,lightgbm_direct_scaled,HOBBIES_2_076_WI_2_validation,378,85.0,201.0652037030086,0.5319185283148375,183.6535221803971,2.3654729847412774
source_b_v1_14_m5_stratified_volume_zero_100_chronos_only,m5_stratified_volume_zero_100_20260714,M5,14,lightgbm_direct_scaled,HOBBIES_2_115_WI_3_validation,378,160.0,240.10974887013435,0.6352109758469163,173.49452049739526,1.5006859304383398
source_b_v1_14_m5_stratified_volume_zero_100_chronos_only,m5_stratified_volume_zero_100_20260714,M5,14,lightgbm_direct_scaled,HOUSEHOLD_1_008_TX_3_validation,378,130.0,185.44616007059813,0.4905983070650744,171.5562494722875,1.4265089236199855
source_b_v1_14_m5_stratified_volume_zero_100_chronos_only,m5_stratified_volume_zero_100_20260714,M5,14,lightgbm_direct_scaled,HOUSEHOLD_1_035_CA_2_validation,378,72.0,71.25081831752323,0.18849422835323604,190.1365020140828,0.9895946988544893
source_b_v1_14_m5_stratified_volume_zero_100_chronos_only,m5_stratified_volume_zero_100_20260714,M5,14,lightgbm_direct_scaled,HOUSEHOLD_1_109_CA_4_validation,378,324.0,281.01839827746153,0.7434349160779405,119.67302953178756,0.8673407354242639
source_b_v1_14_m5_stratified_volume_zero_100_chronos_only,m5_stratified_volume_zero_100_20260714,M5,14,lightgbm_direct_scaled,HOUSEHOLD_1_113_TX_3_validation,378,993.0,670.9440929591656,1.7749843729078454,92.76058421230961,0.6756738096265514
source_b_v1_14_m5_stratified_volume_zero_100_chronos_only,m5_stratified_volume_zero_100_20260714,M5,14,lightgbm_direct_scaled,HOUSEHOLD_1_201_CA_3_validation,378,493.0,509.4757951544598,1.3478195639006871,155.21735686362862,1.033419462787951
source_b_v1_14_m5_stratified_volume_zero_100_chronos_only,m5_stratified_volume_zero_100_20260714,M5,14,lightgbm_direct_scaled,HOUSEHOLD_1_224_TX_3_validation,378,76.0,127.13918529637158,0.3363470510486021,187.45232471167984,1.6728840170575208
source_b_v1_14_m5_stratified_volume_zero_100_chronos_only,m5_stratified_volume_zero_100_20260714,M5,14,lightgbm_direct_scaled,HOUSEHOLD_1_270_TX_2_validation,378,324.0,309.01442300900817,0.8174984735688047,130.98131139025,0.9537482191636054
source_b_v1_14_m5_stratified_volume_zero_100_chronos_only,m5_stratified_volume_zero_100_20260714,M5,14,lightgbm_direct_scaled,HOUSEHOLD_1_346_WI_2_validation,378,322.0,299.78095515444875,0.793071309932404,124.27569971695544,0.9309967551380396
source_b_v1_14_m5_stratified_volume_zero_100_chronos_only,m5_stratified_volume_zero_100_20260714,M5,14,lightgbm_direct_scaled,HOUSEHOLD_1_441_TX_2_validation,378,1096.0,800.149821617013,2.1167984698862776,160.1492773379763,0.7300637058549388
source_b_v1_14_m5_stratified_volume_zero_100_chronos_only,m5_stratified_volume_zero_100_20260714,M5,14,lightgbm_direct_scaled,HOUSEHOLD_1_441_TX_3_validation,378,2360.0,1326.6320340822695,3.5096085557731995,132.69381966373638,0.5621322178314702
source_b_v1_14_m5_stratified_volume_zero_100_chronos_only,m5_stratified_volume_zero_100_20260714,M5,14,lightgbm_direct_scaled,HOUSEHOLD_1_460_WI_1_validation,378,237.0,235.39338050689548,0.6227338108648028,144.90432287135474,0.9932210147970274
source_b_v1_14_m5_stratified_volume_zero_100_chronos_only,m5_stratified_volume_zero_100_20260714,M5,14,lightgbm_direct_scaled,HOUSEHOLD_2_023_TX_3_validation,378,123.0,194.79250770411454,0.5153240944553295,173.414743681387,1.5836789244236955
source_b_v1_14_m5_stratified_volume_zero_100_chronos_only,m5_stratified_volume_zero_100_20260714,M5,14,lightgbm_direct_scaled,HOUSEHOLD_2_041_CA_1_validation,378,147.0,202.9997500963509,0.5370363759162723,170.9142173984406,1.3809506809275571
source_b_v1_14_m5_stratified_volume_zero_100_chronos_only,m5_stratified_volume_zero_100_20260714,M5,14,lightgbm_direct_scaled,HOUSEHOLD_2_107_TX_2_validation,378,36.0,63.043732987716794,0.16678236240136718,197.00308899973925,1.7512148052143555
source_b_v1_14_m5_stratified_volume_zero_100_chronos_only,m5_stratified_volume_zero_100_20260714,M5,14,lightgbm_direct_scaled,HOUSEHOLD_2_133_WI_3_validation,378,61.0,116.98229690641165,0.309476975942888,189.63843099198795,1.9177425722362564
source_b_v1_14_m5_stratified_volume_zero_100_chronos_only,m5_stratified_volume_zero_100_20260714,M5,14,lightgbm_direct_scaled,HOUSEHOLD_2_148_WI_1_validation,378,69.0,150.61099630221725,0.3984417891593049,186.08215095698725,2.1827680623509744
source_b_v1_14_m5_stratified_volume_zero_100_chronos_only,m5_stratified_volume_zero_100_20260714,M5,14,lightgbm_direct_scaled,HOUSEHOLD_2_158_CA_1_validation,378,68.0,104.94258071295917,0.2776258749020084,191.3874374797351,1.5432732457788114
source_b_v1_14_m5_stratified_volume_zero_100_chronos_only,m5_stratified_volume_zero_100_20260714,M5,14,lightgbm_direct_scaled,HOUSEHOLD_2_192_CA_2_validation,378,88.0,124.7372981137596,0.3299928521528032,190.08541863018007,1.4174692967472682
source_b_v1_14_m5_stratified_volume_zero_100_chronos_only,m5_stratified_volume_zero_100_20260714,M5,14,lightgbm_direct_scaled,HOUSEHOLD_2_202_CA_2_validation,378,48.0,92.65626315679401,0.24512238930368785,194.0970773090105,1.930338815766542
source_b_v1_14_m5_stratified_volume_zero_100_chronos_only,m5_stratified_volume_zero_100_20260714,M5,14,lightgbm_direct_scaled,HOUSEHOLD_2_223_CA_3_validation,378,100.0,161.25402724090964,0.4265979556637821,179.42336838565848,1.6125402724090963
source_b_v1_14_m5_stratified_volume_zero_100_chronos_only,m5_stratified_volume_zero_100_20260714,M5,14,lightgbm_direct_scaled,HOUSEHOLD_2_235_TX_1_validation,378,52.0,91.89456020109355,0.24310730211929513,194.19365898635883,1.7672030807902606
source_b_v1_14_m5_stratified_volume_zero_100_chronos_only,m5_stratified_volume_zero_100_20260714,M5,14,lightgbm_direct_scaled,HOUSEHOLD_2_246_CA_3_validation,378,113.0,178.43458541482687,0.4720491677640922,178.06732688650476,1.5790671275648396
source_b_v1_14_m5_stratified_volume_zero_100_chronos_only,m5_stratified_volume_zero_100_20260714,M5,14,lightgbm_direct_scaled,HOUSEHOLD_2_265_WI_3_validation,378,122.0,177.59929357469082,0.46983940099124555,175.00207182119723,1.455731914546646
source_b_v1_14_m5_stratified_volume_zero_100_chronos_only,m5_stratified_volume_zero_100_20260714,M5,14,lightgbm_direct_scaled,HOUSEHOLD_2_422_CA_2_validation,378,87.0,146.38616366311908,0.38726498323576475,188.08441647420057,1.682599582334702
source_b_v1_14_m5_stratified_volume_zero_100_chronos_only,m5_stratified_volume_zero_100_20260714,M5,14,lightgbm_direct_scaled,HOUSEHOLD_2_474_CA_3_validation,378,29.0,101.37247494608164,0.2681811506510096,194.87857551020593,3.4956025843476426
source_b_v1_14_m5_stratified_volume_zero_100_chronos_only,m5_stratified_volume_zero_100_20260714,M5,14,lightgbm_direct_scaled,HOUSEHOLD_2_480_WI_2_validation,378,54.0,128.421783933416,0.3397401691360212,188.57500611187,2.3781811839521483
source_b_v1_14_m5_stratified_volume_zero_100_chronos_only,m5_stratified_volume_zero_100_20260714,M5,14,lightgbm_tuned_cov,FOODS_1_026_WI_2_validation,378,234.0,270.1000747419894,0.7145504622803952,148.46117008922158,1.1542738236837153
source_b_v1_14_m5_stratified_volume_zero_100_chronos_only,m5_stratified_volume_zero_100_20260714,M5,14,lightgbm_tuned_cov,FOODS_1_063_CA_2_validation,378,23.0,195.64696234744042,0.5175845564747101,197.0905180016968,8.506389667280018
source_b_v1_14_m5_stratified_volume_zero_100_chronos_only,m5_stratified_volume_zero_100_20260714,M5,14,lightgbm_tuned_cov,FOODS_1_080_WI_2_validation,378,190.0,238.75156581401825,0.6316178989788842,160.07523329860086,1.256587188494833
source_b_v1_14_m5_stratified_volume_zero_100_chronos_only,m5_stratified_volume_zero_100_20260714,M5,14,lightgbm_tuned_cov,FOODS_1_118_CA_3_validation,378,463.0,573.2238519415259,1.5164652167765236,124.01830805303642,1.238064475035693
source_b_v1_14_m5_stratified_volume_zero_100_chronos_only,m5_stratified_volume_zero_100_20260714,M5,14,lightgbm_tuned_cov,FOODS_1_129_WI_2_validation,378,1401.0,925.6142408847809,2.448714922975611,83.830924753588,0.6606811141218992
source_b_v1_14_m5_stratified_volume_zero_100_chronos_only,m5_stratified_volume_zero_100_20260714,M5,14,lightgbm_tuned_cov,FOODS_1_171_TX_1_validation,378,168.0,220.62759801000357,0.5836708942063586,171.8055464778784,1.313259511964307
source_b_v1_14_m5_stratified_volume_zero_100_chronos_only,m5_stratified_volume_zero_100_20260714,M5,14,lightgbm_tuned_cov,FOODS_1_178_WI_3_validation,378,149.0,232.24327205400914,0.6144001906190718,165.3015633592611,1.5586796782148264
source_b_v1_14_m5_stratified_volume_zero_100_chronos_only,m5_stratified_volume_zero_100_20260714,M5,14,lightgbm_tuned_cov,FOODS_2_001_WI_1_validation,378,389.0,334.69581053138245,0.8854386521994244,141.27521418860027,0.8604005412117801
source_b_v1_14_m5_stratified_volume_zero_100_chronos_only,m5_stratified_volume_zero_100_20260714,M5,14,lightgbm_tuned_cov,FOODS_2_015_WI_2_validation,378,164.0,320.6388098783791,0.8482508197840717,170.784011798542,1.9551146943803603
source_b_v1_14_m5_stratified_volume_zero_100_chronos_only,m5_stratified_volume_zero_100_20260714,M5,14,lightgbm_tuned_cov,FOODS_2_016_CA_2_validation,378,915.0,695.8090230488378,1.8407646112403118,114.66033062956467,0.7604470197255059
source_b_v1_14_m5_stratified_volume_zero_100_chronos_only,m5_stratified_volume_zero_100_20260714,M5,14,lightgbm_tuned_cov,FOODS_2_027_CA_4_validation,378,83.0,172.55903115868568,0.45650537343567643,193.0680847274483,2.079024471791394
source_b_v1_14_m5_stratified_volume_zero_100_chronos_only,m5_stratified_volume_zero_100_20260714,M5,14,lightgbm_tuned_cov,FOODS_2_044_WI_1_validation,378,805.0,584.1924892775714,1.5454827758665912,99.86962706492432,0.7257049556243124
source_b_v1_14_m5_stratified_volume_zero_100_chronos_only,m5_stratified_volume_zero_100_20260714,M5,14,lightgbm_tuned_cov,FOODS_2_075_CA_2_validation,378,909.0,616.2427225896317,1.6302717528826236,121.03907612746197,0.6779347883274277
source_b_v1_14_m5_stratified_volume_zero_100_chronos_only,m5_stratified_volume_zero_100_20260714,M5,14,lightgbm_tuned_cov,FOODS_2_130_TX_2_validation,378,402.0,374.5848456323147,0.9909652000854886,128.4529962479772,0.9318030985878475
source_b_v1_14_m5_stratified_volume_zero_100_chronos_only,m5_stratified_volume_zero_100_20260714,M5,14,lightgbm_tuned_cov,FOODS_2_137_CA_4_validation,378,185.0,310.13077006675303,0.8204517726633678,178.01198736797141,1.6763825409013677
source_b_v1_14_m5_stratified_volume_zero_100_chronos_only,m5_stratified_volume_zero_100_20260714,M5,14,lightgbm_tuned_cov,FOODS_2_140_WI_2_validation,378,568.0,650.7359347948804,1.7215236370234932,167.29843076478062,1.1456618570332402
source_b_v1_14_m5_stratified_volume_zero_100_chronos_only,m5_stratified_volume_zero_100_20260714,M5,14,lightgbm_tuned_cov,FOODS_2_215_TX_2_validation,378,352.0,396.54281908168923,1.049055076935686,155.3192416283247,1.12654209966389
source_b_v1_14_m5_stratified_volume_zero_100_chronos_only,m5_stratified_volume_zero_100_20260714,M5,14,lightgbm_tuned_cov,FOODS_2_233_WI_2_validation,378,2595.0,1737.3503600983531,4.596164973805167,135.2295047875153,0.669499175375088
source_b_v1_14_m5_stratified_volume_zero_100_chronos_only,m5_stratified_volume_zero_100_20260714,M5,14,lightgbm_tuned_cov,FOODS_2_258_CA_4_validation,378,176.0,331.1344778034836,0.876017137046253,165.32873126101558,1.8814458966107024
source_b_v1_14_m5_stratified_volume_zero_100_chronos_only,m5_stratified_volume_zero_100_20260714,M5,14,lightgbm_tuned_cov,FOODS_2_261_TX_1_validation,378,73.0,132.10488649085164,0.3494838266953747,187.5432979735335,1.8096559793267348
source_b_v1_14_m5_stratified_volume_zero_100_chronos_only,m5_stratified_volume_zero_100_20260714,M5,14,lightgbm_tuned_cov,FOODS_2_299_WI_2_validation,378,1143.0,769.3872728999704,2.0354160658729374,135.04879808972035,0.6731297225721526
source_b_v1_14_m5_stratified_volume_zero_100_chronos_only,m5_stratified_volume_zero_100_20260714,M5,14,lightgbm_tuned_cov,FOODS_2_316_TX_3_validation,378,301.0,363.8711041137576,0.9626219685549143,163.05388214519007,1.2088741000457064
source_b_v1_14_m5_stratified_volume_zero_100_chronos_only,m5_stratified_volume_zero_100_20260714,M5,14,lightgbm_tuned_cov,FOODS_2_347_WI_2_validation,378,2351.0,1476.7281480487436,3.9066882223511734,132.88886993628415,0.6281276682470198
source_b_v1_14_m5_stratified_volume_zero_100_chronos_only,m5_stratified_volume_zero_100_20260714,M5,14,lightgbm_tuned_cov,FOODS_2_357_WI_2_validation,378,2378.0,1691.1966415103525,4.474065189180827,144.00808011847693,0.7111844581624696
source_b_v1_14_m5_stratified_volume_zero_100_chronos_only,m5_stratified_volume_zero_100_20260714,M5,14,lightgbm_tuned_cov,FOODS_3_009_TX_1_validation,378,240.0,337.9819568991661,0.894132161108905,162.18102541237292,1.4082581537465255
source_b_v1_14_m5_stratified_volume_zero_100_chronos_only,m5_stratified_volume_zero_100_20260714,M5,14,lightgbm_tuned_cov,FOODS_3_024_WI_2_validation,378,1369.0,1087.6568041238934,2.8773989527087127,131.82859514932363,0.794489995707738
source_b_v1_14_m5_stratified_volume_zero_100_chronos_only,m5_stratified_volume_zero_100_20260714,M5,14,lightgbm_tuned_cov,FOODS_3_039_WI_1_validation,378,623.0,552.3545195339248,1.4612553426823407,165.3428350576093,0.8866043652229932
source_b_v1_14_m5_stratified_volume_zero_100_chronos_only,m5_stratified_volume_zero_100_20260714,M5,14,lightgbm_tuned_cov,FOODS_3_073_TX_3_validation,378,349.0,550.9356822269037,1.4575018048330786,178.9242976841087,1.5786122699911282
source_b_v1_14_m5_stratified_volume_zero_100_chronos_only,m5_stratified_volume_zero_100_20260714,M5,14,lightgbm_tuned_cov,FOODS_3_073_WI_3_validation,378,90.0,330.6528113093227,0.8747428870617003,192.60438808976647,3.673920125659141
source_b_v1_14_m5_stratified_volume_zero_100_chronos_only,m5_stratified_volume_zero_100_20260714,M5,14,lightgbm_tuned_cov,FOODS_3_077_CA_3_validation,378,1849.0,1211.1181770134717,3.204016341305481,99.67089991575516,0.6550125348910069
source_b_v1_14_m5_stratified_volume_zero_100_chronos_only,m5_stratified_volume_zero_100_20260714,M5,14,lightgbm_tuned_cov,FOODS_3_091_CA_1_validation,378,455.0,340.37511203438044,0.9004632593502128,106.48414205317493,0.7480771693063306
source_b_v1_14_m5_stratified_volume_zero_100_chronos_only,m5_stratified_volume_zero_100_20260714,M5,14,lightgbm_tuned_cov,FOODS_3_100_WI_1_validation,378,717.0,565.0832190513611,1.4949291509295266,94.68902132069779,0.7881216444230977
source_b_v1_14_m5_stratified_volume_zero_100_chronos_only,m5_stratified_volume_zero_100_20260714,M5,14,lightgbm_tuned_cov,FOODS_3_230_WI_1_validation,378,467.0,363.6121956408024,0.9619370255047682,101.17550125100014,0.7786128386312685
source_b_v1_14_m5_stratified_volume_zero_100_chronos_only,m5_stratified_volume_zero_100_20260714,M5,14,lightgbm_tuned_cov,FOODS_3_233_WI_1_validation,378,922.0,656.6030218070373,1.7370450312355483,119.76307865554949,0.7121507828709732
source_b_v1_14_m5_stratified_volume_zero_100_chronos_only,m5_stratified_volume_zero_100_20260714,M5,14,lightgbm_tuned_cov,FOODS_3_233_WI_2_validation,378,2529.0,1306.730376421474,3.456958667781677,110.23166268677389,0.5166984485652328
source_b_v1_14_m5_stratified_volume_zero_100_chronos_only,m5_stratified_volume_zero_100_20260714,M5,14,lightgbm_tuned_cov,FOODS_3_236_CA_1_validation,378,578.0,484.94839336629957,1.282932257582803,129.00640084771518,0.8390110611873695
source_b_v1_14_m5_stratified_volume_zero_100_chronos_only,m5_stratified_volume_zero_100_20260714,M5,14,lightgbm_tuned_cov,FOODS_3_266_CA_1_validation,378,53.0,270.7032458335161,0.7161461529987199,186.05761112312388,5.107608411953135
source_b_v1_14_m5_stratified_volume_zero_100_chronos_only,m5_stratified_volume_zero_100_20260714,M5,14,lightgbm_tuned_cov,FOODS_3_320_CA_3_validation,378,903.0,718.5408951640129,1.9009018390582353,95.35070819799809,0.7957263512336799
source_b_v1_14_m5_stratified_volume_zero_100_chronos_only,m5_stratified_volume_zero_100_20260714,M5,14,lightgbm_tuned_cov,FOODS_3_339_WI_2_validation,378,807.0,638.351173275616,1.68875971766036,105.24071855254442,0.791017562918979
source_b_v1_14_m5_stratified_volume_zero_100_chronos_only,m5_stratified_volume_zero_100_20260714,M5,14,lightgbm_tuned_cov,FOODS_3_345_CA_2_validation,378,7.0,108.7476578000933,0.2876922164023632,199.35929076390917,15.535379685727614
source_b_v1_14_m5_stratified_volume_zero_100_chronos_only,m5_stratified_volume_zero_100_20260714,M5,14,lightgbm_tuned_cov,FOODS_3_424_CA_4_validation,378,277.0,288.9858531281352,0.7645128389633207,138.14516891096963,1.043270227899405
source_b_v1_14_m5_stratified_volume_zero_100_chronos_only,m5_stratified_volume_zero_100_20260714,M5,14,lightgbm_tuned_cov,FOODS_3_444_TX_2_validation,378,2089.0,1423.3691694550216,3.765526903320163,169.16125215026912,0.6813638915533852
source_b_v1_14_m5_stratified_volume_zero_100_chronos_only,m5_stratified_volume_zero_100_20260714,M5,14,lightgbm_tuned_cov,FOODS_3_457_CA_2_validation,378,153.0,226.88038915582,0.6002126697243916,176.01676814301808,1.4828783604955555
source_b_v1_14_m5_stratified_volume_zero_100_chronos_only,m5_stratified_volume_zero_100_20260714,M5,14,lightgbm_tuned_cov,FOODS_3_521_WI_2_validation,378,121.0,176.4315692745149,0.46675018326591244,185.53313171242064,1.458112142764586
source_b_v1_14_m5_stratified_volume_zero_100_chronos_only,m5_stratified_volume_zero_100_20260714,M5,14,lightgbm_tuned_cov,FOODS_3_528_TX_3_validation,378,174.0,242.9873135983944,0.6428235809481333,163.38149038237927,1.3964788137838757
source_b_v1_14_m5_stratified_volume_zero_100_chronos_only,m5_stratified_volume_zero_100_20260714,M5,14,lightgbm_tuned_cov,FOODS_3_538_CA_3_validation,378,12.0,334.4796744475607,0.8848668636178854,196.1852929758263,27.87330620396339
source_b_v1_14_m5_stratified_volume_zero_100_chronos_only,m5_stratified_volume_zero_100_20260714,M5,14,lightgbm_tuned_cov,FOODS_3_567_CA_3_validation,378,205.0,288.44214655458927,0.7630744617846277,153.061081836312,1.4070348612418988
source_b_v1_14_m5_stratified_volume_zero_100_chronos_only,m5_stratified_volume_zero_100_20260714,M5,14,lightgbm_tuned_cov,FOODS_3_583_WI_1_validation,378,173.0,428.76541914092377,1.1343000506373644,155.37501416767535,2.4784128274041834
source_b_v1_14_m5_stratified_volume_zero_100_chronos_only,m5_stratified_volume_zero_100_20260714,M5,14,lightgbm_tuned_cov,FOODS_3_606_CA_4_validation,378,356.0,317.8354611545801,0.840834553318995,118.35951555678949,0.8927962391982588
source_b_v1_14_m5_stratified_volume_zero_100_chronos_only,m5_stratified_volume_zero_100_20260714,M5,14,lightgbm_tuned_cov,FOODS_3_698_CA_1_validation,378,476.0,554.0920598953962,1.465852010305281,120.30575016957042,1.1640589493600761
source_b_v1_14_m5_stratified_volume_zero_100_chronos_only,m5_stratified_volume_zero_100_20260714,M5,14,lightgbm_tuned_cov,FOODS_3_703_CA_1_validation,378,383.0,412.83253335533664,1.0921495591411021,139.87625296174448,1.077891731998268
source_b_v1_14_m5_stratified_volume_zero_100_chronos_only,m5_stratified_volume_zero_100_20260714,M5,14,lightgbm_tuned_cov,FOODS_3_760_CA_3_validation,378,3780.0,1882.3376430124044,4.97972921431853,70.28647773287588,0.497972921431853
source_b_v1_14_m5_stratified_volume_zero_100_chronos_only,m5_stratified_volume_zero_100_20260714,M5,14,lightgbm_tuned_cov,FOODS_3_780_WI_1_validation,378,1714.0,981.9546920247376,2.597763735515179,75.60304150862353,0.5729023874123323
source_b_v1_14_m5_stratified_volume_zero_100_chronos_only,m5_stratified_volume_zero_100_20260714,M5,14,lightgbm_tuned_cov,FOODS_3_827_CA_3_validation,378,1792.0,1303.983626484871,3.4496921335578596,102.28691420013864,0.727669434422361
source_b_v1_14_m5_stratified_volume_zero_100_chronos_only,m5_stratified_volume_zero_100_20260714,M5,14,lightgbm_tuned_cov,HOBBIES_1_010_CA_1_validation,378,228.0,272.5483681857586,0.7210274290628534,140.1354611617746,1.195387579762099
source_b_v1_14_m5_stratified_volume_zero_100_chronos_only,m5_stratified_volume_zero_100_20260714,M5,14,lightgbm_tuned_cov,HOBBIES_1_014_TX_2_validation,378,2183.0,1322.8956751227379,3.4997240082612113,68.58392631501677,0.6059989350081255
source_b_v1_14_m5_stratified_volume_zero_100_chronos_only,m5_stratified_volume_zero_100_20260714,M5,14,lightgbm_tuned_cov,HOBBIES_1_047_WI_1_validation,378,321.0,372.43595071323216,0.9852802928921486,140.18864424712646,1.1602366065832777
source_b_v1_14_m5_stratified_volume_zero_100_chronos_only,m5_stratified_volume_zero_100_20260714,M5,14,lightgbm_tuned_cov,HOBBIES_1_058_WI_3_validation,378,88.0,134.18415113165975,0.35498452680333265,187.2529551663304,1.524819899223406
source_b_v1_14_m5_stratified_volume_zero_100_chronos_only,m5_stratified_volume_zero_100_20260714,M5,14,lightgbm_tuned_cov,HOBBIES_1_090_CA_1_validation,378,1429.0,1572.9214604198933,4.161167884708712,139.85766026285467,1.1007148078515698
source_b_v1_14_m5_stratified_volume_zero_100_chronos_only,m5_stratified_volume_zero_100_20260714,M5,14,lightgbm_tuned_cov,HOBBIES_1_090_TX_1_validation,378,274.0,455.77154000569135,1.2057448148298713,180.98779520041995,1.663399781042669
source_b_v1_14_m5_stratified_volume_zero_100_chronos_only,m5_stratified_volume_zero_100_20260714,M5,14,lightgbm_tuned_cov,HOBBIES_1_121_TX_1_validation,378,262.0,472.9109404478222,1.2510871440418576,183.2537649833625,1.8050035894955045
source_b_v1_14_m5_stratified_volume_zero_100_chronos_only,m5_stratified_volume_zero_100_20260714,M5,14,lightgbm_tuned_cov,HOBBIES_1_128_WI_1_validation,378,109.0,145.81274361163378,0.3857479989725761,186.14934625444636,1.3377315927672824
source_b_v1_14_m5_stratified_volume_zero_100_chronos_only,m5_stratified_volume_zero_100_20260714,M5,14,lightgbm_tuned_cov,HOBBIES_1_156_WI_1_validation,378,233.0,330.35719572752714,0.8739608352580083,167.1319871346834,1.4178420417490436
source_b_v1_14_m5_stratified_volume_zero_100_chronos_only,m5_stratified_volume_zero_100_20260714,M5,14,lightgbm_tuned_cov,HOBBIES_1_197_TX_3_validation,378,21.0,73.21361967176199,0.19368682452847089,197.45722677950036,3.486362841512476
source_b_v1_14_m5_stratified_volume_zero_100_chronos_only,m5_stratified_volume_zero_100_20260714,M5,14,lightgbm_tuned_cov,HOBBIES_1_197_WI_1_validation,378,98.0,133.4592571221292,0.3530668177834106,189.93942102769242,1.3618291543074408
source_b_v1_14_m5_stratified_volume_zero_100_chronos_only,m5_stratified_volume_zero_100_20260714,M5,14,lightgbm_tuned_cov,HOBBIES_1_234_CA_2_validation,378,980.0,1100.839883446577,2.9122748239327434,182.5638037701031,1.1233060035169153
source_b_v1_14_m5_stratified_volume_zero_100_chronos_only,m5_stratified_volume_zero_100_20260714,M5,14,lightgbm_tuned_cov,HOBBIES_1_320_CA_1_validation,378,338.0,343.20462756603956,0.9079487501747079,119.15520768151768,1.0153983064084011
source_b_v1_14_m5_stratified_volume_zero_100_chronos_only,m5_stratified_volume_zero_100_20260714,M5,14,lightgbm_tuned_cov,HOBBIES_1_327_TX_3_validation,378,171.0,221.28358831256628,0.5854063182872123,158.69096787761083,1.2940560720033116
source_b_v1_14_m5_stratified_volume_zero_100_chronos_only,m5_stratified_volume_zero_100_20260714,M5,14,lightgbm_tuned_cov,HOBBIES_1_341_WI_1_validation,378,1982.0,1291.485216833651,3.4166275577609815,84.59365195908137,0.6516070720654142
source_b_v1_14_m5_stratified_volume_zero_100_chronos_only,m5_stratified_volume_zero_100_20260714,M5,14,lightgbm_tuned_cov,HOBBIES_1_352_CA_3_validation,378,576.0,414.4745023846626,1.0964933925520175,101.61837818061352,0.7195737888622615
source_b_v1_14_m5_stratified_volume_zero_100_chronos_only,m5_stratified_volume_zero_100_20260714,M5,14,lightgbm_tuned_cov,HOBBIES_1_354_TX_3_validation,378,8664.0,2832.502882003784,7.493393867734879,35.40209113897759,0.3269278488000674
source_b_v1_14_m5_stratified_volume_zero_100_chronos_only,m5_stratified_volume_zero_100_20260714,M5,14,lightgbm_tuned_cov,HOBBIES_2_058_TX_3_validation,378,125.0,214.65958899166435,0.5678825105599586,167.24005349403305,1.7172767119333148
source_b_v1_14_m5_stratified_volume_zero_100_chronos_only,m5_stratified_volume_zero_100_20260714,M5,14,lightgbm_tuned_cov,HOBBIES_2_076_WI_2_validation,378,85.0,188.76706780679524,0.49938377726665406,185.33083048784704,2.2207890330211204
source_b_v1_14_m5_stratified_volume_zero_100_chronos_only,m5_stratified_volume_zero_100_20260714,M5,14,lightgbm_tuned_cov,HOBBIES_2_115_WI_3_validation,378,160.0,213.37418155372143,0.5644819617823318,176.84716513033368,1.3335886347107588
source_b_v1_14_m5_stratified_volume_zero_100_chronos_only,m5_stratified_volume_zero_100_20260714,M5,14,lightgbm_tuned_cov,HOUSEHOLD_1_008_TX_3_validation,378,130.0,177.33119920641184,0.46913015663071916,176.38141269743107,1.3640861477416295
source_b_v1_14_m5_stratified_volume_zero_100_chronos_only,m5_stratified_volume_zero_100_20260714,M5,14,lightgbm_tuned_cov,HOUSEHOLD_1_035_CA_2_validation,378,72.0,121.73875274398597,0.3220601924444073,186.78771563703862,1.6908160103331384
source_b_v1_14_m5_stratified_volume_zero_100_chronos_only,m5_stratified_volume_zero_100_20260714,M5,14,lightgbm_tuned_cov,HOUSEHOLD_1_109_CA_4_validation,378,324.0,289.83126679062843,0.7667493830439905,122.23185237994467,0.8945409468846557
source_b_v1_14_m5_stratified_volume_zero_100_chronos_only,m5_stratified_volume_zero_100_20260714,M5,14,lightgbm_tuned_cov,HOUSEHOLD_1_113_TX_3_validation,378,993.0,690.2361900955439,1.8260216669194282,92.89587293918798,0.6951019034194802
source_b_v1_14_m5_stratified_volume_zero_100_chronos_only,m5_stratified_volume_zero_100_20260714,M5,14,lightgbm_tuned_cov,HOUSEHOLD_1_201_CA_3_validation,378,493.0,514.4879395337775,1.3610792051158136,150.57245047711328,1.0435860842470133
source_b_v1_14_m5_stratified_volume_zero_100_chronos_only,m5_stratified_volume_zero_100_20260714,M5,14,lightgbm_tuned_cov,HOUSEHOLD_1_224_TX_3_validation,378,76.0,150.05198608711362,0.39696292615638523,187.68861018368347,1.9743682379883372
source_b_v1_14_m5_stratified_volume_zero_100_chronos_only,m5_stratified_volume_zero_100_20260714,M5,14,lightgbm_tuned_cov,HOUSEHOLD_1_270_TX_2_validation,378,324.0,314.6602908745408,0.8324346319432296,130.15045875425565,0.9711737372671012
source_b_v1_14_m5_stratified_volume_zero_100_chronos_only,m5_stratified_volume_zero_100_20260714,M5,14,lightgbm_tuned_cov,HOUSEHOLD_1_346_WI_2_validation,378,322.0,298.7075038254261,0.7902314916016564,126.85743745741101,0.9276630553584662
source_b_v1_14_m5_stratified_volume_zero_100_chronos_only,m5_stratified_volume_zero_100_20260714,M5,14,lightgbm_tuned_cov,HOUSEHOLD_1_441_TX_2_validation,378,1096.0,810.8307549074143,2.145054907162472,156.5213992198892,0.739809082944721
source_b_v1_14_m5_stratified_volume_zero_100_chronos_only,m5_stratified_volume_zero_100_20260714,M5,14,lightgbm_tuned_cov,HOUSEHOLD_1_441_TX_3_validation,378,2360.0,1204.747506709382,3.187162716162386,126.66968617422636,0.5104862316565177
source_b_v1_14_m5_stratified_volume_zero_100_chronos_only,m5_stratified_volume_zero_100_20260714,M5,14,lightgbm_tuned_cov,HOUSEHOLD_1_460_WI_1_validation,378,237.0,276.77761198044755,0.7322159047101787,146.16344426185617,1.167838025233956
source_b_v1_14_m5_stratified_volume_zero_100_chronos_only,m5_stratified_volume_zero_100_20260714,M5,14,lightgbm_tuned_cov,HOUSEHOLD_2_023_TX_3_validation,378,123.0,240.44065780797973,0.6360863963174067,167.54582362723914,1.9548020959998351
source_b_v1_14_m5_stratified_volume_zero_100_chronos_only,m5_stratified_volume_zero_100_20260714,M5,14,lightgbm_tuned_cov,HOUSEHOLD_2_041_CA_1_validation,378,147.0,195.6534390449524,0.5176016905951122,172.30682735157663,1.3309757758160026
source_b_v1_14_m5_stratified_volume_zero_100_chronos_only,m5_stratified_volume_zero_100_20260714,M5,14,lightgbm_tuned_cov,HOUSEHOLD_2_107_TX_2_validation,378,36.0,67.64368196390569,0.1789515395870521,196.60034715390654,1.878991165664047
source_b_v1_14_m5_stratified_volume_zero_100_chronos_only,m5_stratified_volume_zero_100_20260714,M5,14,lightgbm_tuned_cov,HOUSEHOLD_2_133_WI_3_validation,378,61.0,114.86285664513707,0.30386999112470126,190.94461226663833,1.8829976499202798
source_b_v1_14_m5_stratified_volume_zero_100_chronos_only,m5_stratified_volume_zero_100_20260714,M5,14,lightgbm_tuned_cov,HOUSEHOLD_2_148_WI_1_validation,378,69.0,136.513697065413,0.3611473467338968,188.29115808319122,1.9784593777596087
source_b_v1_14_m5_stratified_volume_zero_100_chronos_only,m5_stratified_volume_zero_100_20260714,M5,14,lightgbm_tuned_cov,HOUSEHOLD_2_158_CA_1_validation,378,68.0,126.43293302878737,0.33447865880631583,191.4171678069896,1.859307838658638
source_b_v1_14_m5_stratified_volume_zero_100_chronos_only,m5_stratified_volume_zero_100_20260714,M5,14,lightgbm_tuned_cov,HOUSEHOLD_2_192_CA_2_validation,378,88.0,136.2319191871211,0.36040190261143146,185.25577903511444,1.5480899907627397
source_b_v1_14_m5_stratified_volume_zero_100_chronos_only,m5_stratified_volume_zero_100_20260714,M5,14,lightgbm_tuned_cov,HOUSEHOLD_2_202_CA_2_validation,378,48.0,106.61224832199514,0.28204298497882313,194.64230483076597,2.221088506708232
source_b_v1_14_m5_stratified_volume_zero_100_chronos_only,m5_stratified_volume_zero_100_20260714,M5,14,lightgbm_tuned_cov,HOUSEHOLD_2_223_CA_3_validation,378,100.0,164.59645909816027,0.435440367984551,182.22718459182326,1.6459645909816027
source_b_v1_14_m5_stratified_volume_zero_100_chronos_only,m5_stratified_volume_zero_100_20260714,M5,14,lightgbm_tuned_cov,HOUSEHOLD_2_235_TX_1_validation,378,52.0,88.30916122347116,0.2336221196388126,193.799807895135,1.6982531004513686
source_b_v1_14_m5_stratified_volume_zero_100_chronos_only,m5_stratified_volume_zero_100_20260714,M5,14,lightgbm_tuned_cov,HOUSEHOLD_2_246_CA_3_validation,378,113.0,169.84057612717152,0.4493136934581257,180.4363835255083,1.5030139480280664
source_b_v1_14_m5_stratified_volume_zero_100_chronos_only,m5_stratified_volume_zero_100_20260714,M5,14,lightgbm_tuned_cov,HOUSEHOLD_2_265_WI_3_validation,378,122.0,181.9346974119544,0.48130872331204866,176.3449502606405,1.4912680115733967
source_b_v1_14_m5_stratified_volume_zero_100_chronos_only,m5_stratified_volume_zero_100_20260714,M5,14,lightgbm_tuned_cov,HOUSEHOLD_2_422_CA_2_validation,378,87.0,140.19396759569645,0.37088351215792714,188.62112014646516,1.6114249148930626
source_b_v1_14_m5_stratified_volume_zero_100_chronos_only,m5_stratified_volume_zero_100_20260714,M5,14,lightgbm_tuned_cov,HOUSEHOLD_2_474_CA_3_validation,378,29.0,114.69675813056529,0.30343057706498755,194.59105748561765,3.9550606251919063
source_b_v1_14_m5_stratified_volume_zero_100_chronos_only,m5_stratified_volume_zero_100_20260714,M5,14,lightgbm_tuned_cov,HOUSEHOLD_2_480_WI_2_validation,378,54.0,127.74125188682228,0.33793981980640814,188.9310504615395,2.365578738644857
source_b_v1_14_m5_stratified_volume_zero_100_chronos_only,m5_stratified_volume_zero_100_20260714,M5,14,lightgbm_tuned_direct,FOODS_1_026_WI_2_validation,378,234.0,257.5305832203012,0.681297839207146,158.6551928992618,1.100558047950005
source_b_v1_14_m5_stratified_volume_zero_100_chronos_only,m5_stratified_volume_zero_100_20260714,M5,14,lightgbm_tuned_direct,FOODS_1_063_CA_2_validation,378,23.0,46.030477305321256,0.12177374948497686,197.2233034431838,2.001325100231359
source_b_v1_14_m5_stratified_volume_zero_100_chronos_only,m5_stratified_volume_zero_100_20260714,M5,14,lightgbm_tuned_direct,FOODS_1_080_WI_2_validation,378,190.0,228.61301426962018,0.6047963340466143,164.27299126474549,1.2032263908927379
source_b_v1_14_m5_stratified_volume_zero_100_chronos_only,m5_stratified_volume_zero_100_20260714,M5,14,lightgbm_tuned_direct,FOODS_1_118_CA_3_validation,378,463.0,465.53095027664676,1.2315633605202296,138.89302731273506,1.0054664152843342
source_b_v1_14_m5_stratified_volume_zero_100_chronos_only,m5_stratified_volume_zero_100_20260714,M5,14,lightgbm_tuned_direct,FOODS_1_129_WI_2_validation,378,1401.0,1003.06402169168,2.653608522993862,96.0341336243218,0.7159628991375303
source_b_v1_14_m5_stratified_volume_zero_100_chronos_only,m5_stratified_volume_zero_100_20260714,M5,14,lightgbm_tuned_direct,FOODS_1_171_TX_1_validation,378,168.0,210.8770520268008,0.5578757990127006,176.47879491925545,1.2552205477785763
source_b_v1_14_m5_stratified_volume_zero_100_chronos_only,m5_stratified_volume_zero_100_20260714,M5,14,lightgbm_tuned_direct,FOODS_1_178_WI_3_validation,378,149.0,213.03658825453022,0.5635888578162175,173.45695147513527,1.4297757600975183
source_b_v1_14_m5_stratified_volume_zero_100_chronos_only,m5_stratified_volume_zero_100_20260714,M5,14,lightgbm_tuned_direct,FOODS_2_001_WI_1_validation,378,389.0,324.1081434582511,0.8574289509477543,147.09531396726382,0.8331828880674835
source_b_v1_14_m5_stratified_volume_zero_100_chronos_only,m5_stratified_volume_zero_100_20260714,M5,14,lightgbm_tuned_direct,FOODS_2_015_WI_2_validation,378,164.0,232.1320665817475,0.6141059962480092,175.82964507152815,1.4154394303765092
source_b_v1_14_m5_stratified_volume_zero_100_chronos_only,m5_stratified_volume_zero_100_20260714,M5,14,lightgbm_tuned_direct,FOODS_2_016_CA_2_validation,378,915.0,757.8803818729411,2.004974555219421,129.90157652225292,0.8282845703529411
source_b_v1_14_m5_stratified_volume_zero_100_chronos_only,m5_stratified_volume_zero_100_20260714,M5,14,lightgbm_tuned_direct,FOODS_2_027_CA_4_validation,378,83.0,191.47342559072422,0.5065434539437149,193.89091933711455,2.306908742056918
source_b_v1_14_m5_stratified_volume_zero_100_chronos_only,m5_stratified_volume_zero_100_20260714,M5,14,lightgbm_tuned_direct,FOODS_2_044_WI_1_validation,378,805.0,593.3150200799573,1.5696164552379823,107.57594556115176,0.7370372920247917
source_b_v1_14_m5_stratified_volume_zero_100_chronos_only,m5_stratified_volume_zero_100_20260714,M5,14,lightgbm_tuned_direct,FOODS_2_075_CA_2_validation,378,909.0,652.4031727682504,1.7259343194927261,128.15923327161542,0.7177152615712326
source_b_v1_14_m5_stratified_volume_zero_100_chronos_only,m5_stratified_volume_zero_100_20260714,M5,14,lightgbm_tuned_direct,FOODS_2_130_TX_2_validation,378,402.0,407.0564227774739,1.0768688433266507,139.26713438143526,1.0125781661131192
source_b_v1_14_m5_stratified_volume_zero_100_chronos_only,m5_stratified_volume_zero_100_20260714,M5,14,lightgbm_tuned_direct,FOODS_2_137_CA_4_validation,378,185.0,318.0551029809867,0.8414156163518167,182.53169049088064,1.7192167728701984
source_b_v1_14_m5_stratified_volume_zero_100_chronos_only,m5_stratified_volume_zero_100_20260714,M5,14,lightgbm_tuned_direct,FOODS_2_140_WI_2_validation,378,568.0,586.815334333136,1.5524215193998305,175.15701952672796,1.033125588614676
source_b_v1_14_m5_stratified_volume_zero_100_chronos_only,m5_stratified_volume_zero_100_20260714,M5,14,lightgbm_tuned_direct,FOODS_2_215_TX_2_validation,378,352.0,353.6685225389374,0.9356310120077709,161.03883537767933,1.004740120849254
source_b_v1_14_m5_stratified_volume_zero_100_chronos_only,m5_stratified_volume_zero_100_20260714,M5,14,lightgbm_tuned_direct,FOODS_2_233_WI_2_validation,378,2595.0,1798.1776769393164,4.757083801426763,144.310327028293,0.6929393745430892
source_b_v1_14_m5_stratified_volume_zero_100_chronos_only,m5_stratified_volume_zero_100_20260714,M5,14,lightgbm_tuned_direct,FOODS_2_258_CA_4_validation,378,176.0,290.59822964994237,0.7687783853173078,172.68018242007315,1.651126304829218
source_b_v1_14_m5_stratified_volume_zero_100_chronos_only,m5_stratified_volume_zero_100_20260714,M5,14,lightgbm_tuned_direct,FOODS_2_261_TX_1_validation,378,73.0,125.70381527720019,0.33254977586560897,189.01652164536284,1.7219700722904137
source_b_v1_14_m5_stratified_volume_zero_100_chronos_only,m5_stratified_volume_zero_100_20260714,M5,14,lightgbm_tuned_direct,FOODS_2_299_WI_2_validation,378,1143.0,728.7190782378957,1.9278282493066023,135.47827296232953,0.6375494997706874
source_b_v1_14_m5_stratified_volume_zero_100_chronos_only,m5_stratified_volume_zero_100_20260714,M5,14,lightgbm_tuned_direct,FOODS_2_316_TX_3_validation,378,301.0,282.99935669184197,0.7486755468038148,169.28466421729968,0.9401971983117673
source_b_v1_14_m5_stratified_volume_zero_100_chronos_only,m5_stratified_volume_zero_100_20260714,M5,14,lightgbm_tuned_direct,FOODS_2_347_WI_2_validation,378,2351.0,1544.7450750607595,4.086627182700422,138.97532773131033,0.6570587303533644
source_b_v1_14_m5_stratified_volume_zero_100_chronos_only,m5_stratified_volume_zero_100_20260714,M5,14,lightgbm_tuned_direct,FOODS_2_357_WI_2_validation,378,2378.0,1734.8238460149214,4.589481074113548,149.9583521338687,0.7295306333115733
source_b_v1_14_m5_stratified_volume_zero_100_chronos_only,m5_stratified_volume_zero_100_20260714,M5,14,lightgbm_tuned_direct,FOODS_3_009_TX_1_validation,378,240.0,294.03455960267456,0.7778692052980809,168.57399562109435,1.2251439983444774
source_b_v1_14_m5_stratified_volume_zero_100_chronos_only,m5_stratified_volume_zero_100_20260714,M5,14,lightgbm_tuned_direct,FOODS_3_024_WI_2_validation,378,1369.0,1076.5980980935274,2.8481431166495432,139.47079725597848,0.7864120512005313
source_b_v1_14_m5_stratified_volume_zero_100_chronos_only,m5_stratified_volume_zero_100_20260714,M5,14,lightgbm_tuned_direct,FOODS_3_039_WI_1_validation,378,623.0,1000.8548919398308,2.647764264391087,168.53113277776697,1.6065086547990863
source_b_v1_14_m5_stratified_volume_zero_100_chronos_only,m5_stratified_volume_zero_100_20260714,M5,14,lightgbm_tuned_direct,FOODS_3_073_TX_3_validation,378,349.0,436.620292169624,1.1550801380148783,182.37827081263495,1.2510610090820171
source_b_v1_14_m5_stratified_volume_zero_100_chronos_only,m5_stratified_volume_zero_100_20260714,M5,14,lightgbm_tuned_direct,FOODS_3_073_WI_3_validation,378,90.0,430.8087769803242,1.1397057592072068,196.6113834497828,4.7867641886702685
source_b_v1_14_m5_stratified_volume_zero_100_chronos_only,m5_stratified_volume_zero_100_20260714,M5,14,lightgbm_tuned_direct,FOODS_3_077_CA_3_validation,378,1849.0,1259.812801281456,3.3328380986281902,107.9616962178052,0.6813481889028966
source_b_v1_14_m5_stratified_volume_zero_100_chronos_only,m5_stratified_volume_zero_100_20260714,M5,14,lightgbm_tuned_direct,FOODS_3_091_CA_1_validation,378,455.0,342.0990814520046,0.9050240250053032,114.91772657482953,0.7518661130813288
source_b_v1_14_m5_stratified_volume_zero_100_chronos_only,m5_stratified_volume_zero_100_20260714,M5,14,lightgbm_tuned_direct,FOODS_3_100_WI_1_validation,378,717.0,584.2418256290257,1.545613295314883,102.54818791859637,0.8148421556890177
source_b_v1_14_m5_stratified_volume_zero_100_chronos_only,m5_stratified_volume_zero_100_20260714,M5,14,lightgbm_tuned_direct,FOODS_3_230_WI_1_validation,378,467.0,377.097704872489,0.9976129758531455,106.66629366930904,0.8074897320610043
source_b_v1_14_m5_stratified_volume_zero_100_chronos_only,m5_stratified_volume_zero_100_20260714,M5,14,lightgbm_tuned_direct,FOODS_3_233_WI_1_validation,378,922.0,658.2548649611708,1.7414149866697641,126.59909285122744,0.7139423698060421
source_b_v1_14_m5_stratified_volume_zero_100_chronos_only,m5_stratified_volume_zero_100_20260714,M5,14,lightgbm_tuned_direct,FOODS_3_233_WI_2_validation,378,2529.0,1358.2647842761653,3.5932930800956755,116.39216742068879,0.5370758340356525
source_b_v1_14_m5_stratified_volume_zero_100_chronos_only,m5_stratified_volume_zero_100_20260714,M5,14,lightgbm_tuned_direct,FOODS_3_236_CA_1_validation,378,578.0,445.6379541561764,1.1789363866565514,132.8915376667564,0.7709999206854263
source_b_v1_14_m5_stratified_volume_zero_100_chronos_only,m5_stratified_volume_zero_100_20260714,M5,14,lightgbm_tuned_direct,FOODS_3_266_CA_1_validation,378,53.0,113.35957883281662,0.29989306569528207,189.62423214577205,2.1388599779776722
source_b_v1_14_m5_stratified_volume_zero_100_chronos_only,m5_stratified_volume_zero_100_20260714,M5,14,lightgbm_tuned_direct,FOODS_3_320_CA_3_validation,378,903.0,749.0289805829525,1.9815581496903505,100.34034502387539,0.8294894580099141
source_b_v1_14_m5_stratified_volume_zero_100_chronos_only,m5_stratified_volume_zero_100_20260714,M5,14,lightgbm_tuned_direct,FOODS_3_339_WI_2_validation,378,807.0,624.3891521224723,1.6518231537631543,111.46903692686689,0.7737164214652693
source_b_v1_14_m5_stratified_volume_zero_100_chronos_only,m5_stratified_volume_zero_100_20260714,M5,14,lightgbm_tuned_direct,FOODS_3_345_CA_2_validation,378,7.0,51.342495422039065,0.13582670746571182,199.07451861325086,7.334642203148438
source_b_v1_14_m5_stratified_volume_zero_100_chronos_only,m5_stratified_volume_zero_100_20260714,M5,14,lightgbm_tuned_direct,FOODS_3_424_CA_4_validation,378,277.0,304.4343203678727,0.8053817999150071,144.98668114499472,1.099040867754053
source_b_v1_14_m5_stratified_volume_zero_100_chronos_only,m5_stratified_volume_zero_100_20260714,M5,14,lightgbm_tuned_direct,FOODS_3_444_TX_2_validation,378,2089.0,1374.24496895005,3.635568700926058,170.78597582796843,0.657848237888966
source_b_v1_14_m5_stratified_volume_zero_100_chronos_only,m5_stratified_volume_zero_100_20260714,M5,14,lightgbm_tuned_direct,FOODS_3_457_CA_2_validation,378,153.0,232.53060560485756,0.615160332287983,179.13382633529596,1.5198078797703107
source_b_v1_14_m5_stratified_volume_zero_100_chronos_only,m5_stratified_volume_zero_100_20260714,M5,14,lightgbm_tuned_direct,FOODS_3_521_WI_2_validation,378,121.0,154.9845647639595,0.41001207609513096,188.61251522174683,1.280864171602971
source_b_v1_14_m5_stratified_volume_zero_100_chronos_only,m5_stratified_volume_zero_100_20260714,M5,14,lightgbm_tuned_direct,FOODS_3_528_TX_3_validation,378,174.0,216.90725093893707,0.5738287061876642,172.19508243436948,1.2465933962007878
source_b_v1_14_m5_stratified_volume_zero_100_chronos_only,m5_stratified_volume_zero_100_20260714,M5,14,lightgbm_tuned_direct,FOODS_3_538_CA_3_validation,378,12.0,331.1272314270236,0.8759979667381577,198.08173727127004,27.593935952251968
source_b_v1_14_m5_stratified_volume_zero_100_chronos_only,m5_stratified_volume_zero_100_20260714,M5,14,lightgbm_tuned_direct,FOODS_3_567_CA_3_validation,378,205.0,232.02981924638152,0.6138355006518029,169.55140675829296,1.1318527768116171
source_b_v1_14_m5_stratified_volume_zero_100_chronos_only,m5_stratified_volume_zero_100_20260714,M5,14,lightgbm_tuned_direct,FOODS_3_583_WI_1_validation,378,173.0,499.54660158301704,1.3215518560397277,162.74030688921607,2.887552610306457
source_b_v1_14_m5_stratified_volume_zero_100_chronos_only,m5_stratified_volume_zero_100_20260714,M5,14,lightgbm_tuned_direct,FOODS_3_606_CA_4_validation,378,356.0,323.8830918003805,0.8568335761914828,126.95477493411221,0.9097839657314059
source_b_v1_14_m5_stratified_volume_zero_100_chronos_only,m5_stratified_volume_zero_100_20260714,M5,14,lightgbm_tuned_direct,FOODS_3_698_CA_1_validation,378,476.0,479.0005604363978,1.26719724983174,135.11731549437022,1.0063036983957936
source_b_v1_14_m5_stratified_volume_zero_100_chronos_only,m5_stratified_volume_zero_100_20260714,M5,14,lightgbm_tuned_direct,FOODS_3_703_CA_1_validation,378,383.0,407.2937123495649,1.0774965935173675,147.11088748189104,1.0634300583539553
source_b_v1_14_m5_stratified_volume_zero_100_chronos_only,m5_stratified_volume_zero_100_20260714,M5,14,lightgbm_tuned_direct,FOODS_3_760_CA_3_validation,378,3780.0,2234.8689890429378,5.912351822864915,87.69757260416208,0.5912351822864915
source_b_v1_14_m5_stratified_volume_zero_100_chronos_only,m5_stratified_volume_zero_100_20260714,M5,14,lightgbm_tuned_direct,FOODS_3_780_WI_1_validation,378,1714.0,1273.239705019514,3.3683590079881323,117.62245106992522,0.7428469690895648
source_b_v1_14_m5_stratified_volume_zero_100_chronos_only,m5_stratified_volume_zero_100_20260714,M5,14,lightgbm_tuned_direct,FOODS_3_827_CA_3_validation,378,1792.0,1318.4628949572798,3.48799707660656,114.24057020099829,0.7357493833466963
source_b_v1_14_m5_stratified_volume_zero_100_chronos_only,m5_stratified_volume_zero_100_20260714,M5,14,lightgbm_tuned_direct,HOBBIES_1_010_CA_1_validation,378,228.0,255.57915721833706,0.6761353365564472,153.06833020585339,1.1209612158698994
source_b_v1_14_m5_stratified_volume_zero_100_chronos_only,m5_stratified_volume_zero_100_20260714,M5,14,lightgbm_tuned_direct,HOBBIES_1_014_TX_2_validation,378,2183.0,1388.651978135109,3.6736824818389127,75.78902577342309,0.6361209244778327
source_b_v1_14_m5_stratified_volume_zero_100_chronos_only,m5_stratified_volume_zero_100_20260714,M5,14,lightgbm_tuned_direct,HOBBIES_1_047_WI_1_validation,378,321.0,353.59828043426387,0.9354451863340314,147.74329829020823,1.101552275496149
source_b_v1_14_m5_stratified_volume_zero_100_chronos_only,m5_stratified_volume_zero_100_20260714,M5,14,lightgbm_tuned_direct,HOBBIES_1_058_WI_3_validation,378,88.0,131.5878912769258,0.3481161144892217,189.6747878861168,1.4953169463287024
source_b_v1_14_m5_stratified_volume_zero_100_chronos_only,m5_stratified_volume_zero_100_20260714,M5,14,lightgbm_tuned_direct,HOBBIES_1_090_CA_1_validation,378,1429.0,1468.6068769758567,3.8852033782430073,142.7322838023954,1.0277164989334198
source_b_v1_14_m5_stratified_volume_zero_100_chronos_only,m5_stratified_volume_zero_100_20260714,M5,14,lightgbm_tuned_direct,HOBBIES_1_090_TX_1_validation,378,274.0,395.6985688362038,1.0468216106777877,186.52022606766292,1.4441553607160722
source_b_v1_14_m5_stratified_volume_zero_100_chronos_only,m5_stratified_volume_zero_100_20260714,M5,14,lightgbm_tuned_direct,HOBBIES_1_121_TX_1_validation,378,262.0,380.6709841832053,1.0070660957227653,187.04814884020334,1.4529426877221576
source_b_v1_14_m5_stratified_volume_zero_100_chronos_only,m5_stratified_volume_zero_100_20260714,M5,14,lightgbm_tuned_direct,HOBBIES_1_128_WI_1_validation,378,109.0,139.18726815283298,0.3682202861186058,190.35183419429939,1.276947414246174
source_b_v1_14_m5_stratified_volume_zero_100_chronos_only,m5_stratified_volume_zero_100_20260714,M5,14,lightgbm_tuned_direct,HOBBIES_1_156_WI_1_validation,378,233.0,313.536190783605,0.8294608221788492,174.3382560285436,1.3456488874832833
source_b_v1_14_m5_stratified_volume_zero_100_chronos_only,m5_stratified_volume_zero_100_20260714,M5,14,lightgbm_tuned_direct,HOBBIES_1_197_TX_3_validation,378,21.0,47.95889279281255,0.12687537775876337,199.002716247286,2.2837567996577404
source_b_v1_14_m5_stratified_volume_zero_100_chronos_only,m5_stratified_volume_zero_100_20260714,M5,14,lightgbm_tuned_direct,HOBBIES_1_197_WI_1_validation,378,98.0,137.40768922446296,0.3635124053557221,189.10362033136192,1.4021192778006424
source_b_v1_14_m5_stratified_volume_zero_100_chronos_only,m5_stratified_volume_zero_100_20260714,M5,14,lightgbm_tuned_direct,HOBBIES_1_234_CA_2_validation,378,980.0,1098.7834929944183,2.906834637551371,189.2281090389761,1.1212076459126719
source_b_v1_14_m5_stratified_volume_zero_100_chronos_only,m5_stratified_volume_zero_100_20260714,M5,14,lightgbm_tuned_direct,HOBBIES_1_320_CA_1_validation,378,338.0,325.52509711124003,0.861177505585291,128.61961750847394,0.9630920032876924
source_b_v1_14_m5_stratified_volume_zero_100_chronos_only,m5_stratified_volume_zero_100_20260714,M5,14,lightgbm_tuned_direct,HOBBIES_1_327_TX_3_validation,378,171.0,216.83297109603882,0.5736321986667694,159.20663831161397,1.2680290707370692
source_b_v1_14_m5_stratified_volume_zero_100_chronos_only,m5_stratified_volume_zero_100_20260714,M5,14,lightgbm_tuned_direct,HOBBIES_1_341_WI_1_validation,378,1982.0,1409.577834283933,3.7290418896400346,92.73334723793562,0.7111896237557684
source_b_v1_14_m5_stratified_volume_zero_100_chronos_only,m5_stratified_volume_zero_100_20260714,M5,14,lightgbm_tuned_direct,HOBBIES_1_352_CA_3_validation,378,576.0,436.48497054725885,1.1547221443049176,109.52793836048747,0.7577864072001022
source_b_v1_14_m5_stratified_volume_zero_100_chronos_only,m5_stratified_volume_zero_100_20260714,M5,14,lightgbm_tuned_direct,HOBBIES_1_354_TX_3_validation,378,8664.0,3631.657591819763,9.60755976671895,49.54533549181456,0.41916638871419243
source_b_v1_14_m5_stratified_volume_zero_100_chronos_only,m5_stratified_volume_zero_100_20260714,M5,14,lightgbm_tuned_direct,HOBBIES_2_058_TX_3_validation,378,125.0,182.30528592779592,0.4822891162111003,172.9445428928381,1.4584422874223675
source_b_v1_14_m5_stratified_volume_zero_100_chronos_only,m5_stratified_volume_zero_100_20260714,M5,14,lightgbm_tuned_direct,HOBBIES_2_076_WI_2_validation,378,85.0,164.89536578091793,0.43623112640454476,191.03500462211986,1.9399454797755051
source_b_v1_14_m5_stratified_volume_zero_100_chronos_only,m5_stratified_volume_zero_100_20260714,M5,14,lightgbm_tuned_direct,HOBBIES_2_115_WI_3_validation,378,160.0,213.3082510973327,0.5643075425855362,180.66481363331943,1.3331765693583293
source_b_v1_14_m5_stratified_volume_zero_100_chronos_only,m5_stratified_volume_zero_100_20260714,M5,14,lightgbm_tuned_direct,HOUSEHOLD_1_008_TX_3_validation,378,130.0,177.35016957856715,0.4691803428004422,178.3743991262869,1.3642320736812859
source_b_v1_14_m5_stratified_volume_zero_100_chronos_only,m5_stratified_volume_zero_100_20260714,M5,14,lightgbm_tuned_direct,HOUSEHOLD_1_035_CA_2_validation,378,72.0,70.0431613166038,0.18529936856244392,190.90746343460404,0.9728216849528306
source_b_v1_14_m5_stratified_volume_zero_100_chronos_only,m5_stratified_volume_zero_100_20260714,M5,14,lightgbm_tuned_direct,HOUSEHOLD_1_109_CA_4_validation,378,324.0,296.61241001449525,0.7846889153822626,131.96391291614512,0.9154704012793063
source_b_v1_14_m5_stratified_volume_zero_100_chronos_only,m5_stratified_volume_zero_100_20260714,M5,14,lightgbm_tuned_direct,HOUSEHOLD_1_113_TX_3_validation,378,993.0,705.9920839853585,1.8677039258871917,100.1223882157151,0.7109688660476923
source_b_v1_14_m5_stratified_volume_zero_100_chronos_only,m5_stratified_volume_zero_100_20260714,M5,14,lightgbm_tuned_direct,HOUSEHOLD_1_201_CA_3_validation,378,493.0,507.5015850873315,1.3425967859453214,163.28022586208021,1.0294149798931673
source_b_v1_14_m5_stratified_volume_zero_100_chronos_only,m5_stratified_volume_zero_100_20260714,M5,14,lightgbm_tuned_direct,HOUSEHOLD_1_224_TX_3_validation,378,76.0,117.30268478865037,0.3103245629329375,190.663523976369,1.543456378798031
source_b_v1_14_m5_stratified_volume_zero_100_chronos_only,m5_stratified_volume_zero_100_20260714,M5,14,lightgbm_tuned_direct,HOUSEHOLD_1_270_TX_2_validation,378,324.0,320.48413337022066,0.8478416226725415,141.12970767356228,0.9891485597846317
source_b_v1_14_m5_stratified_volume_zero_100_chronos_only,m5_stratified_volume_zero_100_20260714,M5,14,lightgbm_tuned_direct,HOUSEHOLD_1_346_WI_2_validation,378,322.0,309.81881780177355,0.819626502121094,136.82338307431039,0.9621702416204148
source_b_v1_14_m5_stratified_volume_zero_100_chronos_only,m5_stratified_volume_zero_100_20260714,M5,14,lightgbm_tuned_direct,HOUSEHOLD_1_441_TX_2_validation,378,1096.0,851.3663711636456,2.2522919872054117,164.8432645930454,0.7767941342733993
source_b_v1_14_m5_stratified_volume_zero_100_chronos_only,m5_stratified_volume_zero_100_20260714,M5,14,lightgbm_tuned_direct,HOUSEHOLD_1_441_TX_3_validation,378,2360.0,1412.3649738227377,3.7364152746633272,136.01509409030447,0.5984597346706516
source_b_v1_14_m5_stratified_volume_zero_100_chronos_only,m5_stratified_volume_zero_100_20260714,M5,14,lightgbm_tuned_direct,HOUSEHOLD_1_460_WI_1_validation,378,237.0,244.0361201921478,0.6455982015665286,153.07889708803856,1.0296882708529442
source_b_v1_14_m5_stratified_volume_zero_100_chronos_only,m5_stratified_volume_zero_100_20260714,M5,14,lightgbm_tuned_direct,HOUSEHOLD_2_023_TX_3_validation,378,123.0,194.24911273727048,0.5138865416329906,177.19461671778018,1.5792610791648007
source_b_v1_14_m5_stratified_volume_zero_100_chronos_only,m5_stratified_volume_zero_100_20260714,M5,14,lightgbm_tuned_direct,HOUSEHOLD_2_041_CA_1_validation,378,147.0,193.05172843113542,0.510718858283427,176.4620650805687,1.3132770641573839
source_b_v1_14_m5_stratified_volume_zero_100_chronos_only,m5_stratified_volume_zero_100_20260714,M5,14,lightgbm_tuned_direct,HOUSEHOLD_2_107_TX_2_validation,378,36.0,52.23645453949575,0.1381916786759147,198.22396046372185,1.4510126260971044
source_b_v1_14_m5_stratified_volume_zero_100_chronos_only,m5_stratified_volume_zero_100_20260714,M5,14,lightgbm_tuned_direct,HOUSEHOLD_2_133_WI_3_validation,378,61.0,101.56333932920825,0.2686860828815033,193.67863645280087,1.6649727758886599
source_b_v1_14_m5_stratified_volume_zero_100_chronos_only,m5_stratified_volume_zero_100_20260714,M5,14,lightgbm_tuned_direct,HOUSEHOLD_2_148_WI_1_validation,378,69.0,145.6603675216902,0.38534488762351904,190.04410918738424,2.1110198191549303
source_b_v1_14_m5_stratified_volume_zero_100_chronos_only,m5_stratified_volume_zero_100_20260714,M5,14,lightgbm_tuned_direct,HOUSEHOLD_2_158_CA_1_validation,378,68.0,100.53514302682015,0.26596598684343953,194.6456612154466,1.4784579856885316
source_b_v1_14_m5_stratified_volume_zero_100_chronos_only,m5_stratified_volume_zero_100_20260714,M5,14,lightgbm_tuned_direct,HOUSEHOLD_2_192_CA_2_validation,378,88.0,114.84940704166092,0.3038344101631241,193.56991083305456,1.3051068982006924
source_b_v1_14_m5_stratified_volume_zero_100_chronos_only,m5_stratified_volume_zero_100_20260714,M5,14,lightgbm_tuned_direct,HOUSEHOLD_2_202_CA_2_validation,378,48.0,82.34050155620207,0.21783201469894728,195.37735970889386,1.7154271157542098
source_b_v1_14_m5_stratified_volume_zero_100_chronos_only,m5_stratified_volume_zero_100_20260714,M5,14,lightgbm_tuned_direct,HOUSEHOLD_2_223_CA_3_validation,378,100.0,169.99136559013277,0.44971260738130364,182.62791099604382,1.6999136559013277
source_b_v1_14_m5_stratified_volume_zero_100_chronos_only,m5_stratified_volume_zero_100_20260714,M5,14,lightgbm_tuned_direct,HOUSEHOLD_2_235_TX_1_validation,378,52.0,81.9264679630287,0.21673668773288016,195.39692118867728,1.5755089992890134
source_b_v1_14_m5_stratified_volume_zero_100_chronos_only,m5_stratified_volume_zero_100_20260714,M5,14,lightgbm_tuned_direct,HOUSEHOLD_2_246_CA_3_validation,378,113.0,162.79955980367959,0.4306866661473005,183.08869332153066,1.4407040690591113
source_b_v1_14_m5_stratified_volume_zero_100_chronos_only,m5_stratified_volume_zero_100_20260714,M5,14,lightgbm_tuned_direct,HOUSEHOLD_2_265_WI_3_validation,378,122.0,170.8319997843355,0.4519365073659669,181.5928521387372,1.4002622933142255
source_b_v1_14_m5_stratified_volume_zero_100_chronos_only,m5_stratified_volume_zero_100_20260714,M5,14,lightgbm_tuned_direct,HOUSEHOLD_2_422_CA_2_validation,378,87.0,132.6084663065849,0.35081604843011877,190.50787139245872,1.5242352449032746
source_b_v1_14_m5_stratified_volume_zero_100_chronos_only,m5_stratified_volume_zero_100_20260714,M5,14,lightgbm_tuned_direct,HOUSEHOLD_2_474_CA_3_validation,378,29.0,96.90420192491729,0.25636032255269126,196.10447121530578,3.341524204307493
source_b_v1_14_m5_stratified_volume_zero_100_chronos_only,m5_stratified_volume_zero_100_20260714,M5,14,lightgbm_tuned_direct,HOUSEHOLD_2_480_WI_2_validation,378,54.0,101.98433916311478,0.2697998390558592,192.868030128849,1.8885988733910144
source_b_v1_14_m5_stratified_volume_zero_100_chronos_only,m5_stratified_volume_zero_100_20260714,M5,14,chronos_bolt_tiny,FOODS_1_026_WI_2_validation,378,234.0,233.5882412493229,0.6179583101833939,178.2192226322314,0.9982403472193286
source_b_v1_14_m5_stratified_volume_zero_100_chronos_only,m5_stratified_volume_zero_100_20260714,M5,14,chronos_bolt_tiny,FOODS_1_063_CA_2_validation,378,23.0,25.08118611574173,0.06635234422153896,199.5356726630872,1.0904863528583362
source_b_v1_14_m5_stratified_volume_zero_100_chronos_only,m5_stratified_volume_zero_100_20260714,M5,14,chronos_bolt_tiny,FOODS_1_080_WI_2_validation,378,190.0,208.9784232378006,0.552852971528573,180.77826924955318,1.0998864380936875
source_b_v1_14_m5_stratified_volume_zero_100_chronos_only,m5_stratified_volume_zero_100_20260714,M5,14,chronos_bolt_tiny,FOODS_1_118_CA_3_validation,378,463.0,443.55183662474155,1.173417557208311,147.25793268267574,0.9579953274832431
source_b_v1_14_m5_stratified_volume_zero_100_chronos_only,m5_stratified_volume_zero_100_20260714,M5,14,chronos_bolt_tiny,FOODS_1_129_WI_2_validation,378,1401.0,914.5511703491211,2.4194475406061406,81.89597043088182,0.6527845612770314
source_b_v1_14_m5_stratified_volume_zero_100_chronos_only,m5_stratified_volume_zero_100_20260714,M5,14,chronos_bolt_tiny,FOODS_1_171_TX_1_validation,378,168.0,169.11079561710358,0.4473830571881047,199.11132865617606,1.0066118786732356
source_b_v1_14_m5_stratified_volume_zero_100_chronos_only,m5_stratified_volume_zero_100_20260714,M5,14,chronos_bolt_tiny,FOODS_1_178_WI_3_validation,378,149.0,157.72746288776398,0.41726842033799993,192.89176113089584,1.0585735764279463
source_b_v1_14_m5_stratified_volume_zero_100_chronos_only,m5_stratified_volume_zero_100_20260714,M5,14,chronos_bolt_tiny,FOODS_2_001_WI_1_validation,378,389.0,308.21392653975636,0.8153807580416835,155.1090870335474,0.7923237186111989
source_b_v1_14_m5_stratified_volume_zero_100_chronos_only,m5_stratified_volume_zero_100_20260714,M5,14,chronos_bolt_tiny,FOODS_2_015_WI_2_validation,378,164.0,166.6008354946971,0.4407429510441722,177.4321818343003,1.0158587530164458
source_b_v1_14_m5_stratified_volume_zero_100_chronos_only,m5_stratified_volume_zero_100_20260714,M5,14,chronos_bolt_tiny,FOODS_2_016_CA_2_validation,378,915.0,728.0657423478076,1.9260998474809725,125.23432692307293,0.7957002648609919
source_b_v1_14_m5_stratified_volume_zero_100_chronos_only,m5_stratified_volume_zero_100_20260714,M5,14,chronos_bolt_tiny,FOODS_2_027_CA_4_validation,378,83.0,84.96506316959858,0.22477529939047244,199.78909178875747,1.0236754598746818
source_b_v1_14_m5_stratified_volume_zero_100_chronos_only,m5_stratified_volume_zero_100_20260714,M5,14,chronos_bolt_tiny,FOODS_2_044_WI_1_validation,378,805.0,578.8121531009674,1.5312490822776916,108.40491226604416,0.7190213081999595
source_b_v1_14_m5_stratified_volume_zero_100_chronos_only,m5_stratified_volume_zero_100_20260714,M5,14,chronos_bolt_tiny,FOODS_2_075_CA_2_validation,378,909.0,630.4205751143397,1.667779299244285,128.62958704621465,0.6935319858243562
source_b_v1_14_m5_stratified_volume_zero_100_chronos_only,m5_stratified_volume_zero_100_20260714,M5,14,chronos_bolt_tiny,FOODS_2_130_TX_2_validation,378,402.0,387.35745114833117,1.024755161768072,156.3624734371475,0.9635757491252019
source_b_v1_14_m5_stratified_volume_zero_100_chronos_only,m5_stratified_volume_zero_100_20260714,M5,14,chronos_bolt_tiny,FOODS_2_137_CA_4_validation,378,185.0,188.176834076643,0.4978223123720714,198.89335912058738,1.017172076089962
source_b_v1_14_m5_stratified_volume_zero_100_chronos_only,m5_stratified_volume_zero_100_20260714,M5,14,chronos_bolt_tiny,FOODS_2_140_WI_2_validation,378,568.0,584.2348106503487,1.5455947371702345,177.6278698507819,1.028582413116811
source_b_v1_14_m5_stratified_volume_zero_100_chronos_only,m5_stratified_volume_zero_100_20260714,M5,14,chronos_bolt_tiny,FOODS_2_215_TX_2_validation,378,352.0,356.80574668198824,0.9439305467777467,164.68071612003797,1.0136526894374667
source_b_v1_14_m5_stratified_volume_zero_100_chronos_only,m5_stratified_volume_zero_100_20260714,M5,14,chronos_bolt_tiny,FOODS_2_233_WI_2_validation,378,2595.0,1283.2988275550306,3.3949704432672765,121.81300369480168,0.49452748653373046
source_b_v1_14_m5_stratified_volume_zero_100_chronos_only,m5_stratified_volume_zero_100_20260714,M5,14,chronos_bolt_tiny,FOODS_2_258_CA_4_validation,378,176.0,181.16403797268867,0.47926994172668963,197.7539973221606,1.029341124844822
source_b_v1_14_m5_stratified_volume_zero_100_chronos_only,m5_stratified_volume_zero_100_20260714,M5,14,chronos_bolt_tiny,FOODS_2_261_TX_1_validation,378,73.0,75.20974308997393,0.19896757431210033,199.44967216227224,1.0302704532873141
source_b_v1_14_m5_stratified_volume_zero_100_chronos_only,m5_stratified_volume_zero_100_20260714,M5,14,chronos_bolt_tiny,FOODS_2_299_WI_2_validation,378,1143.0,679.9246422927827,1.7987424399279965,134.50374164978808,0.594859704543117
source_b_v1_14_m5_stratified_volume_zero_100_chronos_only,m5_stratified_volume_zero_100_20260714,M5,14,chronos_bolt_tiny,FOODS_2_316_TX_3_validation,378,301.0,243.73001423478127,0.6447883974465113,159.9325881180252,0.8097342665607351
source_b_v1_14_m5_stratified_volume_zero_100_chronos_only,m5_stratified_volume_zero_100_20260714,M5,14,chronos_bolt_tiny,FOODS_2_347_WI_2_validation,378,2351.0,1349.266993548721,3.5694894009225426,128.3739623301129,0.5739119496166402
source_b_v1_14_m5_stratified_volume_zero_100_chronos_only,m5_stratified_volume_zero_100_20260714,M5,14,chronos_bolt_tiny,FOODS_2_357_WI_2_validation,378,2378.0,1559.8596685971133,4.126612879886543,138.95719609918046,0.6559544443217465
source_b_v1_14_m5_stratified_volume_zero_100_chronos_only,m5_stratified_volume_zero_100_20260714,M5,14,chronos_bolt_tiny,FOODS_3_009_TX_1_validation,378,240.0,247.53280111774802,0.6548486802056825,187.68782961938453,1.0313866713239501
source_b_v1_14_m5_stratified_volume_zero_100_chronos_only,m5_stratified_volume_zero_100_20260714,M5,14,chronos_bolt_tiny,FOODS_3_024_WI_2_validation,378,1369.0,1005.6428763270378,2.6604308897540685,134.1934790674451,0.7345820864331906
source_b_v1_14_m5_stratified_volume_zero_100_chronos_only,m5_stratified_volume_zero_100_20260714,M5,14,chronos_bolt_tiny,FOODS_3_039_WI_1_validation,378,623.0,276.8830256462097,0.7324947768418246,166.30396018794332,0.4444350331399835
source_b_v1_14_m5_stratified_volume_zero_100_chronos_only,m5_stratified_volume_zero_100_20260714,M5,14,chronos_bolt_tiny,FOODS_3_073_TX_3_validation,378,349.0,280.4717625975609,0.7419887899406372,183.52854305826781,0.8036440189041859
source_b_v1_14_m5_stratified_volume_zero_100_chronos_only,m5_stratified_volume_zero_100_20260714,M5,14,chronos_bolt_tiny,FOODS_3_073_WI_3_validation,378,90.0,108.55903002619743,0.28719320112750646,195.9021054715778,1.206211444735527
source_b_v1_14_m5_stratified_volume_zero_100_chronos_only,m5_stratified_volume_zero_100_20260714,M5,14,chronos_bolt_tiny,FOODS_3_077_CA_3_validation,378,1849.0,1159.6670825481415,3.067902334783443,99.5156436023488,0.6271860911563772
source_b_v1_14_m5_stratified_volume_zero_100_chronos_only,m5_stratified_volume_zero_100_20260714,M5,14,chronos_bolt_tiny,FOODS_3_091_CA_1_validation,378,455.0,335.92846763134,0.8886996498183598,114.09982714869258,0.7383043244644836
source_b_v1_14_m5_stratified_volume_zero_100_chronos_only,m5_stratified_volume_zero_100_20260714,M5,14,chronos_bolt_tiny,FOODS_3_100_WI_1_validation,378,717.0,550.9136199951172,1.4574434391405218,102.38671934955939,0.7683593026431202
source_b_v1_14_m5_stratified_volume_zero_100_chronos_only,m5_stratified_volume_zero_100_20260714,M5,14,chronos_bolt_tiny,FOODS_3_230_WI_1_validation,378,467.0,357.16242331266403,0.9448741357477884,104.65381061028754,0.76480176298215
source_b_v1_14_m5_stratified_volume_zero_100_chronos_only,m5_stratified_volume_zero_100_20260714,M5,14,chronos_bolt_tiny,FOODS_3_233_WI_1_validation,378,922.0,610.9404475688934,1.6162445702880779,121.32793378543347,0.6626252142829647
source_b_v1_14_m5_stratified_volume_zero_100_chronos_only,m5_stratified_volume_zero_100_20260714,M5,14,chronos_bolt_tiny,FOODS_3_233_WI_2_validation,378,2529.0,1222.0733370780945,3.232998246238345,105.84651574864719,0.4832239371601797
source_b_v1_14_m5_stratified_volume_zero_100_chronos_only,m5_stratified_volume_zero_100_20260714,M5,14,chronos_bolt_tiny,FOODS_3_236_CA_1_validation,378,578.0,420.12138360738754,1.1114322317655756,129.05846164957475,0.7268536048570718
source_b_v1_14_m5_stratified_volume_zero_100_chronos_only,m5_stratified_volume_zero_100_20260714,M5,14,chronos_bolt_tiny,FOODS_3_266_CA_1_validation,378,53.0,57.32247978448868,0.15164677191663672,198.94894157766493,1.081556222348843
source_b_v1_14_m5_stratified_volume_zero_100_chronos_only,m5_stratified_volume_zero_100_20260714,M5,14,chronos_bolt_tiny,FOODS_3_320_CA_3_validation,378,903.0,686.3855853676796,1.8158348819250782,98.94826618011166,0.7601169273174746
source_b_v1_14_m5_stratified_volume_zero_100_chronos_only,m5_stratified_volume_zero_100_20260714,M5,14,chronos_bolt_tiny,FOODS_3_339_WI_2_validation,378,807.0,613.0306485891342,1.6217742026167572,110.30803117483792,0.7596414480658417
source_b_v1_14_m5_stratified_volume_zero_100_chronos_only,m5_stratified_volume_zero_100_20260714,M5,14,chronos_bolt_tiny,FOODS_3_345_CA_2_validation,378,7.0,11.873706638813019,0.03141192232490217,200.0,1.6962438055447169
source_b_v1_14_m5_stratified_volume_zero_100_chronos_only,m5_stratified_volume_zero_100_20260714,M5,14,chronos_bolt_tiny,FOODS_3_424_CA_4_validation,378,277.0,275.8263860344887,0.7296994339536738,162.0951464180141,0.9957631264782985
source_b_v1_14_m5_stratified_volume_zero_100_chronos_only,m5_stratified_volume_zero_100_20260714,M5,14,chronos_bolt_tiny,FOODS_3_444_TX_2_validation,378,2089.0,1238.3829145431519,3.276145276569185,168.32854721593975,0.5928113521029927
source_b_v1_14_m5_stratified_volume_zero_100_chronos_only,m5_stratified_volume_zero_100_20260714,M5,14,chronos_bolt_tiny,FOODS_3_457_CA_2_validation,378,153.0,159.34590132534504,0.4215500035062038,196.26236872699997,1.0414764792506213
source_b_v1_14_m5_stratified_volume_zero_100_chronos_only,m5_stratified_volume_zero_100_20260714,M5,14,chronos_bolt_tiny,FOODS_3_521_WI_2_validation,378,121.0,123.68719905614853,0.32721481231785327,199.71451939026318,1.0222082566623845
source_b_v1_14_m5_stratified_volume_zero_100_chronos_only,m5_stratified_volume_zero_100_20260714,M5,14,chronos_bolt_tiny,FOODS_3_528_TX_3_validation,378,174.0,186.7857397943735,0.4941421687681839,190.40937397352621,1.0734812631860546
source_b_v1_14_m5_stratified_volume_zero_100_chronos_only,m5_stratified_volume_zero_100_20260714,M5,14,chronos_bolt_tiny,FOODS_3_538_CA_3_validation,378,12.0,20.27609121799469,0.05364045295765791,199.7080207788023,1.6896742681662242
source_b_v1_14_m5_stratified_volume_zero_100_chronos_only,m5_stratified_volume_zero_100_20260714,M5,14,chronos_bolt_tiny,FOODS_3_567_CA_3_validation,378,205.0,216.26850701868534,0.5721389074568395,187.3462821470853,1.0549683269204162
source_b_v1_14_m5_stratified_volume_zero_100_chronos_only,m5_stratified_volume_zero_100_20260714,M5,14,chronos_bolt_tiny,FOODS_3_583_WI_1_validation,378,173.0,179.4662128984928,0.4747783410013037,175.6321131355754,1.0373769531704786
source_b_v1_14_m5_stratified_volume_zero_100_chronos_only,m5_stratified_volume_zero_100_20260714,M5,14,chronos_bolt_tiny,FOODS_3_606_CA_4_validation,378,356.0,303.36218878626823,0.8025454729795456,137.85776930588364,0.8521409797367085
source_b_v1_14_m5_stratified_volume_zero_100_chronos_only,m5_stratified_volume_zero_100_20260714,M5,14,chronos_bolt_tiny,FOODS_3_698_CA_1_validation,378,476.0,446.9027541875839,1.1822824184856717,147.38307136055877,0.9388713323268569
source_b_v1_14_m5_stratified_volume_zero_100_chronos_only,m5_stratified_volume_zero_100_20260714,M5,14,chronos_bolt_tiny,FOODS_3_703_CA_1_validation,378,383.0,310.56540912389755,0.8216016114388824,143.1754954542494,0.8108757418378526
source_b_v1_14_m5_stratified_volume_zero_100_chronos_only,m5_stratified_volume_zero_100_20260714,M5,14,chronos_bolt_tiny,FOODS_3_760_CA_3_validation,378,3780.0,1501.282623887062,3.971647153140376,58.63576571600111,0.3971647153140376
source_b_v1_14_m5_stratified_volume_zero_100_chronos_only,m5_stratified_volume_zero_100_20260714,M5,14,chronos_bolt_tiny,FOODS_3_780_WI_1_validation,378,1714.0,957.7356991171837,2.533692325706835,74.3978557218319,0.5587722865327793
source_b_v1_14_m5_stratified_volume_zero_100_chronos_only,m5_stratified_volume_zero_100_20260714,M5,14,chronos_bolt_tiny,FOODS_3_827_CA_3_validation,378,1792.0,1419.7032555937767,3.755828718502055,121.60639748476729,0.7922451203090272
source_b_v1_14_m5_stratified_volume_zero_100_chronos_only,m5_stratified_volume_zero_100_20260714,M5,14,chronos_bolt_tiny,HOBBIES_1_010_CA_1_validation,378,228.0,241.24062177538872,0.638202703109494,164.13196857759127,1.0580729025236346
source_b_v1_14_m5_stratified_volume_zero_100_chronos_only,m5_stratified_volume_zero_100_20260714,M5,14,chronos_bolt_tiny,HOBBIES_1_014_TX_2_validation,378,2183.0,1188.6007370948792,3.144446394430897,61.14668944409328,0.5444804109458906
source_b_v1_14_m5_stratified_volume_zero_100_chronos_only,m5_stratified_volume_zero_100_20260714,M5,14,chronos_bolt_tiny,HOBBIES_1_047_WI_1_validation,378,321.0,329.8587799370289,0.8726422749656849,158.3591335561942,1.0275974452866943
source_b_v1_14_m5_stratified_volume_zero_100_chronos_only,m5_stratified_volume_zero_100_20260714,M5,14,chronos_bolt_tiny,HOBBIES_1_058_WI_3_validation,378,88.0,90.92172524333,0.24053366466489418,199.27455757498683,1.0332014232196591
source_b_v1_14_m5_stratified_volume_zero_100_chronos_only,m5_stratified_volume_zero_100_20260714,M5,14,chronos_bolt_tiny,HOBBIES_1_090_CA_1_validation,378,1429.0,1420.0570395588875,3.7567646549176916,165.19518075873208,0.9937418051496764
source_b_v1_14_m5_stratified_volume_zero_100_chronos_only,m5_stratified_volume_zero_100_20260714,M5,14,chronos_bolt_tiny,HOBBIES_1_090_TX_1_validation,378,274.0,278.8649678081274,0.7377380100744111,198.7886374132695,1.0177553569639686
source_b_v1_14_m5_stratified_volume_zero_100_chronos_only,m5_stratified_volume_zero_100_20260714,M5,14,chronos_bolt_tiny,HOBBIES_1_121_TX_1_validation,378,262.0,263.7921358346939,0.697862793213476,199.96275883282664,1.0068402131095187
source_b_v1_14_m5_stratified_volume_zero_100_chronos_only,m5_stratified_volume_zero_100_20260714,M5,14,chronos_bolt_tiny,HOBBIES_1_128_WI_1_validation,378,109.0,110.809215888381,0.2931460737787857,199.28634771416876,1.016598310902578
source_b_v1_14_m5_stratified_volume_zero_100_chronos_only,m5_stratified_volume_zero_100_20260714,M5,14,chronos_bolt_tiny,HOBBIES_1_156_WI_1_validation,378,233.0,243.0440525636077,0.6429736840307082,194.70922741076876,1.0431075217322219
source_b_v1_14_m5_stratified_volume_zero_100_chronos_only,m5_stratified_volume_zero_100_20260714,M5,14,chronos_bolt_tiny,HOBBIES_1_197_TX_3_validation,378,21.0,21.755547039210796,0.05755435724658941,199.94449981536962,1.0359784304386093
source_b_v1_14_m5_stratified_volume_zero_100_chronos_only,m5_stratified_volume_zero_100_20260714,M5,14,chronos_bolt_tiny,HOBBIES_1_197_WI_1_validation,378,98.0,100.50330227613449,0.26588175205326586,199.0167860268823,1.0255439007768825
source_b_v1_14_m5_stratified_volume_zero_100_chronos_only,m5_stratified_volume_zero_100_20260714,M5,14,chronos_bolt_tiny,HOBBIES_1_234_CA_2_validation,378,980.0,1002.6706103980541,2.6525677523758047,197.41439631818375,1.0231332759163818
source_b_v1_14_m5_stratified_volume_zero_100_chronos_only,m5_stratified_volume_zero_100_20260714,M5,14,chronos_bolt_tiny,HOBBIES_1_320_CA_1_validation,378,338.0,308.9861527085304,0.8174236844141016,148.9449950834373,0.9141602151139954
source_b_v1_14_m5_stratified_volume_zero_100_chronos_only,m5_stratified_volume_zero_100_20260714,M5,14,chronos_bolt_tiny,HOBBIES_1_327_TX_3_validation,378,171.0,185.3118003755808,0.4902428581364571,185.98666395293475,1.0836947390384841
source_b_v1_14_m5_stratified_volume_zero_100_chronos_only,m5_stratified_volume_zero_100_20260714,M5,14,chronos_bolt_tiny,HOBBIES_1_341_WI_1_validation,378,1982.0,1294.2740392684937,3.424005394890195,83.17878981668385,0.6530141469568586
source_b_v1_14_m5_stratified_volume_zero_100_chronos_only,m5_stratified_volume_zero_100_20260714,M5,14,chronos_bolt_tiny,HOBBIES_1_352_CA_3_validation,378,576.0,410.1624284386635,1.0850857895202737,93.88122634369192,0.7120875493726797
source_b_v1_14_m5_stratified_volume_zero_100_chronos_only,m5_stratified_volume_zero_100_20260714,M5,14,chronos_bolt_tiny,HOBBIES_1_354_TX_3_validation,378,8664.0,2906.507014155388,7.689171995120073,40.25847851033323,0.33546941529956
source_b_v1_14_m5_stratified_volume_zero_100_chronos_only,m5_stratified_volume_zero_100_20260714,M5,14,chronos_bolt_tiny,HOBBIES_2_058_TX_3_validation,378,125.0,126.85394445061684,0.3355924456365525,180.76955762136075,1.0148315556049348
source_b_v1_14_m5_stratified_volume_zero_100_chronos_only,m5_stratified_volume_zero_100_20260714,M5,14,chronos_bolt_tiny,HOBBIES_2_076_WI_2_validation,378,85.0,86.3364938646555,0.22840342292236904,199.77409697960212,1.015723457231241
source_b_v1_14_m5_stratified_volume_zero_100_chronos_only,m5_stratified_volume_zero_100_20260714,M5,14,chronos_bolt_tiny,HOBBIES_2_115_WI_3_validation,378,160.0,165.08110639452934,0.43672250368923105,197.10307603137886,1.0317569149658083
source_b_v1_14_m5_stratified_volume_zero_100_chronos_only,m5_stratified_volume_zero_100_20260714,M5,14,chronos_bolt_tiny,HOUSEHOLD_1_008_TX_3_validation,378,130.0,136.8220896422863,0.3619632001118685,195.0385232860947,1.0524776126329716
source_b_v1_14_m5_stratified_volume_zero_100_chronos_only,m5_stratified_volume_zero_100_20260714,M5,14,chronos_bolt_tiny,HOUSEHOLD_1_035_CA_2_validation,378,72.0,69.31026737391949,0.1833604956981997,192.18047276282846,0.9626426024155484
source_b_v1_14_m5_stratified_volume_zero_100_chronos_only,m5_stratified_volume_zero_100_20260714,M5,14,chronos_bolt_tiny,HOUSEHOLD_1_109_CA_4_validation,378,324.0,289.83435383439064,0.7667575498264303,132.37814766919627,0.8945504747975019
source_b_v1_14_m5_stratified_volume_zero_100_chronos_only,m5_stratified_volume_zero_100_20260714,M5,14,chronos_bolt_tiny,HOUSEHOLD_1_113_TX_3_validation,378,993.0,700.4672960042953,1.853088084667448,94.76386756879073,0.7054051319277899
source_b_v1_14_m5_stratified_volume_zero_100_chronos_only,m5_stratified_volume_zero_100_20260714,M5,14,chronos_bolt_tiny,HOUSEHOLD_1_201_CA_3_validation,378,493.0,500.5328894527629,1.3241610832083675,169.23037703808117,1.0152796946303506
source_b_v1_14_m5_stratified_volume_zero_100_chronos_only,m5_stratified_volume_zero_100_20260714,M5,14,chronos_bolt_tiny,HOUSEHOLD_1_224_TX_3_validation,378,76.0,77.28288013488054,0.20445206384889034,199.6099184827539,1.016880001774744
source_b_v1_14_m5_stratified_volume_zero_100_chronos_only,m5_stratified_volume_zero_100_20260714,M5,14,chronos_bolt_tiny,HOUSEHOLD_1_270_TX_2_validation,378,324.0,316.87430840730667,0.838291821183351,154.6714917747421,0.9780071247139095
source_b_v1_14_m5_stratified_volume_zero_100_chronos_only,m5_stratified_volume_zero_100_20260714,M5,14,chronos_bolt_tiny,HOUSEHOLD_1_346_WI_2_validation,378,322.0,299.27032421529293,0.7917204344319919,148.76972599208315,0.9294109447679905
source_b_v1_14_m5_stratified_volume_zero_100_chronos_only,m5_stratified_volume_zero_100_20260714,M5,14,chronos_bolt_tiny,HOUSEHOLD_1_441_TX_2_validation,378,1096.0,778.6904571130772,2.06002766432031,166.51024184134823,0.7104839937163113
source_b_v1_14_m5_stratified_volume_zero_100_chronos_only,m5_stratified_volume_zero_100_20260714,M5,14,chronos_bolt_tiny,HOUSEHOLD_1_441_TX_3_validation,378,2360.0,1131.1976932055725,2.9925864899618317,126.50995295290477,0.4793210564430392
source_b_v1_14_m5_stratified_volume_zero_100_chronos_only,m5_stratified_volume_zero_100_20260714,M5,14,chronos_bolt_tiny,HOUSEHOLD_1_460_WI_1_validation,378,237.0,234.8567258119583,0.6213140894496252,161.97793112150524,0.9909566489956046
source_b_v1_14_m5_stratified_volume_zero_100_chronos_only,m5_stratified_volume_zero_100_20260714,M5,14,chronos_bolt_tiny,HOUSEHOLD_2_023_TX_3_validation,378,123.0,123.68817929178476,0.3272174055338221,199.76768034359367,1.005594953591746
source_b_v1_14_m5_stratified_volume_zero_100_chronos_only,m5_stratified_volume_zero_100_20260714,M5,14,chronos_bolt_tiny,HOUSEHOLD_2_041_CA_1_validation,378,147.0,163.7620970904827,0.4332330610859331,190.12298441400978,1.114027871363828
source_b_v1_14_m5_stratified_volume_zero_100_chronos_only,m5_stratified_volume_zero_100_20260714,M5,14,chronos_bolt_tiny,HOUSEHOLD_2_107_TX_2_validation,378,36.0,37.04648952931166,0.09800658605638005,199.87870918506943,1.0290691535919905
source_b_v1_14_m5_stratified_volume_zero_100_chronos_only,m5_stratified_volume_zero_100_20260714,M5,14,chronos_bolt_tiny,HOUSEHOLD_2_133_WI_3_validation,378,61.0,62.25827546417713,0.16470443244491303,199.7085406489031,1.0206274666258546
source_b_v1_14_m5_stratified_volume_zero_100_chronos_only,m5_stratified_volume_zero_100_20260714,M5,14,chronos_bolt_tiny,HOUSEHOLD_2_148_WI_1_validation,378,69.0,70.9560332596302,0.1877143737027254,199.69509677975853,1.0283483081105826
source_b_v1_14_m5_stratified_volume_zero_100_chronos_only,m5_stratified_volume_zero_100_20260714,M5,14,chronos_bolt_tiny,HOUSEHOLD_2_158_CA_1_validation,378,68.0,68.83957566320896,0.18211527953229883,199.79343138918486,1.0123467009295435
source_b_v1_14_m5_stratified_volume_zero_100_chronos_only,m5_stratified_volume_zero_100_20260714,M5,14,chronos_bolt_tiny,HOUSEHOLD_2_192_CA_2_validation,378,88.0,88.67496113479137,0.23458984427193486,199.82595256219977,1.0076700128953566
source_b_v1_14_m5_stratified_volume_zero_100_chronos_only,m5_stratified_volume_zero_100_20260714,M5,14,chronos_bolt_tiny,HOUSEHOLD_2_202_CA_2_validation,378,48.0,49.09265039116144,0.12987473648455408,199.82191345226835,1.0227635498158634
source_b_v1_14_m5_stratified_volume_zero_100_chronos_only,m5_stratified_volume_zero_100_20260714,M5,14,chronos_bolt_tiny,HOUSEHOLD_2_223_CA_3_validation,378,100.0,104.11601586639881,0.27543919541375345,197.95657854114108,1.041160158663988
source_b_v1_14_m5_stratified_volume_zero_100_chronos_only,m5_stratified_volume_zero_100_20260714,M5,14,chronos_bolt_tiny,HOUSEHOLD_2_235_TX_1_validation,378,52.0,53.0545614361763,0.14035598263538704,199.8182037951122,1.020280027618775
source_b_v1_14_m5_stratified_volume_zero_100_chronos_only,m5_stratified_volume_zero_100_20260714,M5,14,chronos_bolt_tiny,HOUSEHOLD_2_246_CA_3_validation,378,113.0,123.09336733818054,0.32564382893698557,196.70903683015518,1.0893218348511553
source_b_v1_14_m5_stratified_volume_zero_100_chronos_only,m5_stratified_volume_zero_100_20260714,M5,14,chronos_bolt_tiny,HOUSEHOLD_2_265_WI_3_validation,378,122.0,124.10274010896683,0.328314127272399,198.88394622118696,1.0172355746636625
source_b_v1_14_m5_stratified_volume_zero_100_chronos_only,m5_stratified_volume_zero_100_20260714,M5,14,chronos_bolt_tiny,HOUSEHOLD_2_422_CA_2_validation,378,87.0,88.25090921670198,0.2334680138007989,199.76361716163734,1.0143782668586434
source_b_v1_14_m5_stratified_volume_zero_100_chronos_only,m5_stratified_volume_zero_100_20260714,M5,14,chronos_bolt_tiny,HOUSEHOLD_2_474_CA_3_validation,378,29.0,30.02507670223713,0.07943141984718817,199.91771996870727,1.0353474724909355
source_b_v1_14_m5_stratified_volume_zero_100_chronos_only,m5_stratified_volume_zero_100_20260714,M5,14,chronos_bolt_tiny,HOUSEHOLD_2_480_WI_2_validation,378,54.0,54.939224041998386,0.14534186254496928,199.81557711605046,1.0173930378147849
source_b_v1_14_m5_stratified_volume_zero_100_chronos_only,m5_stratified_volume_zero_100_20260714,M5,14,chronos2,FOODS_1_026_WI_2_validation,378,234.0,231.36532899737358,0.6120775899401417,178.14157190920614,0.9887407222109982
source_b_v1_14_m5_stratified_volume_zero_100_chronos_only,m5_stratified_volume_zero_100_20260714,M5,14,chronos2,FOODS_1_063_CA_2_validation,378,23.0,26.863653898239136,0.07106786745565909,199.24520205400512,1.1679849520973538
source_b_v1_14_m5_stratified_volume_zero_100_chronos_only,m5_stratified_volume_zero_100_20260714,M5,14,chronos2,FOODS_1_080_WI_2_validation,378,190.0,193.07855540513992,0.5107898291141267,197.37714114098443,1.016202923184947
source_b_v1_14_m5_stratified_volume_zero_100_chronos_only,m5_stratified_volume_zero_100_20260714,M5,14,chronos2,FOODS_1_118_CA_3_validation,378,463.0,450.42712447047234,1.1916061493927839,156.73285466867873,0.9728447612753183
source_b_v1_14_m5_stratified_volume_zero_100_chronos_only,m5_stratified_volume_zero_100_20260714,M5,14,chronos2,FOODS_1_129_WI_2_validation,378,1401.0,902.041736125946,2.3863537992749895,79.33378812219371,0.6438556289264425
source_b_v1_14_m5_stratified_volume_zero_100_chronos_only,m5_stratified_volume_zero_100_20260714,M5,14,chronos2,FOODS_1_171_TX_1_validation,378,168.0,171.61729941517115,0.4540140196168549,196.02656878608923,1.0215315441379236
source_b_v1_14_m5_stratified_volume_zero_100_chronos_only,m5_stratified_volume_zero_100_20260714,M5,14,chronos2,FOODS_1_178_WI_3_validation,378,149.0,150.59689423441887,0.3984044821016372,198.75867356696884,1.010717410969254
source_b_v1_14_m5_stratified_volume_zero_100_chronos_only,m5_stratified_volume_zero_100_20260714,M5,14,chronos2,FOODS_2_001_WI_1_validation,378,389.0,291.8794489139691,0.7721678542697595,148.86833852729052,0.7503327735577612
source_b_v1_14_m5_stratified_volume_zero_100_chronos_only,m5_stratified_volume_zero_100_20260714,M5,14,chronos2,FOODS_2_015_WI_2_validation,378,164.0,169.37250673770905,0.44807541465002393,184.27260019949296,1.0327591874250552
source_b_v1_14_m5_stratified_volume_zero_100_chronos_only,m5_stratified_volume_zero_100_20260714,M5,14,chronos2,FOODS_2_016_CA_2_validation,378,915.0,680.0016233055044,1.7989460934008052,120.72233269014913,0.7431711730114802
source_b_v1_14_m5_stratified_volume_zero_100_chronos_only,m5_stratified_volume_zero_100_20260714,M5,14,chronos2,FOODS_2_027_CA_4_validation,378,83.0,84.41755163669586,0.2233268561817351,199.86740602388173,1.0170789353818779
source_b_v1_14_m5_stratified_volume_zero_100_chronos_only,m5_stratified_volume_zero_100_20260714,M5,14,chronos2,FOODS_2_044_WI_1_validation,378,805.0,538.0279124379158,1.4233542657087719,97.45591082713979,0.6683576552023799
source_b_v1_14_m5_stratified_volume_zero_100_chronos_only,m5_stratified_volume_zero_100_20260714,M5,14,chronos2,FOODS_2_075_CA_2_validation,378,909.0,602.3377264324072,1.593486048762982,128.0371909359666,0.6626377628519331
source_b_v1_14_m5_stratified_volume_zero_100_chronos_only,m5_stratified_volume_zero_100_20260714,M5,14,chronos2,FOODS_2_130_TX_2_validation,378,402.0,381.5531071424484,1.0093997543451017,168.42908796706445,0.9491370824439016
source_b_v1_14_m5_stratified_volume_zero_100_chronos_only,m5_stratified_volume_zero_100_20260714,M5,14,chronos2,FOODS_2_137_CA_4_validation,378,185.0,186.48868921399117,0.4933563206719343,199.35302663691076,1.0080469687242766
source_b_v1_14_m5_stratified_volume_zero_100_chronos_only,m5_stratified_volume_zero_100_20260714,M5,14,chronos2,FOODS_2_140_WI_2_validation,378,568.0,613.6757385581732,1.623480789836437,176.71006039474545,1.0804150326728401
source_b_v1_14_m5_stratified_volume_zero_100_chronos_only,m5_stratified_volume_zero_100_20260714,M5,14,chronos2,FOODS_2_215_TX_2_validation,378,352.0,347.80057809501886,0.9201073494577219,171.49105140620645,0.9880698241335764
source_b_v1_14_m5_stratified_volume_zero_100_chronos_only,m5_stratified_volume_zero_100_20260714,M5,14,chronos2,FOODS_2_233_WI_2_validation,378,2595.0,1193.9191557839513,3.158516285142728,119.83013802796036,0.460084453095935
source_b_v1_14_m5_stratified_volume_zero_100_chronos_only,m5_stratified_volume_zero_100_20260714,M5,14,chronos2,FOODS_2_258_CA_4_validation,378,176.0,177.82074183225632,0.470425242942477,199.0859259536031,1.0103451240469108
source_b_v1_14_m5_stratified_volume_zero_100_chronos_only,m5_stratified_volume_zero_100_20260714,M5,14,chronos2,FOODS_2_261_TX_1_validation,378,73.0,73.73898421227932,0.19507667781026275,199.78302915116478,1.0101230714010865
source_b_v1_14_m5_stratified_volume_zero_100_chronos_only,m5_stratified_volume_zero_100_20260714,M5,14,chronos2,FOODS_2_299_WI_2_validation,378,1143.0,689.227695510257,1.8233536918260769,138.52692658764116,0.6029988587141356
source_b_v1_14_m5_stratified_volume_zero_100_chronos_only,m5_stratified_volume_zero_100_20260714,M5,14,chronos2,FOODS_2_316_TX_3_validation,378,301.0,235.38538804650307,0.6227126667896906,162.889410334128,0.7820112559684488
source_b_v1_14_m5_stratified_volume_zero_100_chronos_only,m5_stratified_volume_zero_100_20260714,M5,14,chronos2,FOODS_2_347_WI_2_validation,378,2351.0,1327.2549074664712,3.5112563689589185,127.88251462050202,0.5645490886714042
source_b_v1_14_m5_stratified_volume_zero_100_chronos_only,m5_stratified_volume_zero_100_20260714,M5,14,chronos2,FOODS_2_357_WI_2_validation,378,2378.0,1565.9177275821567,4.142639490958087,140.8679894177898,0.6585019880496874
source_b_v1_14_m5_stratified_volume_zero_100_chronos_only,m5_stratified_volume_zero_100_20260714,M5,14,chronos2,FOODS_3_009_TX_1_validation,378,240.0,243.69750604778528,0.6447023969518129,194.57284566786777,1.0154062751991053
source_b_v1_14_m5_stratified_volume_zero_100_chronos_only,m5_stratified_volume_zero_100_20260714,M5,14,chronos2,FOODS_3_024_WI_2_validation,378,1369.0,1343.9172343611717,3.555336598839079,132.38320628246646,0.9816780382477515
source_b_v1_14_m5_stratified_volume_zero_100_chronos_only,m5_stratified_volume_zero_100_20260714,M5,14,chronos2,FOODS_3_039_WI_1_validation,378,623.0,227.70511150360107,0.6023944748772515,163.89741519253073,0.365497771273838
source_b_v1_14_m5_stratified_volume_zero_100_chronos_only,m5_stratified_volume_zero_100_20260714,M5,14,chronos2,FOODS_3_073_TX_3_validation,378,349.0,262.40984973311424,0.6942059516749054,181.80853071406162,0.7518906869143674
source_b_v1_14_m5_stratified_volume_zero_100_chronos_only,m5_stratified_volume_zero_100_20260714,M5,14,chronos2,FOODS_3_073_WI_3_validation,378,90.0,108.4993368089199,0.2870352825632802,199.24342878045047,1.2055481867657767
source_b_v1_14_m5_stratified_volume_zero_100_chronos_only,m5_stratified_volume_zero_100_20260714,M5,14,chronos2,FOODS_3_077_CA_3_validation,378,1849.0,1105.4915729165077,2.9245808807315017,101.05956069470017,0.5978861941138495
source_b_v1_14_m5_stratified_volume_zero_100_chronos_only,m5_stratified_volume_zero_100_20260714,M5,14,chronos2,FOODS_3_091_CA_1_validation,378,455.0,325.0904277563095,0.8600275866569035,108.53952683089436,0.7144844566072737
source_b_v1_14_m5_stratified_volume_zero_100_chronos_only,m5_stratified_volume_zero_100_20260714,M5,14,chronos2,FOODS_3_100_WI_1_validation,378,717.0,542.2019725441933,1.434396752762416,99.84207369206021,0.7562091667283031
source_b_v1_14_m5_stratified_volume_zero_100_chronos_only,m5_stratified_volume_zero_100_20260714,M5,14,chronos2,FOODS_3_230_WI_1_validation,378,467.0,361.3199236690998,0.9558728139394175,105.37923704659752,0.7737043333385435
source_b_v1_14_m5_stratified_volume_zero_100_chronos_only,m5_stratified_volume_zero_100_20260714,M5,14,chronos2,FOODS_3_233_WI_1_validation,378,922.0,585.0587024688721,1.5477743451557462,117.67118056474233,0.6345539072330499
source_b_v1_14_m5_stratified_volume_zero_100_chronos_only,m5_stratified_volume_zero_100_20260714,M5,14,chronos2,FOODS_3_233_WI_2_validation,378,2529.0,1151.4805014133453,3.046244712733718,102.72001018396757,0.4553105976327977
source_b_v1_14_m5_stratified_volume_zero_100_chronos_only,m5_stratified_volume_zero_100_20260714,M5,14,chronos2,FOODS_3_236_CA_1_validation,378,578.0,417.4592896103859,1.104389655053931,128.7089053337134,0.7222479059003216
source_b_v1_14_m5_stratified_volume_zero_100_chronos_only,m5_stratified_volume_zero_100_20260714,M5,14,chronos2,FOODS_3_266_CA_1_validation,378,53.0,56.18276199698448,0.14863164549466795,199.34731325166263,1.0600521131506506
source_b_v1_14_m5_stratified_volume_zero_100_chronos_only,m5_stratified_volume_zero_100_20260714,M5,14,chronos2,FOODS_3_320_CA_3_validation,378,903.0,685.7230979800224,1.8140822697884191,97.41833144814228,0.7593832757253848
source_b_v1_14_m5_stratified_volume_zero_100_chronos_only,m5_stratified_volume_zero_100_20260714,M5,14,chronos2,FOODS_3_339_WI_2_validation,378,807.0,581.6056671142578,1.5386393309901,105.00291109733905,0.7207009505752885
source_b_v1_14_m5_stratified_volume_zero_100_chronos_only,m5_stratified_volume_zero_100_20260714,M5,14,chronos2,FOODS_3_345_CA_2_validation,378,7.0,8.020043939352036,0.02121704745860327,199.99293021272874,1.1457205627645766
source_b_v1_14_m5_stratified_volume_zero_100_chronos_only,m5_stratified_volume_zero_100_20260714,M5,14,chronos2,FOODS_3_424_CA_4_validation,378,277.0,275.05872878432274,0.7276685946675204,164.93294478819672,0.992991800665425
source_b_v1_14_m5_stratified_volume_zero_100_chronos_only,m5_stratified_volume_zero_100_20260714,M5,14,chronos2,FOODS_3_444_TX_2_validation,378,2089.0,1002.6906962394714,2.652620889522411,162.41136562108957,0.4799859723501539
source_b_v1_14_m5_stratified_volume_zero_100_chronos_only,m5_stratified_volume_zero_100_20260714,M5,14,chronos2,FOODS_3_457_CA_2_validation,378,153.0,154.05120140314102,0.4075428608548704,198.7603999437816,1.0068705974061505
source_b_v1_14_m5_stratified_volume_zero_100_chronos_only,m5_stratified_volume_zero_100_20260714,M5,14,chronos2,FOODS_3_521_WI_2_validation,378,121.0,121.51257296837866,0.32146183324967903,199.8091824981113,1.0042361402345343
source_b_v1_14_m5_stratified_volume_zero_100_chronos_only,m5_stratified_volume_zero_100_20260714,M5,14,chronos2,FOODS_3_528_TX_3_validation,378,174.0,176.4025617837906,0.4666734438724619,196.86718691423707,1.013807826343624
source_b_v1_14_m5_stratified_volume_zero_100_chronos_only,m5_stratified_volume_zero_100_20260714,M5,14,chronos2,FOODS_3_538_CA_3_validation,378,12.0,16.821650624275208,0.04450172122824129,199.8792555630353,1.4018042186896007
source_b_v1_14_m5_stratified_volume_zero_100_chronos_only,m5_stratified_volume_zero_100_20260714,M5,14,chronos2,FOODS_3_567_CA_3_validation,378,205.0,209.13519598543644,0.5532677142471863,196.51380125085947,1.0201716877338363
source_b_v1_14_m5_stratified_volume_zero_100_chronos_only,m5_stratified_volume_zero_100_20260714,M5,14,chronos2,FOODS_3_583_WI_1_validation,378,173.0,181.73742344975471,0.4807868345231606,180.92471310818874,1.050505337859854
source_b_v1_14_m5_stratified_volume_zero_100_chronos_only,m5_stratified_volume_zero_100_20260714,M5,14,chronos2,FOODS_3_606_CA_4_validation,378,356.0,305.5791208744049,0.8084103726836108,139.9961587748113,0.8583683170629351
source_b_v1_14_m5_stratified_volume_zero_100_chronos_only,m5_stratified_volume_zero_100_20260714,M5,14,chronos2,FOODS_3_698_CA_1_validation,378,476.0,446.55200834572315,1.18135451943313,147.56939724204597,0.9381344713145444
source_b_v1_14_m5_stratified_volume_zero_100_chronos_only,m5_stratified_volume_zero_100_20260714,M5,14,chronos2,FOODS_3_703_CA_1_validation,378,383.0,305.82874381542206,0.8090707508344499,145.90653950249956,0.7985084694919636
source_b_v1_14_m5_stratified_volume_zero_100_chronos_only,m5_stratified_volume_zero_100_20260714,M5,14,chronos2,FOODS_3_760_CA_3_validation,378,3780.0,1538.9137253761292,4.071200331682881,62.2988900386555,0.40712003316828815
source_b_v1_14_m5_stratified_volume_zero_100_chronos_only,m5_stratified_volume_zero_100_20260714,M5,14,chronos2,FOODS_3_780_WI_1_validation,378,1714.0,887.2996106445789,2.347353467313701,70.47903770241206,0.5176777191625315
source_b_v1_14_m5_stratified_volume_zero_100_chronos_only,m5_stratified_volume_zero_100_20260714,M5,14,chronos2,FOODS_3_827_CA_3_validation,378,1792.0,1375.6803262233734,3.6393659423898765,121.40315702919236,0.7676787534728646
source_b_v1_14_m5_stratified_volume_zero_100_chronos_only,m5_stratified_volume_zero_100_20260714,M5,14,chronos2,HOBBIES_1_010_CA_1_validation,378,228.0,233.35219317674637,0.6173338443829269,179.66067603224914,1.0234745314769578
source_b_v1_14_m5_stratified_volume_zero_100_chronos_only,m5_stratified_volume_zero_100_20260714,M5,14,chronos2,HOBBIES_1_014_TX_2_validation,378,2183.0,1187.1374752521515,3.1405753313548983,61.42916562159808,0.5438101123463818
source_b_v1_14_m5_stratified_volume_zero_100_chronos_only,m5_stratified_volume_zero_100_20260714,M5,14,chronos2,HOBBIES_1_047_WI_1_validation,378,321.0,313.0104905962944,0.8280700809425778,166.85915368414382,0.9751105626052785
source_b_v1_14_m5_stratified_volume_zero_100_chronos_only,m5_stratified_volume_zero_100_20260714,M5,14,chronos2,HOBBIES_1_058_WI_3_validation,378,88.0,89.39182019233704,0.23648629680512442,199.62055631837492,1.0158161385492845
source_b_v1_14_m5_stratified_volume_zero_100_chronos_only,m5_stratified_volume_zero_100_20260714,M5,14,chronos2,HOBBIES_1_090_CA_1_validation,378,1429.0,1414.253899872303,3.7414124335246113,173.57532219470917,0.9896808256629133
source_b_v1_14_m5_stratified_volume_zero_100_chronos_only,m5_stratified_volume_zero_100_20260714,M5,14,chronos2,HOBBIES_1_090_TX_1_validation,378,274.0,277.1735246181488,0.7332632926406053,199.26886502214393,1.0115822066355795
source_b_v1_14_m5_stratified_volume_zero_100_chronos_only,m5_stratified_volume_zero_100_20260714,M5,14,chronos2,HOBBIES_1_121_TX_1_validation,378,262.0,263.2946418002248,0.696546671429166,199.61007614924523,1.0049413809168886
source_b_v1_14_m5_stratified_volume_zero_100_chronos_only,m5_stratified_volume_zero_100_20260714,M5,14,chronos2,HOBBIES_1_128_WI_1_validation,378,109.0,109.43775169551373,0.2895178616283432,199.80949654132775,1.0040160706010433
source_b_v1_14_m5_stratified_volume_zero_100_chronos_only,m5_stratified_volume_zero_100_20260714,M5,14,chronos2,HOBBIES_1_156_WI_1_validation,378,233.0,234.66224686801434,0.6207995948889268,198.94588311133913,1.0071341067296753
source_b_v1_14_m5_stratified_volume_zero_100_chronos_only,m5_stratified_volume_zero_100_20260714,M5,14,chronos2,HOBBIES_1_197_TX_3_validation,378,21.0,21.181602843105793,0.05603598635742273,199.98449309275472,1.0086477544336092
source_b_v1_14_m5_stratified_volume_zero_100_chronos_only,m5_stratified_volume_zero_100_20260714,M5,14,chronos2,HOBBIES_1_197_WI_1_validation,378,98.0,98.39948882162571,0.2603161079937188,199.82816591323112,1.0040764165472011
source_b_v1_14_m5_stratified_volume_zero_100_chronos_only,m5_stratified_volume_zero_100_20260714,M5,14,chronos2,HOBBIES_1_234_CA_2_validation,378,980.0,984.7919661998749,2.605269751851521,198.73316192523558,1.0048897614284438
source_b_v1_14_m5_stratified_volume_zero_100_chronos_only,m5_stratified_volume_zero_100_20260714,M5,14,chronos2,HOBBIES_1_320_CA_1_validation,378,338.0,303.4438175857067,0.8027614221844093,152.53393606889892,0.8977627739222092
source_b_v1_14_m5_stratified_volume_zero_100_chronos_only,m5_stratified_volume_zero_100_20260714,M5,14,chronos2,HOBBIES_1_327_TX_3_validation,378,171.0,174.10766106843948,0.4606022779588346,196.79276700682558,1.0181734565405818
source_b_v1_14_m5_stratified_volume_zero_100_chronos_only,m5_stratified_volume_zero_100_20260714,M5,14,chronos2,HOBBIES_1_341_WI_1_validation,378,1982.0,1270.268483877182,3.3604986345957197,82.3266026033458,0.6409023632074581
source_b_v1_14_m5_stratified_volume_zero_100_chronos_only,m5_stratified_volume_zero_100_20260714,M5,14,chronos2,HOBBIES_1_352_CA_3_validation,378,576.0,411.0161319375038,1.0873442643849307,90.595218096342,0.7135696735026108
source_b_v1_14_m5_stratified_volume_zero_100_chronos_only,m5_stratified_volume_zero_100_20260714,M5,14,chronos2,HOBBIES_1_354_TX_3_validation,378,8664.0,2699.3547753095627,7.141150199231648,37.36725763834805,0.3115598771132921
source_b_v1_14_m5_stratified_volume_zero_100_chronos_only,m5_stratified_volume_zero_100_20260714,M5,14,chronos2,HOBBIES_2_058_TX_3_validation,378,125.0,126.73708802461624,0.3352833016524239,183.33176717006114,1.01389670419693
source_b_v1_14_m5_stratified_volume_zero_100_chronos_only,m5_stratified_volume_zero_100_20260714,M5,14,chronos2,HOBBIES_2_076_WI_2_validation,378,85.0,86.00435072183609,0.22752473735935475,199.80909793420315,1.0118158908451305
source_b_v1_14_m5_stratified_volume_zero_100_chronos_only,m5_stratified_volume_zero_100_20260714,M5,14,chronos2,HOBBIES_2_115_WI_3_validation,378,160.0,161.071881711483,0.4261160891838175,199.36615621037672,1.0066992606967688
source_b_v1_14_m5_stratified_volume_zero_100_chronos_only,m5_stratified_volume_zero_100_20260714,M5,14,chronos2,HOUSEHOLD_1_008_TX_3_validation,378,130.0,130.9886809885502,0.3465309020861116,199.3318704984735,1.007605238373463
source_b_v1_14_m5_stratified_volume_zero_100_chronos_only,m5_stratified_volume_zero_100_20260714,M5,14,chronos2,HOUSEHOLD_1_035_CA_2_validation,378,72.0,70.89670221507549,0.18755741326739547,196.1723177630754,0.9846764196538262
source_b_v1_14_m5_stratified_volume_zero_100_chronos_only,m5_stratified_volume_zero_100_20260714,M5,14,chronos2,HOUSEHOLD_1_109_CA_4_validation,378,324.0,292.34629797935486,0.773402904707288,144.9581470241184,0.9023033888251694
source_b_v1_14_m5_stratified_volume_zero_100_chronos_only,m5_stratified_volume_zero_100_20260714,M5,14,chronos2,HOUSEHOLD_1_113_TX_3_validation,378,993.0,698.212887108326,1.8471240399691162,95.03616061147986,0.7031348309247996
source_b_v1_14_m5_stratified_volume_zero_100_chronos_only,m5_stratified_volume_zero_100_20260714,M5,14,chronos2,HOUSEHOLD_1_201_CA_3_validation,378,493.0,509.89491312764585,1.3489283416075286,170.84910231326614,1.034269600664596
source_b_v1_14_m5_stratified_volume_zero_100_chronos_only,m5_stratified_volume_zero_100_20260714,M5,14,chronos2,HOUSEHOLD_1_224_TX_3_validation,378,76.0,76.75724112987518,0.20306148447056926,199.74602900768778,1.009963699077305
source_b_v1_14_m5_stratified_volume_zero_100_chronos_only,m5_stratified_volume_zero_100_20260714,M5,14,chronos2,HOUSEHOLD_1_270_TX_2_validation,378,324.0,314.8608226776123,0.8329651393587627,169.9154282942806,0.9717926625852231
source_b_v1_14_m5_stratified_volume_zero_100_chronos_only,m5_stratified_volume_zero_100_20260714,M5,14,chronos2,HOUSEHOLD_1_346_WI_2_validation,378,322.0,313.1077093780041,0.8283272734867833,161.37115714780384,0.9723841906149194
source_b_v1_14_m5_stratified_volume_zero_100_chronos_only,m5_stratified_volume_zero_100_20260714,M5,14,chronos2,HOUSEHOLD_1_441_TX_2_validation,378,1096.0,704.6734422542776,1.864215455699147,161.48488791784163,0.6429502210349248
source_b_v1_14_m5_stratified_volume_zero_100_chronos_only,m5_stratified_volume_zero_100_20260714,M5,14,chronos2,HOUSEHOLD_1_441_TX_3_validation,378,2360.0,1082.441638305961,2.8636022177406377,126.36195967672828,0.45866171114659365
source_b_v1_14_m5_stratified_volume_zero_100_chronos_only,m5_stratified_volume_zero_100_20260714,M5,14,chronos2,HOUSEHOLD_1_460_WI_1_validation,378,237.0,222.64430856704712,0.5890061073202305,158.057597587706,0.9394274623082157
source_b_v1_14_m5_stratified_volume_zero_100_chronos_only,m5_stratified_volume_zero_100_20260714,M5,14,chronos2,HOUSEHOLD_2_023_TX_3_validation,378,123.0,123.64714918844402,0.32710886028688896,199.66943548020694,1.005261375515805
source_b_v1_14_m5_stratified_volume_zero_100_chronos_only,m5_stratified_volume_zero_100_20260714,M5,14,chronos2,HOUSEHOLD_2_041_CA_1_validation,378,147.0,148.34657335281372,0.39245125225612093,198.81664567704357,1.009160362944311
source_b_v1_14_m5_stratified_volume_zero_100_chronos_only,m5_stratified_volume_zero_100_20260714,M5,14,chronos2,HOUSEHOLD_2_107_TX_2_validation,378,36.0,36.483784168958664,0.09651794753692768,199.94561464212893,1.0134384491377406
source_b_v1_14_m5_stratified_volume_zero_100_chronos_only,m5_stratified_volume_zero_100_20260714,M5,14,chronos2,HOUSEHOLD_2_133_WI_3_validation,378,61.0,61.70314811170101,0.1632358415653466,199.837439013181,1.0115270182246068
source_b_v1_14_m5_stratified_volume_zero_100_chronos_only,m5_stratified_volume_zero_100_20260714,M5,14,chronos2,HOUSEHOLD_2_148_WI_1_validation,378,69.0,69.81830589473248,0.1847045129490277,199.80802786124968,1.0118595057207604
source_b_v1_14_m5_stratified_volume_zero_100_chronos_only,m5_stratified_volume_zero_100_20260714,M5,14,chronos2,HOUSEHOLD_2_158_CA_1_validation,378,68.0,68.52751637995243,0.18128972587289002,199.8692984331129,1.0077575938228298
source_b_v1_14_m5_stratified_volume_zero_100_chronos_only,m5_stratified_volume_zero_100_20260714,M5,14,chronos2,HOUSEHOLD_2_192_CA_2_validation,378,88.0,88.64002764225006,0.23449742762500017,199.77525122219294,1.0072730413892053
source_b_v1_14_m5_stratified_volume_zero_100_chronos_only,m5_stratified_volume_zero_100_20260714,M5,14,chronos2,HOUSEHOLD_2_202_CA_2_validation,378,48.0,48.28995130956173,0.1277511939406395,199.94858565723518,1.006040652282536
source_b_v1_14_m5_stratified_volume_zero_100_chronos_only,m5_stratified_volume_zero_100_20260714,M5,14,chronos2,HOUSEHOLD_2_223_CA_3_validation,378,100.0,100.93700730800629,0.2670291198624505,199.58957645021295,1.0093700730800628
source_b_v1_14_m5_stratified_volume_zero_100_chronos_only,m5_stratified_volume_zero_100_20260714,M5,14,chronos2,HOUSEHOLD_2_235_TX_1_validation,378,52.0,52.50632104277611,0.13890561122427542,199.9143349406612,1.0097369431303098
source_b_v1_14_m5_stratified_volume_zero_100_chronos_only,m5_stratified_volume_zero_100_20260714,M5,14,chronos2,HOUSEHOLD_2_246_CA_3_validation,378,113.0,114.28418117761612,0.3023391036444871,199.53069911729833,1.0113644352001427
source_b_v1_14_m5_stratified_volume_zero_100_chronos_only,m5_stratified_volume_zero_100_20260714,M5,14,chronos2,HOUSEHOLD_2_265_WI_3_validation,378,122.0,122.55393467843533,0.32421675840855907,199.65267425464498,1.0045404481838962
source_b_v1_14_m5_stratified_volume_zero_100_chronos_only,m5_stratified_volume_zero_100_20260714,M5,14,chronos2,HOUSEHOLD_2_422_CA_2_validation,378,87.0,87.714041441679,0.2320477286816905,199.79577115024117,1.008207372892862
source_b_v1_14_m5_stratified_volume_zero_100_chronos_only,m5_stratified_volume_zero_100_20260714,M5,14,chronos2,HOUSEHOLD_2_474_CA_3_validation,378,29.0,29.58756333589554,0.07827397707908873,199.96277761978268,1.020260804686053
source_b_v1_14_m5_stratified_volume_zero_100_chronos_only,m5_stratified_volume_zero_100_20260714,M5,14,chronos2,HOUSEHOLD_2_480_WI_2_validation,378,54.0,54.278145372867584,0.14359297717689837,199.94980948287812,1.0051508402382885
source_b_v1_14_m5_stratified_volume_zero_100_chronos_only,m5_stratified_volume_zero_100_20260714,M5,28,seasonal_naive,FOODS_1_026_WI_2_validation,364,217.0,271.0,0.7445054945054945,85.33751962323392,1.2488479262672811
source_b_v1_14_m5_stratified_volume_zero_100_chronos_only,m5_stratified_volume_zero_100_20260714,M5,28,seasonal_naive,FOODS_1_063_CA_2_validation,364,13.0,13.0,0.03571428571428571,4.395604395604396,1.0
source_b_v1_14_m5_stratified_volume_zero_100_chronos_only,m5_stratified_volume_zero_100_20260714,M5,28,seasonal_naive,FOODS_1_080_WI_2_validation,364,183.0,283.0,0.7774725274725275,99.28571428571428,1.546448087431694
source_b_v1_14_m5_stratified_volume_zero_100_chronos_only,m5_stratified_volume_zero_100_20260714,M5,28,seasonal_naive,FOODS_1_118_CA_3_validation,364,439.0,549.0,1.5082417582417582,117.31555989797747,1.2505694760820045
source_b_v1_14_m5_stratified_volume_zero_100_chronos_only,m5_stratified_volume_zero_100_20260714,M5,28,seasonal_naive,FOODS_1_129_WI_2_validation,364,1342.0,1160.0,3.1868131868131866,103.9157373603981,0.8643815201192251
source_b_v1_14_m5_stratified_volume_zero_100_chronos_only,m5_stratified_volume_zero_100_20260714,M5,28,seasonal_naive,FOODS_1_171_TX_1_validation,364,157.0,251.0,0.6895604395604396,86.83150183150181,1.5987261146496816
source_b_v1_14_m5_stratified_volume_zero_100_chronos_only,m5_stratified_volume_zero_100_20260714,M5,28,seasonal_naive,FOODS_1_178_WI_3_validation,364,149.0,227.0,0.6236263736263736,90.07326007326007,1.523489932885906
source_b_v1_14_m5_stratified_volume_zero_100_chronos_only,m5_stratified_volume_zero_100_20260714,M5,28,seasonal_naive,FOODS_2_001_WI_1_validation,364,360.0,332.0,0.9120879120879121,56.38389388389389,0.9222222222222223
source_b_v1_14_m5_stratified_volume_zero_100_chronos_only,m5_stratified_volume_zero_100_20260714,M5,28,seasonal_naive,FOODS_2_015_WI_2_validation,364,148.0,234.0,0.6428571428571429,61.95970695970696,1.5810810810810811
source_b_v1_14_m5_stratified_volume_zero_100_chronos_only,m5_stratified_volume_zero_100_20260714,M5,28,seasonal_naive,FOODS_2_016_CA_2_validation,364,882.0,820.0,2.2527472527472527,92.42076879296144,0.9297052154195011
source_b_v1_14_m5_stratified_volume_zero_100_chronos_only,m5_stratified_volume_zero_100_20260714,M5,28,seasonal_naive,FOODS_2_027_CA_4_validation,364,83.0,145.0,0.3983516483516483,37.642595499738356,1.7469879518072289
source_b_v1_14_m5_stratified_volume_zero_100_chronos_only,m5_stratified_volume_zero_100_20260714,M5,28,seasonal_naive,FOODS_2_044_WI_1_validation,364,764.0,638.0,1.7527472527472527,91.85965286240013,0.8350785340314136
source_b_v1_14_m5_stratified_volume_zero_100_chronos_only,m5_stratified_volume_zero_100_20260714,M5,28,seasonal_naive,FOODS_2_075_CA_2_validation,364,856.0,718.0,1.9725274725274726,75.50396283670364,0.8387850467289719
source_b_v1_14_m5_stratified_volume_zero_100_chronos_only,m5_stratified_volume_zero_100_20260714,M5,28,seasonal_naive,FOODS_2_130_TX_2_validation,364,394.0,534.0,1.467032967032967,108.13099598813885,1.3553299492385786
source_b_v1_14_m5_stratified_volume_zero_100_chronos_only,m5_stratified_volume_zero_100_20260714,M5,28,seasonal_naive,FOODS_2_137_CA_4_validation,364,182.0,242.0,0.6648351648351648,74.40083725798013,1.3296703296703296
source_b_v1_14_m5_stratified_volume_zero_100_chronos_only,m5_stratified_volume_zero_100_20260714,M5,28,seasonal_naive,FOODS_2_140_WI_2_validation,364,533.0,799.0,2.1950549450549453,65.71949302922663,1.4990619136960601
source_b_v1_14_m5_stratified_volume_zero_100_chronos_only,m5_stratified_volume_zero_100_20260714,M5,28,seasonal_naive,FOODS_2_215_TX_2_validation,364,330.0,416.0,1.1428571428571428,88.41913885869928,1.2606060606060605
source_b_v1_14_m5_stratified_volume_zero_100_chronos_only,m5_stratified_volume_zero_100_20260714,M5,28,seasonal_naive,FOODS_2_233_WI_2_validation,364,2380.0,1532.0,4.208791208791209,39.76296057821181,0.6436974789915967
source_b_v1_14_m5_stratified_volume_zero_100_chronos_only,m5_stratified_volume_zero_100_20260714,M5,28,seasonal_naive,FOODS_2_258_CA_4_validation,364,169.0,327.0,0.8983516483516484,78.14102564102564,1.9349112426035502
source_b_v1_14_m5_stratified_volume_zero_100_chronos_only,m5_stratified_volume_zero_100_20260714,M5,28,seasonal_naive,FOODS_2_261_TX_1_validation,364,73.0,115.0,0.3159340659340659,54.76190476190476,1.5753424657534247
source_b_v1_14_m5_stratified_volume_zero_100_chronos_only,m5_stratified_volume_zero_100_20260714,M5,28,seasonal_naive,FOODS_2_299_WI_2_validation,364,1050.0,836.0,2.2967032967032965,56.37855745728775,0.7961904761904762
source_b_v1_14_m5_stratified_volume_zero_100_chronos_only,m5_stratified_volume_zero_100_20260714,M5,28,seasonal_naive,FOODS_2_316_TX_3_validation,364,266.0,270.0,0.7417582417582418,52.220755435041156,1.0150375939849625
source_b_v1_14_m5_stratified_volume_zero_100_chronos_only,m5_stratified_volume_zero_100_20260714,M5,28,seasonal_naive,FOODS_2_347_WI_2_validation,364,2201.0,1567.0,4.304945054945055,45.756654277945444,0.7119491140390731
source_b_v1_14_m5_stratified_volume_zero_100_chronos_only,m5_stratified_volume_zero_100_20260714,M5,28,seasonal_naive,FOODS_2_357_WI_2_validation,364,2200.0,2000.0,5.4945054945054945,58.90294390801215,0.9090909090909091
source_b_v1_14_m5_stratified_volume_zero_100_chronos_only,m5_stratified_volume_zero_100_20260714,M5,28,seasonal_naive,FOODS_3_009_TX_1_validation,364,239.0,339.0,0.9313186813186813,85.64962814962816,1.4184100418410042
source_b_v1_14_m5_stratified_volume_zero_100_chronos_only,m5_stratified_volume_zero_100_20260714,M5,28,seasonal_naive,FOODS_3_024_WI_2_validation,364,1369.0,1449.0,3.980769230769231,69.38495058748714,1.058436815193572
source_b_v1_14_m5_stratified_volume_zero_100_chronos_only,m5_stratified_volume_zero_100_20260714,M5,28,seasonal_naive,FOODS_3_039_WI_1_validation,364,518.0,278.0,0.7637362637362637,16.90592884824357,0.5366795366795367
source_b_v1_14_m5_stratified_volume_zero_100_chronos_only,m5_stratified_volume_zero_100_20260714,M5,28,seasonal_naive,FOODS_3_073_TX_3_validation,364,349.0,387.0,1.0631868131868132,34.27722121378774,1.1088825214899714
source_b_v1_14_m5_stratified_volume_zero_100_chronos_only,m5_stratified_volume_zero_100_20260714,M5,28,seasonal_naive,FOODS_3_073_WI_3_validation,364,90.0,162.0,0.44505494505494503,28.13186813186813,1.8
source_b_v1_14_m5_stratified_volume_zero_100_chronos_only,m5_stratified_volume_zero_100_20260714,M5,28,seasonal_naive,FOODS_3_077_CA_3_validation,364,1849.0,1455.0,3.9972527472527473,97.0125970056105,0.7869118442401298
source_b_v1_14_m5_stratified_volume_zero_100_chronos_only,m5_stratified_volume_zero_100_20260714,M5,28,seasonal_naive,FOODS_3_091_CA_1_validation,364,443.0,405.0,1.1126373626373627,91.10936682365254,0.9142212189616253
source_b_v1_14_m5_stratified_volume_zero_100_chronos_only,m5_stratified_volume_zero_100_20260714,M5,28,seasonal_naive,FOODS_3_100_WI_1_validation,364,692.0,674.0,1.8516483516483517,108.44706073212862,0.9739884393063584
source_b_v1_14_m5_stratified_volume_zero_100_chronos_only,m5_stratified_volume_zero_100_20260714,M5,28,seasonal_naive,FOODS_3_230_WI_1_validation,364,452.0,420.0,1.1538461538461537,103.12532705389847,0.9292035398230089
source_b_v1_14_m5_stratified_volume_zero_100_chronos_only,m5_stratified_volume_zero_100_20260714,M5,28,seasonal_naive,FOODS_3_233_WI_1_validation,364,866.0,718.0,1.9725274725274726,64.42427535834129,0.8290993071593533
source_b_v1_14_m5_stratified_volume_zero_100_chronos_only,m5_stratified_volume_zero_100_20260714,M5,28,seasonal_naive,FOODS_3_233_WI_2_validation,364,2352.0,1504.0,4.131868131868132,52.86545576324618,0.6394557823129252
source_b_v1_14_m5_stratified_volume_zero_100_chronos_only,m5_stratified_volume_zero_100_20260714,M5,28,seasonal_naive,FOODS_3_236_CA_1_validation,364,546.0,500.0,1.3736263736263736,79.7653933368219,0.9157509157509157
source_b_v1_14_m5_stratified_volume_zero_100_chronos_only,m5_stratified_volume_zero_100_20260714,M5,28,seasonal_naive,FOODS_3_266_CA_1_validation,364,52.0,82.0,0.22527472527472528,37.637362637362635,1.5769230769230769
source_b_v1_14_m5_stratified_volume_zero_100_chronos_only,m5_stratified_volume_zero_100_20260714,M5,28,seasonal_naive,FOODS_3_320_CA_3_validation,364,878.0,882.0,2.423076923076923,103.68495596194369,1.0045558086560364
source_b_v1_14_m5_stratified_volume_zero_100_chronos_only,m5_stratified_volume_zero_100_20260714,M5,28,seasonal_naive,FOODS_3_339_WI_2_validation,364,771.0,777.0,2.1346153846153846,99.07052196887362,1.0077821011673151
source_b_v1_14_m5_stratified_volume_zero_100_chronos_only,m5_stratified_volume_zero_100_20260714,M5,28,seasonal_naive,FOODS_3_345_CA_2_validation,364,2.0,2.0,0.005494505494505495,0.5494505494505495,1.0
source_b_v1_14_m5_stratified_volume_zero_100_chronos_only,m5_stratified_volume_zero_100_20260714,M5,28,seasonal_naive,FOODS_3_424_CA_4_validation,364,270.0,316.0,0.8681318681318682,111.5096807953951,1.1703703703703703
source_b_v1_14_m5_stratified_volume_zero_100_chronos_only,m5_stratified_volume_zero_100_20260714,M5,28,seasonal_naive,FOODS_3_444_TX_2_validation,364,2089.0,1997.0,5.486263736263736,40.77176309863473,0.9559597893729057
source_b_v1_14_m5_stratified_volume_zero_100_chronos_only,m5_stratified_volume_zero_100_20260714,M5,28,seasonal_naive,FOODS_3_457_CA_2_validation,364,138.0,182.0,0.5,68.58974358974359,1.318840579710145
source_b_v1_14_m5_stratified_volume_zero_100_chronos_only,m5_stratified_volume_zero_100_20260714,M5,28,seasonal_naive,FOODS_3_521_WI_2_validation,364,117.0,225.0,0.6181318681318682,82.12454212454212,1.9230769230769231
source_b_v1_14_m5_stratified_volume_zero_100_chronos_only,m5_stratified_volume_zero_100_20260714,M5,28,seasonal_naive,FOODS_3_528_TX_3_validation,364,167.0,255.0,0.7005494505494505,97.43589743589742,1.526946107784431
source_b_v1_14_m5_stratified_volume_zero_100_chronos_only,m5_stratified_volume_zero_100_20260714,M5,28,seasonal_naive,FOODS_3_538_CA_3_validation,364,12.0,12.0,0.03296703296703297,4.945054945054945,1.0
source_b_v1_14_m5_stratified_volume_zero_100_chronos_only,m5_stratified_volume_zero_100_20260714,M5,28,seasonal_naive,FOODS_3_567_CA_3_validation,364,201.0,287.0,0.7884615384615384,92.73155416012558,1.427860696517413
source_b_v1_14_m5_stratified_volume_zero_100_chronos_only,m5_stratified_volume_zero_100_20260714,M5,28,seasonal_naive,FOODS_3_583_WI_1_validation,364,163.0,237.0,0.6510989010989011,70.17050409907554,1.4539877300613497
source_b_v1_14_m5_stratified_volume_zero_100_chronos_only,m5_stratified_volume_zero_100_20260714,M5,28,seasonal_naive,FOODS_3_606_CA_4_validation,364,326.0,350.0,0.9615384615384616,98.6734693877551,1.0736196319018405
source_b_v1_14_m5_stratified_volume_zero_100_chronos_only,m5_stratified_volume_zero_100_20260714,M5,28,seasonal_naive,FOODS_3_698_CA_1_validation,364,468.0,528.0,1.4505494505494505,112.13500784929356,1.1282051282051282
source_b_v1_14_m5_stratified_volume_zero_100_chronos_only,m5_stratified_volume_zero_100_20260714,M5,28,seasonal_naive,FOODS_3_703_CA_1_validation,364,368.0,434.0,1.1923076923076923,82.00466200466201,1.1793478260869565
source_b_v1_14_m5_stratified_volume_zero_100_chronos_only,m5_stratified_volume_zero_100_20260714,M5,28,seasonal_naive,FOODS_3_760_CA_3_validation,364,3544.0,1910.0,5.247252747252747,65.70039896100994,0.5389390519187359
source_b_v1_14_m5_stratified_volume_zero_100_chronos_only,m5_stratified_volume_zero_100_20260714,M5,28,seasonal_naive,FOODS_3_780_WI_1_validation,364,1610.0,1296.0,3.5604395604395602,90.4858204389101,0.8049689440993789
source_b_v1_14_m5_stratified_volume_zero_100_chronos_only,m5_stratified_volume_zero_100_20260714,M5,28,seasonal_naive,FOODS_3_827_CA_3_validation,364,1707.0,1879.0,5.162087912087912,112.31619571481292,1.1007615700058582
source_b_v1_14_m5_stratified_volume_zero_100_chronos_only,m5_stratified_volume_zero_100_20260714,M5,28,seasonal_naive,HOBBIES_1_010_CA_1_validation,364,224.0,264.0,0.7252747252747253,103.77289377289378,1.1785714285714286
source_b_v1_14_m5_stratified_volume_zero_100_chronos_only,m5_stratified_volume_zero_100_20260714,M5,28,seasonal_naive,HOBBIES_1_014_TX_2_validation,364,2111.0,1591.0,4.3708791208791204,86.39861764914953,0.753671245855045
source_b_v1_14_m5_stratified_volume_zero_100_chronos_only,m5_stratified_volume_zero_100_20260714,M5,28,seasonal_naive,HOBBIES_1_047_WI_1_validation,364,321.0,471.0,1.293956043956044,120.89291660720232,1.4672897196261683
source_b_v1_14_m5_stratified_volume_zero_100_chronos_only,m5_stratified_volume_zero_100_20260714,M5,28,seasonal_naive,HOBBIES_1_058_WI_3_validation,364,85.0,131.0,0.3598901098901099,57.23443223443224,1.5411764705882354
source_b_v1_14_m5_stratified_volume_zero_100_chronos_only,m5_stratified_volume_zero_100_20260714,M5,28,seasonal_naive,HOBBIES_1_090_CA_1_validation,364,1363.0,2089.0,5.739010989010989,124.58908402051428,1.532648569332355
source_b_v1_14_m5_stratified_volume_zero_100_chronos_only,m5_stratified_volume_zero_100_20260714,M5,28,seasonal_naive,HOBBIES_1_090_TX_1_validation,364,264.0,614.0,1.6868131868131868,58.35164835164836,2.3257575757575757
source_b_v1_14_m5_stratified_volume_zero_100_chronos_only,m5_stratified_volume_zero_100_20260714,M5,28,seasonal_naive,HOBBIES_1_121_TX_1_validation,364,255.0,439.0,1.206043956043956,57.44113029827316,1.7215686274509805
source_b_v1_14_m5_stratified_volume_zero_100_chronos_only,m5_stratified_volume_zero_100_20260714,M5,28,seasonal_naive,HOBBIES_1_128_WI_1_validation,364,103.0,169.0,0.4642857142857143,74.90842490842489,1.6407766990291262
source_b_v1_14_m5_stratified_volume_zero_100_chronos_only,m5_stratified_volume_zero_100_20260714,M5,28,seasonal_naive,HOBBIES_1_156_WI_1_validation,364,225.0,349.0,0.9587912087912088,98.32810047095761,1.551111111111111
source_b_v1_14_m5_stratified_volume_zero_100_chronos_only,m5_stratified_volume_zero_100_20260714,M5,28,seasonal_naive,HOBBIES_1_197_TX_3_validation,364,17.0,25.0,0.06868131868131869,13.186813186813188,1.4705882352941178
source_b_v1_14_m5_stratified_volume_zero_100_chronos_only,m5_stratified_volume_zero_100_20260714,M5,28,seasonal_naive,HOBBIES_1_197_WI_1_validation,364,95.0,147.0,0.40384615384615385,65.01831501831502,1.5473684210526315
source_b_v1_14_m5_stratified_volume_zero_100_chronos_only,m5_stratified_volume_zero_100_20260714,M5,28,seasonal_naive,HOBBIES_1_234_CA_2_validation,364,917.0,1387.0,3.8104395604395602,70.40193553438871,1.5125408942202836
source_b_v1_14_m5_stratified_volume_zero_100_chronos_only,m5_stratified_volume_zero_100_20260714,M5,28,seasonal_naive,HOBBIES_1_320_CA_1_validation,364,324.0,360.0,0.989010989010989,106.42595499738357,1.1111111111111112
source_b_v1_14_m5_stratified_volume_zero_100_chronos_only,m5_stratified_volume_zero_100_20260714,M5,28,seasonal_naive,HOBBIES_1_327_TX_3_validation,364,161.0,205.0,0.5631868131868132,89.21245421245422,1.2732919254658386
source_b_v1_14_m5_stratified_volume_zero_100_chronos_only,m5_stratified_volume_zero_100_20260714,M5,28,seasonal_naive,HOBBIES_1_341_WI_1_validation,364,1897.0,1687.0,4.634615384615385,93.46624284557141,0.8892988929889298
source_b_v1_14_m5_stratified_volume_zero_100_chronos_only,m5_stratified_volume_zero_100_20260714,M5,28,seasonal_naive,HOBBIES_1_352_CA_3_validation,364,561.0,579.0,1.5906593406593406,107.34345325004666,1.032085561497326
source_b_v1_14_m5_stratified_volume_zero_100_chronos_only,m5_stratified_volume_zero_100_20260714,M5,28,seasonal_naive,HOBBIES_1_354_TX_3_validation,364,8367.0,2945.0,8.090659340659341,39.2335849467699,0.35197800884426916
source_b_v1_14_m5_stratified_volume_zero_100_chronos_only,m5_stratified_volume_zero_100_20260714,M5,28,seasonal_naive,HOBBIES_2_058_TX_3_validation,364,117.0,161.0,0.4423076923076923,57.49084249084249,1.376068376068376
source_b_v1_14_m5_stratified_volume_zero_100_chronos_only,m5_stratified_volume_zero_100_20260714,M5,28,seasonal_naive,HOBBIES_2_076_WI_2_validation,364,82.0,156.0,0.42857142857142855,62.747252747252745,1.9024390243902438
source_b_v1_14_m5_stratified_volume_zero_100_chronos_only,m5_stratified_volume_zero_100_20260714,M5,28,seasonal_naive,HOBBIES_2_115_WI_3_validation,364,151.0,271.0,0.7445054945054945,95.87912087912088,1.794701986754967
source_b_v1_14_m5_stratified_volume_zero_100_chronos_only,m5_stratified_volume_zero_100_20260714,M5,28,seasonal_naive,HOUSEHOLD_1_008_TX_3_validation,364,126.0,198.0,0.5439560439560439,89.74358974358974,1.5714285714285714
source_b_v1_14_m5_stratified_volume_zero_100_chronos_only,m5_stratified_volume_zero_100_20260714,M5,28,seasonal_naive,HOUSEHOLD_1_035_CA_2_validation,364,49.0,55.0,0.1510989010989011,17.857142857142858,1.1224489795918366
source_b_v1_14_m5_stratified_volume_zero_100_chronos_only,m5_stratified_volume_zero_100_20260714,M5,28,seasonal_naive,HOUSEHOLD_1_109_CA_4_validation,364,309.0,341.0,0.9368131868131868,104.91889063317635,1.103559870550162
source_b_v1_14_m5_stratified_volume_zero_100_chronos_only,m5_stratified_volume_zero_100_20260714,M5,28,seasonal_naive,HOUSEHOLD_1_113_TX_3_validation,364,948.0,878.0,2.412087912087912,105.33081692422353,0.9261603375527426
source_b_v1_14_m5_stratified_volume_zero_100_chronos_only,m5_stratified_volume_zero_100_20260714,M5,28,seasonal_naive,HOUSEHOLD_1_201_CA_3_validation,364,472.0,662.0,1.8186813186813187,123.34118262689691,1.402542372881356
source_b_v1_14_m5_stratified_volume_zero_100_chronos_only,m5_stratified_volume_zero_100_20260714,M5,28,seasonal_naive,HOUSEHOLD_1_224_TX_3_validation,364,70.0,138.0,0.3791208791208791,53.58974358974359,1.9714285714285715
source_b_v1_14_m5_stratified_volume_zero_100_chronos_only,m5_stratified_volume_zero_100_20260714,M5,28,seasonal_naive,HOUSEHOLD_1_270_TX_2_validation,364,306.0,362.0,0.9945054945054945,106.4625850340136,1.1830065359477124
source_b_v1_14_m5_stratified_volume_zero_100_chronos_only,m5_stratified_volume_zero_100_20260714,M5,28,seasonal_naive,HOUSEHOLD_1_346_WI_2_validation,364,310.0,348.0,0.9560439560439561,111.37362637362638,1.1225806451612903
source_b_v1_14_m5_stratified_volume_zero_100_chronos_only,m5_stratified_volume_zero_100_20260714,M5,28,seasonal_naive,HOUSEHOLD_1_441_TX_2_validation,364,1093.0,971.0,2.6675824175824174,54.512788716807,0.888380603842635
source_b_v1_14_m5_stratified_volume_zero_100_chronos_only,m5_stratified_volume_zero_100_20260714,M5,28,seasonal_naive,HOUSEHOLD_1_441_TX_3_validation,364,2298.0,1242.0,3.412087912087912,35.72115999814333,0.5404699738903395
source_b_v1_14_m5_stratified_volume_zero_100_chronos_only,m5_stratified_volume_zero_100_20260714,M5,28,seasonal_naive,HOUSEHOLD_1_460_WI_1_validation,364,231.0,283.0,0.7774725274725275,92.06959706959707,1.225108225108225
source_b_v1_14_m5_stratified_volume_zero_100_chronos_only,m5_stratified_volume_zero_100_20260714,M5,28,seasonal_naive,HOUSEHOLD_2_023_TX_3_validation,364,120.0,182.0,0.5,68.49816849816848,1.5166666666666666
source_b_v1_14_m5_stratified_volume_zero_100_chronos_only,m5_stratified_volume_zero_100_20260714,M5,28,seasonal_naive,HOUSEHOLD_2_041_CA_1_validation,364,142.0,226.0,0.6208791208791209,93.3150183150183,1.591549295774648
source_b_v1_14_m5_stratified_volume_zero_100_chronos_only,m5_stratified_volume_zero_100_20260714,M5,28,seasonal_naive,HOUSEHOLD_2_107_TX_2_validation,364,35.0,65.0,0.17857142857142858,32.6007326007326,1.8571428571428572
source_b_v1_14_m5_stratified_volume_zero_100_chronos_only,m5_stratified_volume_zero_100_20260714,M5,28,seasonal_naive,HOUSEHOLD_2_133_WI_3_validation,364,59.0,109.0,0.29945054945054944,52.930402930402934,1.847457627118644
source_b_v1_14_m5_stratified_volume_zero_100_chronos_only,m5_stratified_volume_zero_100_20260714,M5,28,seasonal_naive,HOUSEHOLD_2_148_WI_1_validation,364,64.0,114.0,0.3131868131868132,58.97435897435898,1.78125
source_b_v1_14_m5_stratified_volume_zero_100_chronos_only,m5_stratified_volume_zero_100_20260714,M5,28,seasonal_naive,HOUSEHOLD_2_158_CA_1_validation,364,68.0,130.0,0.35714285714285715,58.974358974358964,1.911764705882353
source_b_v1_14_m5_stratified_volume_zero_100_chronos_only,m5_stratified_volume_zero_100_20260714,M5,28,seasonal_naive,HOUSEHOLD_2_192_CA_2_validation,364,84.0,132.0,0.3626373626373626,62.08791208791209,1.5714285714285714
source_b_v1_14_m5_stratified_volume_zero_100_chronos_only,m5_stratified_volume_zero_100_20260714,M5,28,seasonal_naive,HOUSEHOLD_2_202_CA_2_validation,364,48.0,64.0,0.17582417582417584,29.3040293040293,1.3333333333333333
source_b_v1_14_m5_stratified_volume_zero_100_chronos_only,m5_stratified_volume_zero_100_20260714,M5,28,seasonal_naive,HOUSEHOLD_2_223_CA_3_validation,364,96.0,152.0,0.4175824175824176,72.71062271062272,1.5833333333333333
source_b_v1_14_m5_stratified_volume_zero_100_chronos_only,m5_stratified_volume_zero_100_20260714,M5,28,seasonal_naive,HOUSEHOLD_2_235_TX_1_validation,364,50.0,90.0,0.24725274725274726,44.87179487179487,1.8
source_b_v1_14_m5_stratified_volume_zero_100_chronos_only,m5_stratified_volume_zero_100_20260714,M5,28,seasonal_naive,HOUSEHOLD_2_246_CA_3_validation,364,107.0,193.0,0.5302197802197802,77.14285714285715,1.8037383177570094
source_b_v1_14_m5_stratified_volume_zero_100_chronos_only,m5_stratified_volume_zero_100_20260714,M5,28,seasonal_naive,HOUSEHOLD_2_265_WI_3_validation,364,117.0,155.0,0.4258241758241758,69.6886446886447,1.3247863247863247
source_b_v1_14_m5_stratified_volume_zero_100_chronos_only,m5_stratified_volume_zero_100_20260714,M5,28,seasonal_naive,HOUSEHOLD_2_422_CA_2_validation,364,85.0,167.0,0.45879120879120877,66.57509157509158,1.964705882352941
source_b_v1_14_m5_stratified_volume_zero_100_chronos_only,m5_stratified_volume_zero_100_20260714,M5,28,seasonal_naive,HOUSEHOLD_2_474_CA_3_validation,364,29.0,63.0,0.17307692307692307,30.76923076923077,2.1724137931034484
source_b_v1_14_m5_stratified_volume_zero_100_chronos_only,m5_stratified_volume_zero_100_20260714,M5,28,seasonal_naive,HOUSEHOLD_2_480_WI_2_validation,364,49.0,69.0,0.18956043956043955,35.8974358974359,1.4081632653061225
source_b_v1_14_m5_stratified_volume_zero_100_chronos_only,m5_stratified_volume_zero_100_20260714,M5,28,lightgbm_cov,FOODS_1_026_WI_2_validation,364,217.0,250.6901956424117,0.6887093286879442,143.83949287571517,1.1552543577991323
source_b_v1_14_m5_stratified_volume_zero_100_chronos_only,m5_stratified_volume_zero_100_20260714,M5,28,lightgbm_cov,FOODS_1_063_CA_2_validation,364,13.0,196.22858309932053,0.5390895140091223,198.0059778372505,15.094506392255425
source_b_v1_14_m5_stratified_volume_zero_100_chronos_only,m5_stratified_volume_zero_100_20260714,M5,28,lightgbm_cov,FOODS_1_080_WI_2_validation,364,183.0,229.9643796980381,0.6317702738957091,156.3226054832506,1.256635954634088
source_b_v1_14_m5_stratified_volume_zero_100_chronos_only,m5_stratified_volume_zero_100_20260714,M5,28,lightgbm_cov,FOODS_1_118_CA_3_validation,364,439.0,555.1074239313602,1.5250203954158248,121.12554978526771,1.2644816034882922
source_b_v1_14_m5_stratified_volume_zero_100_chronos_only,m5_stratified_volume_zero_100_20260714,M5,28,lightgbm_cov,FOODS_1_129_WI_2_validation,364,1342.0,1243.8309008777142,3.4171178595541596,87.64417275200762,0.9268486593723653
source_b_v1_14_m5_stratified_volume_zero_100_chronos_only,m5_stratified_volume_zero_100_20260714,M5,28,lightgbm_cov,FOODS_1_171_TX_1_validation,364,157.0,218.84125416725874,0.6012122367232383,171.5733553916912,1.3938933386449601
source_b_v1_14_m5_stratified_volume_zero_100_chronos_only,m5_stratified_volume_zero_100_20260714,M5,28,lightgbm_cov,FOODS_1_178_WI_3_validation,364,149.0,209.980084894225,0.5768683650940247,169.3589518448706,1.4092623147263423
source_b_v1_14_m5_stratified_volume_zero_100_chronos_only,m5_stratified_volume_zero_100_20260714,M5,28,lightgbm_cov,FOODS_2_001_WI_1_validation,364,360.0,332.03938253223896,0.9121961058577993,143.94313355117137,0.9223316181451082
source_b_v1_14_m5_stratified_volume_zero_100_chronos_only,m5_stratified_volume_zero_100_20260714,M5,28,lightgbm_cov,FOODS_2_015_WI_2_validation,364,148.0,294.35949056595564,0.8086799191372408,169.1968097572482,1.9889154767969977
source_b_v1_14_m5_stratified_volume_zero_100_chronos_only,m5_stratified_volume_zero_100_20260714,M5,28,lightgbm_cov,FOODS_2_016_CA_2_validation,364,882.0,651.3516095721279,1.7894274988245273,109.290871393834,0.7384938884037732
source_b_v1_14_m5_stratified_volume_zero_100_chronos_only,m5_stratified_volume_zero_100_20260714,M5,28,lightgbm_cov,FOODS_2_027_CA_4_validation,364,83.0,271.0558224245906,0.7446588528148093,188.34977749087653,3.265732800296272
source_b_v1_14_m5_stratified_volume_zero_100_chronos_only,m5_stratified_volume_zero_100_20260714,M5,28,lightgbm_cov,FOODS_2_044_WI_1_validation,364,764.0,532.3230229467154,1.462425887216251,97.05886845818559,0.6967578834381091
source_b_v1_14_m5_stratified_volume_zero_100_chronos_only,m5_stratified_volume_zero_100_20260714,M5,28,lightgbm_cov,FOODS_2_075_CA_2_validation,364,856.0,582.0231418975745,1.598964675542787,119.57192150398375,0.6799335769831478
source_b_v1_14_m5_stratified_volume_zero_100_chronos_only,m5_stratified_volume_zero_100_20260714,M5,28,lightgbm_cov,FOODS_2_130_TX_2_validation,364,394.0,391.4254250526428,1.0753445743204473,119.70009619736364,0.9934655458188905
source_b_v1_14_m5_stratified_volume_zero_100_chronos_only,m5_stratified_volume_zero_100_20260714,M5,28,lightgbm_cov,FOODS_2_137_CA_4_validation,364,182.0,281.00052981078625,0.77197947750216,170.59616069964312,1.54395895500432
source_b_v1_14_m5_stratified_volume_zero_100_chronos_only,m5_stratified_volume_zero_100_20260714,M5,28,lightgbm_cov,FOODS_2_140_WI_2_validation,364,533.0,934.1454644780606,2.5663336936210457,178.88950893371103,1.7526181322290069
source_b_v1_14_m5_stratified_volume_zero_100_chronos_only,m5_stratified_volume_zero_100_20260714,M5,28,lightgbm_cov,FOODS_2_215_TX_2_validation,364,330.0,381.6620836611837,1.0485222078603949,155.2728039504409,1.1565517686702538
source_b_v1_14_m5_stratified_volume_zero_100_chronos_only,m5_stratified_volume_zero_100_20260714,M5,28,lightgbm_cov,FOODS_2_233_WI_2_validation,364,2380.0,1806.3980066799559,4.962631886483395,144.58591769500902,0.7589907591092252
source_b_v1_14_m5_stratified_volume_zero_100_chronos_only,m5_stratified_volume_zero_100_20260714,M5,28,lightgbm_cov,FOODS_2_258_CA_4_validation,364,169.0,310.5868342667818,0.85326053369995,164.6677487280472,1.8377919187383538
source_b_v1_14_m5_stratified_volume_zero_100_chronos_only,m5_stratified_volume_zero_100_20260714,M5,28,lightgbm_cov,FOODS_2_261_TX_1_validation,364,73.0,135.188509657979,0.3713970045548874,185.75068522537816,1.851897392575055
source_b_v1_14_m5_stratified_volume_zero_100_chronos_only,m5_stratified_volume_zero_100_20260714,M5,28,lightgbm_cov,FOODS_2_299_WI_2_validation,364,1050.0,775.8000560943037,2.131318835423911,142.37820974249422,0.7388571962802892
source_b_v1_14_m5_stratified_volume_zero_100_chronos_only,m5_stratified_volume_zero_100_20260714,M5,28,lightgbm_cov,FOODS_2_316_TX_3_validation,364,266.0,296.2662060651928,0.8139181485307495,162.60196977277425,1.113782729568394
source_b_v1_14_m5_stratified_volume_zero_100_chronos_only,m5_stratified_volume_zero_100_20260714,M5,28,lightgbm_cov,FOODS_2_347_WI_2_validation,364,2201.0,1527.9593767467886,4.19769059545821,140.4934399376092,0.6942114387763693
source_b_v1_14_m5_stratified_volume_zero_100_chronos_only,m5_stratified_volume_zero_100_20260714,M5,28,lightgbm_cov,FOODS_2_357_WI_2_validation,364,2200.0,1728.5875638071448,4.748866933536112,152.4108432858321,0.7857216199123386
source_b_v1_14_m5_stratified_volume_zero_100_chronos_only,m5_stratified_volume_zero_100_20260714,M5,28,lightgbm_cov,FOODS_3_009_TX_1_validation,364,239.0,325.18916764110327,0.8933768341788552,156.63854285805246,1.3606241323895534
source_b_v1_14_m5_stratified_volume_zero_100_chronos_only,m5_stratified_volume_zero_100_20260714,M5,28,lightgbm_cov,FOODS_3_024_WI_2_validation,364,1369.0,1057.0362633597106,2.903945778460743,127.98706120824797,0.7721229096856908
source_b_v1_14_m5_stratified_volume_zero_100_chronos_only,m5_stratified_volume_zero_100_20260714,M5,28,lightgbm_cov,FOODS_3_039_WI_1_validation,364,518.0,470.0422653146088,1.2913249047104638,171.31977064953594,0.9074175006073529
source_b_v1_14_m5_stratified_volume_zero_100_chronos_only,m5_stratified_volume_zero_100_20260714,M5,28,lightgbm_cov,FOODS_3_073_TX_3_validation,364,349.0,538.7795010283589,1.4801634643636234,182.291061713095,1.5437808052388509
source_b_v1_14_m5_stratified_volume_zero_100_chronos_only,m5_stratified_volume_zero_100_20260714,M5,28,lightgbm_cov,FOODS_3_073_WI_3_validation,364,90.0,351.06923247873783,0.9644759134031259,194.7994513365901,3.9007692497637536
source_b_v1_14_m5_stratified_volume_zero_100_chronos_only,m5_stratified_volume_zero_100_20260714,M5,28,lightgbm_cov,FOODS_3_077_CA_3_validation,364,1849.0,1206.5275748968124,3.3146361947714627,90.81226596625223,0.6525297863152041
source_b_v1_14_m5_stratified_volume_zero_100_chronos_only,m5_stratified_volume_zero_100_20260714,M5,28,lightgbm_cov,FOODS_3_091_CA_1_validation,364,443.0,331.88225565850735,0.911764438622273,102.93591676393248,0.7491698773329737
source_b_v1_14_m5_stratified_volume_zero_100_chronos_only,m5_stratified_volume_zero_100_20260714,M5,28,lightgbm_cov,FOODS_3_100_WI_1_validation,364,692.0,521.3753215968609,1.4323497846067608,92.43789950864428,0.7534325456602036
source_b_v1_14_m5_stratified_volume_zero_100_chronos_only,m5_stratified_volume_zero_100_20260714,M5,28,lightgbm_cov,FOODS_3_230_WI_1_validation,364,452.0,346.1391918063164,0.9509318456217483,98.35354353594884,0.7657946721378681
source_b_v1_14_m5_stratified_volume_zero_100_chronos_only,m5_stratified_volume_zero_100_20260714,M5,28,lightgbm_cov,FOODS_3_233_WI_1_validation,364,866.0,622.8646621853113,1.7111666543552508,118.33234216305077,0.7192432588744935
source_b_v1_14_m5_stratified_volume_zero_100_chronos_only,m5_stratified_volume_zero_100_20260714,M5,28,lightgbm_cov,FOODS_3_233_WI_2_validation,364,2352.0,1398.242695748806,3.8413260872219945,117.29023199280087,0.5944909420700706
source_b_v1_14_m5_stratified_volume_zero_100_chronos_only,m5_stratified_volume_zero_100_20260714,M5,28,lightgbm_cov,FOODS_3_236_CA_1_validation,364,546.0,477.3396163918078,1.3113725725049665,129.39771183029987,0.8742483816699776
source_b_v1_14_m5_stratified_volume_zero_100_chronos_only,m5_stratified_volume_zero_100_20260714,M5,28,lightgbm_cov,FOODS_3_266_CA_1_validation,364,52.0,255.65892229788005,0.7023596766425276,183.6732215879433,4.916517736497694
source_b_v1_14_m5_stratified_volume_zero_100_chronos_only,m5_stratified_volume_zero_100_20260714,M5,28,lightgbm_cov,FOODS_3_320_CA_3_validation,364,878.0,702.168689519167,1.9290348613163928,92.6565543285317,0.7997365484272972
source_b_v1_14_m5_stratified_volume_zero_100_chronos_only,m5_stratified_volume_zero_100_20260714,M5,28,lightgbm_cov,FOODS_3_339_WI_2_validation,364,771.0,628.4810836352408,1.726596383613299,105.7217066108213,0.815150562432219
source_b_v1_14_m5_stratified_volume_zero_100_chronos_only,m5_stratified_volume_zero_100_20260714,M5,28,lightgbm_cov,FOODS_3_345_CA_2_validation,364,2.0,151.4036423228681,0.41594407231557173,199.82890080954806,75.70182116143405
source_b_v1_14_m5_stratified_volume_zero_100_chronos_only,m5_stratified_volume_zero_100_20260714,M5,28,lightgbm_cov,FOODS_3_424_CA_4_validation,364,270.0,277.86570228636265,0.7633673139735238,128.2236382934174,1.029132230690232
source_b_v1_14_m5_stratified_volume_zero_100_chronos_only,m5_stratified_volume_zero_100_20260714,M5,28,lightgbm_cov,FOODS_3_444_TX_2_validation,364,2089.0,1963.334894888103,5.393777183758525,173.38315429119544,0.9398443728521316
source_b_v1_14_m5_stratified_volume_zero_100_chronos_only,m5_stratified_volume_zero_100_20260714,M5,28,lightgbm_cov,FOODS_3_457_CA_2_validation,364,138.0,235.05399774760008,0.6457527410648354,171.24470057171902,1.7032898387507251
source_b_v1_14_m5_stratified_volume_zero_100_chronos_only,m5_stratified_volume_zero_100_20260714,M5,28,lightgbm_cov,FOODS_3_521_WI_2_validation,364,117.0,210.64711516350508,0.5787008658338052,175.34280403010715,1.8004026937051716
source_b_v1_14_m5_stratified_volume_zero_100_chronos_only,m5_stratified_volume_zero_100_20260714,M5,28,lightgbm_cov,FOODS_3_528_TX_3_validation,364,167.0,237.69955337792635,0.6530207510382592,159.85891359450136,1.423350619029499
source_b_v1_14_m5_stratified_volume_zero_100_chronos_only,m5_stratified_volume_zero_100_20260714,M5,28,lightgbm_cov,FOODS_3_538_CA_3_validation,364,12.0,346.39220237825066,0.9516269296105787,196.43110636875173,28.86601686485422
source_b_v1_14_m5_stratified_volume_zero_100_chronos_only,m5_stratified_volume_zero_100_20260714,M5,28,lightgbm_cov,FOODS_3_567_CA_3_validation,364,201.0,300.82452884316444,0.8264410133053969,145.0386342044984,1.4966394469809177
source_b_v1_14_m5_stratified_volume_zero_100_chronos_only,m5_stratified_volume_zero_100_20260714,M5,28,lightgbm_cov,FOODS_3_583_WI_1_validation,364,163.0,392.8570222109556,1.0792775335465814,153.9701583446415,2.4101657804353107
source_b_v1_14_m5_stratified_volume_zero_100_chronos_only,m5_stratified_volume_zero_100_20260714,M5,28,lightgbm_cov,FOODS_3_606_CA_4_validation,364,326.0,296.53182558715343,0.8146478724921797,111.08021371257976,0.9096068269544584
source_b_v1_14_m5_stratified_volume_zero_100_chronos_only,m5_stratified_volume_zero_100_20260714,M5,28,lightgbm_cov,FOODS_3_698_CA_1_validation,364,468.0,547.0439667701721,1.502868040577396,114.86335261704632,1.1688973648935301
source_b_v1_14_m5_stratified_volume_zero_100_chronos_only,m5_stratified_volume_zero_100_20260714,M5,28,lightgbm_cov,FOODS_3_703_CA_1_validation,364,368.0,417.1907443944365,1.1461284186660343,137.3377099657962,1.1336705010718382
source_b_v1_14_m5_stratified_volume_zero_100_chronos_only,m5_stratified_volume_zero_100_20260714,M5,28,lightgbm_cov,FOODS_3_760_CA_3_validation,364,3544.0,1772.827187359333,4.870404360877289,69.92522745948584,0.5002334050110985
source_b_v1_14_m5_stratified_volume_zero_100_chronos_only,m5_stratified_volume_zero_100_20260714,M5,28,lightgbm_cov,FOODS_3_780_WI_1_validation,364,1610.0,994.6187317743897,2.7324690433362355,77.920711940335,0.6177756097977576
source_b_v1_14_m5_stratified_volume_zero_100_chronos_only,m5_stratified_volume_zero_100_20260714,M5,28,lightgbm_cov,FOODS_3_827_CA_3_validation,364,1707.0,1291.757326900959,3.548783865112525,102.26422808172113,0.7567412577041354
source_b_v1_14_m5_stratified_volume_zero_100_chronos_only,m5_stratified_volume_zero_100_20260714,M5,28,lightgbm_cov,HOBBIES_1_010_CA_1_validation,364,224.0,247.13792118430138,0.6789503329239048,132.57262408086743,1.1032942910013455
source_b_v1_14_m5_stratified_volume_zero_100_chronos_only,m5_stratified_volume_zero_100_20260714,M5,28,lightgbm_cov,HOBBIES_1_014_TX_2_validation,364,2111.0,1179.0559121370316,3.2391645937830535,64.69275676545232,0.5585295651999203
source_b_v1_14_m5_stratified_volume_zero_100_chronos_only,m5_stratified_volume_zero_100_20260714,M5,28,lightgbm_cov,HOBBIES_1_047_WI_1_validation,364,321.0,363.70714312791824,0.9991954481536216,130.54162631729255,1.1330440595885303
source_b_v1_14_m5_stratified_volume_zero_100_chronos_only,m5_stratified_volume_zero_100_20260714,M5,28,lightgbm_cov,HOBBIES_1_058_WI_3_validation,364,85.0,136.95981259644032,0.3762632214187921,185.0789014071751,1.6112919128992977
source_b_v1_14_m5_stratified_volume_zero_100_chronos_only,m5_stratified_volume_zero_100_20260714,M5,28,lightgbm_cov,HOBBIES_1_090_CA_1_validation,364,1363.0,1513.3723178207874,4.1576162577494165,137.0900723787514,1.1103245178435712
source_b_v1_14_m5_stratified_volume_zero_100_chronos_only,m5_stratified_volume_zero_100_20260714,M5,28,lightgbm_cov,HOBBIES_1_090_TX_1_validation,364,264.0,655.0662824548781,1.799632644106808,177.65388073256878,2.4813116759654474
source_b_v1_14_m5_stratified_volume_zero_100_chronos_only,m5_stratified_volume_zero_100_20260714,M5,28,lightgbm_cov,HOBBIES_1_121_TX_1_validation,364,255.0,547.833451770246,1.5050369554127638,178.8784167041151,2.148366477530377
source_b_v1_14_m5_stratified_volume_zero_100_chronos_only,m5_stratified_volume_zero_100_20260714,M5,28,lightgbm_cov,HOBBIES_1_128_WI_1_validation,364,103.0,148.0417956635356,0.40670822984487803,184.31249322495685,1.4372989870246173
source_b_v1_14_m5_stratified_volume_zero_100_chronos_only,m5_stratified_volume_zero_100_20260714,M5,28,lightgbm_cov,HOBBIES_1_156_WI_1_validation,364,225.0,309.4182218313217,0.8500500599761586,161.09711367939968,1.3751920970280964
source_b_v1_14_m5_stratified_volume_zero_100_chronos_only,m5_stratified_volume_zero_100_20260714,M5,28,lightgbm_cov,HOBBIES_1_197_TX_3_validation,364,17.0,85.19921200163662,0.23406376923526545,197.03162909625928,5.011718353037448
source_b_v1_14_m5_stratified_volume_zero_100_chronos_only,m5_stratified_volume_zero_100_20260714,M5,28,lightgbm_cov,HOBBIES_1_197_WI_1_validation,364,95.0,140.62953482568264,0.38634487589473254,186.0261615449954,1.4803108929019226
source_b_v1_14_m5_stratified_volume_zero_100_chronos_only,m5_stratified_volume_zero_100_20260714,M5,28,lightgbm_cov,HOBBIES_1_234_CA_2_validation,364,917.0,1175.611778371036,3.229702687832517,176.371432937149,1.2820193875365715
source_b_v1_14_m5_stratified_volume_zero_100_chronos_only,m5_stratified_volume_zero_100_20260714,M5,28,lightgbm_cov,HOBBIES_1_320_CA_1_validation,364,324.0,322.2736024260521,0.8853670396320112,113.43804947184806,0.9946716124260867
source_b_v1_14_m5_stratified_volume_zero_100_chronos_only,m5_stratified_volume_zero_100_20260714,M5,28,lightgbm_cov,HOBBIES_1_327_TX_3_validation,364,161.0,212.1602831557393,0.5828579207575255,157.31660725419528,1.3177657338865796
source_b_v1_14_m5_stratified_volume_zero_100_chronos_only,m5_stratified_volume_zero_100_20260714,M5,28,lightgbm_cov,HOBBIES_1_341_WI_1_validation,364,1897.0,1222.1828054636717,3.357645069955142,80.84836790757586,0.64427137873678
source_b_v1_14_m5_stratified_volume_zero_100_chronos_only,m5_stratified_volume_zero_100_20260714,M5,28,lightgbm_cov,HOBBIES_1_352_CA_3_validation,364,561.0,393.74497163295746,1.0817169550355974,90.50338710334897,0.701862694532901
source_b_v1_14_m5_stratified_volume_zero_100_chronos_only,m5_stratified_volume_zero_100_20260714,M5,28,lightgbm_cov,HOBBIES_1_354_TX_3_validation,364,8367.0,2840.2996106147766,7.803020908282353,37.687814194766695,0.3394645166266017
source_b_v1_14_m5_stratified_volume_zero_100_chronos_only,m5_stratified_volume_zero_100_20260714,M5,28,lightgbm_cov,HOBBIES_2_058_TX_3_validation,364,117.0,280.4317599646747,0.7704169229798756,169.1175224659281,2.396852649270724
source_b_v1_14_m5_stratified_volume_zero_100_chronos_only,m5_stratified_volume_zero_100_20260714,M5,28,lightgbm_cov,HOBBIES_2_076_WI_2_validation,364,82.0,226.45296678692102,0.622123535128904,179.25646464252162,2.7616215461819635
source_b_v1_14_m5_stratified_volume_zero_100_chronos_only,m5_stratified_volume_zero_100_20260714,M5,28,lightgbm_cov,HOBBIES_2_115_WI_3_validation,364,151.0,237.5501422509551,0.6526102809092174,167.17416769364328,1.5731797500063252
source_b_v1_14_m5_stratified_volume_zero_100_chronos_only,m5_stratified_volume_zero_100_20260714,M5,28,lightgbm_cov,HOUSEHOLD_1_008_TX_3_validation,364,126.0,179.8570140823722,0.49411267605047304,170.66691776930406,1.4274366197013666
source_b_v1_14_m5_stratified_volume_zero_100_chronos_only,m5_stratified_volume_zero_100_20260714,M5,28,lightgbm_cov,HOUSEHOLD_1_035_CA_2_validation,364,49.0,144.3963764840737,0.39669334198921347,191.40328995679607,2.946864826205586
source_b_v1_14_m5_stratified_volume_zero_100_chronos_only,m5_stratified_volume_zero_100_20260714,M5,28,lightgbm_cov,HOUSEHOLD_1_109_CA_4_validation,364,309.0,268.7053101211786,0.7382014014318095,113.77659285879918,0.8695964728840733
source_b_v1_14_m5_stratified_volume_zero_100_chronos_only,m5_stratified_volume_zero_100_20260714,M5,28,lightgbm_cov,HOUSEHOLD_1_113_TX_3_validation,364,948.0,683.7708853781223,1.8784914433464899,94.54525585608313,0.7212773052511839
source_b_v1_14_m5_stratified_volume_zero_100_chronos_only,m5_stratified_volume_zero_100_20260714,M5,28,lightgbm_cov,HOUSEHOLD_1_201_CA_3_validation,364,472.0,500.12651885673404,1.3739739529031154,150.55312864801823,1.059590082323589
source_b_v1_14_m5_stratified_volume_zero_100_chronos_only,m5_stratified_volume_zero_100_20260714,M5,28,lightgbm_cov,HOUSEHOLD_1_224_TX_3_validation,364,70.0,146.26098468527198,0.40181589199250545,184.88362602377043,2.089442638361028
source_b_v1_14_m5_stratified_volume_zero_100_chronos_only,m5_stratified_volume_zero_100_20260714,M5,28,lightgbm_cov,HOUSEHOLD_1_270_TX_2_validation,364,306.0,285.13555958867073,0.7833394494194251,130.4653645277044,0.9318155542113422
source_b_v1_14_m5_stratified_volume_zero_100_chronos_only,m5_stratified_volume_zero_100_20260714,M5,28,lightgbm_cov,HOUSEHOLD_1_346_WI_2_validation,364,310.0,286.30705247819424,0.7865578364785556,120.07707310989473,0.923571137026433
source_b_v1_14_m5_stratified_volume_zero_100_chronos_only,m5_stratified_volume_zero_100_20260714,M5,28,lightgbm_cov,HOUSEHOLD_1_441_TX_2_validation,364,1093.0,864.3623639931611,2.374621879102091,159.64050290012162,0.7908164354923707
source_b_v1_14_m5_stratified_volume_zero_100_chronos_only,m5_stratified_volume_zero_100_20260714,M5,28,lightgbm_cov,HOUSEHOLD_1_441_TX_3_validation,364,2298.0,1226.3524719169072,3.3691001975739208,133.56872979068132,0.5336607797723705
source_b_v1_14_m5_stratified_volume_zero_100_chronos_only,m5_stratified_volume_zero_100_20260714,M5,28,lightgbm_cov,HOUSEHOLD_1_460_WI_1_validation,364,231.0,271.4520151941106,0.7457472944893148,138.57238719824042,1.1751169488922535
source_b_v1_14_m5_stratified_volume_zero_100_chronos_only,m5_stratified_volume_zero_100_20260714,M5,28,lightgbm_cov,HOUSEHOLD_2_023_TX_3_validation,364,120.0,241.6396357472986,0.6638451531519193,163.85268396636056,2.0136636312274883
source_b_v1_14_m5_stratified_volume_zero_100_chronos_only,m5_stratified_volume_zero_100_20260714,M5,28,lightgbm_cov,HOUSEHOLD_2_041_CA_1_validation,364,142.0,200.812011949718,0.5516813515102142,166.97178241811613,1.4141690982374506
source_b_v1_14_m5_stratified_volume_zero_100_chronos_only,m5_stratified_volume_zero_100_20260714,M5,28,lightgbm_cov,HOUSEHOLD_2_107_TX_2_validation,364,35.0,81.08113558776677,0.22275037249386476,194.9205103335797,2.3166038739361934
source_b_v1_14_m5_stratified_volume_zero_100_chronos_only,m5_stratified_volume_zero_100_20260714,M5,28,lightgbm_cov,HOUSEHOLD_2_133_WI_3_validation,364,59.0,120.56434476003051,0.3312207273627212,189.35505358821024,2.043463470508992
source_b_v1_14_m5_stratified_volume_zero_100_chronos_only,m5_stratified_volume_zero_100_20260714,M5,28,lightgbm_cov,HOUSEHOLD_2_148_WI_1_validation,364,64.0,145.58230834454298,0.39995139655094225,185.14004304995086,2.274723567883484
source_b_v1_14_m5_stratified_volume_zero_100_chronos_only,m5_stratified_volume_zero_100_20260714,M5,28,lightgbm_cov,HOUSEHOLD_2_158_CA_1_validation,364,68.0,117.13526548072696,0.321800179892107,192.18419110624373,1.7225774335401023
source_b_v1_14_m5_stratified_volume_zero_100_chronos_only,m5_stratified_volume_zero_100_20260714,M5,28,lightgbm_cov,HOUSEHOLD_2_192_CA_2_validation,364,84.0,156.74586051516235,0.43062049592077567,180.29183258453983,1.866022148990028
source_b_v1_14_m5_stratified_volume_zero_100_chronos_only,m5_stratified_volume_zero_100_20260714,M5,28,lightgbm_cov,HOUSEHOLD_2_202_CA_2_validation,364,48.0,103.3544954508543,0.28394092156828105,193.3844031541595,2.1532186552261314
source_b_v1_14_m5_stratified_volume_zero_100_chronos_only,m5_stratified_volume_zero_100_20260714,M5,28,lightgbm_cov,HOUSEHOLD_2_223_CA_3_validation,364,96.0,164.75369645655155,0.45262004521030647,180.07317590064577,1.7161843380890787
source_b_v1_14_m5_stratified_volume_zero_100_chronos_only,m5_stratified_volume_zero_100_20260714,M5,28,lightgbm_cov,HOUSEHOLD_2_235_TX_1_validation,364,50.0,99.34473381191492,0.27292509288987615,192.5292878833146,1.9868946762382984
source_b_v1_14_m5_stratified_volume_zero_100_chronos_only,m5_stratified_volume_zero_100_20260714,M5,28,lightgbm_cov,HOUSEHOLD_2_246_CA_3_validation,364,107.0,179.5241049155593,0.4931980904273607,176.1380787856932,1.6777953730426103
source_b_v1_14_m5_stratified_volume_zero_100_chronos_only,m5_stratified_volume_zero_100_20260714,M5,28,lightgbm_cov,HOUSEHOLD_2_265_WI_3_validation,364,117.0,168.8604741320014,0.4639024014615423,174.43560410474157,1.4432519156581316
source_b_v1_14_m5_stratified_volume_zero_100_chronos_only,m5_stratified_volume_zero_100_20260714,M5,28,lightgbm_cov,HOUSEHOLD_2_422_CA_2_validation,364,85.0,149.95868786796927,0.4119744172196958,185.56879055296253,1.7642198572702268
source_b_v1_14_m5_stratified_volume_zero_100_chronos_only,m5_stratified_volume_zero_100_20260714,M5,28,lightgbm_cov,HOUSEHOLD_2_474_CA_3_validation,364,29.0,122.05833270959556,0.33532508986152626,193.4403854582348,4.208908024468813
source_b_v1_14_m5_stratified_volume_zero_100_chronos_only,m5_stratified_volume_zero_100_20260714,M5,28,lightgbm_cov,HOUSEHOLD_2_480_WI_2_validation,364,49.0,132.57604471221566,0.36421990305553753,187.02530777997328,2.705633565555422
source_b_v1_14_m5_stratified_volume_zero_100_chronos_only,m5_stratified_volume_zero_100_20260714,M5,28,lightgbm_direct,FOODS_1_026_WI_2_validation,364,217.0,252.61650674417615,0.6940013921543301,145.34389185051398,1.1641313674846827
source_b_v1_14_m5_stratified_volume_zero_100_chronos_only,m5_stratified_volume_zero_100_20260714,M5,28,lightgbm_direct,FOODS_1_063_CA_2_validation,364,13.0,72.19765084888786,0.19834519463980183,198.5037856240957,5.553665449914451
source_b_v1_14_m5_stratified_volume_zero_100_chronos_only,m5_stratified_volume_zero_100_20260714,M5,28,lightgbm_direct,FOODS_1_080_WI_2_validation,364,183.0,224.57981746643782,0.6169775205121918,159.24401108225678,1.2272121173029389
source_b_v1_14_m5_stratified_volume_zero_100_chronos_only,m5_stratified_volume_zero_100_20260714,M5,28,lightgbm_direct,FOODS_1_118_CA_3_validation,364,439.0,466.86168363690376,1.2825870429585269,122.13872166886111,1.0634662497423777
source_b_v1_14_m5_stratified_volume_zero_100_chronos_only,m5_stratified_volume_zero_100_20260714,M5,28,lightgbm_direct,FOODS_1_129_WI_2_validation,364,1342.0,898.0220744609833,2.4670936111565474,82.30517325959593,0.6691669705372454
source_b_v1_14_m5_stratified_volume_zero_100_chronos_only,m5_stratified_volume_zero_100_20260714,M5,28,lightgbm_direct,FOODS_1_171_TX_1_validation,364,157.0,220.948089055717,0.6070002446585632,168.71830575767478,1.4073126691446942
source_b_v1_14_m5_stratified_volume_zero_100_chronos_only,m5_stratified_volume_zero_100_20260714,M5,28,lightgbm_direct,FOODS_1_178_WI_3_validation,364,149.0,198.98961026407778,0.5466747534727412,169.1706068808117,1.3355007400273677
source_b_v1_14_m5_stratified_volume_zero_100_chronos_only,m5_stratified_volume_zero_100_20260714,M5,28,lightgbm_direct,FOODS_2_001_WI_1_validation,364,360.0,288.7785145062953,0.7933475673249871,148.59202766304438,0.8021625402952648
source_b_v1_14_m5_stratified_volume_zero_100_chronos_only,m5_stratified_volume_zero_100_20260714,M5,28,lightgbm_direct,FOODS_2_015_WI_2_validation,364,148.0,258.48821926675737,0.7101324705130697,170.01233655007988,1.7465420220726848
source_b_v1_14_m5_stratified_volume_zero_100_chronos_only,m5_stratified_volume_zero_100_20260714,M5,28,lightgbm_direct,FOODS_2_016_CA_2_validation,364,882.0,669.0524776506281,1.8380562572819454,114.97879302589469,0.7585628998306442
source_b_v1_14_m5_stratified_volume_zero_100_chronos_only,m5_stratified_volume_zero_100_20260714,M5,28,lightgbm_direct,FOODS_2_027_CA_4_validation,364,83.0,211.99499559402466,0.5824038340495183,190.75418922546942,2.554156573421984
source_b_v1_14_m5_stratified_volume_zero_100_chronos_only,m5_stratified_volume_zero_100_20260714,M5,28,lightgbm_direct,FOODS_2_044_WI_1_validation,364,764.0,542.7086130101234,1.4909577280497894,101.98389249411592,0.7103515877095856
source_b_v1_14_m5_stratified_volume_zero_100_chronos_only,m5_stratified_volume_zero_100_20260714,M5,28,lightgbm_direct,FOODS_2_075_CA_2_validation,364,856.0,569.9022077622867,1.565665405940348,119.94819088710793,0.6657736071989331
source_b_v1_14_m5_stratified_volume_zero_100_chronos_only,m5_stratified_volume_zero_100_20260714,M5,28,lightgbm_direct,FOODS_2_130_TX_2_validation,364,394.0,395.5184726640582,1.0865892106155446,122.6966569118958,1.0038539915331426
source_b_v1_14_m5_stratified_volume_zero_100_chronos_only,m5_stratified_volume_zero_100_20260714,M5,28,lightgbm_direct,FOODS_2_137_CA_4_validation,364,182.0,273.810440601781,0.752226485169728,175.30052836264593,1.504452970339456
source_b_v1_14_m5_stratified_volume_zero_100_chronos_only,m5_stratified_volume_zero_100_20260714,M5,28,lightgbm_direct,FOODS_2_140_WI_2_validation,364,533.0,775.5334282312542,2.1305863412946544,180.4183498339228,1.455034574542691
source_b_v1_14_m5_stratified_volume_zero_100_chronos_only,m5_stratified_volume_zero_100_20260714,M5,28,lightgbm_direct,FOODS_2_215_TX_2_validation,364,330.0,386.822407069616,1.0626989205209232,152.95348100151355,1.1721891123321697
source_b_v1_14_m5_stratified_volume_zero_100_chronos_only,m5_stratified_volume_zero_100_20260714,M5,28,lightgbm_direct,FOODS_2_233_WI_2_validation,364,2380.0,1555.040595069062,4.272089546893027,140.85705377272058,0.6533784012895218
source_b_v1_14_m5_stratified_volume_zero_100_chronos_only,m5_stratified_volume_zero_100_20260714,M5,28,lightgbm_direct,FOODS_2_258_CA_4_validation,364,169.0,283.0463766232133,0.7775999357780585,168.49322661859307,1.6748306309065875
source_b_v1_14_m5_stratified_volume_zero_100_chronos_only,m5_stratified_volume_zero_100_20260714,M5,28,lightgbm_direct,FOODS_2_261_TX_1_validation,364,73.0,137.1067635193467,0.376666932745458,185.2013192928065,1.878174842730777
source_b_v1_14_m5_stratified_volume_zero_100_chronos_only,m5_stratified_volume_zero_100_20260714,M5,28,lightgbm_direct,FOODS_2_299_WI_2_validation,364,1050.0,663.5330595113337,1.822893020635532,137.69771523934602,0.6319362471536512
source_b_v1_14_m5_stratified_volume_zero_100_chronos_only,m5_stratified_volume_zero_100_20260714,M5,28,lightgbm_direct,FOODS_2_316_TX_3_validation,364,266.0,256.85137149877846,0.7056356359856552,166.25439744237025,0.9656066597698438
source_b_v1_14_m5_stratified_volume_zero_100_chronos_only,m5_stratified_volume_zero_100_20260714,M5,28,lightgbm_direct,FOODS_2_347_WI_2_validation,364,2201.0,1483.3683643229306,4.075187814073985,143.15503817968658,0.6739520055987872
source_b_v1_14_m5_stratified_volume_zero_100_chronos_only,m5_stratified_volume_zero_100_20260714,M5,28,lightgbm_direct,FOODS_2_357_WI_2_validation,364,2200.0,1640.7711280174553,4.507612989058943,152.60258120178355,0.7458050581897524
source_b_v1_14_m5_stratified_volume_zero_100_chronos_only,m5_stratified_volume_zero_100_20260714,M5,28,lightgbm_direct,FOODS_3_009_TX_1_validation,364,239.0,303.6279997937381,0.8341428565762037,160.6828860699058,1.2704100409779837
source_b_v1_14_m5_stratified_volume_zero_100_chronos_only,m5_stratified_volume_zero_100_20260714,M5,28,lightgbm_direct,FOODS_3_024_WI_2_validation,364,1369.0,1096.6052094195038,3.012651674229406,137.55925245867593,0.8010264495394477
source_b_v1_14_m5_stratified_volume_zero_100_chronos_only,m5_stratified_volume_zero_100_20260714,M5,28,lightgbm_direct,FOODS_3_039_WI_1_validation,364,518.0,1224.6150316409767,3.364327010002683,173.56603071244712,2.3641216827045883
source_b_v1_14_m5_stratified_volume_zero_100_chronos_only,m5_stratified_volume_zero_100_20260714,M5,28,lightgbm_direct,FOODS_3_073_TX_3_validation,364,349.0,519.4675930496305,1.4271087721143696,183.62184348954497,1.4884458253571076
source_b_v1_14_m5_stratified_volume_zero_100_chronos_only,m5_stratified_volume_zero_100_20260714,M5,28,lightgbm_direct,FOODS_3_073_WI_3_validation,364,90.0,481.4201655779034,1.3225828724667676,196.5945528955621,5.349112950865593
source_b_v1_14_m5_stratified_volume_zero_100_chronos_only,m5_stratified_volume_zero_100_20260714,M5,28,lightgbm_direct,FOODS_3_077_CA_3_validation,364,1849.0,1226.538047671318,3.3696100210750495,93.2587833977058,0.6633521079888145
source_b_v1_14_m5_stratified_volume_zero_100_chronos_only,m5_stratified_volume_zero_100_20260714,M5,28,lightgbm_direct,FOODS_3_091_CA_1_validation,364,443.0,329.21081963926554,0.9044253286793009,104.04774086972132,0.7431395477184324
source_b_v1_14_m5_stratified_volume_zero_100_chronos_only,m5_stratified_volume_zero_100_20260714,M5,28,lightgbm_direct,FOODS_3_100_WI_1_validation,364,692.0,535.6189872026443,1.4714807340731988,95.11701665923114,0.7740158774604687
source_b_v1_14_m5_stratified_volume_zero_100_chronos_only,m5_stratified_volume_zero_100_20260714,M5,28,lightgbm_direct,FOODS_3_230_WI_1_validation,364,452.0,349.92408058047295,0.961329891704596,99.81119316305015,0.7741683198683029
source_b_v1_14_m5_stratified_volume_zero_100_chronos_only,m5_stratified_volume_zero_100_20260714,M5,28,lightgbm_direct,FOODS_3_233_WI_1_validation,364,866.0,601.3898124229163,1.6521698143486712,122.91131414678316,0.6944455108809657
source_b_v1_14_m5_stratified_volume_zero_100_chronos_only,m5_stratified_volume_zero_100_20260714,M5,28,lightgbm_direct,FOODS_3_233_WI_2_validation,364,2352.0,1358.0006958600134,3.7307711424725643,121.13867950662585,0.5773812482398016
source_b_v1_14_m5_stratified_volume_zero_100_chronos_only,m5_stratified_volume_zero_100_20260714,M5,28,lightgbm_direct,FOODS_3_236_CA_1_validation,364,546.0,437.53125702403486,1.2020089478682277,134.357741199944,0.8013392985788185
source_b_v1_14_m5_stratified_volume_zero_100_chronos_only,m5_stratified_volume_zero_100_20260714,M5,28,lightgbm_direct,FOODS_3_266_CA_1_validation,364,52.0,179.8483481844887,0.49408886863870527,187.8180508954628,3.4586220804709367
source_b_v1_14_m5_stratified_volume_zero_100_chronos_only,m5_stratified_volume_zero_100_20260714,M5,28,lightgbm_direct,FOODS_3_320_CA_3_validation,364,878.0,697.6751943826675,1.916690094457878,92.72412147660887,0.7946186724176167
source_b_v1_14_m5_stratified_volume_zero_100_chronos_only,m5_stratified_volume_zero_100_20260714,M5,28,lightgbm_direct,FOODS_3_339_WI_2_validation,364,771.0,615.4566517956555,1.690814977460592,108.75420220811405,0.7982576547284767
source_b_v1_14_m5_stratified_volume_zero_100_chronos_only,m5_stratified_volume_zero_100_20260714,M5,28,lightgbm_direct,FOODS_3_345_CA_2_validation,364,2.0,88.7577099148184,0.24383986240334726,199.71848016353294,44.3788549574092
source_b_v1_14_m5_stratified_volume_zero_100_chronos_only,m5_stratified_volume_zero_100_20260714,M5,28,lightgbm_direct,FOODS_3_424_CA_4_validation,364,270.0,274.59566187113523,0.7543836864591628,132.91424422893357,1.0170209698930934
source_b_v1_14_m5_stratified_volume_zero_100_chronos_only,m5_stratified_volume_zero_100_20260714,M5,28,lightgbm_direct,FOODS_3_444_TX_2_validation,364,2089.0,1956.8644935116172,5.376001355801146,172.67564182329482,0.9367470050318895
source_b_v1_14_m5_stratified_volume_zero_100_chronos_only,m5_stratified_volume_zero_100_20260714,M5,28,lightgbm_direct,FOODS_3_457_CA_2_validation,364,138.0,295.0058880466968,0.8104557363920242,174.33373509533422,2.137723826425339
source_b_v1_14_m5_stratified_volume_zero_100_chronos_only,m5_stratified_volume_zero_100_20260714,M5,28,lightgbm_direct,FOODS_3_521_WI_2_validation,364,117.0,182.2420294843614,0.5006649161658281,182.84123519331925,1.5576241836270206
source_b_v1_14_m5_stratified_volume_zero_100_chronos_only,m5_stratified_volume_zero_100_20260714,M5,28,lightgbm_direct,FOODS_3_528_TX_3_validation,364,167.0,219.8229480087757,0.6039091978263069,168.02725353592615,1.3163050778968606
source_b_v1_14_m5_stratified_volume_zero_100_chronos_only,m5_stratified_volume_zero_100_20260714,M5,28,lightgbm_direct,FOODS_3_538_CA_3_validation,364,12.0,209.73324362467974,0.5761902297381312,196.45698744922004,17.477770302056644
source_b_v1_14_m5_stratified_volume_zero_100_chronos_only,m5_stratified_volume_zero_100_20260714,M5,28,lightgbm_direct,FOODS_3_567_CA_3_validation,364,201.0,272.71245919913054,0.7492100527448641,154.67806201054685,1.3567784039757738
source_b_v1_14_m5_stratified_volume_zero_100_chronos_only,m5_stratified_volume_zero_100_20260714,M5,28,lightgbm_direct,FOODS_3_583_WI_1_validation,364,163.0,325.7501549720764,0.8949180081650451,157.82142731117938,1.9984672084176467
source_b_v1_14_m5_stratified_volume_zero_100_chronos_only,m5_stratified_volume_zero_100_20260714,M5,28,lightgbm_direct,FOODS_3_606_CA_4_validation,364,326.0,288.97875338047743,0.7938976741221907,114.00530491802967,0.8864378938051455
source_b_v1_14_m5_stratified_volume_zero_100_chronos_only,m5_stratified_volume_zero_100_20260714,M5,28,lightgbm_direct,FOODS_3_698_CA_1_validation,364,468.0,478.7802524268627,1.3153303638100624,120.07566356056907,1.0230347274078264
source_b_v1_14_m5_stratified_volume_zero_100_chronos_only,m5_stratified_volume_zero_100_20260714,M5,28,lightgbm_direct,FOODS_3_703_CA_1_validation,364,368.0,367.64708098210394,1.0100194532475384,138.79647750077444,0.9990409809296302
source_b_v1_14_m5_stratified_volume_zero_100_chronos_only,m5_stratified_volume_zero_100_20260714,M5,28,lightgbm_direct,FOODS_3_760_CA_3_validation,364,3544.0,2283.3261046111584,6.272873913766919,95.89510757995366,0.6442793748902818
source_b_v1_14_m5_stratified_volume_zero_100_chronos_only,m5_stratified_volume_zero_100_20260714,M5,28,lightgbm_direct,FOODS_3_780_WI_1_validation,364,1610.0,1131.5729731693864,3.1087169592565562,106.7632733339332,0.7028403560058301
source_b_v1_14_m5_stratified_volume_zero_100_chronos_only,m5_stratified_volume_zero_100_20260714,M5,28,lightgbm_direct,FOODS_3_827_CA_3_validation,364,1707.0,1327.7181849814951,3.6475774312678437,109.04756274579113,0.7778079583957207
source_b_v1_14_m5_stratified_volume_zero_100_chronos_only,m5_stratified_volume_zero_100_20260714,M5,28,lightgbm_direct,HOBBIES_1_010_CA_1_validation,364,224.0,246.9699406027794,0.6784888478098335,140.23862653217404,1.1025443776909793
source_b_v1_14_m5_stratified_volume_zero_100_chronos_only,m5_stratified_volume_zero_100_20260714,M5,28,lightgbm_direct,HOBBIES_1_014_TX_2_validation,364,2111.0,1237.2134474515915,3.3989380424494273,68.7432694537559,0.5860793213887217
source_b_v1_14_m5_stratified_volume_zero_100_chronos_only,m5_stratified_volume_zero_100_20260714,M5,28,lightgbm_direct,HOBBIES_1_047_WI_1_validation,364,321.0,340.4312200024724,0.9352506044023967,134.30492415534957,1.0605333956463314
source_b_v1_14_m5_stratified_volume_zero_100_chronos_only,m5_stratified_volume_zero_100_20260714,M5,28,lightgbm_direct,HOBBIES_1_058_WI_3_validation,364,85.0,133.3282994031906,0.3662865368219522,186.14748883626334,1.5685682282728308
source_b_v1_14_m5_stratified_volume_zero_100_chronos_only,m5_stratified_volume_zero_100_20260714,M5,28,lightgbm_direct,HOBBIES_1_090_CA_1_validation,364,1363.0,1477.5838545560837,4.059296303725505,138.79830454415406,1.0840673914571413
source_b_v1_14_m5_stratified_volume_zero_100_chronos_only,m5_stratified_volume_zero_100_20260714,M5,28,lightgbm_direct,HOBBIES_1_090_TX_1_validation,364,264.0,494.2395929489285,1.3578010795300233,181.39510078505592,1.8721196702610927
source_b_v1_14_m5_stratified_volume_zero_100_chronos_only,m5_stratified_volume_zero_100_20260714,M5,28,lightgbm_direct,HOBBIES_1_121_TX_1_validation,364,255.0,433.50041092559695,1.1909351948505411,183.29742676512518,1.7000016114729293
source_b_v1_14_m5_stratified_volume_zero_100_chronos_only,m5_stratified_volume_zero_100_20260714,M5,28,lightgbm_direct,HOBBIES_1_128_WI_1_validation,364,103.0,152.45340660586953,0.4188280401260152,182.89826692479747,1.4801301612220343
source_b_v1_14_m5_stratified_volume_zero_100_chronos_only,m5_stratified_volume_zero_100_20260714,M5,28,lightgbm_direct,HOBBIES_1_156_WI_1_validation,364,225.0,313.2613689675927,0.8606081565043756,162.75442808978244,1.3922727509670787
source_b_v1_14_m5_stratified_volume_zero_100_chronos_only,m5_stratified_volume_zero_100_20260714,M5,28,lightgbm_direct,HOBBIES_1_197_TX_3_validation,364,17.0,43.480303294956684,0.11945138267845243,198.7185694151018,2.5576648997033344
source_b_v1_14_m5_stratified_volume_zero_100_chronos_only,m5_stratified_volume_zero_100_20260714,M5,28,lightgbm_direct,HOBBIES_1_197_WI_1_validation,364,95.0,136.82562116906047,0.375894563651265,186.95163371872025,1.440269696516426
source_b_v1_14_m5_stratified_volume_zero_100_chronos_only,m5_stratified_volume_zero_100_20260714,M5,28,lightgbm_direct,HOBBIES_1_234_CA_2_validation,364,917.0,1132.383812379936,3.1109445395053186,180.74623135238207,1.234878748505928
source_b_v1_14_m5_stratified_volume_zero_100_chronos_only,m5_stratified_volume_zero_100_20260714,M5,28,lightgbm_direct,HOBBIES_1_320_CA_1_validation,364,324.0,303.0735274553299,0.832619580921236,124.16930535361033,0.9354121217757095
source_b_v1_14_m5_stratified_volume_zero_100_chronos_only,m5_stratified_volume_zero_100_20260714,M5,28,lightgbm_direct,HOBBIES_1_327_TX_3_validation,364,161.0,206.5796364992857,0.5675264738991366,160.50892776900002,1.2831033322937
source_b_v1_14_m5_stratified_volume_zero_100_chronos_only,m5_stratified_volume_zero_100_20260714,M5,28,lightgbm_direct,HOBBIES_1_341_WI_1_validation,364,1897.0,1211.906528711319,3.3294135404157115,85.08974451030198,0.6388542586775535
source_b_v1_14_m5_stratified_volume_zero_100_chronos_only,m5_stratified_volume_zero_100_20260714,M5,28,lightgbm_direct,HOBBIES_1_352_CA_3_validation,364,561.0,393.93409129977226,1.0822365145598138,92.53790320548781,0.7021998062384532
source_b_v1_14_m5_stratified_volume_zero_100_chronos_only,m5_stratified_volume_zero_100_20260714,M5,28,lightgbm_direct,HOBBIES_1_354_TX_3_validation,364,8367.0,3128.6602087020874,8.595220353577163,46.01234153923237,0.37392855368735356
source_b_v1_14_m5_stratified_volume_zero_100_chronos_only,m5_stratified_volume_zero_100_20260714,M5,28,lightgbm_direct,HOBBIES_2_058_TX_3_validation,364,117.0,206.0969168059528,0.5662003208954747,170.34328158383042,1.7615121094525878
source_b_v1_14_m5_stratified_volume_zero_100_chronos_only,m5_stratified_volume_zero_100_20260714,M5,28,lightgbm_direct,HOBBIES_2_076_WI_2_validation,364,82.0,197.9471819549799,0.543810939436758,182.93990214949298,2.4139900238412184
source_b_v1_14_m5_stratified_volume_zero_100_chronos_only,m5_stratified_volume_zero_100_20260714,M5,28,lightgbm_direct,HOBBIES_2_115_WI_3_validation,364,151.0,224.0957094579935,0.6156475534560261,173.1508149812639,1.484077546079427
source_b_v1_14_m5_stratified_volume_zero_100_chronos_only,m5_stratified_volume_zero_100_20260714,M5,28,lightgbm_direct,HOUSEHOLD_1_008_TX_3_validation,364,126.0,179.92429089546204,0.49429750246006054,169.47718777679896,1.427970562662397
source_b_v1_14_m5_stratified_volume_zero_100_chronos_only,m5_stratified_volume_zero_100_20260714,M5,28,lightgbm_direct,HOUSEHOLD_1_035_CA_2_validation,364,49.0,57.76406042044982,0.15869247368255446,196.27964485600876,1.1788583759275475
source_b_v1_14_m5_stratified_volume_zero_100_chronos_only,m5_stratified_volume_zero_100_20260714,M5,28,lightgbm_direct,HOUSEHOLD_1_109_CA_4_validation,364,309.0,268.6526873931289,0.7380568334976068,115.62331715235669,0.8694261727932974
source_b_v1_14_m5_stratified_volume_zero_100_chronos_only,m5_stratified_volume_zero_100_20260714,M5,28,lightgbm_direct,HOUSEHOLD_1_113_TX_3_validation,364,948.0,696.4747476428747,1.9133921638540514,94.81843970913431,0.7346780038426949
source_b_v1_14_m5_stratified_volume_zero_100_chronos_only,m5_stratified_volume_zero_100_20260714,M5,28,lightgbm_direct,HOUSEHOLD_1_201_CA_3_validation,364,472.0,496.64368625730276,1.3644057314761064,154.6741605009824,1.0522111996976753
source_b_v1_14_m5_stratified_volume_zero_100_chronos_only,m5_stratified_volume_zero_100_20260714,M5,28,lightgbm_direct,HOUSEHOLD_1_224_TX_3_validation,364,70.0,128.57232384383678,0.3532206699006505,185.6332964183641,1.8367474834833826
source_b_v1_14_m5_stratified_volume_zero_100_chronos_only,m5_stratified_volume_zero_100_20260714,M5,28,lightgbm_direct,HOUSEHOLD_1_270_TX_2_validation,364,306.0,295.7143636196852,0.8124020978562779,130.5108347802222,0.9663868092146575
source_b_v1_14_m5_stratified_volume_zero_100_chronos_only,m5_stratified_volume_zero_100_20260714,M5,28,lightgbm_direct,HOUSEHOLD_1_346_WI_2_validation,364,310.0,287.7801569253206,0.7906048267179138,122.00630196444405,0.928323086855873
source_b_v1_14_m5_stratified_volume_zero_100_chronos_only,m5_stratified_volume_zero_100_20260714,M5,28,lightgbm_direct,HOUSEHOLD_1_441_TX_2_validation,364,1093.0,848.8438449890455,2.33198858513474,164.47723659929764,0.7766183394227314
source_b_v1_14_m5_stratified_volume_zero_100_chronos_only,m5_stratified_volume_zero_100_20260714,M5,28,lightgbm_direct,HOUSEHOLD_1_441_TX_3_validation,364,2298.0,1398.4012039990266,3.841761549447875,142.2487571341785,0.6085296797210734
source_b_v1_14_m5_stratified_volume_zero_100_chronos_only,m5_stratified_volume_zero_100_20260714,M5,28,lightgbm_direct,HOUSEHOLD_1_460_WI_1_validation,364,231.0,239.00101858749986,0.6565962049107139,144.89248367487914,1.034636444101731
source_b_v1_14_m5_stratified_volume_zero_100_chronos_only,m5_stratified_volume_zero_100_20260714,M5,28,lightgbm_direct,HOUSEHOLD_2_023_TX_3_validation,364,120.0,182.94573257490993,0.5025981664145877,173.212978084525,1.5245477714575828
source_b_v1_14_m5_stratified_volume_zero_100_chronos_only,m5_stratified_volume_zero_100_20260714,M5,28,lightgbm_direct,HOUSEHOLD_2_041_CA_1_validation,364,142.0,201.31434926390648,0.5530613990766662,167.5910367870906,1.4177066849570878
source_b_v1_14_m5_stratified_volume_zero_100_chronos_only,m5_stratified_volume_zero_100_20260714,M5,28,lightgbm_direct,HOUSEHOLD_2_107_TX_2_validation,364,35.0,66.97241676179692,0.18399015593900253,196.2558400507333,1.9134976217656263
source_b_v1_14_m5_stratified_volume_zero_100_chronos_only,m5_stratified_volume_zero_100_20260714,M5,28,lightgbm_direct,HOUSEHOLD_2_133_WI_3_validation,364,59.0,115.30061882734299,0.31675994183335987,189.31914744920977,1.954247776734627
source_b_v1_14_m5_stratified_volume_zero_100_chronos_only,m5_stratified_volume_zero_100_20260714,M5,28,lightgbm_direct,HOUSEHOLD_2_148_WI_1_validation,364,64.0,145.83047927170992,0.4006331848123899,185.6291648129121,2.2786012386204675
source_b_v1_14_m5_stratified_volume_zero_100_chronos_only,m5_stratified_volume_zero_100_20260714,M5,28,lightgbm_direct,HOUSEHOLD_2_158_CA_1_validation,364,68.0,114.19682694599032,0.31372754655491847,190.58655394678863,1.6793651021469165
source_b_v1_14_m5_stratified_volume_zero_100_chronos_only,m5_stratified_volume_zero_100_20260714,M5,28,lightgbm_direct,HOUSEHOLD_2_192_CA_2_validation,364,84.0,117.54293105611578,0.32292014026405436,190.57046133101056,1.3993206078109022
source_b_v1_14_m5_stratified_volume_zero_100_chronos_only,m5_stratified_volume_zero_100_20260714,M5,28,lightgbm_direct,HOUSEHOLD_2_202_CA_2_validation,364,48.0,93.11870632879436,0.2558206217824021,193.78289801566933,1.9399730485165492
source_b_v1_14_m5_stratified_volume_zero_100_chronos_only,m5_stratified_volume_zero_100_20260714,M5,28,lightgbm_direct,HOUSEHOLD_2_223_CA_3_validation,364,96.0,160.69544057175517,0.441470990581745,180.06657267706856,1.6739108392891164
source_b_v1_14_m5_stratified_volume_zero_100_chronos_only,m5_stratified_volume_zero_100_20260714,M5,28,lightgbm_direct,HOUSEHOLD_2_235_TX_1_validation,364,50.0,94.14661169797182,0.25864453763179074,193.39433066645165,1.8829322339594363
source_b_v1_14_m5_stratified_volume_zero_100_chronos_only,m5_stratified_volume_zero_100_20260714,M5,28,lightgbm_direct,HOUSEHOLD_2_246_CA_3_validation,364,107.0,172.75144116580486,0.47459187133462877,177.14344823775895,1.614499450147709
source_b_v1_14_m5_stratified_volume_zero_100_chronos_only,m5_stratified_volume_zero_100_20260714,M5,28,lightgbm_direct,HOUSEHOLD_2_265_WI_3_validation,364,117.0,165.63246105983853,0.4550342336808751,176.02256343967423,1.4156620603405004
source_b_v1_14_m5_stratified_volume_zero_100_chronos_only,m5_stratified_volume_zero_100_20260714,M5,28,lightgbm_direct,HOUSEHOLD_2_422_CA_2_validation,364,85.0,141.89922637864947,0.3898330395017843,187.08904728503012,1.669402663278229
source_b_v1_14_m5_stratified_volume_zero_100_chronos_only,m5_stratified_volume_zero_100_20260714,M5,28,lightgbm_direct,HOUSEHOLD_2_474_CA_3_validation,364,29.0,92.91489890031517,0.2552607112646021,195.26273404974887,3.2039620310453505
source_b_v1_14_m5_stratified_volume_zero_100_chronos_only,m5_stratified_volume_zero_100_20260714,M5,28,lightgbm_direct,HOUSEHOLD_2_480_WI_2_validation,364,49.0,111.46348467376083,0.30621836448835393,190.09586779840143,2.2747649933420577
source_b_v1_14_m5_stratified_volume_zero_100_chronos_only,m5_stratified_volume_zero_100_20260714,M5,28,lightgbm_direct_scaled,FOODS_1_026_WI_2_validation,364,217.0,245.28781615942717,0.673867626811613,147.7110870328923,1.1303585998130283
source_b_v1_14_m5_stratified_volume_zero_100_chronos_only,m5_stratified_volume_zero_100_20260714,M5,28,lightgbm_direct_scaled,FOODS_1_063_CA_2_validation,364,13.0,67.56551644112915,0.1856195506624427,198.46063150916135,5.197347418548396
source_b_v1_14_m5_stratified_volume_zero_100_chronos_only,m5_stratified_volume_zero_100_20260714,M5,28,lightgbm_direct_scaled,FOODS_1_080_WI_2_validation,364,183.0,223.7859661653638,0.614796610344406,160.27235526343006,1.2228741320511682
source_b_v1_14_m5_stratified_volume_zero_100_chronos_only,m5_stratified_volume_zero_100_20260714,M5,28,lightgbm_direct_scaled,FOODS_1_118_CA_3_validation,364,439.0,457.32476785592735,1.2563867248789213,131.32920563763682,1.0417420680089462
source_b_v1_14_m5_stratified_volume_zero_100_chronos_only,m5_stratified_volume_zero_100_20260714,M5,28,lightgbm_direct_scaled,FOODS_1_129_WI_2_validation,364,1342.0,921.1877576708794,2.5307355979969213,89.78645278920163,0.6864290295610129
source_b_v1_14_m5_stratified_volume_zero_100_chronos_only,m5_stratified_volume_zero_100_20260714,M5,28,lightgbm_direct_scaled,FOODS_1_171_TX_1_validation,364,157.0,209.54665168747306,0.5756776145260248,173.63065544638562,1.3346920489647967
source_b_v1_14_m5_stratified_volume_zero_100_chronos_only,m5_stratified_volume_zero_100_20260714,M5,28,lightgbm_direct_scaled,FOODS_1_178_WI_3_validation,364,149.0,204.0143314921297,0.560478932670686,170.8259413523581,1.3692237012894612
source_b_v1_14_m5_stratified_volume_zero_100_chronos_only,m5_stratified_volume_zero_100_20260714,M5,28,lightgbm_direct_scaled,FOODS_2_001_WI_1_validation,364,360.0,292.9593355823599,0.8048333395119778,149.11437177225284,0.813775932173222
source_b_v1_14_m5_stratified_volume_zero_100_chronos_only,m5_stratified_volume_zero_100_20260714,M5,28,lightgbm_direct_scaled,FOODS_2_015_WI_2_validation,364,148.0,253.61682690726593,0.6967495244705108,173.01873266865417,1.713627208832878
source_b_v1_14_m5_stratified_volume_zero_100_chronos_only,m5_stratified_volume_zero_100_20260714,M5,28,lightgbm_direct_scaled,FOODS_2_016_CA_2_validation,364,882.0,701.373136589548,1.926849276344912,125.74985435648725,0.7952076378566304
source_b_v1_14_m5_stratified_volume_zero_100_chronos_only,m5_stratified_volume_zero_100_20260714,M5,28,lightgbm_direct_scaled,FOODS_2_027_CA_4_validation,364,83.0,201.70759385824203,0.5541417413687968,190.88713160210264,2.430211974195687
source_b_v1_14_m5_stratified_volume_zero_100_chronos_only,m5_stratified_volume_zero_100_20260714,M5,28,lightgbm_direct_scaled,FOODS_2_044_WI_1_validation,364,764.0,561.4145614663139,1.5423476963360272,105.3851101348748,0.7348358134375836
source_b_v1_14_m5_stratified_volume_zero_100_chronos_only,m5_stratified_volume_zero_100_20260714,M5,28,lightgbm_direct_scaled,FOODS_2_075_CA_2_validation,364,856.0,592.3291814348311,1.6272779709748106,125.1363906104481,0.6919733427976998
source_b_v1_14_m5_stratified_volume_zero_100_chronos_only,m5_stratified_volume_zero_100_20260714,M5,28,lightgbm_direct_scaled,FOODS_2_130_TX_2_validation,364,394.0,393.8323436975479,1.0819569881800766,129.691122825796,0.9995744763897155
source_b_v1_14_m5_stratified_volume_zero_100_chronos_only,m5_stratified_volume_zero_100_20260714,M5,28,lightgbm_direct_scaled,FOODS_2_137_CA_4_validation,364,182.0,266.55448700953275,0.7322925467294856,178.71759803794896,1.4645850934589713
source_b_v1_14_m5_stratified_volume_zero_100_chronos_only,m5_stratified_volume_zero_100_20260714,M5,28,lightgbm_direct_scaled,FOODS_2_140_WI_2_validation,364,533.0,707.007885750616,1.9423293564577362,181.79234498008893,1.3264688288004052
source_b_v1_14_m5_stratified_volume_zero_100_chronos_only,m5_stratified_volume_zero_100_20260714,M5,28,lightgbm_direct_scaled,FOODS_2_215_TX_2_validation,364,330.0,365.92934836656787,1.0053004076004612,160.0972689489981,1.108876813232024
source_b_v1_14_m5_stratified_volume_zero_100_chronos_only,m5_stratified_volume_zero_100_20260714,M5,28,lightgbm_direct_scaled,FOODS_2_233_WI_2_validation,364,2380.0,1801.9685977153422,4.950463180536654,154.29600085994858,0.7571296629056059
source_b_v1_14_m5_stratified_volume_zero_100_chronos_only,m5_stratified_volume_zero_100_20260714,M5,28,lightgbm_direct_scaled,FOODS_2_258_CA_4_validation,364,169.0,276.33553680451587,0.7591635626497689,172.15550205912479,1.6351215195533484
source_b_v1_14_m5_stratified_volume_zero_100_chronos_only,m5_stratified_volume_zero_100_20260714,M5,28,lightgbm_direct_scaled,FOODS_2_261_TX_1_validation,364,73.0,132.0918032741174,0.3628895694343885,186.3899047551664,1.8094767571796906
source_b_v1_14_m5_stratified_volume_zero_100_chronos_only,m5_stratified_volume_zero_100_20260714,M5,28,lightgbm_direct_scaled,FOODS_2_299_WI_2_validation,364,1050.0,708.9545225222537,1.947677259676521,143.201942107504,0.6751947833545273
source_b_v1_14_m5_stratified_volume_zero_100_chronos_only,m5_stratified_volume_zero_100_20260714,M5,28,lightgbm_direct_scaled,FOODS_2_316_TX_3_validation,364,266.0,264.6446929778904,0.7270458598293692,169.9806820106042,0.9949048608191368
source_b_v1_14_m5_stratified_volume_zero_100_chronos_only,m5_stratified_volume_zero_100_20260714,M5,28,lightgbm_direct_scaled,FOODS_2_347_WI_2_validation,364,2201.0,1605.7047252451011,4.411276717706322,150.84017040243734,0.7295341777578833
source_b_v1_14_m5_stratified_volume_zero_100_chronos_only,m5_stratified_volume_zero_100_20260714,M5,28,lightgbm_direct_scaled,FOODS_2_357_WI_2_validation,364,2200.0,1798.4319076781103,4.940746999115688,163.07169735804652,0.8174690489445956
source_b_v1_14_m5_stratified_volume_zero_100_chronos_only,m5_stratified_volume_zero_100_20260714,M5,28,lightgbm_direct_scaled,FOODS_3_009_TX_1_validation,364,239.0,295.76685091340914,0.812546293718157,164.84248297396934,1.2375182046586157
source_b_v1_14_m5_stratified_volume_zero_100_chronos_only,m5_stratified_volume_zero_100_20260714,M5,28,lightgbm_direct_scaled,FOODS_3_024_WI_2_validation,364,1369.0,1134.1504821693525,3.1157980279377817,143.01555082828804,0.8284517766028872
source_b_v1_14_m5_stratified_volume_zero_100_chronos_only,m5_stratified_volume_zero_100_20260714,M5,28,lightgbm_direct_scaled,FOODS_3_039_WI_1_validation,364,518.0,1234.714795689797,3.3920736145324093,176.67750572813827,2.3836192966984497
source_b_v1_14_m5_stratified_volume_zero_100_chronos_only,m5_stratified_volume_zero_100_20260714,M5,28,lightgbm_direct_scaled,FOODS_3_073_TX_3_validation,364,349.0,523.6937827861402,1.4387191834784072,186.7073904745071,1.5005552515362184
source_b_v1_14_m5_stratified_volume_zero_100_chronos_only,m5_stratified_volume_zero_100_20260714,M5,28,lightgbm_direct_scaled,FOODS_3_073_WI_3_validation,364,90.0,494.8438787164632,1.3594612052650088,197.324118826737,5.498265319071813
source_b_v1_14_m5_stratified_volume_zero_100_chronos_only,m5_stratified_volume_zero_100_20260714,M5,28,lightgbm_direct_scaled,FOODS_3_077_CA_3_validation,364,1849.0,1287.1931425035,3.5362448969876374,101.62778218132482,0.6961563777736615
source_b_v1_14_m5_stratified_volume_zero_100_chronos_only,m5_stratified_volume_zero_100_20260714,M5,28,lightgbm_direct_scaled,FOODS_3_091_CA_1_validation,364,443.0,326.70380813628435,0.8975379344403416,108.7107437568704,0.7374803795401452
source_b_v1_14_m5_stratified_volume_zero_100_chronos_only,m5_stratified_volume_zero_100_20260714,M5,28,lightgbm_direct_scaled,FOODS_3_100_WI_1_validation,364,692.0,547.7848323211074,1.5049033854975478,97.38850843557996,0.7915965784987101
source_b_v1_14_m5_stratified_volume_zero_100_chronos_only,m5_stratified_volume_zero_100_20260714,M5,28,lightgbm_direct_scaled,FOODS_3_230_WI_1_validation,364,452.0,349.6388044208288,0.960546165991288,100.39002630437078,0.7735371779221877
source_b_v1_14_m5_stratified_volume_zero_100_chronos_only,m5_stratified_volume_zero_100_20260714,M5,28,lightgbm_direct_scaled,FOODS_3_233_WI_1_validation,364,866.0,616.8246568120085,1.6945732330000232,128.08501201552494,0.7122686568267996
source_b_v1_14_m5_stratified_volume_zero_100_chronos_only,m5_stratified_volume_zero_100_20260714,M5,28,lightgbm_direct_scaled,FOODS_3_233_WI_2_validation,364,2352.0,1423.5721008758992,3.910912365043679,127.5599142074471,0.6052602469710455
source_b_v1_14_m5_stratified_volume_zero_100_chronos_only,m5_stratified_volume_zero_100_20260714,M5,28,lightgbm_direct_scaled,FOODS_3_236_CA_1_validation,364,546.0,435.4539509075694,1.1963020629328829,136.6482769753474,0.7975347086219219
source_b_v1_14_m5_stratified_volume_zero_100_chronos_only,m5_stratified_volume_zero_100_20260714,M5,28,lightgbm_direct_scaled,FOODS_3_266_CA_1_validation,364,52.0,180.64801120199263,0.49628574506041934,188.15289463723215,3.4740002154229352
source_b_v1_14_m5_stratified_volume_zero_100_chronos_only,m5_stratified_volume_zero_100_20260714,M5,28,lightgbm_direct_scaled,FOODS_3_320_CA_3_validation,364,878.0,709.0802725106478,1.9480227266776038,96.20933173043036,0.8076085108321729
source_b_v1_14_m5_stratified_volume_zero_100_chronos_only,m5_stratified_volume_zero_100_20260714,M5,28,lightgbm_direct_scaled,FOODS_3_339_WI_2_validation,364,771.0,620.5949824596755,1.7049312704936141,112.51678269547224,0.8049221562382303
source_b_v1_14_m5_stratified_volume_zero_100_chronos_only,m5_stratified_volume_zero_100_20260714,M5,28,lightgbm_direct_scaled,FOODS_3_345_CA_2_validation,364,2.0,63.249020613729954,0.17376104564211525,199.65794521524242,31.624510306864977
source_b_v1_14_m5_stratified_volume_zero_100_chronos_only,m5_stratified_volume_zero_100_20260714,M5,28,lightgbm_direct_scaled,FOODS_3_424_CA_4_validation,364,270.0,283.95067878626287,0.7800842823798431,136.43743835434617,1.0516691806898624
source_b_v1_14_m5_stratified_volume_zero_100_chronos_only,m5_stratified_volume_zero_100_20260714,M5,28,lightgbm_direct_scaled,FOODS_3_444_TX_2_validation,364,2089.0,1929.8782660365105,5.301863368232172,173.59413360447468,0.9238287534880376
source_b_v1_14_m5_stratified_volume_zero_100_chronos_only,m5_stratified_volume_zero_100_20260714,M5,28,lightgbm_direct_scaled,FOODS_3_457_CA_2_validation,364,138.0,297.0719068394974,0.8161316121964214,177.02997986429173,2.152694977097807
source_b_v1_14_m5_stratified_volume_zero_100_chronos_only,m5_stratified_volume_zero_100_20260714,M5,28,lightgbm_direct_scaled,FOODS_3_521_WI_2_validation,364,117.0,156.38951394241303,0.429641521819816,189.15720166955404,1.3366625123283165
source_b_v1_14_m5_stratified_volume_zero_100_chronos_only,m5_stratified_volume_zero_100_20260714,M5,28,lightgbm_direct_scaled,FOODS_3_528_TX_3_validation,364,167.0,215.5942855272442,0.5922919932067149,171.02009604326764,1.290983745672121
source_b_v1_14_m5_stratified_volume_zero_100_chronos_only,m5_stratified_volume_zero_100_20260714,M5,28,lightgbm_direct_scaled,FOODS_3_538_CA_3_validation,364,12.0,255.6329740913352,0.702288390360811,196.85240447716555,21.3027478409446
source_b_v1_14_m5_stratified_volume_zero_100_chronos_only,m5_stratified_volume_zero_100_20260714,M5,28,lightgbm_direct_scaled,FOODS_3_567_CA_3_validation,364,201.0,247.89150031097233,0.681020605249924,165.20519472059897,1.2332910463232454
source_b_v1_14_m5_stratified_volume_zero_100_chronos_only,m5_stratified_volume_zero_100_20260714,M5,28,lightgbm_direct_scaled,FOODS_3_583_WI_1_validation,364,163.0,354.4891982842237,0.9738714238577574,158.98636588322844,2.1747803575719242
source_b_v1_14_m5_stratified_volume_zero_100_chronos_only,m5_stratified_volume_zero_100_20260714,M5,28,lightgbm_direct_scaled,FOODS_3_606_CA_4_validation,364,326.0,285.69918071106076,0.7848878590963208,119.77371986807353,0.8763778549419042
source_b_v1_14_m5_stratified_volume_zero_100_chronos_only,m5_stratified_volume_zero_100_20260714,M5,28,lightgbm_direct_scaled,FOODS_3_698_CA_1_validation,364,468.0,467.3503317758441,1.2839294829006707,128.95449364340647,0.998611820033855
source_b_v1_14_m5_stratified_volume_zero_100_chronos_only,m5_stratified_volume_zero_100_20260714,M5,28,lightgbm_direct_scaled,FOODS_3_703_CA_1_validation,364,368.0,380.34287311974913,1.0448980030762338,139.57369850400062,1.033540416086275
source_b_v1_14_m5_stratified_volume_zero_100_chronos_only,m5_stratified_volume_zero_100_20260714,M5,28,lightgbm_direct_scaled,FOODS_3_760_CA_3_validation,364,3544.0,2583.9840187467635,7.0988571943592405,116.99185118861915,0.7291151294432177
source_b_v1_14_m5_stratified_volume_zero_100_chronos_only,m5_stratified_volume_zero_100_20260714,M5,28,lightgbm_direct_scaled,FOODS_3_780_WI_1_validation,364,1610.0,1260.6974403457716,3.4634545064444273,126.99503738121858,0.7830418884135227
source_b_v1_14_m5_stratified_volume_zero_100_chronos_only,m5_stratified_volume_zero_100_20260714,M5,28,lightgbm_direct_scaled,FOODS_3_827_CA_3_validation,364,1707.0,1386.8597851814702,3.810054354894149,117.05276537159502,0.8124544728655362
source_b_v1_14_m5_stratified_volume_zero_100_chronos_only,m5_stratified_volume_zero_100_20260714,M5,28,lightgbm_direct_scaled,HOBBIES_1_010_CA_1_validation,364,224.0,248.27234475314617,0.6820668811899621,143.94432715444592,1.1083586819336884
source_b_v1_14_m5_stratified_volume_zero_100_chronos_only,m5_stratified_volume_zero_100_20260714,M5,28,lightgbm_direct_scaled,HOBBIES_1_014_TX_2_validation,364,2111.0,1296.6960427463055,3.5623517657865533,75.59039836109842,0.6142567706045976
source_b_v1_14_m5_stratified_volume_zero_100_chronos_only,m5_stratified_volume_zero_100_20260714,M5,28,lightgbm_direct_scaled,HOBBIES_1_047_WI_1_validation,364,321.0,335.82379012927413,0.9225928300254784,138.17986662817702,1.046180031555371
source_b_v1_14_m5_stratified_volume_zero_100_chronos_only,m5_stratified_volume_zero_100_20260714,M5,28,lightgbm_direct_scaled,HOBBIES_1_058_WI_3_validation,364,85.0,127.60177809931338,0.3505543354376741,187.07607821080867,1.5011973894036867
source_b_v1_14_m5_stratified_volume_zero_100_chronos_only,m5_stratified_volume_zero_100_20260714,M5,28,lightgbm_direct_scaled,HOBBIES_1_090_CA_1_validation,364,1363.0,1423.3244936913252,3.9102321255256185,144.23357450042093,1.0442586160611336
source_b_v1_14_m5_stratified_volume_zero_100_chronos_only,m5_stratified_volume_zero_100_20260714,M5,28,lightgbm_direct_scaled,HOBBIES_1_090_TX_1_validation,364,264.0,439.2081006562803,1.2066156611436272,185.07712622263114,1.6636670479404556
source_b_v1_14_m5_stratified_volume_zero_100_chronos_only,m5_stratified_volume_zero_100_20260714,M5,28,lightgbm_direct_scaled,HOBBIES_1_121_TX_1_validation,364,255.0,402.11376845650375,1.104708155100285,185.61165663949976,1.5769167390451126
source_b_v1_14_m5_stratified_volume_zero_100_chronos_only,m5_stratified_volume_zero_100_20260714,M5,28,lightgbm_direct_scaled,HOBBIES_1_128_WI_1_validation,364,103.0,141.94790660776198,0.3899667763949505,185.91040054702478,1.3781350156093397
source_b_v1_14_m5_stratified_volume_zero_100_chronos_only,m5_stratified_volume_zero_100_20260714,M5,28,lightgbm_direct_scaled,HOBBIES_1_156_WI_1_validation,364,225.0,305.5788032207638,0.8395022066504501,166.684599552801,1.3581280143145058
source_b_v1_14_m5_stratified_volume_zero_100_chronos_only,m5_stratified_volume_zero_100_20260714,M5,28,lightgbm_direct_scaled,HOBBIES_1_197_TX_3_validation,364,17.0,40.22857796167955,0.11051807132329546,199.0908825474076,2.3663869389223264
source_b_v1_14_m5_stratified_volume_zero_100_chronos_only,m5_stratified_volume_zero_100_20260714,M5,28,lightgbm_direct_scaled,HOBBIES_1_197_WI_1_validation,364,95.0,135.9093299121596,0.37337727997846043,188.4978872928718,1.4306245253911536
source_b_v1_14_m5_stratified_volume_zero_100_chronos_only,m5_stratified_volume_zero_100_20260714,M5,28,lightgbm_direct_scaled,HOBBIES_1_234_CA_2_validation,364,917.0,980.1157954787823,2.6926258117548962,192.38983133088087,1.0688285664981267
source_b_v1_14_m5_stratified_volume_zero_100_chronos_only,m5_stratified_volume_zero_100_20260714,M5,28,lightgbm_direct_scaled,HOBBIES_1_320_CA_1_validation,364,324.0,313.00767410360277,0.8599111925923153,126.24272823439395,0.9660730682209961
source_b_v1_14_m5_stratified_volume_zero_100_chronos_only,m5_stratified_volume_zero_100_20260714,M5,28,lightgbm_direct_scaled,HOBBIES_1_327_TX_3_validation,364,161.0,205.76237278431654,0.5652812439129575,159.6217524865937,1.2780271601510345
source_b_v1_14_m5_stratified_volume_zero_100_chronos_only,m5_stratified_volume_zero_100_20260714,M5,28,lightgbm_direct_scaled,HOBBIES_1_341_WI_1_validation,364,1897.0,1257.238170972094,3.453951019154104,91.79708434843087,0.6627507490627802
source_b_v1_14_m5_stratified_volume_zero_100_chronos_only,m5_stratified_volume_zero_100_20260714,M5,28,lightgbm_direct_scaled,HOBBIES_1_352_CA_3_validation,364,561.0,402.8498874846846,1.1067304601227599,100.86322401339922,0.7180924910600438
source_b_v1_14_m5_stratified_volume_zero_100_chronos_only,m5_stratified_volume_zero_100_20260714,M5,28,lightgbm_direct_scaled,HOBBIES_1_354_TX_3_validation,364,8367.0,4031.5082111358643,11.075572008615012,66.94272863109201,0.48183437446347127
source_b_v1_14_m5_stratified_volume_zero_100_chronos_only,m5_stratified_volume_zero_100_20260714,M5,28,lightgbm_direct_scaled,HOBBIES_2_058_TX_3_validation,364,117.0,192.60289328562794,0.529128827707769,173.10187336929025,1.646178575090837
source_b_v1_14_m5_stratified_volume_zero_100_chronos_only,m5_stratified_volume_zero_100_20260714,M5,28,lightgbm_direct_scaled,HOBBIES_2_076_WI_2_validation,364,82.0,185.46520245075226,0.5095197869526161,185.46598205737322,2.2617707615945397
source_b_v1_14_m5_stratified_volume_zero_100_chronos_only,m5_stratified_volume_zero_100_20260714,M5,28,lightgbm_direct_scaled,HOBBIES_2_115_WI_3_validation,364,151.0,212.47768048010767,0.5837298914288672,176.28575260707998,1.407136956821905
source_b_v1_14_m5_stratified_volume_zero_100_chronos_only,m5_stratified_volume_zero_100_20260714,M5,28,lightgbm_direct_scaled,HOUSEHOLD_1_008_TX_3_validation,364,126.0,175.65585251897573,0.4825710234037795,172.22607482562452,1.3940940676109186
source_b_v1_14_m5_stratified_volume_zero_100_chronos_only,m5_stratified_volume_zero_100_20260714,M5,28,lightgbm_direct_scaled,HOUSEHOLD_1_035_CA_2_validation,364,49.0,55.431929553014925,0.152285520750041,198.3228275144425,1.131263868428876
source_b_v1_14_m5_stratified_volume_zero_100_chronos_only,m5_stratified_volume_zero_100_20260714,M5,28,lightgbm_direct_scaled,HOUSEHOLD_1_109_CA_4_validation,364,309.0,270.3836464583874,0.7428122155450203,122.81987565597139,0.8750279820659785
source_b_v1_14_m5_stratified_volume_zero_100_chronos_only,m5_stratified_volume_zero_100_20260714,M5,28,lightgbm_direct_scaled,HOUSEHOLD_1_113_TX_3_validation,364,948.0,706.5772081017494,1.9411461761037072,97.84126375732772,0.7453346077022673
source_b_v1_14_m5_stratified_volume_zero_100_chronos_only,m5_stratified_volume_zero_100_20260714,M5,28,lightgbm_direct_scaled,HOUSEHOLD_1_201_CA_3_validation,364,472.0,478.37443086039275,1.3142154693966834,172.32502453101594,1.0135051501279508
source_b_v1_14_m5_stratified_volume_zero_100_chronos_only,m5_stratified_volume_zero_100_20260714,M5,28,lightgbm_direct_scaled,HOUSEHOLD_1_224_TX_3_validation,364,70.0,121.12708805501461,0.33276672542586433,187.5409950445927,1.7303869722144944
source_b_v1_14_m5_stratified_volume_zero_100_chronos_only,m5_stratified_volume_zero_100_20260714,M5,28,lightgbm_direct_scaled,HOUSEHOLD_1_270_TX_2_validation,364,306.0,304.452533243224,0.8364080583605056,139.84232288814252,0.9949429190955034
source_b_v1_14_m5_stratified_volume_zero_100_chronos_only,m5_stratified_volume_zero_100_20260714,M5,28,lightgbm_direct_scaled,HOUSEHOLD_1_346_WI_2_validation,364,310.0,290.81576934456825,0.7989444212762864,127.37450632553559,0.9381153849824783
source_b_v1_14_m5_stratified_volume_zero_100_chronos_only,m5_stratified_volume_zero_100_20260714,M5,28,lightgbm_direct_scaled,HOUSEHOLD_1_441_TX_2_validation,364,1093.0,896.0423848892437,2.4616549035418784,170.0539202197697,0.8198009010880547
source_b_v1_14_m5_stratified_volume_zero_100_chronos_only,m5_stratified_volume_zero_100_20260714,M5,28,lightgbm_direct_scaled,HOUSEHOLD_1_441_TX_3_validation,364,2298.0,1619.2386277804958,4.448457768627736,153.3001851169295,0.7046295160054377
source_b_v1_14_m5_stratified_volume_zero_100_chronos_only,m5_stratified_volume_zero_100_20260714,M5,28,lightgbm_direct_scaled,HOUSEHOLD_1_460_WI_1_validation,364,231.0,238.43492734944448,0.6550410092017706,147.74580748800662,1.0321858326815778
source_b_v1_14_m5_stratified_volume_zero_100_chronos_only,m5_stratified_volume_zero_100_20260714,M5,28,lightgbm_direct_scaled,HOUSEHOLD_2_023_TX_3_validation,364,120.0,184.07003219705075,0.5056869016402493,174.01450956175833,1.533916934975423
source_b_v1_14_m5_stratified_volume_zero_100_chronos_only,m5_stratified_volume_zero_100_20260714,M5,28,lightgbm_direct_scaled,HOUSEHOLD_2_041_CA_1_validation,364,142.0,198.28707518987358,0.5447447120600922,169.870785028264,1.396387853449814
source_b_v1_14_m5_stratified_volume_zero_100_chronos_only,m5_stratified_volume_zero_100_20260714,M5,28,lightgbm_direct_scaled,HOUSEHOLD_2_107_TX_2_validation,364,35.0,56.34728162398096,0.15480022424170595,197.34995232729494,1.6099223321137417
source_b_v1_14_m5_stratified_volume_zero_100_chronos_only,m5_stratified_volume_zero_100_20260714,M5,28,lightgbm_direct_scaled,HOUSEHOLD_2_133_WI_3_validation,364,59.0,107.71094621345401,0.29590919289410444,190.62350446196493,1.8256092578551526
source_b_v1_14_m5_stratified_volume_zero_100_chronos_only,m5_stratified_volume_zero_100_20260714,M5,28,lightgbm_direct_scaled,HOUSEHOLD_2_148_WI_1_validation,364,64.0,136.47196156531572,0.37492297133328495,186.63287810529286,2.132374399458058
source_b_v1_14_m5_stratified_volume_zero_100_chronos_only,m5_stratified_volume_zero_100_20260714,M5,28,lightgbm_direct_scaled,HOUSEHOLD_2_158_CA_1_validation,364,68.0,103.51015809015371,0.28436856618174094,192.99581058931142,1.5222082072081429
source_b_v1_14_m5_stratified_volume_zero_100_chronos_only,m5_stratified_volume_zero_100_20260714,M5,28,lightgbm_direct_scaled,HOUSEHOLD_2_192_CA_2_validation,364,84.0,109.13892103286344,0.2998322006397347,191.71374401588736,1.2992728694388505
source_b_v1_14_m5_stratified_volume_zero_100_chronos_only,m5_stratified_volume_zero_100_20260714,M5,28,lightgbm_direct_scaled,HOUSEHOLD_2_202_CA_2_validation,364,48.0,84.65272267581895,0.23256242493356855,193.72744496835531,1.7635983890795615
source_b_v1_14_m5_stratified_volume_zero_100_chronos_only,m5_stratified_volume_zero_100_20260714,M5,28,lightgbm_direct_scaled,HOUSEHOLD_2_223_CA_3_validation,364,96.0,161.60674274899065,0.44397456799173257,181.45624081451464,1.683403570301986
source_b_v1_14_m5_stratified_volume_zero_100_chronos_only,m5_stratified_volume_zero_100_20260714,M5,28,lightgbm_direct_scaled,HOUSEHOLD_2_235_TX_1_validation,364,50.0,82.9760465263389,0.22795617177565633,194.9432281091677,1.6595209305267782
source_b_v1_14_m5_stratified_volume_zero_100_chronos_only,m5_stratified_volume_zero_100_20260714,M5,28,lightgbm_direct_scaled,HOUSEHOLD_2_246_CA_3_validation,364,107.0,164.5126328226179,0.45195778247971946,181.34970767126168,1.5375012413328775
source_b_v1_14_m5_stratified_volume_zero_100_chronos_only,m5_stratified_volume_zero_100_20260714,M5,28,lightgbm_direct_scaled,HOUSEHOLD_2_265_WI_3_validation,364,117.0,162.60163102298975,0.44670777753568613,179.37103498838238,1.3897575301110234
source_b_v1_14_m5_stratified_volume_zero_100_chronos_only,m5_stratified_volume_zero_100_20260714,M5,28,lightgbm_direct_scaled,HOUSEHOLD_2_422_CA_2_validation,364,85.0,135.95485580153763,0.37350235110312535,189.1783032624258,1.5994688917827957
source_b_v1_14_m5_stratified_volume_zero_100_chronos_only,m5_stratified_volume_zero_100_20260714,M5,28,lightgbm_direct_scaled,HOUSEHOLD_2_474_CA_3_validation,364,29.0,97.26841101236641,0.267220909374633,194.74147360027146,3.3540831383574625
source_b_v1_14_m5_stratified_volume_zero_100_chronos_only,m5_stratified_volume_zero_100_20260714,M5,28,lightgbm_direct_scaled,HOUSEHOLD_2_480_WI_2_validation,364,49.0,102.53585994779132,0.28169192293349266,190.97309619646288,2.0925685703630883
source_b_v1_14_m5_stratified_volume_zero_100_chronos_only,m5_stratified_volume_zero_100_20260714,M5,28,lightgbm_tuned_cov,FOODS_1_026_WI_2_validation,364,217.0,248.41819777153432,0.682467576295424,146.0854417446398,1.144784321527808
source_b_v1_14_m5_stratified_volume_zero_100_chronos_only,m5_stratified_volume_zero_100_20260714,M5,28,lightgbm_tuned_cov,FOODS_1_063_CA_2_validation,364,13.0,182.38211407791823,0.5010497639503249,198.8552518800704,14.029393390609094
source_b_v1_14_m5_stratified_volume_zero_100_chronos_only,m5_stratified_volume_zero_100_20260714,M5,28,lightgbm_tuned_cov,FOODS_1_080_WI_2_validation,364,183.0,228.81633101403713,0.6286162939946075,156.88266194003057,1.25036246455758
source_b_v1_14_m5_stratified_volume_zero_100_chronos_only,m5_stratified_volume_zero_100_20260714,M5,28,lightgbm_tuned_cov,FOODS_1_118_CA_3_validation,364,439.0,510.52039059996605,1.4025285456043024,123.6195006706185,1.1629166072892165
source_b_v1_14_m5_stratified_volume_zero_100_chronos_only,m5_stratified_volume_zero_100_20260714,M5,28,lightgbm_tuned_cov,FOODS_1_129_WI_2_validation,364,1342.0,977.3516673445702,2.6850320531444236,92.72227343016449,0.7282799309572058
source_b_v1_14_m5_stratified_volume_zero_100_chronos_only,m5_stratified_volume_zero_100_20260714,M5,28,lightgbm_tuned_cov,FOODS_1_171_TX_1_validation,364,157.0,199.22663310170174,0.5473259151145652,178.17744864915267,1.2689594465076544
source_b_v1_14_m5_stratified_volume_zero_100_chronos_only,m5_stratified_volume_zero_100_20260714,M5,28,lightgbm_tuned_cov,FOODS_1_178_WI_3_validation,364,149.0,203.12776035163552,0.5580432976693284,169.6551756950065,1.3632735594069498
source_b_v1_14_m5_stratified_volume_zero_100_chronos_only,m5_stratified_volume_zero_100_20260714,M5,28,lightgbm_tuned_cov,FOODS_2_001_WI_1_validation,364,360.0,296.9716309913856,0.8158561290972132,145.90182008972468,0.8249211971982934
source_b_v1_14_m5_stratified_volume_zero_100_chronos_only,m5_stratified_volume_zero_100_20260714,M5,28,lightgbm_tuned_cov,FOODS_2_015_WI_2_validation,364,148.0,298.53160797059536,0.8201417801389982,175.6652751850911,2.0171054592607796
source_b_v1_14_m5_stratified_volume_zero_100_chronos_only,m5_stratified_volume_zero_100_20260714,M5,28,lightgbm_tuned_cov,FOODS_2_016_CA_2_validation,364,882.0,654.5657541925164,1.798257566462957,116.58479872022068,0.7421380433021727
source_b_v1_14_m5_stratified_volume_zero_100_chronos_only,m5_stratified_volume_zero_100_20260714,M5,28,lightgbm_tuned_cov,FOODS_2_027_CA_4_validation,364,83.0,164.14475324004889,0.4509471242858486,192.87930425943597,1.9776476293981793
source_b_v1_14_m5_stratified_volume_zero_100_chronos_only,m5_stratified_volume_zero_100_20260714,M5,28,lightgbm_tuned_cov,FOODS_2_044_WI_1_validation,364,764.0,572.4384147822857,1.5726330076436421,104.18294341423768,0.7492649408145101
source_b_v1_14_m5_stratified_volume_zero_100_chronos_only,m5_stratified_volume_zero_100_20260714,M5,28,lightgbm_tuned_cov,FOODS_2_075_CA_2_validation,364,856.0,671.2931118333788,1.8442118456960956,138.03541756261617,0.784220925038994
source_b_v1_14_m5_stratified_volume_zero_100_chronos_only,m5_stratified_volume_zero_100_20260714,M5,28,lightgbm_tuned_cov,FOODS_2_130_TX_2_validation,364,394.0,362.415025934577,0.9956456756444423,127.14044663568829,0.9198350912045101
source_b_v1_14_m5_stratified_volume_zero_100_chronos_only,m5_stratified_volume_zero_100_20260714,M5,28,lightgbm_tuned_cov,FOODS_2_137_CA_4_validation,364,182.0,243.62466223537922,0.6692985226246682,180.62844945394514,1.3385970452493363
source_b_v1_14_m5_stratified_volume_zero_100_chronos_only,m5_stratified_volume_zero_100_20260714,M5,28,lightgbm_tuned_cov,FOODS_2_140_WI_2_validation,364,533.0,725.0049260645173,1.99177177490252,179.02937276010815,1.3602343828602577
source_b_v1_14_m5_stratified_volume_zero_100_chronos_only,m5_stratified_volume_zero_100_20260714,M5,28,lightgbm_tuned_cov,FOODS_2_215_TX_2_validation,364,330.0,352.4962772449362,0.9683963660575171,159.10801307161816,1.0681705371058674
source_b_v1_14_m5_stratified_volume_zero_100_chronos_only,m5_stratified_volume_zero_100_20260714,M5,28,lightgbm_tuned_cov,FOODS_2_233_WI_2_validation,364,2380.0,1853.9795089532854,5.093350299322212,148.7291076039229,0.7789829869551619
source_b_v1_14_m5_stratified_volume_zero_100_chronos_only,m5_stratified_volume_zero_100_20260714,M5,28,lightgbm_tuned_cov,FOODS_2_258_CA_4_validation,364,169.0,323.16666226275265,0.8878205007218479,165.4725726945259,1.9122287707855186
source_b_v1_14_m5_stratified_volume_zero_100_chronos_only,m5_stratified_volume_zero_100_20260714,M5,28,lightgbm_tuned_cov,FOODS_2_261_TX_1_validation,364,73.0,116.23881486617029,0.3193374034784898,189.66804633362483,1.5923125324132916
source_b_v1_14_m5_stratified_volume_zero_100_chronos_only,m5_stratified_volume_zero_100_20260714,M5,28,lightgbm_tuned_cov,FOODS_2_299_WI_2_validation,364,1050.0,799.98699660485,2.1977664741891485,148.593679049976,0.7618923777189047
source_b_v1_14_m5_stratified_volume_zero_100_chronos_only,m5_stratified_volume_zero_100_20260714,M5,28,lightgbm_tuned_cov,FOODS_2_316_TX_3_validation,364,266.0,318.7847483684309,0.8757822757374475,169.98761647398553,1.1984389036407177
source_b_v1_14_m5_stratified_volume_zero_100_chronos_only,m5_stratified_volume_zero_100_20260714,M5,28,lightgbm_tuned_cov,FOODS_2_347_WI_2_validation,364,2201.0,1582.8446749586365,4.348474381754496,145.51573897261,0.7191479668144646
source_b_v1_14_m5_stratified_volume_zero_100_chronos_only,m5_stratified_volume_zero_100_20260714,M5,28,lightgbm_tuned_cov,FOODS_2_357_WI_2_validation,364,2200.0,1647.1889603275558,4.525244396504275,152.50440231742044,0.7487222546943436
source_b_v1_14_m5_stratified_volume_zero_100_chronos_only,m5_stratified_volume_zero_100_20260714,M5,28,lightgbm_tuned_cov,FOODS_3_009_TX_1_validation,364,239.0,301.64918955788016,0.828706564719451,164.54946439306016,1.2621305002421763
source_b_v1_14_m5_stratified_volume_zero_100_chronos_only,m5_stratified_volume_zero_100_20260714,M5,28,lightgbm_tuned_cov,FOODS_3_024_WI_2_validation,364,1369.0,1025.1324612638564,2.8162979705051,128.9684846207254,0.7488184523475941
source_b_v1_14_m5_stratified_volume_zero_100_chronos_only,m5_stratified_volume_zero_100_20260714,M5,28,lightgbm_tuned_cov,FOODS_3_039_WI_1_validation,364,518.0,531.9342069500126,1.4613577114011336,171.56797951183975,1.0269000134170128
source_b_v1_14_m5_stratified_volume_zero_100_chronos_only,m5_stratified_volume_zero_100_20260714,M5,28,lightgbm_tuned_cov,FOODS_3_073_TX_3_validation,364,349.0,568.1922226082534,1.5609676445281686,182.52499219033965,1.628057944436256
source_b_v1_14_m5_stratified_volume_zero_100_chronos_only,m5_stratified_volume_zero_100_20260714,M5,28,lightgbm_tuned_cov,FOODS_3_073_WI_3_validation,364,90.0,336.3680502977222,0.9240880502684676,196.06214412016806,3.7374227810858023
source_b_v1_14_m5_stratified_volume_zero_100_chronos_only,m5_stratified_volume_zero_100_20260714,M5,28,lightgbm_tuned_cov,FOODS_3_077_CA_3_validation,364,1849.0,1248.0615296885371,3.4287404661772998,97.15623772632236,0.6749927148126215
source_b_v1_14_m5_stratified_volume_zero_100_chronos_only,m5_stratified_volume_zero_100_20260714,M5,28,lightgbm_tuned_cov,FOODS_3_091_CA_1_validation,364,443.0,325.45836672745645,0.8941163921083969,107.58427167867528,0.7346689993847776
source_b_v1_14_m5_stratified_volume_zero_100_chronos_only,m5_stratified_volume_zero_100_20260714,M5,28,lightgbm_tuned_cov,FOODS_3_100_WI_1_validation,364,692.0,544.6811974048615,1.4963769159474216,93.21991256632522,0.7871115569434414
source_b_v1_14_m5_stratified_volume_zero_100_chronos_only,m5_stratified_volume_zero_100_20260714,M5,28,lightgbm_tuned_cov,FOODS_3_230_WI_1_validation,364,452.0,338.5343873202801,0.930039525605165,97.50593995709849,0.748969883451947
source_b_v1_14_m5_stratified_volume_zero_100_chronos_only,m5_stratified_volume_zero_100_20260714,M5,28,lightgbm_tuned_cov,FOODS_3_233_WI_1_validation,364,866.0,605.9095924868016,1.6645867925461582,121.55513812098124,0.699664656451272
source_b_v1_14_m5_stratified_volume_zero_100_chronos_only,m5_stratified_volume_zero_100_20260714,M5,28,lightgbm_tuned_cov,FOODS_3_233_WI_2_validation,364,2352.0,1486.2588211073307,4.083128629415744,124.09692761367891,0.6319127640762461
source_b_v1_14_m5_stratified_volume_zero_100_chronos_only,m5_stratified_volume_zero_100_20260714,M5,28,lightgbm_tuned_cov,FOODS_3_236_CA_1_validation,364,546.0,475.74432805541437,1.3069899122401494,134.00700606930874,0.8713266081600995
source_b_v1_14_m5_stratified_volume_zero_100_chronos_only,m5_stratified_volume_zero_100_20260714,M5,28,lightgbm_tuned_cov,FOODS_3_266_CA_1_validation,364,52.0,248.02164459391497,0.6813781444887774,184.68304643006493,4.7696470114214415
source_b_v1_14_m5_stratified_volume_zero_100_chronos_only,m5_stratified_volume_zero_100_20260714,M5,28,lightgbm_tuned_cov,FOODS_3_320_CA_3_validation,364,878.0,688.5322294831276,1.8915720590195813,94.46607229132438,0.7842052727598264
source_b_v1_14_m5_stratified_volume_zero_100_chronos_only,m5_stratified_volume_zero_100_20260714,M5,28,lightgbm_tuned_cov,FOODS_3_339_WI_2_validation,364,771.0,637.7222307238262,1.7519841503401818,109.82642681633482,0.827136486023121
source_b_v1_14_m5_stratified_volume_zero_100_chronos_only,m5_stratified_volume_zero_100_20260714,M5,28,lightgbm_tuned_cov,FOODS_3_345_CA_2_validation,364,2.0,88.46336088934913,0.24303121123447563,199.89476236531593,44.231680444674566
source_b_v1_14_m5_stratified_volume_zero_100_chronos_only,m5_stratified_volume_zero_100_20260714,M5,28,lightgbm_tuned_cov,FOODS_3_424_CA_4_validation,364,270.0,279.4857163876295,0.7678179021638173,133.94856339487683,1.0351322829171463
source_b_v1_14_m5_stratified_volume_zero_100_chronos_only,m5_stratified_volume_zero_100_20260714,M5,28,lightgbm_tuned_cov,FOODS_3_444_TX_2_validation,364,2089.0,2021.649100964889,5.553981046606838,173.26607506660451,0.9677592632670603
source_b_v1_14_m5_stratified_volume_zero_100_chronos_only,m5_stratified_volume_zero_100_20260714,M5,28,lightgbm_tuned_cov,FOODS_3_457_CA_2_validation,364,138.0,194.8173852339387,0.5352125967965349,177.9281976351379,1.4117201828546282
source_b_v1_14_m5_stratified_volume_zero_100_chronos_only,m5_stratified_volume_zero_100_20260714,M5,28,lightgbm_tuned_cov,FOODS_3_521_WI_2_validation,364,117.0,161.06900265812874,0.4424972600498042,187.04961312880542,1.3766581423771687
source_b_v1_14_m5_stratified_volume_zero_100_chronos_only,m5_stratified_volume_zero_100_20260714,M5,28,lightgbm_tuned_cov,FOODS_3_528_TX_3_validation,364,167.0,229.3963545113802,0.6302097651411543,168.1180821979122,1.373630865337606
source_b_v1_14_m5_stratified_volume_zero_100_chronos_only,m5_stratified_volume_zero_100_20260714,M5,28,lightgbm_tuned_cov,FOODS_3_538_CA_3_validation,364,12.0,300.12489835964516,0.8245189515374867,196.1406699177184,25.010408196637098
source_b_v1_14_m5_stratified_volume_zero_100_chronos_only,m5_stratified_volume_zero_100_20260714,M5,28,lightgbm_tuned_cov,FOODS_3_567_CA_3_validation,364,201.0,270.8002978935838,0.7439568623450104,152.82705805077177,1.3472651636496704
source_b_v1_14_m5_stratified_volume_zero_100_chronos_only,m5_stratified_volume_zero_100_20260714,M5,28,lightgbm_tuned_cov,FOODS_3_583_WI_1_validation,364,163.0,411.3034092987655,1.1299544211504546,155.3354012849593,2.5233337993789293
source_b_v1_14_m5_stratified_volume_zero_100_chronos_only,m5_stratified_volume_zero_100_20260714,M5,28,lightgbm_tuned_cov,FOODS_3_606_CA_4_validation,364,326.0,277.9542799331248,0.7636106591569362,116.75211774567187,0.8526204905924073
source_b_v1_14_m5_stratified_volume_zero_100_chronos_only,m5_stratified_volume_zero_100_20260714,M5,28,lightgbm_tuned_cov,FOODS_3_698_CA_1_validation,364,468.0,508.4665737450123,1.3968861916071766,116.61490776915156,1.086467037916693
source_b_v1_14_m5_stratified_volume_zero_100_chronos_only,m5_stratified_volume_zero_100_20260714,M5,28,lightgbm_tuned_cov,FOODS_3_703_CA_1_validation,364,368.0,406.48965294042137,1.1167298157703884,137.7692799504888,1.1045914482076669
source_b_v1_14_m5_stratified_volume_zero_100_chronos_only,m5_stratified_volume_zero_100_20260714,M5,28,lightgbm_tuned_cov,FOODS_3_760_CA_3_validation,364,3544.0,1892.4057841598988,5.198916989450272,74.83140295680637,0.5339745440631769
source_b_v1_14_m5_stratified_volume_zero_100_chronos_only,m5_stratified_volume_zero_100_20260714,M5,28,lightgbm_tuned_cov,FOODS_3_780_WI_1_validation,364,1610.0,1029.5273208245635,2.8283717605070424,87.35311572924775,0.6394579632450705
source_b_v1_14_m5_stratified_volume_zero_100_chronos_only,m5_stratified_volume_zero_100_20260714,M5,28,lightgbm_tuned_cov,FOODS_3_827_CA_3_validation,364,1707.0,1337.138251196593,3.6734567340565745,108.79689738390621,0.7833264506131183
source_b_v1_14_m5_stratified_volume_zero_100_chronos_only,m5_stratified_volume_zero_100_20260714,M5,28,lightgbm_tuned_cov,HOBBIES_1_010_CA_1_validation,364,224.0,249.07667116820812,0.6842765691434289,141.0847126755147,1.111949424858072
source_b_v1_14_m5_stratified_volume_zero_100_chronos_only,m5_stratified_volume_zero_100_20260714,M5,28,lightgbm_tuned_cov,HOBBIES_1_014_TX_2_validation,364,2111.0,1259.8824488520622,3.4612155188243467,71.70129910375547,0.5968178346054298
source_b_v1_14_m5_stratified_volume_zero_100_chronos_only,m5_stratified_volume_zero_100_20260714,M5,28,lightgbm_tuned_cov,HOBBIES_1_047_WI_1_validation,364,321.0,353.6566279307008,0.9715841426667604,137.44914137250177,1.1017340433978218
source_b_v1_14_m5_stratified_volume_zero_100_chronos_only,m5_stratified_volume_zero_100_20260714,M5,28,lightgbm_tuned_cov,HOBBIES_1_058_WI_3_validation,364,85.0,118.77610473707318,0.32630798004690437,190.64971661351626,1.397365938083214
source_b_v1_14_m5_stratified_volume_zero_100_chronos_only,m5_stratified_volume_zero_100_20260714,M5,28,lightgbm_tuned_cov,HOBBIES_1_090_CA_1_validation,364,1363.0,1462.9553978666663,4.019108235897435,143.45369401571097,1.0733348480313032
source_b_v1_14_m5_stratified_volume_zero_100_chronos_only,m5_stratified_volume_zero_100_20260714,M5,28,lightgbm_tuned_cov,HOBBIES_1_090_TX_1_validation,364,264.0,521.7518063348252,1.433384083337432,179.32486276906914,1.9763325997531258
source_b_v1_14_m5_stratified_volume_zero_100_chronos_only,m5_stratified_volume_zero_100_20260714,M5,28,lightgbm_tuned_cov,HOBBIES_1_121_TX_1_validation,364,255.0,425.8367075811839,1.169881064783472,184.82207407464176,1.6699478728673878
source_b_v1_14_m5_stratified_volume_zero_100_chronos_only,m5_stratified_volume_zero_100_20260714,M5,28,lightgbm_tuned_cov,HOBBIES_1_128_WI_1_validation,364,103.0,127.36989206634462,0.34991728589655113,189.54932089862538,1.236600893848006
source_b_v1_14_m5_stratified_volume_zero_100_chronos_only,m5_stratified_volume_zero_100_20260714,M5,28,lightgbm_tuned_cov,HOBBIES_1_156_WI_1_validation,364,225.0,309.5934680737555,0.8505315056971305,165.36262542179895,1.375970969216691
source_b_v1_14_m5_stratified_volume_zero_100_chronos_only,m5_stratified_volume_zero_100_20260714,M5,28,lightgbm_tuned_cov,HOBBIES_1_197_TX_3_validation,364,17.0,62.38974403869361,0.17140039571069673,197.88851987550245,3.6699849434525653
source_b_v1_14_m5_stratified_volume_zero_100_chronos_only,m5_stratified_volume_zero_100_20260714,M5,28,lightgbm_tuned_cov,HOBBIES_1_197_WI_1_validation,364,95.0,123.5686496887356,0.33947431233169123,190.36944354455144,1.30072262830248
source_b_v1_14_m5_stratified_volume_zero_100_chronos_only,m5_stratified_volume_zero_100_20260714,M5,28,lightgbm_tuned_cov,HOBBIES_1_234_CA_2_validation,364,917.0,931.8513702770579,2.560031237024884,196.77886403042942,1.0161956055365953
source_b_v1_14_m5_stratified_volume_zero_100_chronos_only,m5_stratified_volume_zero_100_20260714,M5,28,lightgbm_tuned_cov,HOBBIES_1_320_CA_1_validation,364,324.0,324.0367697030306,0.8902109057775566,116.55888132823897,1.0001134867377488
source_b_v1_14_m5_stratified_volume_zero_100_chronos_only,m5_stratified_volume_zero_100_20260714,M5,28,lightgbm_tuned_cov,HOBBIES_1_327_TX_3_validation,364,161.0,209.47245129197836,0.5754737672856548,158.92123881802272,1.3010711260371326
source_b_v1_14_m5_stratified_volume_zero_100_chronos_only,m5_stratified_volume_zero_100_20260714,M5,28,lightgbm_tuned_cov,HOBBIES_1_341_WI_1_validation,364,1897.0,1228.352192921564,3.3745939365977033,90.91285146129911,0.6475235597899652
source_b_v1_14_m5_stratified_volume_zero_100_chronos_only,m5_stratified_volume_zero_100_20260714,M5,28,lightgbm_tuned_cov,HOBBIES_1_352_CA_3_validation,364,561.0,407.26459335535765,1.1188587729542792,105.20792725367072,0.7259618419881598
source_b_v1_14_m5_stratified_volume_zero_100_chronos_only,m5_stratified_volume_zero_100_20260714,M5,28,lightgbm_tuned_cov,HOBBIES_1_354_TX_3_validation,364,8367.0,2908.573140144348,7.99058554984711,37.501333879327944,0.3476243743449681
source_b_v1_14_m5_stratified_volume_zero_100_chronos_only,m5_stratified_volume_zero_100_20260714,M5,28,lightgbm_tuned_cov,HOBBIES_2_058_TX_3_validation,364,117.0,210.3970804864075,0.5780139573802404,171.18600320895524,1.7982656451829702
source_b_v1_14_m5_stratified_volume_zero_100_chronos_only,m5_stratified_volume_zero_100_20260714,M5,28,lightgbm_tuned_cov,HOBBIES_2_076_WI_2_validation,364,82.0,179.43668524175882,0.4929579264883484,185.00384566115335,2.1882522590458393
source_b_v1_14_m5_stratified_volume_zero_100_chronos_only,m5_stratified_volume_zero_100_20260714,M5,28,lightgbm_tuned_cov,HOBBIES_2_115_WI_3_validation,364,151.0,196.62981670349836,0.5401918041304901,178.40544553979336,1.3021842165794593
source_b_v1_14_m5_stratified_volume_zero_100_chronos_only,m5_stratified_volume_zero_100_20260714,M5,28,lightgbm_tuned_cov,HOUSEHOLD_1_008_TX_3_validation,364,126.0,165.82497458159924,0.4555631169824155,175.9700061373798,1.3160712268380892
source_b_v1_14_m5_stratified_volume_zero_100_chronos_only,m5_stratified_volume_zero_100_20260714,M5,28,lightgbm_tuned_cov,HOUSEHOLD_1_035_CA_2_validation,364,49.0,104.84616850697785,0.28803892446971935,194.17512368983424,2.139717724632201
source_b_v1_14_m5_stratified_volume_zero_100_chronos_only,m5_stratified_volume_zero_100_20260714,M5,28,lightgbm_tuned_cov,HOUSEHOLD_1_109_CA_4_validation,364,309.0,272.35042989254,0.7482154667377472,120.53321764884906,0.8813929769985113
source_b_v1_14_m5_stratified_volume_zero_100_chronos_only,m5_stratified_volume_zero_100_20260714,M5,28,lightgbm_tuned_cov,HOUSEHOLD_1_113_TX_3_validation,364,948.0,703.7322050631046,1.933330233689848,98.47361377554611,0.7423335496446252
source_b_v1_14_m5_stratified_volume_zero_100_chronos_only,m5_stratified_volume_zero_100_20260714,M5,28,lightgbm_tuned_cov,HOUSEHOLD_1_201_CA_3_validation,364,472.0,487.68688418343663,1.3397991323720786,159.4204373197755,1.0332349241174505
source_b_v1_14_m5_stratified_volume_zero_100_chronos_only,m5_stratified_volume_zero_100_20260714,M5,28,lightgbm_tuned_cov,HOUSEHOLD_1_224_TX_3_validation,364,70.0,119.25204741721973,0.32761551488247176,189.86764465973098,1.7036006773888532
source_b_v1_14_m5_stratified_volume_zero_100_chronos_only,m5_stratified_volume_zero_100_20260714,M5,28,lightgbm_tuned_cov,HOUSEHOLD_1_270_TX_2_validation,364,306.0,296.0911221653223,0.8134371488058305,137.07216853029126,0.967618046291903
source_b_v1_14_m5_stratified_volume_zero_100_chronos_only,m5_stratified_volume_zero_100_20260714,M5,28,lightgbm_tuned_cov,HOUSEHOLD_1_346_WI_2_validation,364,310.0,286.9833657667041,0.7884158400184178,126.2404112313686,0.9257527927958196
source_b_v1_14_m5_stratified_volume_zero_100_chronos_only,m5_stratified_volume_zero_100_20260714,M5,28,lightgbm_tuned_cov,HOUSEHOLD_1_441_TX_2_validation,364,1093.0,877.7028605808703,2.4112715950023906,161.601091402592,0.8030218303576123
source_b_v1_14_m5_stratified_volume_zero_100_chronos_only,m5_stratified_volume_zero_100_20260714,M5,28,lightgbm_tuned_cov,HOUSEHOLD_1_441_TX_3_validation,364,2298.0,1367.8426631932346,3.757809514267128,138.129710863031,0.5952317942529306
source_b_v1_14_m5_stratified_volume_zero_100_chronos_only,m5_stratified_volume_zero_100_20260714,M5,28,lightgbm_tuned_cov,HOUSEHOLD_1_460_WI_1_validation,364,231.0,267.692471546703,0.7354188778755577,144.29267925224417,1.1588418681675456
source_b_v1_14_m5_stratified_volume_zero_100_chronos_only,m5_stratified_volume_zero_100_20260714,M5,28,lightgbm_tuned_cov,HOUSEHOLD_2_023_TX_3_validation,364,120.0,233.60149457288207,0.641762347727698,166.1697523238947,1.946679121440684
source_b_v1_14_m5_stratified_volume_zero_100_chronos_only,m5_stratified_volume_zero_100_20260714,M5,28,lightgbm_tuned_cov,HOUSEHOLD_2_041_CA_1_validation,364,142.0,188.47056555375457,0.5177762789938313,173.09398419891295,1.3272575038996801
source_b_v1_14_m5_stratified_volume_zero_100_chronos_only,m5_stratified_volume_zero_100_20260714,M5,28,lightgbm_tuned_cov,HOUSEHOLD_2_107_TX_2_validation,364,35.0,57.741164630278945,0.15862957316010698,197.05097914239087,1.6497475608651126
source_b_v1_14_m5_stratified_volume_zero_100_chronos_only,m5_stratified_volume_zero_100_20260714,M5,28,lightgbm_tuned_cov,HOUSEHOLD_2_133_WI_3_validation,364,59.0,98.18071026355028,0.26972722599876453,192.70342033761966,1.6640798349754284
source_b_v1_14_m5_stratified_volume_zero_100_chronos_only,m5_stratified_volume_zero_100_20260714,M5,28,lightgbm_tuned_cov,HOUSEHOLD_2_148_WI_1_validation,364,64.0,134.0782484188676,0.3683468363155703,186.99297201534634,2.094972631544806
source_b_v1_14_m5_stratified_volume_zero_100_chronos_only,m5_stratified_volume_zero_100_20260714,M5,28,lightgbm_tuned_cov,HOUSEHOLD_2_158_CA_1_validation,364,68.0,108.67384886182845,0.29855452984018804,193.28128439733962,1.5981448362033595
source_b_v1_14_m5_stratified_volume_zero_100_chronos_only,m5_stratified_volume_zero_100_20260714,M5,28,lightgbm_tuned_cov,HOUSEHOLD_2_192_CA_2_validation,364,84.0,105.94119395561574,0.2910472361418015,191.54377276475822,1.2612046899478064
source_b_v1_14_m5_stratified_volume_zero_100_chronos_only,m5_stratified_volume_zero_100_20260714,M5,28,lightgbm_tuned_cov,HOUSEHOLD_2_202_CA_2_validation,364,48.0,87.62125994823873,0.24071774711054597,195.381680640047,1.825442915588307
source_b_v1_14_m5_stratified_volume_zero_100_chronos_only,m5_stratified_volume_zero_100_20260714,M5,28,lightgbm_tuned_cov,HOUSEHOLD_2_223_CA_3_validation,364,96.0,146.19910116679966,0.4016458823263727,185.64901470717223,1.5229073038208298
source_b_v1_14_m5_stratified_volume_zero_100_chronos_only,m5_stratified_volume_zero_100_20260714,M5,28,lightgbm_tuned_cov,HOUSEHOLD_2_235_TX_1_validation,364,50.0,70.79095575679094,0.19448064768349158,196.23685546756872,1.4158191151358188
source_b_v1_14_m5_stratified_volume_zero_100_chronos_only,m5_stratified_volume_zero_100_20260714,M5,28,lightgbm_tuned_cov,HOUSEHOLD_2_246_CA_3_validation,364,107.0,149.59871841222048,0.41098549014346286,184.69407826911993,1.3981188636656119
source_b_v1_14_m5_stratified_volume_zero_100_chronos_only,m5_stratified_volume_zero_100_20260714,M5,28,lightgbm_tuned_cov,HOUSEHOLD_2_265_WI_3_validation,364,117.0,152.81612943299115,0.41982453140931636,182.11809309997727,1.3061207643845396
source_b_v1_14_m5_stratified_volume_zero_100_chronos_only,m5_stratified_volume_zero_100_20260714,M5,28,lightgbm_tuned_cov,HOUSEHOLD_2_422_CA_2_validation,364,85.0,132.57835792936385,0.36422625804770287,189.02009429530867,1.5597453874042806
source_b_v1_14_m5_stratified_volume_zero_100_chronos_only,m5_stratified_volume_zero_100_20260714,M5,28,lightgbm_tuned_cov,HOUSEHOLD_2_474_CA_3_validation,364,29.0,93.46432620845735,0.2567701269463114,195.32464270780434,3.2229078002916327
source_b_v1_14_m5_stratified_volume_zero_100_chronos_only,m5_stratified_volume_zero_100_20260714,M5,28,lightgbm_tuned_cov,HOUSEHOLD_2_480_WI_2_validation,364,49.0,124.39225847553462,0.3417369738338863,187.259936822811,2.5386175199088696
source_b_v1_14_m5_stratified_volume_zero_100_chronos_only,m5_stratified_volume_zero_100_20260714,M5,28,lightgbm_tuned_direct,FOODS_1_026_WI_2_validation,364,217.0,237.66927038012363,0.6529375559893507,156.23496436048708,1.0952500939176204
source_b_v1_14_m5_stratified_volume_zero_100_chronos_only,m5_stratified_volume_zero_100_20260714,M5,28,lightgbm_tuned_direct,FOODS_1_063_CA_2_validation,364,13.0,62.60519052376276,0.1719922816586889,198.51898425064235,4.815783886443289
source_b_v1_14_m5_stratified_volume_zero_100_chronos_only,m5_stratified_volume_zero_100_20260714,M5,28,lightgbm_tuned_direct,FOODS_1_080_WI_2_validation,364,183.0,219.72195926494896,0.6036317562223873,168.209444557299,1.2006664440707593
source_b_v1_14_m5_stratified_volume_zero_100_chronos_only,m5_stratified_volume_zero_100_20260714,M5,28,lightgbm_tuned_direct,FOODS_1_118_CA_3_validation,364,439.0,432.80744853103533,1.189031452008339,152.71100741207448,0.9858939602073697
source_b_v1_14_m5_stratified_volume_zero_100_chronos_only,m5_stratified_volume_zero_100_20260714,M5,28,lightgbm_tuned_direct,FOODS_1_129_WI_2_validation,364,1342.0,1010.1604572534561,2.775166091355649,104.71969587133701,0.7527276134526498
source_b_v1_14_m5_stratified_volume_zero_100_chronos_only,m5_stratified_volume_zero_100_20260714,M5,28,lightgbm_tuned_direct,FOODS_1_171_TX_1_validation,364,157.0,188.89213283872232,0.5189344308756108,180.1729713435069,1.203134604068295
source_b_v1_14_m5_stratified_volume_zero_100_chronos_only,m5_stratified_volume_zero_100_20260714,M5,28,lightgbm_tuned_direct,FOODS_1_178_WI_3_validation,364,149.0,194.3562414587591,0.5339457182932942,176.34283615793714,1.3044043050923428
source_b_v1_14_m5_stratified_volume_zero_100_chronos_only,m5_stratified_volume_zero_100_20260714,M5,28,lightgbm_tuned_direct,FOODS_2_001_WI_1_validation,364,360.0,290.8594355128575,0.799064383277081,151.56127217636154,0.8079428764246042
source_b_v1_14_m5_stratified_volume_zero_100_chronos_only,m5_stratified_volume_zero_100_20260714,M5,28,lightgbm_tuned_direct,FOODS_2_015_WI_2_validation,364,148.0,233.09667337240535,0.6403754762978169,178.9501344483877,1.5749775227865226
source_b_v1_14_m5_stratified_volume_zero_100_chronos_only,m5_stratified_volume_zero_100_20260714,M5,28,lightgbm_tuned_direct,FOODS_2_016_CA_2_validation,364,882.0,719.2385527775959,1.9759300900483405,133.3517626646789,0.8154632117659818
source_b_v1_14_m5_stratified_volume_zero_100_chronos_only,m5_stratified_volume_zero_100_20260714,M5,28,lightgbm_tuned_direct,FOODS_2_027_CA_4_validation,364,83.0,170.21697479020804,0.4676290516214507,193.3561484968188,2.0508069251832293
source_b_v1_14_m5_stratified_volume_zero_100_chronos_only,m5_stratified_volume_zero_100_20260714,M5,28,lightgbm_tuned_direct,FOODS_2_044_WI_1_validation,364,764.0,614.0320703233883,1.6869012920972206,113.10318927470678,0.8037068983290423
source_b_v1_14_m5_stratified_volume_zero_100_chronos_only,m5_stratified_volume_zero_100_20260714,M5,28,lightgbm_tuned_direct,FOODS_2_075_CA_2_validation,364,856.0,625.4055388777388,1.7181470848289526,132.52283350000192,0.730613947287078
source_b_v1_14_m5_stratified_volume_zero_100_chronos_only,m5_stratified_volume_zero_100_20260714,M5,28,lightgbm_tuned_direct,FOODS_2_130_TX_2_validation,364,394.0,390.24160370230675,1.07209231786348,143.93094763725125,0.9904609231023014
source_b_v1_14_m5_stratified_volume_zero_100_chronos_only,m5_stratified_volume_zero_100_20260714,M5,28,lightgbm_tuned_direct,FOODS_2_137_CA_4_validation,364,182.0,245.87208120062132,0.6754727505511575,185.08010599634048,1.350945501102315
source_b_v1_14_m5_stratified_volume_zero_100_chronos_only,m5_stratified_volume_zero_100_20260714,M5,28,lightgbm_tuned_direct,FOODS_2_140_WI_2_validation,364,533.0,701.0662452641645,1.9260061683081444,186.45789441480946,1.3153212856738548
source_b_v1_14_m5_stratified_volume_zero_100_chronos_only,m5_stratified_volume_zero_100_20260714,M5,28,lightgbm_tuned_direct,FOODS_2_215_TX_2_validation,364,330.0,350.0303583042215,0.961621863473136,166.8396776174995,1.060698055467338
source_b_v1_14_m5_stratified_volume_zero_100_chronos_only,m5_stratified_volume_zero_100_20260714,M5,28,lightgbm_tuned_direct,FOODS_2_233_WI_2_validation,364,2380.0,1881.908038617869,5.17007702916997,159.44273621736144,0.7907176632848189
source_b_v1_14_m5_stratified_volume_zero_100_chronos_only,m5_stratified_volume_zero_100_20260714,M5,28,lightgbm_tuned_direct,FOODS_2_258_CA_4_validation,364,169.0,250.5660322092226,0.6883682203550072,176.54429378881767,1.4826392438415539
source_b_v1_14_m5_stratified_volume_zero_100_chronos_only,m5_stratified_volume_zero_100_20260714,M5,28,lightgbm_tuned_direct,FOODS_2_261_TX_1_validation,364,73.0,117.13794932235032,0.32180755308338,190.67684724888022,1.6046294427719223
source_b_v1_14_m5_stratified_volume_zero_100_chronos_only,m5_stratified_volume_zero_100_20260714,M5,28,lightgbm_tuned_direct,FOODS_2_299_WI_2_validation,364,1050.0,744.0774482431501,2.044168813854808,146.60992759283033,0.7086451888030001
source_b_v1_14_m5_stratified_volume_zero_100_chronos_only,m5_stratified_volume_zero_100_20260714,M5,28,lightgbm_tuned_direct,FOODS_2_316_TX_3_validation,364,266.0,261.58364920908934,0.7186363989260697,178.1242524082732,0.9833971774777794
source_b_v1_14_m5_stratified_volume_zero_100_chronos_only,m5_stratified_volume_zero_100_20260714,M5,28,lightgbm_tuned_direct,FOODS_2_347_WI_2_validation,364,2201.0,1608.281674919525,4.418356249778914,153.76730791866296,0.730704986333269
source_b_v1_14_m5_stratified_volume_zero_100_chronos_only,m5_stratified_volume_zero_100_20260714,M5,28,lightgbm_tuned_direct,FOODS_2_357_WI_2_validation,364,2200.0,1817.7911104614527,4.993931622146848,164.7878769854625,0.8262686865733876
source_b_v1_14_m5_stratified_volume_zero_100_chronos_only,m5_stratified_volume_zero_100_20260714,M5,28,lightgbm_tuned_direct,FOODS_3_009_TX_1_validation,364,239.0,288.29695247564086,0.7920245947132991,171.99308184290874,1.206263399479669
source_b_v1_14_m5_stratified_volume_zero_100_chronos_only,m5_stratified_volume_zero_100_20260714,M5,28,lightgbm_tuned_direct,FOODS_3_024_WI_2_validation,364,1369.0,1197.9613652485123,3.2911026517816273,150.68125691014365,0.8750630863758307
source_b_v1_14_m5_stratified_volume_zero_100_chronos_only,m5_stratified_volume_zero_100_20260714,M5,28,lightgbm_tuned_direct,FOODS_3_039_WI_1_validation,364,518.0,827.8104611318713,2.274204563549097,180.41120791429026,1.5980896933047708
source_b_v1_14_m5_stratified_volume_zero_100_chronos_only,m5_stratified_volume_zero_100_20260714,M5,28,lightgbm_tuned_direct,FOODS_3_073_TX_3_validation,364,349.0,499.35869440977694,1.3718645450818048,189.04404376610992,1.4308272046125414
source_b_v1_14_m5_stratified_volume_zero_100_chronos_only,m5_stratified_volume_zero_100_20260714,M5,28,lightgbm_tuned_direct,FOODS_3_073_WI_3_validation,364,90.0,460.5019807444187,1.265115331715436,198.2946418555421,5.116688674937985
source_b_v1_14_m5_stratified_volume_zero_100_chronos_only,m5_stratified_volume_zero_100_20260714,M5,28,lightgbm_tuned_direct,FOODS_3_077_CA_3_validation,364,1849.0,1345.723417416215,3.697042355539052,110.7035387230439,0.7278114750763737
source_b_v1_14_m5_stratified_volume_zero_100_chronos_only,m5_stratified_volume_zero_100_20260714,M5,28,lightgbm_tuned_direct,FOODS_3_091_CA_1_validation,364,443.0,339.53751561557874,0.9327953725702712,118.84081072353139,0.7664503738500649
source_b_v1_14_m5_stratified_volume_zero_100_chronos_only,m5_stratified_volume_zero_100_20260714,M5,28,lightgbm_tuned_direct,FOODS_3_100_WI_1_validation,364,692.0,554.3904128819704,1.523050584840578,102.66100023767943,0.8011422151473561
source_b_v1_14_m5_stratified_volume_zero_100_chronos_only,m5_stratified_volume_zero_100_20260714,M5,28,lightgbm_tuned_direct,FOODS_3_230_WI_1_validation,364,452.0,352.13195748627186,0.967395487599648,105.92575149620056,0.779053003288212
source_b_v1_14_m5_stratified_volume_zero_100_chronos_only,m5_stratified_volume_zero_100_20260714,M5,28,lightgbm_tuned_direct,FOODS_3_233_WI_1_validation,364,866.0,642.269775492349,1.764477405198761,132.98013492381787,0.741651010961142
source_b_v1_14_m5_stratified_volume_zero_100_chronos_only,m5_stratified_volume_zero_100_20260714,M5,28,lightgbm_tuned_direct,FOODS_3_233_WI_2_validation,364,2352.0,1450.533400037303,3.9849818682343487,129.73740740041038,0.6167233843696016
source_b_v1_14_m5_stratified_volume_zero_100_chronos_only,m5_stratified_volume_zero_100_20260714,M5,28,lightgbm_tuned_direct,FOODS_3_236_CA_1_validation,364,546.0,434.77279702433475,1.1944307610558647,140.34217844499642,0.7962871740372431
source_b_v1_14_m5_stratified_volume_zero_100_chronos_only,m5_stratified_volume_zero_100_20260714,M5,28,lightgbm_tuned_direct,FOODS_3_266_CA_1_validation,364,52.0,150.13973343259659,0.4124717951444961,189.37477224149546,2.887302566011473
source_b_v1_14_m5_stratified_volume_zero_100_chronos_only,m5_stratified_volume_zero_100_20260714,M5,28,lightgbm_tuned_direct,FOODS_3_320_CA_3_validation,364,878.0,731.376922622323,2.009277259951437,101.33995255632027,0.8330033287270194
source_b_v1_14_m5_stratified_volume_zero_100_chronos_only,m5_stratified_volume_zero_100_20260714,M5,28,lightgbm_tuned_direct,FOODS_3_339_WI_2_validation,364,771.0,651.4851134096616,1.7897942676089604,121.89592958409045,0.8449871769256312
source_b_v1_14_m5_stratified_volume_zero_100_chronos_only,m5_stratified_volume_zero_100_20260714,M5,28,lightgbm_tuned_direct,FOODS_3_345_CA_2_validation,364,2.0,41.52946162706212,0.11409192754687396,199.7369083977874,20.76473081353106
source_b_v1_14_m5_stratified_volume_zero_100_chronos_only,m5_stratified_volume_zero_100_20260714,M5,28,lightgbm_tuned_direct,FOODS_3_424_CA_4_validation,364,270.0,287.6908790357411,0.7903595577904975,143.57844989181663,1.0655217742064484
source_b_v1_14_m5_stratified_volume_zero_100_chronos_only,m5_stratified_volume_zero_100_20260714,M5,28,lightgbm_tuned_direct,FOODS_3_444_TX_2_validation,364,2089.0,2137.152485640443,5.8712980374737445,174.8779923955858,1.0230504957589484
source_b_v1_14_m5_stratified_volume_zero_100_chronos_only,m5_stratified_volume_zero_100_20260714,M5,28,lightgbm_tuned_direct,FOODS_3_457_CA_2_validation,364,138.0,295.0068990470063,0.8104585138654019,181.9795470442895,2.1377311525145384
source_b_v1_14_m5_stratified_volume_zero_100_chronos_only,m5_stratified_volume_zero_100_20260714,M5,28,lightgbm_tuned_direct,FOODS_3_521_WI_2_validation,364,117.0,143.48927095718682,0.39420129383842534,191.86990578705198,1.226404025275101
source_b_v1_14_m5_stratified_volume_zero_100_chronos_only,m5_stratified_volume_zero_100_20260714,M5,28,lightgbm_tuned_direct,FOODS_3_528_TX_3_validation,364,167.0,203.09454112802632,0.5579520360660064,178.38694202770807,1.2161349768145289
source_b_v1_14_m5_stratified_volume_zero_100_chronos_only,m5_stratified_volume_zero_100_20260714,M5,28,lightgbm_tuned_direct,FOODS_3_538_CA_3_validation,364,12.0,225.49324329790795,0.6194869321371098,197.64261348946474,18.791103608158995
source_b_v1_14_m5_stratified_volume_zero_100_chronos_only,m5_stratified_volume_zero_100_20260714,M5,28,lightgbm_tuned_direct,FOODS_3_567_CA_3_validation,364,201.0,236.7245861622505,0.6503422696765123,175.02978449958846,1.177734259513684
source_b_v1_14_m5_stratified_volume_zero_100_chronos_only,m5_stratified_volume_zero_100_20260714,M5,28,lightgbm_tuned_direct,FOODS_3_583_WI_1_validation,364,163.0,356.14754117285156,0.9784273109144274,168.09911174501153,2.1849542403242426
source_b_v1_14_m5_stratified_volume_zero_100_chronos_only,m5_stratified_volume_zero_100_20260714,M5,28,lightgbm_tuned_direct,FOODS_3_606_CA_4_validation,364,326.0,294.35384765441995,0.8086644166330218,131.20521347620476,0.902925913050368
source_b_v1_14_m5_stratified_volume_zero_100_chronos_only,m5_stratified_volume_zero_100_20260714,M5,28,lightgbm_tuned_direct,FOODS_3_698_CA_1_validation,364,468.0,455.6928621251136,1.2519034673766858,145.5924121741827,0.9737026968485334
source_b_v1_14_m5_stratified_volume_zero_100_chronos_only,m5_stratified_volume_zero_100_20260714,M5,28,lightgbm_tuned_direct,FOODS_3_703_CA_1_validation,364,368.0,370.6366241039823,1.018232483802149,144.27385226594632,1.0071647394129954
source_b_v1_14_m5_stratified_volume_zero_100_chronos_only,m5_stratified_volume_zero_100_20260714,M5,28,lightgbm_tuned_direct,FOODS_3_760_CA_3_validation,364,3544.0,2617.413728401065,7.190697056046882,120.98272070178919,0.7385478917610229
source_b_v1_14_m5_stratified_volume_zero_100_chronos_only,m5_stratified_volume_zero_100_20260714,M5,28,lightgbm_tuned_direct,FOODS_3_780_WI_1_validation,364,1610.0,1357.060458234395,3.7281880720725136,145.4284230148075,0.8428946945555248
source_b_v1_14_m5_stratified_volume_zero_100_chronos_only,m5_stratified_volume_zero_100_20260714,M5,28,lightgbm_tuned_direct,FOODS_3_827_CA_3_validation,364,1707.0,1401.1170027825428,3.849222535116876,122.03696435391944,0.8208066800132061
source_b_v1_14_m5_stratified_volume_zero_100_chronos_only,m5_stratified_volume_zero_100_20260714,M5,28,lightgbm_tuned_direct,HOBBIES_1_010_CA_1_validation,364,224.0,246.9506631605327,0.6784358878036613,152.7522036281221,1.1024583176809497
source_b_v1_14_m5_stratified_volume_zero_100_chronos_only,m5_stratified_volume_zero_100_20260714,M5,28,lightgbm_tuned_direct,HOBBIES_1_014_TX_2_validation,364,2111.0,1401.4361604899168,3.850099342005266,87.3493836013269,0.6638731219753277
source_b_v1_14_m5_stratified_volume_zero_100_chronos_only,m5_stratified_volume_zero_100_20260714,M5,28,lightgbm_tuned_direct,HOBBIES_1_047_WI_1_validation,364,321.0,330.7019593194127,0.9085218662621228,148.40455290194234,1.030224172334619
source_b_v1_14_m5_stratified_volume_zero_100_chronos_only,m5_stratified_volume_zero_100_20260714,M5,28,lightgbm_tuned_direct,HOBBIES_1_058_WI_3_validation,364,85.0,118.52824315428734,0.32562704163265754,190.59023891272503,1.394449919462204
source_b_v1_14_m5_stratified_volume_zero_100_chronos_only,m5_stratified_volume_zero_100_20260714,M5,28,lightgbm_tuned_direct,HOBBIES_1_090_CA_1_validation,364,1363.0,1421.8553939172998,3.906196137135439,149.27092913323855,1.0431807732335288
source_b_v1_14_m5_stratified_volume_zero_100_chronos_only,m5_stratified_volume_zero_100_20260714,M5,28,lightgbm_tuned_direct,HOBBIES_1_090_TX_1_validation,364,264.0,386.9561953161574,1.063066470648784,189.4318271765776,1.4657431640763539
source_b_v1_14_m5_stratified_volume_zero_100_chronos_only,m5_stratified_volume_zero_100_20260714,M5,28,lightgbm_tuned_direct,HOBBIES_1_121_TX_1_validation,364,255.0,368.52982257285475,1.0124445675078428,188.43321355616416,1.4452149904817833
source_b_v1_14_m5_stratified_volume_zero_100_chronos_only,m5_stratified_volume_zero_100_20260714,M5,28,lightgbm_tuned_direct,HOBBIES_1_128_WI_1_validation,364,103.0,128.4696004530415,0.35293846278308105,190.676909943974,1.2472776743013738
source_b_v1_14_m5_stratified_volume_zero_100_chronos_only,m5_stratified_volume_zero_100_20260714,M5,28,lightgbm_tuned_direct,HOBBIES_1_156_WI_1_validation,364,225.0,284.69373789522797,0.7821256535583186,175.17072555026033,1.2653055017565686
source_b_v1_14_m5_stratified_volume_zero_100_chronos_only,m5_stratified_volume_zero_100_20260714,M5,28,lightgbm_tuned_direct,HOBBIES_1_197_TX_3_validation,364,17.0,32.032548056262385,0.08800150564907248,199.6290497486961,1.8842675327213168
source_b_v1_14_m5_stratified_volume_zero_100_chronos_only,m5_stratified_volume_zero_100_20260714,M5,28,lightgbm_tuned_direct,HOBBIES_1_197_WI_1_validation,364,95.0,124.21058301057201,0.34123786541365936,193.05053254472887,1.3074798211639158
source_b_v1_14_m5_stratified_volume_zero_100_chronos_only,m5_stratified_volume_zero_100_20260714,M5,28,lightgbm_tuned_direct,HOBBIES_1_234_CA_2_validation,364,917.0,984.3185106392468,2.7041717325254035,195.24731009688762,1.0734116800864197
source_b_v1_14_m5_stratified_volume_zero_100_chronos_only,m5_stratified_volume_zero_100_20260714,M5,28,lightgbm_tuned_direct,HOBBIES_1_320_CA_1_validation,364,324.0,310.4335706811398,0.8528394798932413,133.28302262115832,0.9581283045714192
source_b_v1_14_m5_stratified_volume_zero_100_chronos_only,m5_stratified_volume_zero_100_20260714,M5,28,lightgbm_tuned_direct,HOBBIES_1_327_TX_3_validation,364,161.0,199.5408964138478,0.5481892758622192,165.51529256295413,1.2393844497754523
source_b_v1_14_m5_stratified_volume_zero_100_chronos_only,m5_stratified_volume_zero_100_20260714,M5,28,lightgbm_tuned_direct,HOBBIES_1_341_WI_1_validation,364,1897.0,1322.787353682419,3.6340311914352172,98.64289705975658,0.6973048780613701
source_b_v1_14_m5_stratified_volume_zero_100_chronos_only,m5_stratified_volume_zero_100_20260714,M5,28,lightgbm_tuned_direct,HOBBIES_1_352_CA_3_validation,364,561.0,427.58670753240585,1.174688756957159,114.07196031411704,0.7621866444427912
source_b_v1_14_m5_stratified_volume_zero_100_chronos_only,m5_stratified_volume_zero_100_20260714,M5,28,lightgbm_tuned_direct,HOBBIES_1_354_TX_3_validation,364,8367.0,4102.371599331498,11.270251646515105,63.39751679692207,0.49030376471035
source_b_v1_14_m5_stratified_volume_zero_100_chronos_only,m5_stratified_volume_zero_100_20260714,M5,28,lightgbm_tuned_direct,HOBBIES_2_058_TX_3_validation,364,117.0,164.47521442760473,0.45185498469122176,179.78946747805864,1.405771063483801
source_b_v1_14_m5_stratified_volume_zero_100_chronos_only,m5_stratified_volume_zero_100_20260714,M5,28,lightgbm_tuned_direct,HOBBIES_2_076_WI_2_validation,364,82.0,157.94892175961286,0.43392560922970563,190.46248612806573,1.926206362922108
source_b_v1_14_m5_stratified_volume_zero_100_chronos_only,m5_stratified_volume_zero_100_20260714,M5,28,lightgbm_tuned_direct,HOBBIES_2_115_WI_3_validation,364,151.0,191.46902091478114,0.5260137937219262,181.6412595054376,1.2680067610250407
source_b_v1_14_m5_stratified_volume_zero_100_chronos_only,m5_stratified_volume_zero_100_20260714,M5,28,lightgbm_tuned_direct,HOUSEHOLD_1_008_TX_3_validation,364,126.0,164.80384011939168,0.45275780252580133,178.76934924435662,1.3079669850745372
source_b_v1_14_m5_stratified_volume_zero_100_chronos_only,m5_stratified_volume_zero_100_20260714,M5,28,lightgbm_tuned_direct,HOUSEHOLD_1_035_CA_2_validation,364,49.0,52.439611266531074,0.1440648661168436,199.19146373926026,1.0701961482965525
source_b_v1_14_m5_stratified_volume_zero_100_chronos_only,m5_stratified_volume_zero_100_20260714,M5,28,lightgbm_tuned_direct,HOUSEHOLD_1_109_CA_4_validation,364,309.0,278.03906765021384,0.7638435924456424,131.5243122710347,0.8998028079294946
source_b_v1_14_m5_stratified_volume_zero_100_chronos_only,m5_stratified_volume_zero_100_20260714,M5,28,lightgbm_tuned_direct,HOUSEHOLD_1_113_TX_3_validation,364,948.0,744.7923795096576,2.0461329107408175,107.1280136364831,0.7856459699468962
source_b_v1_14_m5_stratified_volume_zero_100_chronos_only,m5_stratified_volume_zero_100_20260714,M5,28,lightgbm_tuned_direct,HOUSEHOLD_1_201_CA_3_validation,364,472.0,471.50530894894473,1.2953442553542438,184.1961840961995,0.9989519257392897
source_b_v1_14_m5_stratified_volume_zero_100_chronos_only,m5_stratified_volume_zero_100_20260714,M5,28,lightgbm_tuned_direct,HOUSEHOLD_1_224_TX_3_validation,364,70.0,106.65857402898109,0.29301806051917884,191.28431167106183,1.52369391469973
source_b_v1_14_m5_stratified_volume_zero_100_chronos_only,m5_stratified_volume_zero_100_20260714,M5,28,lightgbm_tuned_direct,HOUSEHOLD_1_270_TX_2_validation,364,306.0,315.1262285411358,0.8657313970910324,152.07498947584267,1.0298242762782215
source_b_v1_14_m5_stratified_volume_zero_100_chronos_only,m5_stratified_volume_zero_100_20260714,M5,28,lightgbm_tuned_direct,HOUSEHOLD_1_346_WI_2_validation,364,310.0,300.6120567470789,0.8258572987557112,137.2545401286237,0.9697163120873513
source_b_v1_14_m5_stratified_volume_zero_100_chronos_only,m5_stratified_volume_zero_100_20260714,M5,28,lightgbm_tuned_direct,HOUSEHOLD_1_441_TX_2_validation,364,1093.0,900.8541069251294,2.474873920123982,172.9734648663535,0.8242032085316828
source_b_v1_14_m5_stratified_volume_zero_100_chronos_only,m5_stratified_volume_zero_100_20260714,M5,28,lightgbm_tuned_direct,HOUSEHOLD_1_441_TX_3_validation,364,2298.0,1531.0616987875471,4.206213458207547,149.85542685914072,0.6662583545637716
source_b_v1_14_m5_stratified_volume_zero_100_chronos_only,m5_stratified_volume_zero_100_20260714,M5,28,lightgbm_tuned_direct,HOUSEHOLD_1_460_WI_1_validation,364,231.0,228.79975325804844,0.6285707507089243,151.3705731471127,0.990475122329214
source_b_v1_14_m5_stratified_volume_zero_100_chronos_only,m5_stratified_volume_zero_100_20260714,M5,28,lightgbm_tuned_direct,HOUSEHOLD_2_023_TX_3_validation,364,120.0,170.80109430987977,0.4692337755765928,177.58377611482618,1.4233424525823315
source_b_v1_14_m5_stratified_volume_zero_100_chronos_only,m5_stratified_volume_zero_100_20260714,M5,28,lightgbm_tuned_direct,HOUSEHOLD_2_041_CA_1_validation,364,142.0,189.75176185369492,0.5212960490486124,174.47512247559658,1.3362800130541896
source_b_v1_14_m5_stratified_volume_zero_100_chronos_only,m5_stratified_volume_zero_100_20260714,M5,28,lightgbm_tuned_direct,HOUSEHOLD_2_107_TX_2_validation,364,35.0,46.611971725025796,0.1280548673764445,198.9904794083951,1.3317706207150228
source_b_v1_14_m5_stratified_volume_zero_100_chronos_only,m5_stratified_volume_zero_100_20260714,M5,28,lightgbm_tuned_direct,HOUSEHOLD_2_133_WI_3_validation,364,59.0,90.58095503458753,0.24884877756754817,193.5831773018308,1.535270424315043
source_b_v1_14_m5_stratified_volume_zero_100_chronos_only,m5_stratified_volume_zero_100_20260714,M5,28,lightgbm_tuned_direct,HOUSEHOLD_2_148_WI_1_validation,364,64.0,123.88052672566846,0.34033111737821004,190.0051275949417,1.9356332300885697
source_b_v1_14_m5_stratified_volume_zero_100_chronos_only,m5_stratified_volume_zero_100_20260714,M5,28,lightgbm_tuned_direct,HOUSEHOLD_2_158_CA_1_validation,364,68.0,89.79808641926866,0.24669803961337544,195.99225799770858,1.3205600944010096
source_b_v1_14_m5_stratified_volume_zero_100_chronos_only,m5_stratified_volume_zero_100_20260714,M5,28,lightgbm_tuned_direct,HOUSEHOLD_2_192_CA_2_validation,364,84.0,97.49960311426862,0.267856052511727,195.80219699140633,1.1607095608841502
source_b_v1_14_m5_stratified_volume_zero_100_chronos_only,m5_stratified_volume_zero_100_20260714,M5,28,lightgbm_tuned_direct,HOUSEHOLD_2_202_CA_2_validation,364,48.0,72.40686710697992,0.19891996457961517,195.19920045280722,1.5084763980620817
source_b_v1_14_m5_stratified_volume_zero_100_chronos_only,m5_stratified_volume_zero_100_20260714,M5,28,lightgbm_tuned_direct,HOUSEHOLD_2_223_CA_3_validation,364,96.0,159.30021124181803,0.43763794297202757,185.1176716573786,1.6593772004356044
source_b_v1_14_m5_stratified_volume_zero_100_chronos_only,m5_stratified_volume_zero_100_20260714,M5,28,lightgbm_tuned_direct,HOUSEHOLD_2_235_TX_1_validation,364,50.0,70.6526527130045,0.19410069426649587,196.48955101336776,1.41305305426009
source_b_v1_14_m5_stratified_volume_zero_100_chronos_only,m5_stratified_volume_zero_100_20260714,M5,28,lightgbm_tuned_direct,HOUSEHOLD_2_246_CA_3_validation,364,107.0,148.38991842325777,0.40766461105290597,185.18087681466142,1.386821667507082
source_b_v1_14_m5_stratified_volume_zero_100_chronos_only,m5_stratified_volume_zero_100_20260714,M5,28,lightgbm_tuned_direct,HOUSEHOLD_2_265_WI_3_validation,364,117.0,153.63720786897466,0.42208024139828204,184.96402686972496,1.313138528794655
source_b_v1_14_m5_stratified_volume_zero_100_chronos_only,m5_stratified_volume_zero_100_20260714,M5,28,lightgbm_tuned_direct,HOUSEHOLD_2_422_CA_2_validation,364,85.0,121.2956470320205,0.33322979953851783,192.13584763511966,1.4270076121414177
source_b_v1_14_m5_stratified_volume_zero_100_chronos_only,m5_stratified_volume_zero_100_20260714,M5,28,lightgbm_tuned_direct,HOUSEHOLD_2_474_CA_3_validation,364,29.0,80.97554430717719,0.2224602865581791,196.22245322598053,2.792260148523351
source_b_v1_14_m5_stratified_volume_zero_100_chronos_only,m5_stratified_volume_zero_100_20260714,M5,28,lightgbm_tuned_direct,HOUSEHOLD_2_480_WI_2_validation,364,49.0,81.11874878765957,0.2228537054606032,193.90889246379504,1.6554846691359095
source_b_v1_14_m5_stratified_volume_zero_100_chronos_only,m5_stratified_volume_zero_100_20260714,M5,28,chronos_bolt_tiny,FOODS_1_026_WI_2_validation,364,217.0,218.98075073957443,0.6015954690647649,182.3688461832367,1.0091278835925088
source_b_v1_14_m5_stratified_volume_zero_100_chronos_only,m5_stratified_volume_zero_100_20260714,M5,28,chronos_bolt_tiny,FOODS_1_063_CA_2_validation,364,13.0,14.838431477546692,0.040764921641611794,200.0,1.14141780596513
source_b_v1_14_m5_stratified_volume_zero_100_chronos_only,m5_stratified_volume_zero_100_20260714,M5,28,chronos_bolt_tiny,FOODS_1_080_WI_2_validation,364,183.0,196.14310213923454,0.5388546762066883,183.35518471350284,1.0718202302690412
source_b_v1_14_m5_stratified_volume_zero_100_chronos_only,m5_stratified_volume_zero_100_20260714,M5,28,chronos_bolt_tiny,FOODS_1_118_CA_3_validation,364,439.0,432.29400177299976,1.1876208839917577,153.49189398427924,0.9847243776150336
source_b_v1_14_m5_stratified_volume_zero_100_chronos_only,m5_stratified_volume_zero_100_20260714,M5,28,chronos_bolt_tiny,FOODS_1_129_WI_2_validation,364,1342.0,895.7745699882507,2.46091914831937,84.17831031769903,0.6674922280091287
source_b_v1_14_m5_stratified_volume_zero_100_chronos_only,m5_stratified_volume_zero_100_20260714,M5,28,chronos_bolt_tiny,FOODS_1_171_TX_1_validation,364,157.0,158.3761665225029,0.4350993585783047,199.59315458868784,1.008765391863076
source_b_v1_14_m5_stratified_volume_zero_100_chronos_only,m5_stratified_volume_zero_100_20260714,M5,28,chronos_bolt_tiny,FOODS_1_178_WI_3_validation,364,149.0,155.44092074036598,0.427035496539467,194.15008424129147,1.0432276559756106
source_b_v1_14_m5_stratified_volume_zero_100_chronos_only,m5_stratified_volume_zero_100_20260714,M5,28,chronos_bolt_tiny,FOODS_2_001_WI_1_validation,364,360.0,298.37601834349334,0.8197143361084982,161.08757382879614,0.8288222731763704
source_b_v1_14_m5_stratified_volume_zero_100_chronos_only,m5_stratified_volume_zero_100_20260714,M5,28,chronos_bolt_tiny,FOODS_2_015_WI_2_validation,364,148.0,157.40013010054827,0.43241793983667104,183.62618639975085,1.063514392571272
source_b_v1_14_m5_stratified_volume_zero_100_chronos_only,m5_stratified_volume_zero_100_20260714,M5,28,chronos_bolt_tiny,FOODS_2_016_CA_2_validation,364,882.0,722.3273396686634,1.984415768320504,132.61548904528678,0.818965237719573
source_b_v1_14_m5_stratified_volume_zero_100_chronos_only,m5_stratified_volume_zero_100_20260714,M5,28,chronos_bolt_tiny,FOODS_2_027_CA_4_validation,364,83.0,84.66261240839958,0.23258959452857028,199.82065215491565,1.020031474799995
source_b_v1_14_m5_stratified_volume_zero_100_chronos_only,m5_stratified_volume_zero_100_20260714,M5,28,chronos_bolt_tiny,FOODS_2_044_WI_1_validation,364,764.0,575.6909749805927,1.581568612584046,117.1527142572032,0.7535222185609852
source_b_v1_14_m5_stratified_volume_zero_100_chronos_only,m5_stratified_volume_zero_100_20260714,M5,28,chronos_bolt_tiny,FOODS_2_075_CA_2_validation,364,856.0,636.3424643269502,1.7481935833157973,136.29092418820449,0.7433907293539138
source_b_v1_14_m5_stratified_volume_zero_100_chronos_only,m5_stratified_volume_zero_100_20260714,M5,28,chronos_bolt_tiny,FOODS_2_130_TX_2_validation,364,394.0,379.242624796927,1.0418753428487004,161.6693757652631,0.9625447329871243
source_b_v1_14_m5_stratified_volume_zero_100_chronos_only,m5_stratified_volume_zero_100_20260714,M5,28,chronos_bolt_tiny,FOODS_2_137_CA_4_validation,364,182.0,184.4614353775978,0.5067621851032906,199.0724185546555,1.0135243702065813
source_b_v1_14_m5_stratified_volume_zero_100_chronos_only,m5_stratified_volume_zero_100_20260714,M5,28,chronos_bolt_tiny,FOODS_2_140_WI_2_validation,364,533.0,689.3572537899017,1.893838609312917,189.48287433096309,1.2933531966039433
source_b_v1_14_m5_stratified_volume_zero_100_chronos_only,m5_stratified_volume_zero_100_20260714,M5,28,chronos_bolt_tiny,FOODS_2_215_TX_2_validation,364,330.0,333.5617641881108,0.9163784730442606,166.48582391272515,1.0107932248124571
source_b_v1_14_m5_stratified_volume_zero_100_chronos_only,m5_stratified_volume_zero_100_20260714,M5,28,chronos_bolt_tiny,FOODS_2_233_WI_2_validation,364,2380.0,1358.2377996072173,3.731422526393454,131.74846323686248,0.5706881510954694
source_b_v1_14_m5_stratified_volume_zero_100_chronos_only,m5_stratified_volume_zero_100_20260714,M5,28,chronos_bolt_tiny,FOODS_2_258_CA_4_validation,364,169.0,173.13207918405533,0.4756375801759762,198.25385958160925,1.024450172686718
source_b_v1_14_m5_stratified_volume_zero_100_chronos_only,m5_stratified_volume_zero_100_20260714,M5,28,chronos_bolt_tiny,FOODS_2_261_TX_1_validation,364,73.0,74.75443887710571,0.20536933757446624,199.48753598897224,1.0240334092754206
source_b_v1_14_m5_stratified_volume_zero_100_chronos_only,m5_stratified_volume_zero_100_20260714,M5,28,chronos_bolt_tiny,FOODS_2_299_WI_2_validation,364,1050.0,680.2807318312116,1.8689031094264055,140.84508841625077,0.6478864112678205
source_b_v1_14_m5_stratified_volume_zero_100_chronos_only,m5_stratified_volume_zero_100_20260714,M5,28,chronos_bolt_tiny,FOODS_2_316_TX_3_validation,364,266.0,235.64069524407387,0.6473645473738293,166.8202408408524,0.8858672753536612
source_b_v1_14_m5_stratified_volume_zero_100_chronos_only,m5_stratified_volume_zero_100_20260714,M5,28,chronos_bolt_tiny,FOODS_2_347_WI_2_validation,364,2201.0,1423.3620965369046,3.910335430046441,136.7206567866071,0.6466888216887344
source_b_v1_14_m5_stratified_volume_zero_100_chronos_only,m5_stratified_volume_zero_100_20260714,M5,28,chronos_bolt_tiny,FOODS_2_357_WI_2_validation,364,2200.0,1557.047837195918,4.277603948340434,147.38455848265255,0.7077490169072355
source_b_v1_14_m5_stratified_volume_zero_100_chronos_only,m5_stratified_volume_zero_100_20260714,M5,28,chronos_bolt_tiny,FOODS_3_009_TX_1_validation,364,239.0,244.297980831936,0.6711482989888352,191.62138787705,1.0221672838156317
source_b_v1_14_m5_stratified_volume_zero_100_chronos_only,m5_stratified_volume_zero_100_20260714,M5,28,chronos_bolt_tiny,FOODS_3_024_WI_2_validation,364,1369.0,1004.7965544462204,2.760430094632474,141.13899254092843,0.7339638819913955
source_b_v1_14_m5_stratified_volume_zero_100_chronos_only,m5_stratified_volume_zero_100_20260714,M5,28,chronos_bolt_tiny,FOODS_3_039_WI_1_validation,364,518.0,280.318323135376,0.770105283338945,175.80195895179244,0.5411550639679072
source_b_v1_14_m5_stratified_volume_zero_100_chronos_only,m5_stratified_volume_zero_100_20260714,M5,28,chronos_bolt_tiny,FOODS_3_073_TX_3_validation,364,349.0,418.0171570777893,1.1483987831807398,191.6887502533832,1.1977568970710295
source_b_v1_14_m5_stratified_volume_zero_100_chronos_only,m5_stratified_volume_zero_100_20260714,M5,28,chronos_bolt_tiny,FOODS_3_073_WI_3_validation,364,90.0,129.31228721141815,0.3552535362951048,199.57464780893972,1.4368031912379795
source_b_v1_14_m5_stratified_volume_zero_100_chronos_only,m5_stratified_volume_zero_100_20260714,M5,28,chronos_bolt_tiny,FOODS_3_077_CA_3_validation,364,1849.0,1198.1025290489197,3.291490464420109,97.06427036445844,0.6479732444829204
source_b_v1_14_m5_stratified_volume_zero_100_chronos_only,m5_stratified_volume_zero_100_20260714,M5,28,chronos_bolt_tiny,FOODS_3_091_CA_1_validation,364,443.0,338.48018276691437,0.9298906119970175,121.35427602237405,0.7640636179840053
source_b_v1_14_m5_stratified_volume_zero_100_chronos_only,m5_stratified_volume_zero_100_20260714,M5,28,chronos_bolt_tiny,FOODS_3_100_WI_1_validation,364,692.0,557.931912124157,1.5327799783630685,105.83321243186792,0.8062599886187239
source_b_v1_14_m5_stratified_volume_zero_100_chronos_only,m5_stratified_volume_zero_100_20260714,M5,28,chronos_bolt_tiny,FOODS_3_230_WI_1_validation,364,452.0,344.3054139018059,0.9458939942357304,105.43621649098888,0.7617376413756767
source_b_v1_14_m5_stratified_volume_zero_100_chronos_only,m5_stratified_volume_zero_100_20260714,M5,28,chronos_bolt_tiny,FOODS_3_233_WI_1_validation,364,866.0,592.8992474675179,1.6288440864492248,124.67659524587344,0.6846411633574109
source_b_v1_14_m5_stratified_volume_zero_100_chronos_only,m5_stratified_volume_zero_100_20260714,M5,28,chronos_bolt_tiny,FOODS_3_233_WI_2_validation,364,2352.0,1225.5879163742065,3.366999770258809,111.51241132304197,0.521083297778149
source_b_v1_14_m5_stratified_volume_zero_100_chronos_only,m5_stratified_volume_zero_100_20260714,M5,28,chronos_bolt_tiny,FOODS_3_236_CA_1_validation,364,546.0,407.7698432803154,1.1202468221986688,132.71352506122997,0.7468312147991124
source_b_v1_14_m5_stratified_volume_zero_100_chronos_only,m5_stratified_volume_zero_100_20260714,M5,28,chronos_bolt_tiny,FOODS_3_266_CA_1_validation,364,52.0,55.03824123740196,0.15120395944341197,199.2155047158005,1.058427716103884
source_b_v1_14_m5_stratified_volume_zero_100_chronos_only,m5_stratified_volume_zero_100_20260714,M5,28,chronos_bolt_tiny,FOODS_3_320_CA_3_validation,364,878.0,675.9266818165779,1.8569414335620271,100.42701576034258,0.7698481569664897
source_b_v1_14_m5_stratified_volume_zero_100_chronos_only,m5_stratified_volume_zero_100_20260714,M5,28,chronos_bolt_tiny,FOODS_3_339_WI_2_validation,364,771.0,617.5348469018936,1.6965243046755318,114.7797282458072,0.8009531088221707
source_b_v1_14_m5_stratified_volume_zero_100_chronos_only,m5_stratified_volume_zero_100_20260714,M5,28,chronos_bolt_tiny,FOODS_3_345_CA_2_validation,364,2.0,6.773315370082855,0.018608009258469383,200.0,3.3866576850414276
source_b_v1_14_m5_stratified_volume_zero_100_chronos_only,m5_stratified_volume_zero_100_20260714,M5,28,chronos_bolt_tiny,FOODS_3_424_CA_4_validation,364,270.0,269.028879314661,0.7390903277875303,163.0016992313567,0.9964032567209667
source_b_v1_14_m5_stratified_volume_zero_100_chronos_only,m5_stratified_volume_zero_100_20260714,M5,28,chronos_bolt_tiny,FOODS_3_444_TX_2_validation,364,2089.0,1825.269612312317,5.014476956901969,173.61849909831628,0.8737528062768392
source_b_v1_14_m5_stratified_volume_zero_100_chronos_only,m5_stratified_volume_zero_100_20260714,M5,28,chronos_bolt_tiny,FOODS_3_457_CA_2_validation,364,138.0,141.7937650680542,0.38954331062652253,197.68822305835616,1.027491051217784
source_b_v1_14_m5_stratified_volume_zero_100_chronos_only,m5_stratified_volume_zero_100_20260714,M5,28,chronos_bolt_tiny,FOODS_3_521_WI_2_validation,364,117.0,119.07895649410784,0.3271399903684281,199.78386960211566,1.0177688589239986
source_b_v1_14_m5_stratified_volume_zero_100_chronos_only,m5_stratified_volume_zero_100_20260714,M5,28,chronos_bolt_tiny,FOODS_3_528_TX_3_validation,364,167.0,175.8454803675413,0.4830919790317069,193.09212462338746,1.0529669483086306
source_b_v1_14_m5_stratified_volume_zero_100_chronos_only,m5_stratified_volume_zero_100_20260714,M5,28,chronos_bolt_tiny,FOODS_3_538_CA_3_validation,364,12.0,18.474817872047424,0.05075499415397644,199.96650597079608,1.539568156003952
source_b_v1_14_m5_stratified_volume_zero_100_chronos_only,m5_stratified_volume_zero_100_20260714,M5,28,chronos_bolt_tiny,FOODS_3_567_CA_3_validation,364,201.0,209.00393296778202,0.5741866290323682,187.93257643254069,1.0398205620287664
source_b_v1_14_m5_stratified_volume_zero_100_chronos_only,m5_stratified_volume_zero_100_20260714,M5,28,chronos_bolt_tiny,FOODS_3_583_WI_1_validation,364,163.0,166.01092466711998,0.4560739688657142,178.59020583913141,1.0184719304731287
source_b_v1_14_m5_stratified_volume_zero_100_chronos_only,m5_stratified_volume_zero_100_20260714,M5,28,chronos_bolt_tiny,FOODS_3_606_CA_4_validation,364,326.0,283.59314604103565,0.7791020495632848,146.31927459555237,0.8699176258927473
source_b_v1_14_m5_stratified_volume_zero_100_chronos_only,m5_stratified_volume_zero_100_20260714,M5,28,chronos_bolt_tiny,FOODS_3_698_CA_1_validation,364,468.0,448.4009982794523,1.2318708743940998,158.44598473263113,0.958121791195411
source_b_v1_14_m5_stratified_volume_zero_100_chronos_only,m5_stratified_volume_zero_100_20260714,M5,28,chronos_bolt_tiny,FOODS_3_703_CA_1_validation,364,368.0,310.91837778687477,0.8541713675463593,142.09969776604612,0.8448868961599858
source_b_v1_14_m5_stratified_volume_zero_100_chronos_only,m5_stratified_volume_zero_100_20260714,M5,28,chronos_bolt_tiny,FOODS_3_760_CA_3_validation,364,3544.0,1410.2893415093422,3.8744212678828083,59.314516982126044,0.39793717311211685
source_b_v1_14_m5_stratified_volume_zero_100_chronos_only,m5_stratified_volume_zero_100_20260714,M5,28,chronos_bolt_tiny,FOODS_3_780_WI_1_validation,364,1610.0,1022.5545147657394,2.8092156999058777,88.95964456295916,0.6351270278048071
source_b_v1_14_m5_stratified_volume_zero_100_chronos_only,m5_stratified_volume_zero_100_20260714,M5,28,chronos_bolt_tiny,FOODS_3_827_CA_3_validation,364,1707.0,1681.7421880662441,4.620170846335835,135.499539346333,0.9852033907828026
source_b_v1_14_m5_stratified_volume_zero_100_chronos_only,m5_stratified_volume_zero_100_20260714,M5,28,chronos_bolt_tiny,HOBBIES_1_010_CA_1_validation,364,224.0,237.28371259570122,0.6518783313068715,168.08044834786853,1.0593022883736662
source_b_v1_14_m5_stratified_volume_zero_100_chronos_only,m5_stratified_volume_zero_100_20260714,M5,28,chronos_bolt_tiny,HOBBIES_1_014_TX_2_validation,364,2111.0,1156.96324467659,3.1784704524082144,61.81789714638175,0.5480640666397868
source_b_v1_14_m5_stratified_volume_zero_100_chronos_only,m5_stratified_volume_zero_100_20260714,M5,28,chronos_bolt_tiny,HOBBIES_1_047_WI_1_validation,364,321.0,328.29498198628426,0.9019092911711106,159.029503154515,1.0227258005803248
source_b_v1_14_m5_stratified_volume_zero_100_chronos_only,m5_stratified_volume_zero_100_20260714,M5,28,chronos_bolt_tiny,HOBBIES_1_058_WI_3_validation,364,85.0,86.92680618166924,0.2388099070924979,199.60890971707693,1.0226683080196382
source_b_v1_14_m5_stratified_volume_zero_100_chronos_only,m5_stratified_volume_zero_100_20260714,M5,28,chronos_bolt_tiny,HOBBIES_1_090_CA_1_validation,364,1363.0,1365.6067641973495,3.751666934608103,172.1183934803273,1.001912519587197
source_b_v1_14_m5_stratified_volume_zero_100_chronos_only,m5_stratified_volume_zero_100_20260714,M5,28,chronos_bolt_tiny,HOBBIES_1_090_TX_1_validation,364,264.0,268.373283803463,0.7372892412183049,199.07787146991754,1.0165654689525112
source_b_v1_14_m5_stratified_volume_zero_100_chronos_only,m5_stratified_volume_zero_100_20260714,M5,28,chronos_bolt_tiny,HOBBIES_1_121_TX_1_validation,364,255.0,257.1858038380742,0.7065544061485555,199.96063887804095,1.0085717797571538
source_b_v1_14_m5_stratified_volume_zero_100_chronos_only,m5_stratified_volume_zero_100_20260714,M5,28,chronos_bolt_tiny,HOBBIES_1_128_WI_1_validation,364,103.0,104.56096522510052,0.28725539897005636,199.3749513372829,1.0151550021854419
source_b_v1_14_m5_stratified_volume_zero_100_chronos_only,m5_stratified_volume_zero_100_20260714,M5,28,chronos_bolt_tiny,HOBBIES_1_156_WI_1_validation,364,225.0,232.3509934321046,0.6383269050332544,196.1772803811907,1.0326710819204648
source_b_v1_14_m5_stratified_volume_zero_100_chronos_only,m5_stratified_volume_zero_100_20260714,M5,28,chronos_bolt_tiny,HOBBIES_1_197_TX_3_validation,364,17.0,17.706889919936657,0.04864530197784796,199.95714045131493,1.041581759996274
source_b_v1_14_m5_stratified_volume_zero_100_chronos_only,m5_stratified_volume_zero_100_20260714,M5,28,chronos_bolt_tiny,HOBBIES_1_197_WI_1_validation,364,95.0,97.12517930567265,0.26682741567492485,199.15150693337972,1.0223703084807647
source_b_v1_14_m5_stratified_volume_zero_100_chronos_only,m5_stratified_volume_zero_100_20260714,M5,28,chronos_bolt_tiny,HOBBIES_1_234_CA_2_validation,364,917.0,934.4215885102749,2.567092276127129,198.12223943017364,1.0189984607527534
source_b_v1_14_m5_stratified_volume_zero_100_chronos_only,m5_stratified_volume_zero_100_20260714,M5,28,chronos_bolt_tiny,HOBBIES_1_320_CA_1_validation,364,324.0,299.1350645124912,0.8217996277815693,156.09514302666142,0.9232563719521334
source_b_v1_14_m5_stratified_volume_zero_100_chronos_only,m5_stratified_volume_zero_100_20260714,M5,28,chronos_bolt_tiny,HOBBIES_1_327_TX_3_validation,364,161.0,171.71944484114647,0.4717567165965562,188.93234675323663,1.0665804027400403
source_b_v1_14_m5_stratified_volume_zero_100_chronos_only,m5_stratified_volume_zero_100_20260714,M5,28,chronos_bolt_tiny,HOBBIES_1_341_WI_1_validation,364,1897.0,1213.8226363658905,3.334677572433765,83.38096258830512,0.6398643312419032
source_b_v1_14_m5_stratified_volume_zero_100_chronos_only,m5_stratified_volume_zero_100_20260714,M5,28,chronos_bolt_tiny,HOBBIES_1_352_CA_3_validation,364,561.0,413.48068249225616,1.1359359409127916,98.45023944923763,0.7370422147812052
source_b_v1_14_m5_stratified_volume_zero_100_chronos_only,m5_stratified_volume_zero_100_20260714,M5,28,chronos_bolt_tiny,HOBBIES_1_354_TX_3_validation,364,8367.0,3386.0645719766617,9.302375197738082,51.62033557907155,0.40469278976654255
source_b_v1_14_m5_stratified_volume_zero_100_chronos_only,m5_stratified_volume_zero_100_20260714,M5,28,chronos_bolt_tiny,HOBBIES_2_058_TX_3_validation,364,117.0,118.47681974619627,0.32548576853350625,182.3668174888318,1.0126223909931305
source_b_v1_14_m5_stratified_volume_zero_100_chronos_only,m5_stratified_volume_zero_100_20260714,M5,28,chronos_bolt_tiny,HOBBIES_2_076_WI_2_validation,364,82.0,83.20312233269215,0.2285800064084949,199.7701472500214,1.0146722235694163
source_b_v1_14_m5_stratified_volume_zero_100_chronos_only,m5_stratified_volume_zero_100_20260714,M5,28,chronos_bolt_tiny,HOBBIES_2_115_WI_3_validation,364,151.0,154.17935186624527,0.4235696479841903,197.57908467953092,1.0210553103724853
source_b_v1_14_m5_stratified_volume_zero_100_chronos_only,m5_stratified_volume_zero_100_20260714,M5,28,chronos_bolt_tiny,HOUSEHOLD_1_008_TX_3_validation,364,126.0,131.0503230690956,0.360028360079933,195.75458872928448,1.0400819291198065
source_b_v1_14_m5_stratified_volume_zero_100_chronos_only,m5_stratified_volume_zero_100_20260714,M5,28,chronos_bolt_tiny,HOUSEHOLD_1_035_CA_2_validation,364,49.0,50.59789823740721,0.1390052149379319,197.22458936595348,1.0326101681103512
source_b_v1_14_m5_stratified_volume_zero_100_chronos_only,m5_stratified_volume_zero_100_20260714,M5,28,chronos_bolt_tiny,HOUSEHOLD_1_109_CA_4_validation,364,309.0,276.4571361541748,0.7594976267971836,132.76771448122494,0.8946832885248376
source_b_v1_14_m5_stratified_volume_zero_100_chronos_only,m5_stratified_volume_zero_100_20260714,M5,28,chronos_bolt_tiny,HOUSEHOLD_1_113_TX_3_validation,364,948.0,688.6151298284531,1.891799807221025,98.31616195108415,0.7263872677515327
source_b_v1_14_m5_stratified_volume_zero_100_chronos_only,m5_stratified_volume_zero_100_20260714,M5,28,chronos_bolt_tiny,HOUSEHOLD_1_201_CA_3_validation,364,472.0,487.6033293362707,1.3395695860886558,177.3847554093949,1.0330579011361667
source_b_v1_14_m5_stratified_volume_zero_100_chronos_only,m5_stratified_volume_zero_100_20260714,M5,28,chronos_bolt_tiny,HOUSEHOLD_1_224_TX_3_validation,364,70.0,71.20963246375322,0.19563085841690445,199.5706801902243,1.0172804637679032
source_b_v1_14_m5_stratified_volume_zero_100_chronos_only,m5_stratified_volume_zero_100_20260714,M5,28,chronos_bolt_tiny,HOUSEHOLD_1_270_TX_2_validation,364,306.0,302.11484295129776,0.8299858322837851,160.08357707884667,0.9873034083375744
source_b_v1_14_m5_stratified_volume_zero_100_chronos_only,m5_stratified_volume_zero_100_20260714,M5,28,chronos_bolt_tiny,HOUSEHOLD_1_346_WI_2_validation,364,310.0,291.03977642953396,0.7995598253558626,155.3787610696208,0.9388379884823677
source_b_v1_14_m5_stratified_volume_zero_100_chronos_only,m5_stratified_volume_zero_100_20260714,M5,28,chronos_bolt_tiny,HOUSEHOLD_1_441_TX_2_validation,364,1093.0,804.6763709752862,2.210649370811226,166.53340383340296,0.7362089395931255
source_b_v1_14_m5_stratified_volume_zero_100_chronos_only,m5_stratified_volume_zero_100_20260714,M5,28,chronos_bolt_tiny,HOUSEHOLD_1_441_TX_3_validation,364,2298.0,1179.3784085813527,3.240050573025694,131.3852347129612,0.513219498947499
source_b_v1_14_m5_stratified_volume_zero_100_chronos_only,m5_stratified_volume_zero_100_20260714,M5,28,chronos_bolt_tiny,HOUSEHOLD_1_460_WI_1_validation,364,231.0,229.6070973277092,0.630788728922278,161.39105167656643,0.9939701183017714
source_b_v1_14_m5_stratified_volume_zero_100_chronos_only,m5_stratified_volume_zero_100_20260714,M5,28,chronos_bolt_tiny,HOUSEHOLD_2_023_TX_3_validation,364,120.0,120.73061537742615,0.3316775147731488,199.7913596917985,1.0060884614785512
source_b_v1_14_m5_stratified_volume_zero_100_chronos_only,m5_stratified_volume_zero_100_20260714,M5,28,chronos_bolt_tiny,HOUSEHOLD_2_041_CA_1_validation,364,142.0,156.8716867119074,0.43096617228545986,191.8405386127236,1.104730188112024
source_b_v1_14_m5_stratified_volume_zero_100_chronos_only,m5_stratified_volume_zero_100_20260714,M5,28,chronos_bolt_tiny,HOUSEHOLD_2_107_TX_2_validation,364,35.0,36.04825787246227,0.09903367547379745,199.88057427203148,1.0299502249274934
source_b_v1_14_m5_stratified_volume_zero_100_chronos_only,m5_stratified_volume_zero_100_20260714,M5,28,chronos_bolt_tiny,HOUSEHOLD_2_133_WI_3_validation,364,59.0,60.107456654310226,0.1651303754239292,199.752406170225,1.0187704517679699
source_b_v1_14_m5_stratified_volume_zero_100_chronos_only,m5_stratified_volume_zero_100_20260714,M5,28,chronos_bolt_tiny,HOUSEHOLD_2_148_WI_1_validation,364,64.0,65.6965976729989,0.18048515844230467,199.74578086584006,1.026509338640608
source_b_v1_14_m5_stratified_volume_zero_100_chronos_only,m5_stratified_volume_zero_100_20260714,M5,28,chronos_bolt_tiny,HOUSEHOLD_2_158_CA_1_validation,364,68.0,68.79798216372728,0.1890054455047453,199.80060346540864,1.0117350318195188
source_b_v1_14_m5_stratified_volume_zero_100_chronos_only,m5_stratified_volume_zero_100_20260714,M5,28,chronos_bolt_tiny,HOUSEHOLD_2_192_CA_2_validation,364,84.0,84.68581411242485,0.23265333547369466,199.86294558464624,1.0081644537193435
source_b_v1_14_m5_stratified_volume_zero_100_chronos_only,m5_stratified_volume_zero_100_20260714,M5,28,chronos_bolt_tiny,HOUSEHOLD_2_202_CA_2_validation,364,48.0,49.20718502998352,0.1351845742581965,199.80540915815425,1.0251496881246567
source_b_v1_14_m5_stratified_volume_zero_100_chronos_only,m5_stratified_volume_zero_100_20260714,M5,28,chronos_bolt_tiny,HOUSEHOLD_2_223_CA_3_validation,364,96.0,99.6702016890049,0.2738192354093541,198.72851934974764,1.038231267593801
source_b_v1_14_m5_stratified_volume_zero_100_chronos_only,m5_stratified_volume_zero_100_20260714,M5,28,chronos_bolt_tiny,HOUSEHOLD_2_235_TX_1_validation,364,50.0,50.91416771709919,0.1398740871348879,199.84956886757473,1.0182833543419838
source_b_v1_14_m5_stratified_volume_zero_100_chronos_only,m5_stratified_volume_zero_100_20260714,M5,28,chronos_bolt_tiny,HOUSEHOLD_2_246_CA_3_validation,364,107.0,114.92105594277382,0.31571718665597204,197.51474687529964,1.0740285602128394
source_b_v1_14_m5_stratified_volume_zero_100_chronos_only,m5_stratified_volume_zero_100_20260714,M5,28,chronos_bolt_tiny,HOUSEHOLD_2_265_WI_3_validation,364,117.0,118.58203600347042,0.3257748241853583,199.29410635147678,1.013521675243337
source_b_v1_14_m5_stratified_volume_zero_100_chronos_only,m5_stratified_volume_zero_100_20260714,M5,28,chronos_bolt_tiny,HOUSEHOLD_2_422_CA_2_validation,364,85.0,86.04063395410776,0.23637536800579056,199.73904037321248,1.0122427524012678
source_b_v1_14_m5_stratified_volume_zero_100_chronos_only,m5_stratified_volume_zero_100_20260714,M5,28,chronos_bolt_tiny,HOUSEHOLD_2_474_CA_3_validation,364,29.0,29.969628423452377,0.08233414402047357,199.93845243110854,1.033435462877668
source_b_v1_14_m5_stratified_volume_zero_100_chronos_only,m5_stratified_volume_zero_100_20260714,M5,28,chronos_bolt_tiny,HOUSEHOLD_2_480_WI_2_validation,364,49.0,49.95140238106251,0.1372291274205014,199.81929430826258,1.0194163751237246
source_b_v1_14_m5_stratified_volume_zero_100_chronos_only,m5_stratified_volume_zero_100_20260714,M5,28,chronos2,FOODS_1_026_WI_2_validation,364,217.0,218.44152691960335,0.6001140849439652,179.30597796875108,1.006642981196329
source_b_v1_14_m5_stratified_volume_zero_100_chronos_only,m5_stratified_volume_zero_100_20260714,M5,28,chronos2,FOODS_1_063_CA_2_validation,364,13.0,16.409839272499084,0.04508197602334913,199.9432215332471,1.2622953286537757
source_b_v1_14_m5_stratified_volume_zero_100_chronos_only,m5_stratified_volume_zero_100_20260714,M5,28,chronos2,FOODS_1_080_WI_2_validation,364,183.0,186.05101969838142,0.5111291749955533,197.16778599849937,1.0166722387889695
source_b_v1_14_m5_stratified_volume_zero_100_chronos_only,m5_stratified_volume_zero_100_20260714,M5,28,chronos2,FOODS_1_118_CA_3_validation,364,439.0,434.2398520708084,1.1929666265681549,159.86550925550043,0.9891568384300875
source_b_v1_14_m5_stratified_volume_zero_100_chronos_only,m5_stratified_volume_zero_100_20260714,M5,28,chronos2,FOODS_1_129_WI_2_validation,364,1342.0,890.136403799057,2.4454296807666402,81.51258936903449,0.663290911921801
source_b_v1_14_m5_stratified_volume_zero_100_chronos_only,m5_stratified_volume_zero_100_20260714,M5,28,chronos2,FOODS_1_171_TX_1_validation,364,157.0,160.38257597386837,0.44061147245568233,197.1917886664124,1.0215450698972508
source_b_v1_14_m5_stratified_volume_zero_100_chronos_only,m5_stratified_volume_zero_100_20260714,M5,28,chronos2,FOODS_1_178_WI_3_validation,364,149.0,150.7366337478161,0.4141116311753189,198.6902508897224,1.0116552600524569
source_b_v1_14_m5_stratified_volume_zero_100_chronos_only,m5_stratified_volume_zero_100_20260714,M5,28,chronos2,FOODS_2_001_WI_1_validation,364,360.0,297.9038460003212,0.8184171593415418,157.4872708684205,0.8275106833342256
source_b_v1_14_m5_stratified_volume_zero_100_chronos_only,m5_stratified_volume_zero_100_20260714,M5,28,chronos2,FOODS_2_015_WI_2_validation,364,148.0,163.47963362932205,0.4491198726080276,188.74881283474284,1.104592119117041
source_b_v1_14_m5_stratified_volume_zero_100_chronos_only,m5_stratified_volume_zero_100_20260714,M5,28,chronos2,FOODS_2_016_CA_2_validation,364,882.0,674.4316692235651,1.8528342561086955,126.91739580968886,0.7646617564893028
source_b_v1_14_m5_stratified_volume_zero_100_chronos_only,m5_stratified_volume_zero_100_20260714,M5,28,chronos2,FOODS_2_027_CA_4_validation,364,83.0,84.37223243713379,0.23179184735476316,199.86235470893777,1.0165329209293228
source_b_v1_14_m5_stratified_volume_zero_100_chronos_only,m5_stratified_volume_zero_100_20260714,M5,28,chronos2,FOODS_2_044_WI_1_validation,364,764.0,525.2429272532463,1.4429750748715557,103.56768751660996,0.6874907424780711
source_b_v1_14_m5_stratified_volume_zero_100_chronos_only,m5_stratified_volume_zero_100_20260714,M5,28,chronos2,FOODS_2_075_CA_2_validation,364,856.0,588.1200500170249,1.6157144231236948,132.68843587303815,0.6870561331974591
source_b_v1_14_m5_stratified_volume_zero_100_chronos_only,m5_stratified_volume_zero_100_20260714,M5,28,chronos2,FOODS_2_130_TX_2_validation,364,394.0,368.88836623728275,1.0134295775749527,168.87842518321662,0.9362648889271136
source_b_v1_14_m5_stratified_volume_zero_100_chronos_only,m5_stratified_volume_zero_100_20260714,M5,28,chronos2,FOODS_2_137_CA_4_validation,364,182.0,183.32871869206429,0.5036503260770997,199.3355510944553,1.0073006521541994
source_b_v1_14_m5_stratified_volume_zero_100_chronos_only,m5_stratified_volume_zero_100_20260714,M5,28,chronos2,FOODS_2_140_WI_2_validation,364,533.0,784.3297357708216,2.154752021348411,188.97242966370428,1.4715379657989147
source_b_v1_14_m5_stratified_volume_zero_100_chronos_only,m5_stratified_volume_zero_100_20260714,M5,28,chronos2,FOODS_2_215_TX_2_validation,364,330.0,322.94647109508514,0.8872155799315526,170.3681221111194,0.9786256699851065
source_b_v1_14_m5_stratified_volume_zero_100_chronos_only,m5_stratified_volume_zero_100_20260714,M5,28,chronos2,FOODS_2_233_WI_2_validation,364,2380.0,1274.3309863060713,3.5009093030386573,130.38980396951825,0.5354331875235594
source_b_v1_14_m5_stratified_volume_zero_100_chronos_only,m5_stratified_volume_zero_100_20260714,M5,28,chronos2,FOODS_2_258_CA_4_validation,364,169.0,170.76693958044052,0.4691399439023091,199.16819186911343,1.010455263789589
source_b_v1_14_m5_stratified_volume_zero_100_chronos_only,m5_stratified_volume_zero_100_20260714,M5,28,chronos2,FOODS_2_261_TX_1_validation,364,73.0,73.65371224284172,0.20234536330451022,199.78651621959312,1.0089549622307086
source_b_v1_14_m5_stratified_volume_zero_100_chronos_only,m5_stratified_volume_zero_100_20260714,M5,28,chronos2,FOODS_2_299_WI_2_validation,364,1050.0,623.4327581552789,1.7127273575694475,137.5213520276895,0.5937454839574084
source_b_v1_14_m5_stratified_volume_zero_100_chronos_only,m5_stratified_volume_zero_100_20260714,M5,28,chronos2,FOODS_2_316_TX_3_validation,364,266.0,226.0548698604107,0.6210298622538756,166.7993695502942,0.8498303378210929
source_b_v1_14_m5_stratified_volume_zero_100_chronos_only,m5_stratified_volume_zero_100_20260714,M5,28,chronos2,FOODS_2_347_WI_2_validation,364,2201.0,1390.9350258260965,3.8212500709508146,137.17933395562002,0.6319559408569271
source_b_v1_14_m5_stratified_volume_zero_100_chronos_only,m5_stratified_volume_zero_100_20260714,M5,28,chronos2,FOODS_2_357_WI_2_validation,364,2200.0,1604.8262074422091,4.4088632072588165,151.71149000805931,0.7294664579282769
source_b_v1_14_m5_stratified_volume_zero_100_chronos_only,m5_stratified_volume_zero_100_20260714,M5,28,chronos2,FOODS_3_009_TX_1_validation,364,239.0,242.0682923644781,0.6650227812210937,196.5238442348706,1.0128380433660171
source_b_v1_14_m5_stratified_volume_zero_100_chronos_only,m5_stratified_volume_zero_100_20260714,M5,28,chronos2,FOODS_3_024_WI_2_validation,364,1369.0,1846.2839190363884,5.072208568781287,136.69281176550754,1.3486369021449147
source_b_v1_14_m5_stratified_volume_zero_100_chronos_only,m5_stratified_volume_zero_100_20260714,M5,28,chronos2,FOODS_3_039_WI_1_validation,364,518.0,254.6076455116272,0.6994715536033714,174.7422629959067,0.4915205511807475
source_b_v1_14_m5_stratified_volume_zero_100_chronos_only,m5_stratified_volume_zero_100_20260714,M5,28,chronos2,FOODS_3_073_TX_3_validation,364,349.0,314.0194370150566,0.8626907610303753,188.03517100601263,0.8997691605015948
source_b_v1_14_m5_stratified_volume_zero_100_chronos_only,m5_stratified_volume_zero_100_20260714,M5,28,chronos2,FOODS_3_073_WI_3_validation,364,90.0,110.19541057944298,0.30273464444901915,199.3625659114632,1.2243934508826997
source_b_v1_14_m5_stratified_volume_zero_100_chronos_only,m5_stratified_volume_zero_100_20260714,M5,28,chronos2,FOODS_3_077_CA_3_validation,364,1849.0,1221.09184974432,3.354647938858022,102.45529496371218,0.6604066250645322
source_b_v1_14_m5_stratified_volume_zero_100_chronos_only,m5_stratified_volume_zero_100_20260714,M5,28,chronos2,FOODS_3_091_CA_1_validation,364,443.0,316.00546765327454,0.8681468891573476,108.80856242938728,0.7133306267568273
source_b_v1_14_m5_stratified_volume_zero_100_chronos_only,m5_stratified_volume_zero_100_20260714,M5,28,chronos2,FOODS_3_100_WI_1_validation,364,692.0,546.9651976823807,1.5026516419845624,101.26877314454003,0.7904121353791628
source_b_v1_14_m5_stratified_volume_zero_100_chronos_only,m5_stratified_volume_zero_100_20260714,M5,28,chronos2,FOODS_3_230_WI_1_validation,364,452.0,340.10443100333214,0.9343528324267366,100.67231742008833,0.7524434314233012
source_b_v1_14_m5_stratified_volume_zero_100_chronos_only,m5_stratified_volume_zero_100_20260714,M5,28,chronos2,FOODS_3_233_WI_1_validation,364,866.0,549.0811871290207,1.5084647998050018,119.258348104398,0.6340429412575297
source_b_v1_14_m5_stratified_volume_zero_100_chronos_only,m5_stratified_volume_zero_100_20260714,M5,28,chronos2,FOODS_3_233_WI_2_validation,364,2352.0,1145.2977576255798,3.146422411059285,106.47598098659128,0.48694632552107986
source_b_v1_14_m5_stratified_volume_zero_100_chronos_only,m5_stratified_volume_zero_100_20260714,M5,28,chronos2,FOODS_3_236_CA_1_validation,364,546.0,401.66628551483154,1.1034788063594274,130.948828160039,0.7356525375729516
source_b_v1_14_m5_stratified_volume_zero_100_chronos_only,m5_stratified_volume_zero_100_20260714,M5,28,chronos2,FOODS_3_266_CA_1_validation,364,52.0,55.118572473526,0.15142464965254396,199.27361613154574,1.0599725475678077
source_b_v1_14_m5_stratified_volume_zero_100_chronos_only,m5_stratified_volume_zero_100_20260714,M5,28,chronos2,FOODS_3_320_CA_3_validation,364,878.0,673.9190710783005,1.8514260194458805,96.8544079003449,0.7675615843716407
source_b_v1_14_m5_stratified_volume_zero_100_chronos_only,m5_stratified_volume_zero_100_20260714,M5,28,chronos2,FOODS_3_339_WI_2_validation,364,771.0,590.7384886741638,1.6229079359180325,110.85195709080192,0.7661977803815354
source_b_v1_14_m5_stratified_volume_zero_100_chronos_only,m5_stratified_volume_zero_100_20260714,M5,28,chronos2,FOODS_3_345_CA_2_validation,364,2.0,3.223166286945343,0.00885485243666303,199.99923752446037,1.6115831434726715
source_b_v1_14_m5_stratified_volume_zero_100_chronos_only,m5_stratified_volume_zero_100_20260714,M5,28,chronos2,FOODS_3_424_CA_4_validation,364,270.0,275.5518384575844,0.7570105452131439,164.04941956623765,1.02056236465772
source_b_v1_14_m5_stratified_volume_zero_100_chronos_only,m5_stratified_volume_zero_100_20260714,M5,28,chronos2,FOODS_3_444_TX_2_validation,364,2089.0,1404.420515537262,3.8582981196078627,161.64484266016356,0.6722932099268846
source_b_v1_14_m5_stratified_volume_zero_100_chronos_only,m5_stratified_volume_zero_100_20260714,M5,28,chronos2,FOODS_3_457_CA_2_validation,364,138.0,138.89875887334347,0.38158999690478973,199.1664802609201,1.0065127454590106
source_b_v1_14_m5_stratified_volume_zero_100_chronos_only,m5_stratified_volume_zero_100_20260714,M5,28,chronos2,FOODS_3_521_WI_2_validation,364,117.0,117.37809628807008,0.32246729749469805,199.8497964373424,1.003231592205727
source_b_v1_14_m5_stratified_volume_zero_100_chronos_only,m5_stratified_volume_zero_100_20260714,M5,28,chronos2,FOODS_3_528_TX_3_validation,364,167.0,169.55954909324646,0.4658229370693584,197.3003629244938,1.0153266412769248
source_b_v1_14_m5_stratified_volume_zero_100_chronos_only,m5_stratified_volume_zero_100_20260714,M5,28,chronos2,FOODS_3_538_CA_3_validation,364,12.0,16.139931321144104,0.044340470662483804,199.8912908646883,1.3449942767620087
source_b_v1_14_m5_stratified_volume_zero_100_chronos_only,m5_stratified_volume_zero_100_20260714,M5,28,chronos2,FOODS_3_567_CA_3_validation,364,201.0,204.57603055238724,0.5620220619571078,196.63830399849712,1.017791196778046
source_b_v1_14_m5_stratified_volume_zero_100_chronos_only,m5_stratified_volume_zero_100_20260714,M5,28,chronos2,FOODS_3_583_WI_1_validation,364,163.0,180.1694438457489,0.49497099957623325,184.3290120455553,1.105334011323613
source_b_v1_14_m5_stratified_volume_zero_100_chronos_only,m5_stratified_volume_zero_100_20260714,M5,28,chronos2,FOODS_3_606_CA_4_validation,364,326.0,283.1774851381779,0.7779601240059831,147.93178923296264,0.8686425924483984
source_b_v1_14_m5_stratified_volume_zero_100_chronos_only,m5_stratified_volume_zero_100_20260714,M5,28,chronos2,FOODS_3_698_CA_1_validation,364,468.0,445.5543691366911,1.2240504646612393,152.85719369483107,0.952039250292075
source_b_v1_14_m5_stratified_volume_zero_100_chronos_only,m5_stratified_volume_zero_100_20260714,M5,28,chronos2,FOODS_3_703_CA_1_validation,364,368.0,326.0952544808388,0.895866083738568,148.1055752301721,0.8861284089153227
source_b_v1_14_m5_stratified_volume_zero_100_chronos_only,m5_stratified_volume_zero_100_20260714,M5,28,chronos2,FOODS_3_760_CA_3_validation,364,3544.0,1540.9020247161388,4.233247320648733,68.193593255402,0.4347917676964274
source_b_v1_14_m5_stratified_volume_zero_100_chronos_only,m5_stratified_volume_zero_100_20260714,M5,28,chronos2,FOODS_3_780_WI_1_validation,364,1610.0,1019.7572766840458,2.8015309799012247,91.56568964522408,0.6333896128472334
source_b_v1_14_m5_stratified_volume_zero_100_chronos_only,m5_stratified_volume_zero_100_20260714,M5,28,chronos2,FOODS_3_827_CA_3_validation,364,1707.0,1624.903907507658,4.464021723922137,131.82943000530642,0.9519062141228225
source_b_v1_14_m5_stratified_volume_zero_100_chronos_only,m5_stratified_volume_zero_100_20260714,M5,28,chronos2,HOBBIES_1_010_CA_1_validation,364,224.0,228.58396172523499,0.6279779168275686,182.00159358135605,1.020464114844799
source_b_v1_14_m5_stratified_volume_zero_100_chronos_only,m5_stratified_volume_zero_100_20260714,M5,28,chronos2,HOBBIES_1_014_TX_2_validation,364,2111.0,1142.2830367088318,3.1381402107385488,61.38375596661228,0.5411099179103893
source_b_v1_14_m5_stratified_volume_zero_100_chronos_only,m5_stratified_volume_zero_100_20260714,M5,28,chronos2,HOBBIES_1_047_WI_1_validation,364,321.0,315.74082666635513,0.8674198534789976,164.83470673432745,0.9836162824497044
source_b_v1_14_m5_stratified_volume_zero_100_chronos_only,m5_stratified_volume_zero_100_20260714,M5,28,chronos2,HOBBIES_1_058_WI_3_validation,364,85.0,86.23779797554016,0.2369170274053301,199.60254046165153,1.0145623291240018
source_b_v1_14_m5_stratified_volume_zero_100_chronos_only,m5_stratified_volume_zero_100_20260714,M5,28,chronos2,HOBBIES_1_090_CA_1_validation,364,1363.0,1358.7053571939468,3.7327070252580956,178.45954251114028,0.9968491248671657
source_b_v1_14_m5_stratified_volume_zero_100_chronos_only,m5_stratified_volume_zero_100_20260714,M5,28,chronos2,HOBBIES_1_090_TX_1_validation,364,264.0,267.6409981250763,0.7352774673765832,199.26912965722784,1.013791659564683
source_b_v1_14_m5_stratified_volume_zero_100_chronos_only,m5_stratified_volume_zero_100_20260714,M5,28,chronos2,HOBBIES_1_121_TX_1_validation,364,255.0,255.81956807523966,0.7028010111957134,199.51587308332432,1.0032139924519203
source_b_v1_14_m5_stratified_volume_zero_100_chronos_only,m5_stratified_volume_zero_100_20260714,M5,28,chronos2,HOBBIES_1_128_WI_1_validation,364,103.0,103.57218267023563,0.28453896337976825,199.74292532493408,1.0055551715556859
source_b_v1_14_m5_stratified_volume_zero_100_chronos_only,m5_stratified_volume_zero_100_20260714,M5,28,chronos2,HOBBIES_1_156_WI_1_validation,364,225.0,226.47376507520676,0.622180673283535,198.91731937732453,1.0065500670009189
source_b_v1_14_m5_stratified_volume_zero_100_chronos_only,m5_stratified_volume_zero_100_20260714,M5,28,chronos2,HOBBIES_1_197_TX_3_validation,364,17.0,17.17391835153103,0.047181094372337994,199.99115342015162,1.0102304912665312
source_b_v1_14_m5_stratified_volume_zero_100_chronos_only,m5_stratified_volume_zero_100_20260714,M5,28,chronos2,HOBBIES_1_197_WI_1_validation,364,95.0,95.62379965186119,0.26270274629632195,199.75153096807588,1.0065663121248547
source_b_v1_14_m5_stratified_volume_zero_100_chronos_only,m5_stratified_volume_zero_100_20260714,M5,28,chronos2,HOBBIES_1_234_CA_2_validation,364,917.0,921.7724223136902,2.532341819543105,198.77610783670733,1.0052043863835225
source_b_v1_14_m5_stratified_volume_zero_100_chronos_only,m5_stratified_volume_zero_100_20260714,M5,28,chronos2,HOBBIES_1_320_CA_1_validation,364,324.0,291.7150279581547,0.8014149119729524,154.240640017886,0.9003550245622058
source_b_v1_14_m5_stratified_volume_zero_100_chronos_only,m5_stratified_volume_zero_100_20260714,M5,28,chronos2,HOBBIES_1_327_TX_3_validation,364,161.0,163.6751417964697,0.4496569829573343,196.7843409276984,1.0166157875557122
source_b_v1_14_m5_stratified_volume_zero_100_chronos_only,m5_stratified_volume_zero_100_20260714,M5,28,chronos2,HOBBIES_1_341_WI_1_validation,364,1897.0,1194.6935470104218,3.2821251291495104,84.10784733634502,0.6297804675858839
source_b_v1_14_m5_stratified_volume_zero_100_chronos_only,m5_stratified_volume_zero_100_20260714,M5,28,chronos2,HOBBIES_1_352_CA_3_validation,364,561.0,417.0668893158436,1.1457881574611088,97.24845379107867,0.7434347403134467
source_b_v1_14_m5_stratified_volume_zero_100_chronos_only,m5_stratified_volume_zero_100_20260714,M5,28,chronos2,HOBBIES_1_354_TX_3_validation,364,8367.0,3080.4211337566376,8.462695422408345,45.82500528330369,0.3681631568969329
source_b_v1_14_m5_stratified_volume_zero_100_chronos_only,m5_stratified_volume_zero_100_20260714,M5,28,chronos2,HOBBIES_2_058_TX_3_validation,364,117.0,120.33585891127586,0.3305930189870216,184.54617341403,1.0285116146262894
source_b_v1_14_m5_stratified_volume_zero_100_chronos_only,m5_stratified_volume_zero_100_20260714,M5,28,chronos2,HOBBIES_2_076_WI_2_validation,364,82.0,83.02874001860619,0.22810093411704996,199.79998370649685,1.0125456099830024
source_b_v1_14_m5_stratified_volume_zero_100_chronos_only,m5_stratified_volume_zero_100_20260714,M5,28,chronos2,HOBBIES_2_115_WI_3_validation,364,151.0,152.1016125679016,0.4178615729887407,199.2952570462137,1.007295447469547
source_b_v1_14_m5_stratified_volume_zero_100_chronos_only,m5_stratified_volume_zero_100_20260714,M5,28,chronos2,HOUSEHOLD_1_008_TX_3_validation,364,126.0,127.00264364480972,0.3489083616615652,199.261242443901,1.0079574892445216
source_b_v1_14_m5_stratified_volume_zero_100_chronos_only,m5_stratified_volume_zero_100_20260714,M5,28,chronos2,HOUSEHOLD_1_035_CA_2_validation,364,49.0,49.16954567283392,0.13508116943086243,199.70678329983747,1.0034601157721208
source_b_v1_14_m5_stratified_volume_zero_100_chronos_only,m5_stratified_volume_zero_100_20260714,M5,28,chronos2,HOUSEHOLD_1_109_CA_4_validation,364,309.0,277.7020695209503,0.7629177734092042,144.6657477153688,0.8987121990969266
source_b_v1_14_m5_stratified_volume_zero_100_chronos_only,m5_stratified_volume_zero_100_20260714,M5,28,chronos2,HOUSEHOLD_1_113_TX_3_validation,364,948.0,679.8813001513481,1.8678057696465606,96.71334918646622,0.7171743672482574
source_b_v1_14_m5_stratified_volume_zero_100_chronos_only,m5_stratified_volume_zero_100_20260714,M5,28,chronos2,HOUSEHOLD_1_201_CA_3_validation,364,472.0,528.5295754964463,1.4520043282869406,173.94862512453466,1.1197660497806066
source_b_v1_14_m5_stratified_volume_zero_100_chronos_only,m5_stratified_volume_zero_100_20260714,M5,28,chronos2,HOUSEHOLD_1_224_TX_3_validation,364,70.0,70.71186432242393,0.1942633635231427,199.77163387352078,1.010169490320342
source_b_v1_14_m5_stratified_volume_zero_100_chronos_only,m5_stratified_volume_zero_100_20260714,M5,28,chronos2,HOUSEHOLD_1_270_TX_2_validation,364,306.0,298.47683730721474,0.819991311283557,173.9585195541877,0.9754145010039698
source_b_v1_14_m5_stratified_volume_zero_100_chronos_only,m5_stratified_volume_zero_100_20260714,M5,28,chronos2,HOUSEHOLD_1_346_WI_2_validation,364,310.0,301.2711144834757,0.8276678969326255,165.54188466828563,0.9718423047854055
source_b_v1_14_m5_stratified_volume_zero_100_chronos_only,m5_stratified_volume_zero_100_20260714,M5,28,chronos2,HOUSEHOLD_1_441_TX_2_validation,364,1093.0,717.6856814013147,1.9716639598937218,163.61033124508856,0.6566200195803428
source_b_v1_14_m5_stratified_volume_zero_100_chronos_only,m5_stratified_volume_zero_100_20260714,M5,28,chronos2,HOUSEHOLD_1_441_TX_3_validation,364,2298.0,1083.3348455960022,2.976194630758248,128.48514869421066,0.47142508511575376
source_b_v1_14_m5_stratified_volume_zero_100_chronos_only,m5_stratified_volume_zero_100_20260714,M5,28,chronos2,HOUSEHOLD_1_460_WI_1_validation,364,231.0,218.6420830488205,0.6006650633209354,156.93196261550784,0.946502524020868
source_b_v1_14_m5_stratified_volume_zero_100_chronos_only,m5_stratified_volume_zero_100_20260714,M5,28,chronos2,HOUSEHOLD_2_023_TX_3_validation,364,120.0,120.53012336231768,0.3311267125338398,199.70358109989374,1.0044176946859806
source_b_v1_14_m5_stratified_volume_zero_100_chronos_only,m5_stratified_volume_zero_100_20260714,M5,28,chronos2,HOUSEHOLD_2_041_CA_1_validation,364,142.0,143.38088789582253,0.39390353817533663,198.8686558310264,1.0097245626466376
source_b_v1_14_m5_stratified_volume_zero_100_chronos_only,m5_stratified_volume_zero_100_20260714,M5,28,chronos2,HOUSEHOLD_2_107_TX_2_validation,364,35.0,35.42498907446861,0.09732139855623245,199.95299177757647,1.0121425449848176
source_b_v1_14_m5_stratified_volume_zero_100_chronos_only,m5_stratified_volume_zero_100_20260714,M5,28,chronos2,HOUSEHOLD_2_133_WI_3_validation,364,59.0,59.693037167191505,0.16399186034942723,199.8352982058742,1.0117463926642627
source_b_v1_14_m5_stratified_volume_zero_100_chronos_only,m5_stratified_volume_zero_100_20260714,M5,28,chronos2,HOUSEHOLD_2_148_WI_1_validation,364,64.0,64.80805154144764,0.17804409764133966,199.7972341263756,1.0126258053351194
source_b_v1_14_m5_stratified_volume_zero_100_chronos_only,m5_stratified_volume_zero_100_20260714,M5,28,chronos2,HOUSEHOLD_2_158_CA_1_validation,364,68.0,68.61680490523577,0.18850770578361475,199.85926048362984,1.0090706603711141
source_b_v1_14_m5_stratified_volume_zero_100_chronos_only,m5_stratified_volume_zero_100_20260714,M5,28,chronos2,HOUSEHOLD_2_192_CA_2_validation,364,84.0,84.65622813999653,0.2325720553296608,199.75044447776833,1.0078122397618634
source_b_v1_14_m5_stratified_volume_zero_100_chronos_only,m5_stratified_volume_zero_100_20260714,M5,28,chronos2,HOUSEHOLD_2_202_CA_2_validation,364,48.0,48.25245399773121,0.13256168680695388,199.9527956527059,1.0052594582860668
source_b_v1_14_m5_stratified_volume_zero_100_chronos_only,m5_stratified_volume_zero_100_20260714,M5,28,chronos2,HOUSEHOLD_2_223_CA_3_validation,364,96.0,97.10617756843567,0.266775213100098,199.5851049007811,1.0115226830045383
source_b_v1_14_m5_stratified_volume_zero_100_chronos_only,m5_stratified_volume_zero_100_20260714,M5,28,chronos2,HOUSEHOLD_2_235_TX_1_validation,364,50.0,50.51605989038944,0.1387803843142567,199.91634888245704,1.0103211978077888
source_b_v1_14_m5_stratified_volume_zero_100_chronos_only,m5_stratified_volume_zero_100_20260714,M5,28,chronos2,HOUSEHOLD_2_246_CA_3_validation,364,107.0,108.31362414360046,0.29756490149340786,199.4716537488419,1.0122768611551445
source_b_v1_14_m5_stratified_volume_zero_100_chronos_only,m5_stratified_volume_zero_100_20260714,M5,28,chronos2,HOUSEHOLD_2_265_WI_3_validation,364,117.0,117.53982725739479,0.3229116133444912,199.6574524321878,1.0046139081828616
source_b_v1_14_m5_stratified_volume_zero_100_chronos_only,m5_stratified_volume_zero_100_20260714,M5,28,chronos2,HOUSEHOLD_2_422_CA_2_validation,364,85.0,85.75945945084095,0.23560291057923338,199.77562657508113,1.0089348170687171
source_b_v1_14_m5_stratified_volume_zero_100_chronos_only,m5_stratified_volume_zero_100_20260714,M5,28,chronos2,HOUSEHOLD_2_474_CA_3_validation,364,29.0,29.648986384272575,0.08145325929745213,199.95517133545434,1.0223788408369854
source_b_v1_14_m5_stratified_volume_zero_100_chronos_only,m5_stratified_volume_zero_100_20260714,M5,28,chronos2,HOUSEHOLD_2_480_WI_2_validation,364,49.0,49.2446990609169,0.13528763478273872,199.94792210978403,1.0049938583860591
