run_id,panel_id,dataset,horizon,model_name,series_id,n_predictions,abs_y,abs_error,MAE,sMAPE,WAPE
source_b_repair_fm_chronos2_m5_rohlik_100,m5_top_volume_100_20260714,M5,7,chronos2,FOODS_1_218_TX_2_validation,378,5582.0,2174.023558616638,5.751385075705392,44.56638799860963,0.3894703616296378
source_b_repair_fm_chronos2_m5_rohlik_100,m5_top_volume_100_20260714,M5,7,chronos2,FOODS_2_197_CA_1_validation,378,6349.0,2066.023407936096,5.465670391365334,36.020571197289016,0.3254092625509681
source_b_repair_fm_chronos2_m5_rohlik_100,m5_top_volume_100_20260714,M5,7,chronos2,FOODS_2_197_CA_3_validation,378,5223.0,1440.3295726776123,3.8103956949143183,29.725013057710374,0.2757667188737531
source_b_repair_fm_chronos2_m5_rohlik_100,m5_top_volume_100_20260714,M5,7,chronos2,FOODS_2_276_CA_3_validation,378,3143.0,1313.0527658462524,3.4736845657308266,47.156608476100374,0.4177705268362241
source_b_repair_fm_chronos2_m5_rohlik_100,m5_top_volume_100_20260714,M5,7,chronos2,FOODS_2_360_CA_3_validation,378,4857.0,2235.2388916015625,5.913330401062335,81.51071654597803,0.46020977797026197
source_b_repair_fm_chronos2_m5_rohlik_100,m5_top_volume_100_20260714,M5,7,chronos2,FOODS_2_360_TX_3_validation,378,3979.0,1840.3863344192505,4.868746916453044,101.12882069934841,0.4625248390096131
source_b_repair_fm_chronos2_m5_rohlik_100,m5_top_volume_100_20260714,M5,7,chronos2,FOODS_2_360_WI_2_validation,378,10631.0,4747.78102016449,12.560267249112407,107.04627165823828,0.4465977819738961
source_b_repair_fm_chronos2_m5_rohlik_100,m5_top_volume_100_20260714,M5,7,chronos2,FOODS_3_007_WI_2_validation,378,8464.0,7128.542139053345,18.85857708744271,139.3904145527654,0.8422190617974179
source_b_repair_fm_chronos2_m5_rohlik_100,m5_top_volume_100_20260714,M5,7,chronos2,FOODS_3_030_TX_2_validation,378,5036.0,1615.785132408142,4.274563842349583,77.45108954466791,0.3208469285957391
source_b_repair_fm_chronos2_m5_rohlik_100,m5_top_volume_100_20260714,M5,7,chronos2,FOODS_3_030_TX_3_validation,378,5820.0,1873.8888111114502,4.957377807173149,78.96612296814715,0.3219740225277406
source_b_repair_fm_chronos2_m5_rohlik_100,m5_top_volume_100_20260714,M5,7,chronos2,FOODS_3_080_CA_1_validation,378,6869.0,1899.6424551010132,5.025509140478871,28.20167567082282,0.2765529851653826
source_b_repair_fm_chronos2_m5_rohlik_100,m5_top_volume_100_20260714,M5,7,chronos2,FOODS_3_080_TX_2_validation,378,6590.0,1456.0594034194946,3.8520090037552768,23.002573906576057,0.22094983359931633
source_b_repair_fm_chronos2_m5_rohlik_100,m5_top_volume_100_20260714,M5,7,chronos2,FOODS_3_090_CA_1_validation,378,18773.0,5603.131385803223,14.82309890424133,58.6238894722621,0.29846755371028727
source_b_repair_fm_chronos2_m5_rohlik_100,m5_top_volume_100_20260714,M5,7,chronos2,FOODS_3_090_CA_2_validation,378,14152.0,4395.127060890198,11.627320266905285,60.949946386119315,0.3105657900572497
source_b_repair_fm_chronos2_m5_rohlik_100,m5_top_volume_100_20260714,M5,7,chronos2,FOODS_3_090_CA_3_validation,378,36819.0,9583.9760055542,25.354433877127512,46.42473241693556,0.2602997366999158
source_b_repair_fm_chronos2_m5_rohlik_100,m5_top_volume_100_20260714,M5,7,chronos2,FOODS_3_090_CA_4_validation,378,9660.0,2942.382345199585,7.7840802783057805,58.3268467630122,0.3045944456728349
source_b_repair_fm_chronos2_m5_rohlik_100,m5_top_volume_100_20260714,M5,7,chronos2,FOODS_3_090_TX_1_validation,378,16993.0,4375.710971832275,11.575954951937236,55.71065499595454,0.25750079278716387
source_b_repair_fm_chronos2_m5_rohlik_100,m5_top_volume_100_20260714,M5,7,chronos2,FOODS_3_090_TX_2_validation,378,19339.0,5660.343276977539,14.974453113697193,57.95881418422479,0.29269058777483525
source_b_repair_fm_chronos2_m5_rohlik_100,m5_top_volume_100_20260714,M5,7,chronos2,FOODS_3_090_TX_3_validation,378,21770.0,6128.932174682617,16.214106282229146,55.78290738627446,0.28153110586507196
source_b_repair_fm_chronos2_m5_rohlik_100,m5_top_volume_100_20260714,M5,7,chronos2,FOODS_3_090_WI_3_validation,378,23889.0,6154.071533203125,16.28061252170139,55.27616041907242,0.2576110985475794
source_b_repair_fm_chronos2_m5_rohlik_100,m5_top_volume_100_20260714,M5,7,chronos2,FOODS_3_099_TX_2_validation,378,5210.0,1802.8062009811401,4.76932857402418,77.73997527628822,0.3460280616086641
source_b_repair_fm_chronos2_m5_rohlik_100,m5_top_volume_100_20260714,M5,7,chronos2,FOODS_3_120_CA_1_validation,378,15279.0,6372.401363372803,16.858204665007413,65.46958231414115,0.4170692691519604
source_b_repair_fm_chronos2_m5_rohlik_100,m5_top_volume_100_20260714,M5,7,chronos2,FOODS_3_120_CA_3_validation,378,31365.0,7000.22518157959,18.519114236983043,29.74817118853758,0.2231858817656493
source_b_repair_fm_chronos2_m5_rohlik_100,m5_top_volume_100_20260714,M5,7,chronos2,FOODS_3_120_WI_3_validation,378,12400.0,4172.419453620911,11.038146702700821,43.72579873816787,0.33648543980813794
source_b_repair_fm_chronos2_m5_rohlik_100,m5_top_volume_100_20260714,M5,7,chronos2,FOODS_3_202_CA_3_validation,378,7882.0,2476.376039505005,6.551259363769854,53.623141069755285,0.31418117730335005
source_b_repair_fm_chronos2_m5_rohlik_100,m5_top_volume_100_20260714,M5,7,chronos2,FOODS_3_202_TX_1_validation,378,8044.0,2690.001605987549,7.1164063650464255,64.24802001111664,0.3344109405752796
source_b_repair_fm_chronos2_m5_rohlik_100,m5_top_volume_100_20260714,M5,7,chronos2,FOODS_3_202_TX_2_validation,378,7798.0,3383.9480924606323,8.952243630848233,71.3604655820555,0.433950768461225
source_b_repair_fm_chronos2_m5_rohlik_100,m5_top_volume_100_20260714,M5,7,chronos2,FOODS_3_202_TX_3_validation,378,9826.0,2892.526618003845,7.652186820115992,61.03430552027196,0.29437478302501985
source_b_repair_fm_chronos2_m5_rohlik_100,m5_top_volume_100_20260714,M5,7,chronos2,FOODS_3_226_WI_1_validation,378,14808.0,2277.1792316436768,6.024283681597028,15.873018554271612,0.15378033709101005
source_b_repair_fm_chronos2_m5_rohlik_100,m5_top_volume_100_20260714,M5,7,chronos2,FOODS_3_226_WI_2_validation,378,14519.0,2885.854200363159,7.634534921595659,21.360271729464674,0.19876397826042835
source_b_repair_fm_chronos2_m5_rohlik_100,m5_top_volume_100_20260714,M5,7,chronos2,FOODS_3_226_WI_3_validation,378,18132.0,3000.8483123779297,7.9387521491479625,16.742507437042363,0.16550012753021892
source_b_repair_fm_chronos2_m5_rohlik_100,m5_top_volume_100_20260714,M5,7,chronos2,FOODS_3_234_CA_3_validation,378,7146.0,4249.664322853088,11.242498208606055,65.56686621820315,0.5946913410093883
source_b_repair_fm_chronos2_m5_rohlik_100,m5_top_volume_100_20260714,M5,7,chronos2,FOODS_3_234_WI_2_validation,378,8932.0,8360.86246585846,22.118683772112327,156.14849444762172,0.936057150230459
source_b_repair_fm_chronos2_m5_rohlik_100,m5_top_volume_100_20260714,M5,7,chronos2,FOODS_3_234_WI_3_validation,378,7749.0,4678.962571144104,12.378207860169587,81.98667774307177,0.6038150175692482
source_b_repair_fm_chronos2_m5_rohlik_100,m5_top_volume_100_20260714,M5,7,chronos2,FOODS_3_252_CA_1_validation,378,14668.0,2794.233112335205,7.392151090833876,20.319635302536643,0.19049857597049394
source_b_repair_fm_chronos2_m5_rohlik_100,m5_top_volume_100_20260714,M5,7,chronos2,FOODS_3_252_CA_2_validation,378,14731.0,3127.9427070617676,8.274980706512613,24.126699551597845,0.2123374317467767
source_b_repair_fm_chronos2_m5_rohlik_100,m5_top_volume_100_20260714,M5,7,chronos2,FOODS_3_252_CA_3_validation,378,17274.0,3623.364492416382,9.585620350307888,21.220669162982762,0.20975827789836643
source_b_repair_fm_chronos2_m5_rohlik_100,m5_top_volume_100_20260714,M5,7,chronos2,FOODS_3_252_TX_1_validation,378,11801.0,3032.6619186401367,8.02291512867761,27.470928373533866,0.25698346908229275
source_b_repair_fm_chronos2_m5_rohlik_100,m5_top_volume_100_20260714,M5,7,chronos2,FOODS_3_252_TX_2_validation,378,21934.0,4535.211200714111,11.99791322940241,20.919559643570228,0.2067662624561918
source_b_repair_fm_chronos2_m5_rohlik_100,m5_top_volume_100_20260714,M5,7,chronos2,FOODS_3_252_TX_3_validation,378,17754.0,4196.89849281311,11.102906065643149,25.05073888213448,0.23639171413839757
source_b_repair_fm_chronos2_m5_rohlik_100,m5_top_volume_100_20260714,M5,7,chronos2,FOODS_3_252_WI_3_validation,378,6826.0,2186.5569372177124,5.78454216195162,33.13879317580868,0.3203277083530197
source_b_repair_fm_chronos2_m5_rohlik_100,m5_top_volume_100_20260714,M5,7,chronos2,FOODS_3_281_CA_3_validation,378,3821.0,2153.967031478882,5.698325480102862,83.68963646945062,0.5637181448518404
source_b_repair_fm_chronos2_m5_rohlik_100,m5_top_volume_100_20260714,M5,7,chronos2,FOODS_3_282_CA_3_validation,378,13394.0,3608.8591499328613,9.547246428393812,40.14223699855596,0.26943849111041224
source_b_repair_fm_chronos2_m5_rohlik_100,m5_top_volume_100_20260714,M5,7,chronos2,FOODS_3_288_CA_3_validation,378,12500.0,3731.1367530822754,9.87073215101131,46.112163245063144,0.298490940246582
source_b_repair_fm_chronos2_m5_rohlik_100,m5_top_volume_100_20260714,M5,7,chronos2,FOODS_3_318_CA_3_validation,378,5296.0,2367.9132871627808,6.264320865510002,100.39720208804287,0.4471135360956912
source_b_repair_fm_chronos2_m5_rohlik_100,m5_top_volume_100_20260714,M5,7,chronos2,FOODS_3_318_WI_3_validation,378,5628.0,2303.107307434082,6.092876474693338,96.05897066798065,0.40922304680776156
source_b_repair_fm_chronos2_m5_rohlik_100,m5_top_volume_100_20260714,M5,7,chronos2,FOODS_3_319_CA_3_validation,378,4783.0,2352.6872482299805,6.224040339232753,111.6412079545199,0.4918852703805102
source_b_repair_fm_chronos2_m5_rohlik_100,m5_top_volume_100_20260714,M5,7,chronos2,FOODS_3_376_WI_2_validation,378,8991.0,3963.137084007263,10.484489640230855,49.79906810506039,0.44078935424393983
source_b_repair_fm_chronos2_m5_rohlik_100,m5_top_volume_100_20260714,M5,7,chronos2,FOODS_3_377_TX_2_validation,378,11838.0,2087.9753437042236,5.523744295513819,18.14509123694369,0.17637906265452133
source_b_repair_fm_chronos2_m5_rohlik_100,m5_top_volume_100_20260714,M5,7,chronos2,FOODS_3_377_TX_3_validation,378,15919.0,2902.7189960479736,7.6791507831956975,18.71441992772367,0.18234304893824824
source_b_repair_fm_chronos2_m5_rohlik_100,m5_top_volume_100_20260714,M5,7,chronos2,FOODS_3_412_WI_2_validation,378,7130.0,6138.2449588775635,16.23874327745387,142.7184957894498,0.8609039213012011
source_b_repair_fm_chronos2_m5_rohlik_100,m5_top_volume_100_20260714,M5,7,chronos2,FOODS_3_462_WI_2_validation,378,8298.0,3663.5607175827026,9.69195957032461,52.80431629435146,0.44149924289981957
source_b_repair_fm_chronos2_m5_rohlik_100,m5_top_volume_100_20260714,M5,7,chronos2,FOODS_3_501_CA_3_validation,378,4934.0,1858.5421628952026,4.916778208717467,64.49006983507508,0.3766806167197411
source_b_repair_fm_chronos2_m5_rohlik_100,m5_top_volume_100_20260714,M5,7,chronos2,FOODS_3_541_CA_3_validation,378,7136.0,3435.128189086914,9.087640711870144,111.73905529131993,0.481380071340655
source_b_repair_fm_chronos2_m5_rohlik_100,m5_top_volume_100_20260714,M5,7,chronos2,FOODS_3_547_WI_2_validation,378,6199.0,5654.425931930542,14.958798761721011,145.2477854143226,0.912151303747466
source_b_repair_fm_chronos2_m5_rohlik_100,m5_top_volume_100_20260714,M5,7,chronos2,FOODS_3_555_CA_1_validation,378,6830.0,1470.343002319336,3.8897963024321056,22.938331308511824,0.2152771599296246
source_b_repair_fm_chronos2_m5_rohlik_100,m5_top_volume_100_20260714,M5,7,chronos2,FOODS_3_555_CA_3_validation,378,11167.0,2178.356378555298,5.762847562315603,20.339463862511458,0.19507086760591905
source_b_repair_fm_chronos2_m5_rohlik_100,m5_top_volume_100_20260714,M5,7,chronos2,FOODS_3_555_TX_1_validation,378,9228.0,2052.8215980529785,5.430744968394123,23.2013040756401,0.22245574317869296
source_b_repair_fm_chronos2_m5_rohlik_100,m5_top_volume_100_20260714,M5,7,chronos2,FOODS_3_555_TX_2_validation,378,16845.0,3216.5992069244385,8.509521711440314,19.86384362565668,0.19095275790587346
source_b_repair_fm_chronos2_m5_rohlik_100,m5_top_volume_100_20260714,M5,7,chronos2,FOODS_3_555_TX_3_validation,378,12158.0,2891.263641357422,7.648845612056672,25.37909130401146,0.2378075046354188
source_b_repair_fm_chronos2_m5_rohlik_100,m5_top_volume_100_20260714,M5,7,chronos2,FOODS_3_555_WI_3_validation,378,8320.0,1987.6624774932861,5.258366342574831,24.8902510139069,0.23890174008332765
source_b_repair_fm_chronos2_m5_rohlik_100,m5_top_volume_100_20260714,M5,7,chronos2,FOODS_3_586_CA_1_validation,378,16440.0,2905.4032859802246,7.686252079312763,18.572519154540164,0.17672769379441755
source_b_repair_fm_chronos2_m5_rohlik_100,m5_top_volume_100_20260714,M5,7,chronos2,FOODS_3_586_CA_2_validation,378,14229.0,2609.3314876556396,6.902993353586348,21.09124002445017,0.1833812276095045
source_b_repair_fm_chronos2_m5_rohlik_100,m5_top_volume_100_20260714,M5,7,chronos2,FOODS_3_586_CA_3_validation,378,27702.0,3911.087715148926,10.34679289721938,14.540312561901047,0.14118430853905586
source_b_repair_fm_chronos2_m5_rohlik_100,m5_top_volume_100_20260714,M5,7,chronos2,FOODS_3_586_TX_1_validation,378,19685.0,3483.2638931274414,9.21498384425249,18.070652490485255,0.17695015967119337
source_b_repair_fm_chronos2_m5_rohlik_100,m5_top_volume_100_20260714,M5,7,chronos2,FOODS_3_586_TX_2_validation,378,34848.0,4921.198787689209,13.019044411876214,14.494239987381441,0.14121897347593002
source_b_repair_fm_chronos2_m5_rohlik_100,m5_top_volume_100_20260714,M5,7,chronos2,FOODS_3_586_TX_3_validation,378,27768.0,5009.887405395508,13.2536703846442,18.77204722412205,0.18041945424213152
source_b_repair_fm_chronos2_m5_rohlik_100,m5_top_volume_100_20260714,M5,7,chronos2,FOODS_3_586_WI_3_validation,378,12341.0,2405.7382469177246,6.364386896607737,20.70075463325548,0.19493867975996473
source_b_repair_fm_chronos2_m5_rohlik_100,m5_top_volume_100_20260714,M5,7,chronos2,FOODS_3_587_CA_1_validation,378,10362.0,2540.6506929397583,6.72129812947026,25.926843219372397,0.24518921954639628
source_b_repair_fm_chronos2_m5_rohlik_100,m5_top_volume_100_20260714,M5,7,chronos2,FOODS_3_587_CA_3_validation,378,12820.0,2734.832529067993,7.235006690656067,23.34785052971621,0.2133254702861149
source_b_repair_fm_chronos2_m5_rohlik_100,m5_top_volume_100_20260714,M5,7,chronos2,FOODS_3_587_TX_1_validation,378,10602.0,2756.3734378814697,7.29199322190865,30.225535344405074,0.25998617599334745
source_b_repair_fm_chronos2_m5_rohlik_100,m5_top_volume_100_20260714,M5,7,chronos2,FOODS_3_587_TX_2_validation,378,11359.0,2666.8206825256348,7.055081170702738,25.58597961767474,0.23477600867379478
source_b_repair_fm_chronos2_m5_rohlik_100,m5_top_volume_100_20260714,M5,7,chronos2,FOODS_3_587_TX_3_validation,378,11748.0,2747.5043573379517,7.268530045867597,23.94457118736496,0.23386996572505547
source_b_repair_fm_chronos2_m5_rohlik_100,m5_top_volume_100_20260714,M5,7,chronos2,FOODS_3_587_WI_3_validation,378,11072.0,2717.9794416427612,7.1904218032877285,31.757621835708417,0.24548224725819737
source_b_repair_fm_chronos2_m5_rohlik_100,m5_top_volume_100_20260714,M5,7,chronos2,FOODS_3_607_CA_3_validation,378,7937.0,2978.7320623397827,7.8802435511634465,44.41228481113374,0.37529697144258317
source_b_repair_fm_chronos2_m5_rohlik_100,m5_top_volume_100_20260714,M5,7,chronos2,FOODS_3_635_CA_3_validation,378,6861.0,3227.6583366394043,8.538778668358212,105.52240730478555,0.47043555409406856
source_b_repair_fm_chronos2_m5_rohlik_100,m5_top_volume_100_20260714,M5,7,chronos2,FOODS_3_681_CA_3_validation,378,14755.0,5519.1017026901245,14.60079815526488,41.069584766092426,0.3740495901518214
source_b_repair_fm_chronos2_m5_rohlik_100,m5_top_volume_100_20260714,M5,7,chronos2,FOODS_3_681_WI_3_validation,378,12789.0,4215.996367454529,11.1534295435305,40.95255378197648,0.3296580160649409
source_b_repair_fm_chronos2_m5_rohlik_100,m5_top_volume_100_20260714,M5,7,chronos2,FOODS_3_694_CA_3_validation,378,6591.0,1528.818260192871,4.044492751832992,23.953501973082282,0.2319554331957019
source_b_repair_fm_chronos2_m5_rohlik_100,m5_top_volume_100_20260714,M5,7,chronos2,FOODS_3_694_TX_1_validation,378,6424.0,1645.195408821106,4.3523688064050425,27.041108852050087,0.25610140236941253
source_b_repair_fm_chronos2_m5_rohlik_100,m5_top_volume_100_20260714,M5,7,chronos2,FOODS_3_694_WI_1_validation,378,7117.0,1527.2805213928223,4.040424659769371,22.47023888522546,0.2145961109165129
source_b_repair_fm_chronos2_m5_rohlik_100,m5_top_volume_100_20260714,M5,7,chronos2,FOODS_3_694_WI_2_validation,378,11714.0,2178.899362564087,5.76428402794732,19.31645342370326,0.186008140905249
source_b_repair_fm_chronos2_m5_rohlik_100,m5_top_volume_100_20260714,M5,7,chronos2,FOODS_3_694_WI_3_validation,378,16615.0,2927.548349380493,7.744836903122998,18.22783660413247,0.17619911822934053
source_b_repair_fm_chronos2_m5_rohlik_100,m5_top_volume_100_20260714,M5,7,chronos2,FOODS_3_711_CA_3_validation,378,5232.0,3284.2183923721313,8.68840844542892,92.09565555222017,0.6277175826399334
source_b_repair_fm_chronos2_m5_rohlik_100,m5_top_volume_100_20260714,M5,7,chronos2,FOODS_3_711_WI_2_validation,378,7949.0,6662.819388389587,17.62650631849097,125.8286170783272,0.8381959225549864
source_b_repair_fm_chronos2_m5_rohlik_100,m5_top_volume_100_20260714,M5,7,chronos2,FOODS_3_714_CA_1_validation,378,8737.0,2043.6631727218628,5.406516329952018,25.619104410223986,0.23390902743754868
source_b_repair_fm_chronos2_m5_rohlik_100,m5_top_volume_100_20260714,M5,7,chronos2,FOODS_3_714_CA_3_validation,378,11479.0,2457.508674621582,6.5013457000570956,22.624061313279135,0.2140873486036747
source_b_repair_fm_chronos2_m5_rohlik_100,m5_top_volume_100_20260714,M5,7,chronos2,FOODS_3_714_TX_1_validation,378,5659.0,1795.903151512146,4.751066538391921,33.47104552641661,0.31735344610569816
source_b_repair_fm_chronos2_m5_rohlik_100,m5_top_volume_100_20260714,M5,7,chronos2,FOODS_3_714_TX_2_validation,378,8856.0,2179.7159566879272,5.766444329862241,25.817961970448017,0.24612872139655909
source_b_repair_fm_chronos2_m5_rohlik_100,m5_top_volume_100_20260714,M5,7,chronos2,FOODS_3_714_TX_3_validation,378,6863.0,2325.820662498474,6.152964715604429,36.322101581454,0.33889270909201136
source_b_repair_fm_chronos2_m5_rohlik_100,m5_top_volume_100_20260714,M5,7,chronos2,FOODS_3_714_WI_3_validation,378,8435.0,2199.420531272888,5.81857283405526,27.33562600075803,0.26074932202405315
source_b_repair_fm_chronos2_m5_rohlik_100,m5_top_volume_100_20260714,M5,7,chronos2,FOODS_3_723_CA_3_validation,378,8460.0,3183.8536653518677,8.42289329458166,63.46735079324699,0.3763420408217338
source_b_repair_fm_chronos2_m5_rohlik_100,m5_top_volume_100_20260714,M5,7,chronos2,FOODS_3_723_WI_3_validation,378,8049.0,2847.013319015503,7.53178126723678,62.394394102436515,0.35371018996341197
source_b_repair_fm_chronos2_m5_rohlik_100,m5_top_volume_100_20260714,M5,7,chronos2,FOODS_3_752_CA_3_validation,378,6697.0,4192.23473739624,11.090568088349842,66.57291020238782,0.6259869698964073
source_b_repair_fm_chronos2_m5_rohlik_100,m5_top_volume_100_20260714,M5,7,chronos2,FOODS_3_804_CA_3_validation,378,8100.0,3584.508436203003,9.482826550801596,57.2048064352979,0.4425319057040744
source_b_repair_fm_chronos2_m5_rohlik_100,m5_top_volume_100_20260714,M5,7,chronos2,FOODS_3_808_CA_1_validation,378,2395.0,1704.1612567901611,4.508363113201485,142.97724869869242,0.7115495852986059
source_b_repair_fm_chronos2_m5_rohlik_100,m5_top_volume_100_20260714,M5,7,chronos2,FOODS_3_808_CA_3_validation,378,8869.0,3894.166555404663,10.302027924350961,104.05681483133664,0.43907617041432667
source_b_repair_fm_chronos2_m5_rohlik_100,m5_top_volume_100_20260714,M5,7,chronos2,HOUSEHOLD_1_118_CA_3_validation,378,7935.0,2400.8408937454224,6.3514309358344505,32.20502163091792,0.3025634396654597
source_b_repair_fm_chronos2_m5_rohlik_100,m5_top_volume_100_20260714,M5,7,chronos2,HOUSEHOLD_1_334_CA_3_validation,378,7215.0,2570.4595642089844,6.800157577272445,40.11012356993939,0.3562660518654171
source_b_repair_fm_chronos2_m5_rohlik_100,m5_top_volume_100_20260714,M5,7,chronos2,HOUSEHOLD_1_459_CA_3_validation,378,8248.0,2773.196656227112,7.336499090547915,35.682990865247405,0.3362265587084277
source_b_repair_fm_chronos2_m5_rohlik_100,m5_top_volume_100_20260714,M5,14,chronos2,FOODS_1_218_TX_2_validation,378,5582.0,2261.361452102661,5.982437703975294,45.98735809446675,0.4051167058585921
source_b_repair_fm_chronos2_m5_rohlik_100,m5_top_volume_100_20260714,M5,14,chronos2,FOODS_2_197_CA_1_validation,378,6349.0,2098.9389686584473,5.552748594334517,36.664495551947994,0.3305936318567408
source_b_repair_fm_chronos2_m5_rohlik_100,m5_top_volume_100_20260714,M5,14,chronos2,FOODS_2_197_CA_3_validation,378,5223.0,1456.8358507156372,3.8540630971313155,30.231274689089844,0.27892702483546566
source_b_repair_fm_chronos2_m5_rohlik_100,m5_top_volume_100_20260714,M5,14,chronos2,FOODS_2_276_CA_3_validation,378,3143.0,1382.0197830200195,3.656136992116454,48.046967734124365,0.43971358034362695
source_b_repair_fm_chronos2_m5_rohlik_100,m5_top_volume_100_20260714,M5,14,chronos2,FOODS_2_360_CA_3_validation,378,4857.0,2293.3173246383667,6.066977049307848,80.77946903157034,0.47216745411537303
source_b_repair_fm_chronos2_m5_rohlik_100,m5_top_volume_100_20260714,M5,14,chronos2,FOODS_2_360_TX_3_validation,378,3979.0,1926.3667345046997,5.096208292340475,102.21268939482182,0.4841333838916059
source_b_repair_fm_chronos2_m5_rohlik_100,m5_top_volume_100_20260714,M5,14,chronos2,FOODS_2_360_WI_2_validation,378,10631.0,4870.793133735657,12.885696120993801,108.13331700558703,0.45816885840801963
source_b_repair_fm_chronos2_m5_rohlik_100,m5_top_volume_100_20260714,M5,14,chronos2,FOODS_3_007_WI_2_validation,378,8464.0,7108.566007614136,18.805730178873375,139.31793291558128,0.8398589328466607
source_b_repair_fm_chronos2_m5_rohlik_100,m5_top_volume_100_20260714,M5,14,chronos2,FOODS_3_030_TX_2_validation,378,5036.0,1712.9406023025513,4.5315888949802945,80.5924599664662,0.34013911880511344
source_b_repair_fm_chronos2_m5_rohlik_100,m5_top_volume_100_20260714,M5,14,chronos2,FOODS_3_030_TX_3_validation,378,5820.0,2033.0731887817383,5.3785004994225885,82.26233864400653,0.3493252901686836
source_b_repair_fm_chronos2_m5_rohlik_100,m5_top_volume_100_20260714,M5,14,chronos2,FOODS_3_080_CA_1_validation,378,6869.0,1907.4345445632935,5.0461231337653265,28.325111792377594,0.2776873700048469
source_b_repair_fm_chronos2_m5_rohlik_100,m5_top_volume_100_20260714,M5,14,chronos2,FOODS_3_080_TX_2_validation,378,6590.0,1451.6311492919922,3.840294045746011,22.94819174158403,0.2202778678743539
source_b_repair_fm_chronos2_m5_rohlik_100,m5_top_volume_100_20260714,M5,14,chronos2,FOODS_3_090_CA_1_validation,378,18773.0,5468.498760223389,14.466927937098912,57.310992595187685,0.29129594418704463
source_b_repair_fm_chronos2_m5_rohlik_100,m5_top_volume_100_20260714,M5,14,chronos2,FOODS_3_090_CA_2_validation,378,14152.0,4561.731556892395,12.068072901831734,60.86898712449914,0.3223382954276707
source_b_repair_fm_chronos2_m5_rohlik_100,m5_top_volume_100_20260714,M5,14,chronos2,FOODS_3_090_CA_3_validation,378,36819.0,9876.256172180176,26.127661831164485,47.81628560544042,0.26823803395475637
source_b_repair_fm_chronos2_m5_rohlik_100,m5_top_volume_100_20260714,M5,14,chronos2,FOODS_3_090_CA_4_validation,378,9660.0,3122.9278707504272,8.2617139437842,57.9668323658498,0.3232844586698165
source_b_repair_fm_chronos2_m5_rohlik_100,m5_top_volume_100_20260714,M5,14,chronos2,FOODS_3_090_TX_1_validation,378,16993.0,4299.877935409546,11.375338453464407,54.56307356019621,0.2530381883957833
source_b_repair_fm_chronos2_m5_rohlik_100,m5_top_volume_100_20260714,M5,14,chronos2,FOODS_3_090_TX_2_validation,378,19339.0,5814.592155456543,15.382518929779215,56.03308106892039,0.30066664023251166
source_b_repair_fm_chronos2_m5_rohlik_100,m5_top_volume_100_20260714,M5,14,chronos2,FOODS_3_090_TX_3_validation,378,21770.0,6328.17223739624,16.741196395228148,54.475753603986,0.29068315284318974
source_b_repair_fm_chronos2_m5_rohlik_100,m5_top_volume_100_20260714,M5,14,chronos2,FOODS_3_090_WI_3_validation,378,23889.0,6523.287212371826,17.257373577703245,54.98192824220318,0.27306656671990565
source_b_repair_fm_chronos2_m5_rohlik_100,m5_top_volume_100_20260714,M5,14,chronos2,FOODS_3_099_TX_2_validation,378,5210.0,1868.7499322891235,4.943782889653766,78.11502742539156,0.35868520773303714
source_b_repair_fm_chronos2_m5_rohlik_100,m5_top_volume_100_20260714,M5,14,chronos2,FOODS_3_120_CA_1_validation,378,15279.0,6938.134740829468,18.35485381171817,67.78842916420176,0.4540961280731375
source_b_repair_fm_chronos2_m5_rohlik_100,m5_top_volume_100_20260714,M5,14,chronos2,FOODS_3_120_CA_3_validation,378,31365.0,8334.145648956299,22.048004362318252,34.933663414709486,0.26571483019149683
source_b_repair_fm_chronos2_m5_rohlik_100,m5_top_volume_100_20260714,M5,14,chronos2,FOODS_3_120_WI_3_validation,378,12400.0,4673.924209594727,12.36487886136171,47.09481814178091,0.3769293717415102
source_b_repair_fm_chronos2_m5_rohlik_100,m5_top_volume_100_20260714,M5,14,chronos2,FOODS_3_202_CA_3_validation,378,7882.0,2929.3590660095215,7.749627158755348,58.66866978466484,0.3716517465122458
source_b_repair_fm_chronos2_m5_rohlik_100,m5_top_volume_100_20260714,M5,14,chronos2,FOODS_3_202_TX_1_validation,378,8044.0,3189.7949504852295,8.438610980119655,70.05438809254964,0.39654338021944674
source_b_repair_fm_chronos2_m5_rohlik_100,m5_top_volume_100_20260714,M5,14,chronos2,FOODS_3_202_TX_2_validation,378,7798.0,3977.6588621139526,10.522907042629503,77.57325686074856,0.5100870559263853
source_b_repair_fm_chronos2_m5_rohlik_100,m5_top_volume_100_20260714,M5,14,chronos2,FOODS_3_202_TX_3_validation,378,9826.0,3301.1345720291138,8.733160243463264,66.18489694851799,0.3359591463493908
source_b_repair_fm_chronos2_m5_rohlik_100,m5_top_volume_100_20260714,M5,14,chronos2,FOODS_3_226_WI_1_validation,378,14808.0,2333.2100009918213,6.172513230137094,16.247161151107278,0.15756415457805384
source_b_repair_fm_chronos2_m5_rohlik_100,m5_top_volume_100_20260714,M5,14,chronos2,FOODS_3_226_WI_2_validation,378,14519.0,2912.842119216919,7.705931532319892,21.629560507541516,0.20062277837433148
source_b_repair_fm_chronos2_m5_rohlik_100,m5_top_volume_100_20260714,M5,14,chronos2,FOODS_3_226_WI_3_validation,378,18132.0,3102.811122894287,8.20849503411187,17.347833141206717,0.17112349012212041
source_b_repair_fm_chronos2_m5_rohlik_100,m5_top_volume_100_20260714,M5,14,chronos2,FOODS_3_234_CA_3_validation,378,7146.0,4277.4041566848755,11.31588401239385,65.71040568045423,0.5985732097236042
source_b_repair_fm_chronos2_m5_rohlik_100,m5_top_volume_100_20260714,M5,14,chronos2,FOODS_3_234_WI_2_validation,378,8932.0,8464.846687316895,22.39377430507115,157.41873381800994,0.947698912597055
source_b_repair_fm_chronos2_m5_rohlik_100,m5_top_volume_100_20260714,M5,14,chronos2,FOODS_3_234_WI_3_validation,378,7749.0,4703.701160430908,12.44365386357383,81.54322571825368,0.6070075055401869
source_b_repair_fm_chronos2_m5_rohlik_100,m5_top_volume_100_20260714,M5,14,chronos2,FOODS_3_252_CA_1_validation,378,14668.0,2844.105453491211,7.5240885012995,20.6976555492662,0.1938986537695126
source_b_repair_fm_chronos2_m5_rohlik_100,m5_top_volume_100_20260714,M5,14,chronos2,FOODS_3_252_CA_2_validation,378,14731.0,3187.8978033065796,8.433592072239628,24.70130189478769,0.21640742673997554
source_b_repair_fm_chronos2_m5_rohlik_100,m5_top_volume_100_20260714,M5,14,chronos2,FOODS_3_252_CA_3_validation,378,17274.0,3624.6527919769287,9.589028550203516,21.281481780646804,0.2098328581670099
source_b_repair_fm_chronos2_m5_rohlik_100,m5_top_volume_100_20260714,M5,14,chronos2,FOODS_3_252_TX_1_validation,378,11801.0,3176.817226409912,8.404278376745799,28.74920213527731,0.2691989853749608
source_b_repair_fm_chronos2_m5_rohlik_100,m5_top_volume_100_20260714,M5,14,chronos2,FOODS_3_252_TX_2_validation,378,21934.0,4520.272348403931,11.958392456095055,20.8751147986553,0.20608518046885796
source_b_repair_fm_chronos2_m5_rohlik_100,m5_top_volume_100_20260714,M5,14,chronos2,FOODS_3_252_TX_3_validation,378,17754.0,4242.278070449829,11.222957858332881,25.356133393822805,0.23894773405710426
source_b_repair_fm_chronos2_m5_rohlik_100,m5_top_volume_100_20260714,M5,14,chronos2,FOODS_3_252_WI_3_validation,378,6826.0,2203.150029182434,5.82843923064136,33.434301158631776,0.32275857444805656
source_b_repair_fm_chronos2_m5_rohlik_100,m5_top_volume_100_20260714,M5,14,chronos2,FOODS_3_281_CA_3_validation,378,3821.0,1887.3019914627075,4.992862411277004,85.67676636944472,0.49392881221217155
source_b_repair_fm_chronos2_m5_rohlik_100,m5_top_volume_100_20260714,M5,14,chronos2,FOODS_3_282_CA_3_validation,378,13394.0,3921.9298582077026,10.375475815364293,41.603793726970686,0.2928124427510604
source_b_repair_fm_chronos2_m5_rohlik_100,m5_top_volume_100_20260714,M5,14,chronos2,FOODS_3_288_CA_3_validation,378,12500.0,3852.843421936035,10.192707465439247,45.91147976261172,0.3082274737548828
source_b_repair_fm_chronos2_m5_rohlik_100,m5_top_volume_100_20260714,M5,14,chronos2,FOODS_3_318_CA_3_validation,378,5296.0,2751.4399070739746,7.278941553105753,106.70945118943824,0.5195317045079257
source_b_repair_fm_chronos2_m5_rohlik_100,m5_top_volume_100_20260714,M5,14,chronos2,FOODS_3_318_WI_3_validation,378,5628.0,2741.3453874588013,7.252236474758734,102.76009143412257,0.4870905094987209
source_b_repair_fm_chronos2_m5_rohlik_100,m5_top_volume_100_20260714,M5,14,chronos2,FOODS_3_319_CA_3_validation,378,4783.0,2627.2683534622192,6.950445379529681,116.43749031230361,0.5492929862977669
source_b_repair_fm_chronos2_m5_rohlik_100,m5_top_volume_100_20260714,M5,14,chronos2,FOODS_3_376_WI_2_validation,378,8991.0,4318.71467590332,11.425171100273333,54.82021814167336,0.48033752373521527
source_b_repair_fm_chronos2_m5_rohlik_100,m5_top_volume_100_20260714,M5,14,chronos2,FOODS_3_377_TX_2_validation,378,11838.0,2138.4716358184814,5.657332369890162,18.59246909418309,0.1806446727334416
source_b_repair_fm_chronos2_m5_rohlik_100,m5_top_volume_100_20260714,M5,14,chronos2,FOODS_3_377_TX_3_validation,378,15919.0,2934.7148838043213,7.763795988900321,18.879203731762235,0.18435296713388538
source_b_repair_fm_chronos2_m5_rohlik_100,m5_top_volume_100_20260714,M5,14,chronos2,FOODS_3_412_WI_2_validation,378,7130.0,6332.067563056946,16.75150148956864,144.46449730876907,0.8880880172590386
source_b_repair_fm_chronos2_m5_rohlik_100,m5_top_volume_100_20260714,M5,14,chronos2,FOODS_3_462_WI_2_validation,378,8298.0,3986.661388397217,10.546723249728087,57.199266944485395,0.4804364170158131
source_b_repair_fm_chronos2_m5_rohlik_100,m5_top_volume_100_20260714,M5,14,chronos2,FOODS_3_501_CA_3_validation,378,4934.0,1900.5493631362915,5.027908368085427,65.02117404886259,0.38519443922502866
source_b_repair_fm_chronos2_m5_rohlik_100,m5_top_volume_100_20260714,M5,14,chronos2,FOODS_3_541_CA_3_validation,378,7136.0,3744.4470615386963,9.905944607245228,115.2615143968911,0.5247263258882702
source_b_repair_fm_chronos2_m5_rohlik_100,m5_top_volume_100_20260714,M5,14,chronos2,FOODS_3_547_WI_2_validation,378,6199.0,6505.398518562317,17.2100489909056,150.89852841323508,1.049427088008117
source_b_repair_fm_chronos2_m5_rohlik_100,m5_top_volume_100_20260714,M5,14,chronos2,FOODS_3_555_CA_1_validation,378,6830.0,1501.6752071380615,3.9726857331694747,23.461525754542333,0.21986459840967226
source_b_repair_fm_chronos2_m5_rohlik_100,m5_top_volume_100_20260714,M5,14,chronos2,FOODS_3_555_CA_3_validation,378,11167.0,2180.439224243164,5.7683577360930265,20.348549481338157,0.1952573855326555
source_b_repair_fm_chronos2_m5_rohlik_100,m5_top_volume_100_20260714,M5,14,chronos2,FOODS_3_555_TX_1_validation,378,9228.0,2112.892101287842,5.589661643618629,23.898729875904507,0.22896533390635476
source_b_repair_fm_chronos2_m5_rohlik_100,m5_top_volume_100_20260714,M5,14,chronos2,FOODS_3_555_TX_2_validation,378,16845.0,3228.8917751312256,8.54204173315139,19.944572859023072,0.19168250371808998
source_b_repair_fm_chronos2_m5_rohlik_100,m5_top_volume_100_20260714,M5,14,chronos2,FOODS_3_555_TX_3_validation,378,12158.0,2911.0568828582764,7.701208684810255,25.543920742660703,0.23943550607487057
source_b_repair_fm_chronos2_m5_rohlik_100,m5_top_volume_100_20260714,M5,14,chronos2,FOODS_3_555_WI_3_validation,378,8320.0,2015.5283060073853,5.332085465628003,25.21795378258207,0.24225099831819535
source_b_repair_fm_chronos2_m5_rohlik_100,m5_top_volume_100_20260714,M5,14,chronos2,FOODS_3_586_CA_1_validation,378,16440.0,3002.4708309173584,7.943044526236398,19.150937591879575,0.18263204567623834
source_b_repair_fm_chronos2_m5_rohlik_100,m5_top_volume_100_20260714,M5,14,chronos2,FOODS_3_586_CA_2_validation,378,14229.0,2663.0511169433594,7.045108774982432,21.902500593667277,0.18715658984773065
source_b_repair_fm_chronos2_m5_rohlik_100,m5_top_volume_100_20260714,M5,14,chronos2,FOODS_3_586_CA_3_validation,378,27702.0,3930.081356048584,10.397040624467154,14.682320377436145,0.14186995004146213
source_b_repair_fm_chronos2_m5_rohlik_100,m5_top_volume_100_20260714,M5,14,chronos2,FOODS_3_586_TX_1_validation,378,19685.0,3581.3521461486816,9.474476577112915,18.566891422825552,0.1819330528904588
source_b_repair_fm_chronos2_m5_rohlik_100,m5_top_volume_100_20260714,M5,14,chronos2,FOODS_3_586_TX_2_validation,378,34848.0,5109.778938293457,13.51793369918904,15.031654416544562,0.14663047917508773
source_b_repair_fm_chronos2_m5_rohlik_100,m5_top_volume_100_20260714,M5,14,chronos2,FOODS_3_586_TX_3_validation,378,27768.0,5231.612087249756,13.840243617062846,19.550187613986477,0.18840435347341386
source_b_repair_fm_chronos2_m5_rohlik_100,m5_top_volume_100_20260714,M5,14,chronos2,FOODS_3_586_WI_3_validation,378,12341.0,2447.048538208008,6.473673381502667,20.966894077719502,0.1982860820199342
source_b_repair_fm_chronos2_m5_rohlik_100,m5_top_volume_100_20260714,M5,14,chronos2,FOODS_3_587_CA_1_validation,378,10362.0,2558.721841812134,6.769105401619401,26.01514119100094,0.24693320225942228
source_b_repair_fm_chronos2_m5_rohlik_100,m5_top_volume_100_20260714,M5,14,chronos2,FOODS_3_587_CA_3_validation,378,12820.0,2898.9495677948,7.669178750779894,24.81070382007631,0.22612711137244929
source_b_repair_fm_chronos2_m5_rohlik_100,m5_top_volume_100_20260714,M5,14,chronos2,FOODS_3_587_TX_1_validation,378,10602.0,2905.1451139450073,7.685569084510601,30.078718064280547,0.27401859214723706
source_b_repair_fm_chronos2_m5_rohlik_100,m5_top_volume_100_20260714,M5,14,chronos2,FOODS_3_587_TX_2_validation,378,11359.0,2875.901604652405,7.60820530331324,27.45488522465913,0.25318263972642
source_b_repair_fm_chronos2_m5_rohlik_100,m5_top_volume_100_20260714,M5,14,chronos2,FOODS_3_587_TX_3_validation,378,11748.0,2908.4874935150146,7.69441135850533,25.245108321849496,0.24757299059542173
source_b_repair_fm_chronos2_m5_rohlik_100,m5_top_volume_100_20260714,M5,14,chronos2,FOODS_3_587_WI_3_validation,378,11072.0,3194.0133666992188,8.449770811373595,34.93406110853735,0.2884766407784699
source_b_repair_fm_chronos2_m5_rohlik_100,m5_top_volume_100_20260714,M5,14,chronos2,FOODS_3_607_CA_3_validation,378,7937.0,3098.602840423584,8.197362011702603,44.904765417963695,0.39039975310867886
source_b_repair_fm_chronos2_m5_rohlik_100,m5_top_volume_100_20260714,M5,14,chronos2,FOODS_3_635_CA_3_validation,378,6861.0,3583.476797103882,9.480097346835667,111.08381883902535,0.5222965744212041
source_b_repair_fm_chronos2_m5_rohlik_100,m5_top_volume_100_20260714,M5,14,chronos2,FOODS_3_681_CA_3_validation,378,14755.0,6098.907809257507,16.13467674406748,44.320754216732745,0.4133451582011188
source_b_repair_fm_chronos2_m5_rohlik_100,m5_top_volume_100_20260714,M5,14,chronos2,FOODS_3_681_WI_3_validation,378,12789.0,4256.305924415588,11.260068583110023,41.56106845556901,0.33280990886039474
source_b_repair_fm_chronos2_m5_rohlik_100,m5_top_volume_100_20260714,M5,14,chronos2,FOODS_3_694_CA_3_validation,378,6591.0,1527.4919109344482,4.040983891360974,23.967959629523577,0.231754196773547
source_b_repair_fm_chronos2_m5_rohlik_100,m5_top_volume_100_20260714,M5,14,chronos2,FOODS_3_694_TX_1_validation,378,6424.0,1687.5658359527588,4.464459883472907,27.60338467448865,0.2626970479378516
source_b_repair_fm_chronos2_m5_rohlik_100,m5_top_volume_100_20260714,M5,14,chronos2,FOODS_3_694_WI_1_validation,378,7117.0,1549.930061340332,4.100344077619926,22.78937811052517,0.21777856700018716
source_b_repair_fm_chronos2_m5_rohlik_100,m5_top_volume_100_20260714,M5,14,chronos2,FOODS_3_694_WI_2_validation,378,11714.0,2190.9390354156494,5.796135014327115,19.46291775757605,0.1870359429243341
source_b_repair_fm_chronos2_m5_rohlik_100,m5_top_volume_100_20260714,M5,14,chronos2,FOODS_3_694_WI_3_validation,378,16615.0,2956.503620147705,7.821438148538903,18.404449295131933,0.17794183690326243
source_b_repair_fm_chronos2_m5_rohlik_100,m5_top_volume_100_20260714,M5,14,chronos2,FOODS_3_711_CA_3_validation,378,5232.0,3326.7230281829834,8.800854571912655,91.63081264930044,0.6358415573744234
source_b_repair_fm_chronos2_m5_rohlik_100,m5_top_volume_100_20260714,M5,14,chronos2,FOODS_3_711_WI_2_validation,378,7949.0,6868.496636390686,18.17062602219758,127.12743033024067,0.8640705291723092
source_b_repair_fm_chronos2_m5_rohlik_100,m5_top_volume_100_20260714,M5,14,chronos2,FOODS_3_714_CA_1_validation,378,8737.0,2045.6619482040405,5.411804095777885,25.692737802259785,0.23413779881012253
source_b_repair_fm_chronos2_m5_rohlik_100,m5_top_volume_100_20260714,M5,14,chronos2,FOODS_3_714_CA_3_validation,378,11479.0,2467.6783714294434,6.528249659866252,22.746055368366573,0.21497328786736156
source_b_repair_fm_chronos2_m5_rohlik_100,m5_top_volume_100_20260714,M5,14,chronos2,FOODS_3_714_TX_1_validation,378,5659.0,1851.990556716919,4.899445917240526,34.92488494502688,0.32726463274729084
source_b_repair_fm_chronos2_m5_rohlik_100,m5_top_volume_100_20260714,M5,14,chronos2,FOODS_3_714_TX_2_validation,378,8856.0,2211.8890705108643,5.851558387594879,26.242005352081506,0.24976163849490338
source_b_repair_fm_chronos2_m5_rohlik_100,m5_top_volume_100_20260714,M5,14,chronos2,FOODS_3_714_TX_3_validation,378,6863.0,2380.417770385742,6.29740150895699,37.19840554847797,0.3468479921879269
source_b_repair_fm_chronos2_m5_rohlik_100,m5_top_volume_100_20260714,M5,14,chronos2,FOODS_3_714_WI_3_validation,378,8435.0,2200.0775785446167,5.820311054350838,27.401211842429724,0.26082721737339853
source_b_repair_fm_chronos2_m5_rohlik_100,m5_top_volume_100_20260714,M5,14,chronos2,FOODS_3_723_CA_3_validation,378,8460.0,3347.890916824341,8.85685427731307,64.36910604908637,0.3957317868586691
source_b_repair_fm_chronos2_m5_rohlik_100,m5_top_volume_100_20260714,M5,14,chronos2,FOODS_3_723_WI_3_validation,378,8049.0,2926.10232257843,7.7410114353926724,62.605394148471575,0.3635361315167636
source_b_repair_fm_chronos2_m5_rohlik_100,m5_top_volume_100_20260714,M5,14,chronos2,FOODS_3_752_CA_3_validation,378,6697.0,4181.532503128052,11.06225529928056,66.66935432280141,0.6243889059471482
source_b_repair_fm_chronos2_m5_rohlik_100,m5_top_volume_100_20260714,M5,14,chronos2,FOODS_3_804_CA_3_validation,378,8100.0,3504.540654182434,9.271271571911202,54.196070386257524,0.4326593400225227
source_b_repair_fm_chronos2_m5_rohlik_100,m5_top_volume_100_20260714,M5,14,chronos2,FOODS_3_808_CA_1_validation,378,2395.0,1992.776258468628,5.2718948636736185,145.33618345920604,0.8320568928887799
source_b_repair_fm_chronos2_m5_rohlik_100,m5_top_volume_100_20260714,M5,14,chronos2,FOODS_3_808_CA_3_validation,378,8869.0,4599.02134513855,12.16672313528717,109.87575558573491,0.5185501573050569
source_b_repair_fm_chronos2_m5_rohlik_100,m5_top_volume_100_20260714,M5,14,chronos2,HOUSEHOLD_1_118_CA_3_validation,378,7935.0,2360.0740060806274,6.243582026668326,31.638130529708597,0.2974258356749373
source_b_repair_fm_chronos2_m5_rohlik_100,m5_top_volume_100_20260714,M5,14,chronos2,HOUSEHOLD_1_334_CA_3_validation,378,7215.0,2569.3473930358887,6.797215325491769,40.560644866723536,0.356111904786679
source_b_repair_fm_chronos2_m5_rohlik_100,m5_top_volume_100_20260714,M5,14,chronos2,HOUSEHOLD_1_459_CA_3_validation,378,8248.0,2780.9326677322388,7.356964729450367,35.89571182150461,0.33716448444862257
source_b_repair_fm_chronos2_m5_rohlik_100,m5_top_volume_100_20260714,M5,28,chronos2,FOODS_1_218_TX_2_validation,364,5401.0,2301.895383834839,6.323888417128678,47.84634288391743,0.4261979973773077
source_b_repair_fm_chronos2_m5_rohlik_100,m5_top_volume_100_20260714,M5,28,chronos2,FOODS_2_197_CA_1_validation,364,6045.0,2003.1609582901,5.503189445851923,36.58054288969814,0.33137484835237385
source_b_repair_fm_chronos2_m5_rohlik_100,m5_top_volume_100_20260714,M5,28,chronos2,FOODS_2_197_CA_3_validation,364,5076.0,1411.4534244537354,3.8776192979498223,30.226037661133613,0.2780641104124774
source_b_repair_fm_chronos2_m5_rohlik_100,m5_top_volume_100_20260714,M5,28,chronos2,FOODS_2_276_CA_3_validation,364,3023.0,1384.5428886413574,3.803689254509224,49.93579938801683,0.4580029403378622
source_b_repair_fm_chronos2_m5_rohlik_100,m5_top_volume_100_20260714,M5,28,chronos2,FOODS_2_360_CA_3_validation,364,4556.0,2606.8494634628296,7.161674350172609,91.03202515042865,0.572179425694212
source_b_repair_fm_chronos2_m5_rohlik_100,m5_top_volume_100_20260714,M5,28,chronos2,FOODS_2_360_TX_3_validation,364,3695.0,1981.4221725463867,5.443467506995568,103.10437706382811,0.5362441603643807
source_b_repair_fm_chronos2_m5_rohlik_100,m5_top_volume_100_20260714,M5,28,chronos2,FOODS_2_360_WI_2_validation,364,9519.0,5142.19734287262,14.126915777122582,111.31713423318928,0.5402035237811346
source_b_repair_fm_chronos2_m5_rohlik_100,m5_top_volume_100_20260714,M5,28,chronos2,FOODS_3_007_WI_2_validation,364,7734.0,6823.457505226135,18.745762376994875,143.62159346935817,0.88226758536671
source_b_repair_fm_chronos2_m5_rohlik_100,m5_top_volume_100_20260714,M5,28,chronos2,FOODS_3_030_TX_2_validation,364,4773.0,2069.4553298950195,5.685316840370933,89.07437351410094,0.43357538862246375
source_b_repair_fm_chronos2_m5_rohlik_100,m5_top_volume_100_20260714,M5,28,chronos2,FOODS_3_030_TX_3_validation,364,5556.0,2524.5966205596924,6.935705001537617,91.60463544521191,0.4543910404175112
source_b_repair_fm_chronos2_m5_rohlik_100,m5_top_volume_100_20260714,M5,28,chronos2,FOODS_3_080_CA_1_validation,364,6633.0,1854.9230499267578,5.09594244485373,28.521394810042484,0.27965069349114396
source_b_repair_fm_chronos2_m5_rohlik_100,m5_top_volume_100_20260714,M5,28,chronos2,FOODS_3_080_TX_2_validation,364,6351.0,1437.0319843292236,3.9478900668385264,23.54274456583976,0.22626861664764977
source_b_repair_fm_chronos2_m5_rohlik_100,m5_top_volume_100_20260714,M5,28,chronos2,FOODS_3_090_CA_1_validation,364,18027.0,6644.573356628418,18.25432240831983,62.21594512142714,0.3685900791384267
source_b_repair_fm_chronos2_m5_rohlik_100,m5_top_volume_100_20260714,M5,28,chronos2,FOODS_3_090_CA_2_validation,364,13416.0,5577.461036682129,15.322695155720135,66.45524489541208,0.41573203910868584
source_b_repair_fm_chronos2_m5_rohlik_100,m5_top_volume_100_20260714,M5,28,chronos2,FOODS_3_090_CA_3_validation,364,35186.0,12829.172058105469,35.24497818160843,55.544389456043774,0.3646101306799713
source_b_repair_fm_chronos2_m5_rohlik_100,m5_top_volume_100_20260714,M5,28,chronos2,FOODS_3_090_CA_4_validation,364,9265.0,3935.4980087280273,10.81180771628579,65.86018069864663,0.42477042727771475
source_b_repair_fm_chronos2_m5_rohlik_100,m5_top_volume_100_20260714,M5,28,chronos2,FOODS_3_090_TX_1_validation,364,16266.0,5283.394145965576,14.514819082323012,57.303144438068735,0.32481213242134366
source_b_repair_fm_chronos2_m5_rohlik_100,m5_top_volume_100_20260714,M5,28,chronos2,FOODS_3_090_TX_2_validation,364,18445.0,6535.126695632935,17.953644768222347,56.63075996296358,0.3543034261660577
source_b_repair_fm_chronos2_m5_rohlik_100,m5_top_volume_100_20260714,M5,28,chronos2,FOODS_3_090_TX_3_validation,364,20844.0,7650.930902481079,21.019040940882086,59.922382996062,0.36705675026295714
source_b_repair_fm_chronos2_m5_rohlik_100,m5_top_volume_100_20260714,M5,28,chronos2,FOODS_3_090_WI_3_validation,364,22744.0,7473.483226776123,20.53154732630803,58.314509717349324,0.3285914186939906
source_b_repair_fm_chronos2_m5_rohlik_100,m5_top_volume_100_20260714,M5,28,chronos2,FOODS_3_099_TX_2_validation,364,4993.0,2121.0044555664062,5.826935317490127,81.73768444285065,0.42479560496022556
source_b_repair_fm_chronos2_m5_rohlik_100,m5_top_volume_100_20260714,M5,28,chronos2,FOODS_3_120_CA_1_validation,364,14909.0,7098.5131158828735,19.501409659018883,71.26729885864354,0.4761226853499815
source_b_repair_fm_chronos2_m5_rohlik_100,m5_top_volume_100_20260714,M5,28,chronos2,FOODS_3_120_CA_3_validation,364,30361.0,9410.37516784668,25.852679032545822,43.60292560407589,0.30994944724635815
source_b_repair_fm_chronos2_m5_rohlik_100,m5_top_volume_100_20260714,M5,28,chronos2,FOODS_3_120_WI_3_validation,364,11888.0,4778.217836380005,13.126972077967046,53.35100561118749,0.40193622445996
source_b_repair_fm_chronos2_m5_rohlik_100,m5_top_volume_100_20260714,M5,28,chronos2,FOODS_3_202_CA_3_validation,364,7485.0,3328.9522428512573,9.14547319464631,63.93227984371542,0.44474979864412256
source_b_repair_fm_chronos2_m5_rohlik_100,m5_top_volume_100_20260714,M5,28,chronos2,FOODS_3_202_TX_1_validation,364,7637.0,3411.140429496765,9.371264916199904,73.3740412007466,0.44665973936058206
source_b_repair_fm_chronos2_m5_rohlik_100,m5_top_volume_100_20260714,M5,28,chronos2,FOODS_3_202_TX_2_validation,364,7507.0,4549.25698184967,12.497958741345249,83.53621393211567,0.6060019957172866
source_b_repair_fm_chronos2_m5_rohlik_100,m5_top_volume_100_20260714,M5,28,chronos2,FOODS_3_202_TX_3_validation,364,9390.0,4367.085278511047,11.997487028876504,74.46024362870752,0.4650783044207718
source_b_repair_fm_chronos2_m5_rohlik_100,m5_top_volume_100_20260714,M5,28,chronos2,FOODS_3_226_WI_1_validation,364,14269.0,2289.809766769409,6.290686172443432,16.524615794038226,0.1604744387672163
source_b_repair_fm_chronos2_m5_rohlik_100,m5_top_volume_100_20260714,M5,28,chronos2,FOODS_3_226_WI_2_validation,364,13849.0,2745.3203716278076,7.542088933043427,20.954043471444724,0.1982323901818043
source_b_repair_fm_chronos2_m5_rohlik_100,m5_top_volume_100_20260714,M5,28,chronos2,FOODS_3_226_WI_3_validation,364,17486.0,3025.5302772521973,8.311896366077464,17.6046089548404,0.17302586510649648
source_b_repair_fm_chronos2_m5_rohlik_100,m5_top_volume_100_20260714,M5,28,chronos2,FOODS_3_234_CA_3_validation,364,6927.0,4079.8917293548584,11.208493761963897,63.90553559788125,0.5889839366760298
source_b_repair_fm_chronos2_m5_rohlik_100,m5_top_volume_100_20260714,M5,28,chronos2,FOODS_3_234_WI_2_validation,364,8873.0,8587.866111755371,23.593038768558714,153.4960276503268,0.967864996253282
source_b_repair_fm_chronos2_m5_rohlik_100,m5_top_volume_100_20260714,M5,28,chronos2,FOODS_3_234_WI_3_validation,364,7337.0,4507.32811164856,12.382769537496042,81.70315864177125,0.6143284873447675
source_b_repair_fm_chronos2_m5_rohlik_100,m5_top_volume_100_20260714,M5,28,chronos2,FOODS_3_252_CA_1_validation,364,14143.0,2773.5154094696045,7.619547828213199,20.815965209155117,0.19610516930422148
source_b_repair_fm_chronos2_m5_rohlik_100,m5_top_volume_100_20260714,M5,28,chronos2,FOODS_3_252_CA_2_validation,364,14244.0,3207.5501098632812,8.811950851272751,25.4314916436018,0.22518605095923064
source_b_repair_fm_chronos2_m5_rohlik_100,m5_top_volume_100_20260714,M5,28,chronos2,FOODS_3_252_CA_3_validation,364,16554.0,3551.9302310943604,9.758050085424067,21.79091177500322,0.2145662819315187
source_b_repair_fm_chronos2_m5_rohlik_100,m5_top_volume_100_20260714,M5,28,chronos2,FOODS_3_252_TX_1_validation,364,11375.0,3266.870994567871,8.974920314746898,30.578031446869012,0.28719745007190073
source_b_repair_fm_chronos2_m5_rohlik_100,m5_top_volume_100_20260714,M5,28,chronos2,FOODS_3_252_TX_2_validation,364,21287.0,4449.339160919189,12.223459233294477,21.1067773648789,0.20901673138155633
source_b_repair_fm_chronos2_m5_rohlik_100,m5_top_volume_100_20260714,M5,28,chronos2,FOODS_3_252_TX_3_validation,364,17267.0,4284.391941070557,11.770307530413618,26.135631533463766,0.24812601732035425
source_b_repair_fm_chronos2_m5_rohlik_100,m5_top_volume_100_20260714,M5,28,chronos2,FOODS_3_252_WI_3_validation,364,6563.0,2110.9544258117676,5.799325345636724,33.484618441633465,0.3216447395721115
source_b_repair_fm_chronos2_m5_rohlik_100,m5_top_volume_100_20260714,M5,28,chronos2,FOODS_3_281_CA_3_validation,364,3618.0,2083.5170307159424,5.723947886582259,93.34737473641607,0.575875353984506
source_b_repair_fm_chronos2_m5_rohlik_100,m5_top_volume_100_20260714,M5,28,chronos2,FOODS_3_282_CA_3_validation,364,12762.0,4069.654769897461,11.180370246971046,43.575656759460514,0.3188884790704796
source_b_repair_fm_chronos2_m5_rohlik_100,m5_top_volume_100_20260714,M5,28,chronos2,FOODS_3_288_CA_3_validation,364,12018.0,4661.126474380493,12.805292512034322,51.770287974923576,0.38784543804131244
source_b_repair_fm_chronos2_m5_rohlik_100,m5_top_volume_100_20260714,M5,28,chronos2,FOODS_3_318_CA_3_validation,364,4989.0,3408.596088409424,9.364274968157758,126.574924911633,0.6832223067567497
source_b_repair_fm_chronos2_m5_rohlik_100,m5_top_volume_100_20260714,M5,28,chronos2,FOODS_3_318_WI_3_validation,364,5294.0,3146.448576927185,8.644089497052706,116.87889827792792,0.5943423832503183
source_b_repair_fm_chronos2_m5_rohlik_100,m5_top_volume_100_20260714,M5,28,chronos2,FOODS_3_319_CA_3_validation,364,4781.0,2919.482933998108,8.020557510983814,119.81414620620761,0.6106427387571863
source_b_repair_fm_chronos2_m5_rohlik_100,m5_top_volume_100_20260714,M5,28,chronos2,FOODS_3_376_WI_2_validation,364,8342.0,4198.126997947693,11.533315928427728,56.238495386422436,0.5032518578215887
source_b_repair_fm_chronos2_m5_rohlik_100,m5_top_volume_100_20260714,M5,28,chronos2,FOODS_3_377_TX_2_validation,364,11468.0,2077.035484313965,5.70614144042298,18.694396308452664,0.18111575552092474
source_b_repair_fm_chronos2_m5_rohlik_100,m5_top_volume_100_20260714,M5,28,chronos2,FOODS_3_377_TX_3_validation,364,15335.0,2942.429807662964,8.08359837270045,19.72401006173468,0.1918767399845428
source_b_repair_fm_chronos2_m5_rohlik_100,m5_top_volume_100_20260714,M5,28,chronos2,FOODS_3_412_WI_2_validation,364,6820.0,6055.28816318512,16.63540704171736,144.0741197704808,0.8878721646899003
source_b_repair_fm_chronos2_m5_rohlik_100,m5_top_volume_100_20260714,M5,28,chronos2,FOODS_3_462_WI_2_validation,364,7852.0,3913.330057144165,10.750906750396057,57.35557276664658,0.49838640564749936
source_b_repair_fm_chronos2_m5_rohlik_100,m5_top_volume_100_20260714,M5,28,chronos2,FOODS_3_501_CA_3_validation,364,4692.0,2287.0329599380493,6.283057582247388,73.3476648730938,0.4874324296543157
source_b_repair_fm_chronos2_m5_rohlik_100,m5_top_volume_100_20260714,M5,28,chronos2,FOODS_3_541_CA_3_validation,364,7136.0,4555.273006439209,12.514486281426398,118.60832087374564,0.6383510378978712
source_b_repair_fm_chronos2_m5_rohlik_100,m5_top_volume_100_20260714,M5,28,chronos2,FOODS_3_547_WI_2_validation,364,6138.0,6792.896534919739,18.66180366736192,156.02408634509385,1.106695427650658
source_b_repair_fm_chronos2_m5_rohlik_100,m5_top_volume_100_20260714,M5,28,chronos2,FOODS_3_555_CA_1_validation,364,6566.0,1454.0404043197632,3.9946164953839647,23.601463514763452,0.22144995496798098
source_b_repair_fm_chronos2_m5_rohlik_100,m5_top_volume_100_20260714,M5,28,chronos2,FOODS_3_555_CA_3_validation,364,10701.0,2080.850294113159,5.716621687124063,20.21889020891516,0.19445381685012234
source_b_repair_fm_chronos2_m5_rohlik_100,m5_top_volume_100_20260714,M5,28,chronos2,FOODS_3_555_TX_1_validation,364,8816.0,2093.7440910339355,5.752044206137185,24.804541013667055,0.23749365823887653
source_b_repair_fm_chronos2_m5_rohlik_100,m5_top_volume_100_20260714,M5,28,chronos2,FOODS_3_555_TX_2_validation,364,16252.0,3141.4971923828125,8.630486792260474,20.07387973931439,0.19329911348651319
source_b_repair_fm_chronos2_m5_rohlik_100,m5_top_volume_100_20260714,M5,28,chronos2,FOODS_3_555_TX_3_validation,364,11786.0,2869.461009979248,7.883134642800132,25.812836376728743,0.24346351688267845
source_b_repair_fm_chronos2_m5_rohlik_100,m5_top_volume_100_20260714,M5,28,chronos2,FOODS_3_555_WI_3_validation,364,7929.0,1921.7090969085693,5.279420595902663,25.356815402733197,0.24236462314397395
source_b_repair_fm_chronos2_m5_rohlik_100,m5_top_volume_100_20260714,M5,28,chronos2,FOODS_3_586_CA_1_validation,364,15898.0,3068.0422744750977,8.42868756723928,20.13090486126521,0.19298290819443312
source_b_repair_fm_chronos2_m5_rohlik_100,m5_top_volume_100_20260714,M5,28,chronos2,FOODS_3_586_CA_2_validation,364,13764.0,2605.4598808288574,7.157856815463894,22.17628151093375,0.18929525434676384
source_b_repair_fm_chronos2_m5_rohlik_100,m5_top_volume_100_20260714,M5,28,chronos2,FOODS_3_586_CA_3_validation,364,26695.0,3850.65962600708,10.578735236283187,14.941316139842517,0.14424647409653793
source_b_repair_fm_chronos2_m5_rohlik_100,m5_top_volume_100_20260714,M5,28,chronos2,FOODS_3_586_TX_1_validation,364,18896.0,3456.648036956787,9.49628581581535,18.670511585813877,0.18293014590160814
source_b_repair_fm_chronos2_m5_rohlik_100,m5_top_volume_100_20260714,M5,28,chronos2,FOODS_3_586_TX_2_validation,364,33765.0,5149.21830368042,14.146204130990165,15.63179643357985,0.152501652707846
source_b_repair_fm_chronos2_m5_rohlik_100,m5_top_volume_100_20260714,M5,28,chronos2,FOODS_3_586_TX_3_validation,364,26936.0,5269.442367553711,14.476490020751953,20.416723208101523,0.19562824352367505
source_b_repair_fm_chronos2_m5_rohlik_100,m5_top_volume_100_20260714,M5,28,chronos2,FOODS_3_586_WI_3_validation,364,11889.0,2354.0414237976074,6.467146768674746,20.887243126730976,0.19800163376210003
source_b_repair_fm_chronos2_m5_rohlik_100,m5_top_volume_100_20260714,M5,28,chronos2,FOODS_3_587_CA_1_validation,364,10034.0,2496.0676221847534,6.857328632375697,26.28065842237926,0.24876097490380242
source_b_repair_fm_chronos2_m5_rohlik_100,m5_top_volume_100_20260714,M5,28,chronos2,FOODS_3_587_CA_3_validation,364,12312.0,3062.120632171631,8.412419319152832,27.4720566783751,0.2487102527754736
source_b_repair_fm_chronos2_m5_rohlik_100,m5_top_volume_100_20260714,M5,28,chronos2,FOODS_3_587_TX_1_validation,364,10234.0,2886.985659599304,7.931279284613473,31.154019190334807,0.2820974848152535
source_b_repair_fm_chronos2_m5_rohlik_100,m5_top_volume_100_20260714,M5,28,chronos2,FOODS_3_587_TX_2_validation,364,10946.0,2886.6912593841553,7.930470492813614,28.617782833455617,0.2637211090246807
source_b_repair_fm_chronos2_m5_rohlik_100,m5_top_volume_100_20260714,M5,28,chronos2,FOODS_3_587_TX_3_validation,364,11441.0,2998.7304878234863,8.238270570943644,26.961123544567755,0.2621038797153646
source_b_repair_fm_chronos2_m5_rohlik_100,m5_top_volume_100_20260714,M5,28,chronos2,FOODS_3_587_WI_3_validation,364,10622.0,3482.4987258911133,9.567304192008553,41.57440161356531,0.32785715739889976
source_b_repair_fm_chronos2_m5_rohlik_100,m5_top_volume_100_20260714,M5,28,chronos2,FOODS_3_607_CA_3_validation,364,7751.0,3362.0449867248535,9.23638732616718,48.87906749956631,0.4337562877983297
source_b_repair_fm_chronos2_m5_rohlik_100,m5_top_volume_100_20260714,M5,28,chronos2,FOODS_3_635_CA_3_validation,364,6861.0,4110.699649810791,11.293130906073602,112.7475765824629,0.5991400160050708
source_b_repair_fm_chronos2_m5_rohlik_100,m5_top_volume_100_20260714,M5,28,chronos2,FOODS_3_681_CA_3_validation,364,14222.0,6608.9483823776245,18.156451599938528,49.47073081737101,0.46469894405692763
source_b_repair_fm_chronos2_m5_rohlik_100,m5_top_volume_100_20260714,M5,28,chronos2,FOODS_3_681_WI_3_validation,364,12084.0,4387.945414543152,12.054795094898768,44.506700838277915,0.3631202759469672
source_b_repair_fm_chronos2_m5_rohlik_100,m5_top_volume_100_20260714,M5,28,chronos2,FOODS_3_694_CA_3_validation,364,6317.0,1464.040015220642,4.0220879539028624,23.951151968665158,0.23176191470961566
source_b_repair_fm_chronos2_m5_rohlik_100,m5_top_volume_100_20260714,M5,28,chronos2,FOODS_3_694_TX_1_validation,364,6148.0,1671.926323890686,4.593204186512874,28.35650965611033,0.2719463766900921
source_b_repair_fm_chronos2_m5_rohlik_100,m5_top_volume_100_20260714,M5,28,chronos2,FOODS_3_694_WI_1_validation,364,6821.0,1526.4158535003662,4.193450146979028,23.337084221478143,0.2237818286908615
source_b_repair_fm_chronos2_m5_rohlik_100,m5_top_volume_100_20260714,M5,28,chronos2,FOODS_3_694_WI_2_validation,364,11167.0,2169.831533432007,5.9610756412967225,20.106524347243564,0.1943074714275998
source_b_repair_fm_chronos2_m5_rohlik_100,m5_top_volume_100_20260714,M5,28,chronos2,FOODS_3_694_WI_3_validation,364,15958.0,2789.22332572937,7.662701444311456,18.066265393602826,0.17478526918970863
source_b_repair_fm_chronos2_m5_rohlik_100,m5_top_volume_100_20260714,M5,28,chronos2,FOODS_3_711_CA_3_validation,364,5052.0,3452.4951248168945,9.48487671652993,100.41020594472201,0.6833917507555215
source_b_repair_fm_chronos2_m5_rohlik_100,m5_top_volume_100_20260714,M5,28,chronos2,FOODS_3_711_WI_2_validation,364,7860.0,7251.671517372131,19.922174498275087,134.6337879904587,0.922604518749635
source_b_repair_fm_chronos2_m5_rohlik_100,m5_top_volume_100_20260714,M5,28,chronos2,FOODS_3_714_CA_1_validation,364,8484.0,2016.6412448883057,5.540223200242598,25.877764058239478,0.23769934522492994
source_b_repair_fm_chronos2_m5_rohlik_100,m5_top_volume_100_20260714,M5,28,chronos2,FOODS_3_714_CA_3_validation,364,11041.0,2412.046464920044,6.626501277252868,23.054713855427966,0.21846268136219943
source_b_repair_fm_chronos2_m5_rohlik_100,m5_top_volume_100_20260714,M5,28,chronos2,FOODS_3_714_TX_1_validation,364,5367.0,1843.384515762329,5.064243175171234,36.61882038199911,0.3434664646473503
source_b_repair_fm_chronos2_m5_rohlik_100,m5_top_volume_100_20260714,M5,28,chronos2,FOODS_3_714_TX_2_validation,364,8563.0,2190.9075965881348,6.018976913703667,26.94053196877335,0.2558574794567482
source_b_repair_fm_chronos2_m5_rohlik_100,m5_top_volume_100_20260714,M5,28,chronos2,FOODS_3_714_TX_3_validation,364,6553.0,2371.5398054122925,6.515219245638166,38.65814911950956,0.36190138950286777
source_b_repair_fm_chronos2_m5_rohlik_100,m5_top_volume_100_20260714,M5,28,chronos2,FOODS_3_714_WI_3_validation,364,8159.0,2117.632215499878,5.817670921702962,27.17384272822289,0.2595455589532881
source_b_repair_fm_chronos2_m5_rohlik_100,m5_top_volume_100_20260714,M5,28,chronos2,FOODS_3_723_CA_3_validation,364,8114.0,3989.643455505371,10.960558943696075,70.77008353947579,0.4916987251054192
source_b_repair_fm_chronos2_m5_rohlik_100,m5_top_volume_100_20260714,M5,28,chronos2,FOODS_3_723_WI_3_validation,364,7665.0,3596.8788843154907,9.88153539647113,74.54062744273256,0.46926012841689374
source_b_repair_fm_chronos2_m5_rohlik_100,m5_top_volume_100_20260714,M5,28,chronos2,FOODS_3_752_CA_3_validation,364,6402.0,3997.3595790863037,10.981757085401933,65.94824099235319,0.6243923116348491
source_b_repair_fm_chronos2_m5_rohlik_100,m5_top_volume_100_20260714,M5,28,chronos2,FOODS_3_804_CA_3_validation,364,8021.0,3353.5660009384155,9.21309340917147,50.273919977631955,0.4180982422314444
source_b_repair_fm_chronos2_m5_rohlik_100,m5_top_volume_100_20260714,M5,28,chronos2,FOODS_3_808_CA_1_validation,364,2395.0,2453.15313911438,6.739431700863681,151.25241548604268,1.0242810601730188
source_b_repair_fm_chronos2_m5_rohlik_100,m5_top_volume_100_20260714,M5,28,chronos2,FOODS_3_808_CA_3_validation,364,8863.0,6044.671365737915,16.606240015763504,114.39415202871999,0.6820118882701021
source_b_repair_fm_chronos2_m5_rohlik_100,m5_top_volume_100_20260714,M5,28,chronos2,HOUSEHOLD_1_118_CA_3_validation,364,7647.0,2273.3670291900635,6.245513816456218,31.630291001621273,0.29728874449981213
source_b_repair_fm_chronos2_m5_rohlik_100,m5_top_volume_100_20260714,M5,28,chronos2,HOUSEHOLD_1_334_CA_3_validation,364,6882.0,2451.215512275696,6.734108550207956,40.44369213439697,0.3561777844050706
source_b_repair_fm_chronos2_m5_rohlik_100,m5_top_volume_100_20260714,M5,28,chronos2,HOUSEHOLD_1_459_CA_3_validation,364,7840.0,2701.0635805130005,7.420504342068683,36.58122576233795,0.3445234158817603
source_b_repair_fm_chronos2_m5_rohlik_100,rohlik_top_volume_100_20260714,Rohlik,7,chronos2,80,280,65024.250061035156,11474.606552124023,40.98073768615723,17.542389760144214,0.17646657272253596
source_b_repair_fm_chronos2_m5_rohlik_100,rohlik_top_volume_100_20260714,Rohlik,7,chronos2,139,280,704992.3494262695,95594.20782470703,341.4078850882394,13.550404779000283,0.13559609250015642
source_b_repair_fm_chronos2_m5_rohlik_100,rohlik_top_volume_100_20260714,Rohlik,7,chronos2,393,280,347206.3200683594,126228.82015991211,450.81721485682897,32.940550745012374,0.36355565225615616
source_b_repair_fm_chronos2_m5_rohlik_100,rohlik_top_volume_100_20260714,Rohlik,7,chronos2,394,280,239137.44957733154,105631.52027130127,377.25542954036166,42.801835666703404,0.44171885439943387
source_b_repair_fm_chronos2_m5_rohlik_100,rohlik_top_volume_100_20260714,Rohlik,7,chronos2,524,280,267690.19955444336,33892.17953491211,121.04349833897182,12.016237616290308,0.12660971373372618
source_b_repair_fm_chronos2_m5_rohlik_100,rohlik_top_volume_100_20260714,Rohlik,7,chronos2,525,280,531616.6622314453,70306.19982910156,251.09357081821986,12.375546763051263,0.13224980483868462
source_b_repair_fm_chronos2_m5_rohlik_100,rohlik_top_volume_100_20260714,Rohlik,7,chronos2,526,280,338197.9295654297,42172.367126464844,150.61559688023158,12.272046668288077,0.12469729539933785
source_b_repair_fm_chronos2_m5_rohlik_100,rohlik_top_volume_100_20260714,Rohlik,7,chronos2,539,280,193128.92993927002,26981.92046356201,96.36400165557862,14.537787223297308,0.139709366546206
source_b_repair_fm_chronos2_m5_rohlik_100,rohlik_top_volume_100_20260714,Rohlik,7,chronos2,619,280,111035.18016052246,72378.8674621582,258.4959552219936,103.09976575675708,0.6518552710728329
source_b_repair_fm_chronos2_m5_rohlik_100,rohlik_top_volume_100_20260714,Rohlik,7,chronos2,652,280,906449.6130943298,249156.84869766235,889.845888205937,27.217405596387923,0.2748711512459257
source_b_repair_fm_chronos2_m5_rohlik_100,rohlik_top_volume_100_20260714,Rohlik,7,chronos2,653,280,742757.7571563721,241190.99223327637,861.3964008331299,32.41308440430599,0.3247236261209436
source_b_repair_fm_chronos2_m5_rohlik_100,rohlik_top_volume_100_20260714,Rohlik,7,chronos2,654,280,465967.79803466797,131523.43280029297,469.726545715332,27.75806451822348,0.2822586310792825
source_b_repair_fm_chronos2_m5_rohlik_100,rohlik_top_volume_100_20260714,Rohlik,7,chronos2,655,280,569343.7183532715,165170.77017211914,589.8956077575683,29.09081826650517,0.2901073022283395
source_b_repair_fm_chronos2_m5_rohlik_100,rohlik_top_volume_100_20260714,Rohlik,7,chronos2,888,280,161351.10961914062,46521.85528564453,166.14948316301619,38.888300637244264,0.2883268382563746
source_b_repair_fm_chronos2_m5_rohlik_100,rohlik_top_volume_100_20260714,Rohlik,7,chronos2,890,280,151037.71043395996,49984.37071228027,178.51560968671527,51.030820328038416,0.3309396743943331
source_b_repair_fm_chronos2_m5_rohlik_100,rohlik_top_volume_100_20260714,Rohlik,7,chronos2,912,280,138695.33001708984,51581.84255981445,184.2208662850516,38.267144132370504,0.37190756569423505
source_b_repair_fm_chronos2_m5_rohlik_100,rohlik_top_volume_100_20260714,Rohlik,7,chronos2,1032,280,313453.1592102051,39316.25387573242,140.4151924133301,13.329987310127938,0.12542943888265778
source_b_repair_fm_chronos2_m5_rohlik_100,rohlik_top_volume_100_20260714,Rohlik,7,chronos2,1266,280,151124.2797088623,24317.70179748535,86.8489349910191,14.003916840567157,0.16091194508475332
source_b_repair_fm_chronos2_m5_rohlik_100,rohlik_top_volume_100_20260714,Rohlik,7,chronos2,1269,280,140353.15000152588,20269.825569152832,72.39223417554582,14.031423052895994,0.14442016847454056
source_b_repair_fm_chronos2_m5_rohlik_100,rohlik_top_volume_100_20260714,Rohlik,7,chronos2,1270,280,132543.56005859375,28486.568740844727,101.73774550301688,20.837123678311112,0.2149223148091965
source_b_repair_fm_chronos2_m5_rohlik_100,rohlik_top_volume_100_20260714,Rohlik,7,chronos2,1391,280,221225.1198425293,29894.822479248047,106.7672231401716,13.803953901530416,0.1351330377876054
source_b_repair_fm_chronos2_m5_rohlik_100,rohlik_top_volume_100_20260714,Rohlik,7,chronos2,1405,280,126042.9401473999,46413.91994476318,165.76399980272566,31.383744214737558,0.3682389500791143
source_b_repair_fm_chronos2_m5_rohlik_100,rohlik_top_volume_100_20260714,Rohlik,7,chronos2,1408,280,207613.20947265625,63763.38836669922,227.72638702392578,26.286598820157025,0.30712587377585526
source_b_repair_fm_chronos2_m5_rohlik_100,rohlik_top_volume_100_20260714,Rohlik,7,chronos2,1413,280,289053.51054000854,57915.81410598755,206.8421932356698,20.53549783404833,0.20036364200451837
source_b_repair_fm_chronos2_m5_rohlik_100,rohlik_top_volume_100_20260714,Rohlik,7,chronos2,1640,280,120672.08973693848,30097.50132751465,107.49107616969518,24.647995515802144,0.24941559720334913
source_b_repair_fm_chronos2_m5_rohlik_100,rohlik_top_volume_100_20260714,Rohlik,7,chronos2,1671,280,141476.37020874023,33930.88916015625,121.18174700055803,25.940637050766274,0.23983432081338515
source_b_repair_fm_chronos2_m5_rohlik_100,rohlik_top_volume_100_20260714,Rohlik,7,chronos2,1672,280,151003.13999176025,28693.157035827637,102.47556084224156,18.88671518926077,0.19001695618642983
source_b_repair_fm_chronos2_m5_rohlik_100,rohlik_top_volume_100_20260714,Rohlik,7,chronos2,1925,280,145504.06002807617,30047.380462646484,107.3120730808803,127.53135779531752,0.20650544360651243
source_b_repair_fm_chronos2_m5_rohlik_100,rohlik_top_volume_100_20260714,Rohlik,7,chronos2,1927,280,138158.75009334087,22829.097959637642,81.53249271299158,41.60529649237835,0.1652381622171174
source_b_repair_fm_chronos2_m5_rohlik_100,rohlik_top_volume_100_20260714,Rohlik,7,chronos2,2127,280,224514.65948486328,89175.8102722168,318.48503668648857,36.63314773800617,0.3971937087619395
source_b_repair_fm_chronos2_m5_rohlik_100,rohlik_top_volume_100_20260714,Rohlik,7,chronos2,2129,280,201146.12992095947,100557.14974212646,359.1326776504517,49.57014691671761,0.4999208773325168
source_b_repair_fm_chronos2_m5_rohlik_100,rohlik_top_volume_100_20260714,Rohlik,7,chronos2,2159,280,205632.91958618164,27031.924224853516,96.54258651733399,13.898753490640148,0.13145718243583232
source_b_repair_fm_chronos2_m5_rohlik_100,rohlik_top_volume_100_20260714,Rohlik,7,chronos2,2160,280,155848.88995361328,18709.076293945312,66.81812962123325,12.414005788617361,0.12004625954996448
source_b_repair_fm_chronos2_m5_rohlik_100,rohlik_top_volume_100_20260714,Rohlik,7,chronos2,2161,280,119318.8002319336,14494.0615234375,51.76450544084821,12.718693022621952,0.12147340985044884
source_b_repair_fm_chronos2_m5_rohlik_100,rohlik_top_volume_100_20260714,Rohlik,7,chronos2,2216,280,279236.34016418457,30364.11326599121,108.44326166425432,11.299425457280945,0.10873983396336526
source_b_repair_fm_chronos2_m5_rohlik_100,rohlik_top_volume_100_20260714,Rohlik,7,chronos2,2217,280,274926.85957336426,25406.517807006836,90.73756359645299,9.625214268487916,0.09241191583257112
source_b_repair_fm_chronos2_m5_rohlik_100,rohlik_top_volume_100_20260714,Rohlik,7,chronos2,2218,280,126590.24021148682,12728.705680847168,45.45966314588274,10.364837591440253,0.10055045048956439
source_b_repair_fm_chronos2_m5_rohlik_100,rohlik_top_volume_100_20260714,Rohlik,7,chronos2,2274,280,151934.1999359131,46855.35157775879,167.34054134913853,42.8947502559456,0.30839239353300774
source_b_repair_fm_chronos2_m5_rohlik_100,rohlik_top_volume_100_20260714,Rohlik,7,chronos2,2275,280,108671.41033172607,33579.608879089355,119.92717456817627,46.593476709887966,0.30900131669024594
source_b_repair_fm_chronos2_m5_rohlik_100,rohlik_top_volume_100_20260714,Rohlik,7,chronos2,2325,280,218676.69919586182,38417.704582214355,137.2060877936227,18.985399294212886,0.17568266177186453
source_b_repair_fm_chronos2_m5_rohlik_100,rohlik_top_volume_100_20260714,Rohlik,7,chronos2,2467,280,124018.61987304688,34443.4567565918,123.01234555925642,63.85489018748991,0.2777281088263218
source_b_repair_fm_chronos2_m5_rohlik_100,rohlik_top_volume_100_20260714,Rohlik,7,chronos2,2468,280,207317.14988708496,105378.20475769043,376.3507312774658,68.3486870268126,0.5082946819164963
source_b_repair_fm_chronos2_m5_rohlik_100,rohlik_top_volume_100_20260714,Rohlik,7,chronos2,2470,280,261642.5806427002,112983.83280944824,403.5136886051723,58.45953419402529,0.43182509716848905
source_b_repair_fm_chronos2_m5_rohlik_100,rohlik_top_volume_100_20260714,Rohlik,7,chronos2,2560,280,273117.1798400879,50622.34341430664,180.79408362252371,18.077199452890202,0.18535027142542404
source_b_repair_fm_chronos2_m5_rohlik_100,rohlik_top_volume_100_20260714,Rohlik,7,chronos2,2561,280,551515.4985351562,105685.6937866211,377.4489063807896,19.776999262709275,0.19162778574188008
source_b_repair_fm_chronos2_m5_rohlik_100,rohlik_top_volume_100_20260714,Rohlik,7,chronos2,2562,280,501021.64096069336,88792.16110229492,317.11486107962475,17.797400171721744,0.1772222072724019
source_b_repair_fm_chronos2_m5_rohlik_100,rohlik_top_volume_100_20260714,Rohlik,7,chronos2,2563,280,249795.21975708008,48389.78759765625,172.82066999162947,19.622658371730374,0.1937178287267233
source_b_repair_fm_chronos2_m5_rohlik_100,rohlik_top_volume_100_20260714,Rohlik,7,chronos2,2565,280,173654.3897781372,43000.5648727417,153.5734459740775,22.137679966045834,0.24762152530482934
source_b_repair_fm_chronos2_m5_rohlik_100,rohlik_top_volume_100_20260714,Rohlik,7,chronos2,2566,280,138404.21014404297,41394.385025024414,147.8370893750872,26.787058221020732,0.29908327920042005
source_b_repair_fm_chronos2_m5_rohlik_100,rohlik_top_volume_100_20260714,Rohlik,7,chronos2,2694,280,220327.10961914062,28800.58624267578,102.85923658098493,14.017447364346292,0.13071739693068515
source_b_repair_fm_chronos2_m5_rohlik_100,rohlik_top_volume_100_20260714,Rohlik,7,chronos2,2840,280,275601.7402648926,58465.42169189453,208.8050774710519,21.320334477898804,0.21213734585166596
source_b_repair_fm_chronos2_m5_rohlik_100,rohlik_top_volume_100_20260714,Rohlik,7,chronos2,2935,280,193093.2696838379,38839.684997558594,138.7131607055664,19.55555510100317,0.2011446854732582
source_b_repair_fm_chronos2_m5_rohlik_100,rohlik_top_volume_100_20260714,Rohlik,7,chronos2,2936,280,169590.96995544434,23447.397567749023,83.74070559910365,13.903628946473322,0.1382585262287799
source_b_repair_fm_chronos2_m5_rohlik_100,rohlik_top_volume_100_20260714,Rohlik,7,chronos2,2937,280,280813.5494995117,39887.76922607422,142.4563186645508,14.186400946174787,0.14204360614779943
source_b_repair_fm_chronos2_m5_rohlik_100,rohlik_top_volume_100_20260714,Rohlik,7,chronos2,2938,280,168716.07014465332,19744.983993530273,70.51779997689384,11.846921268282495,0.11703084345552485
source_b_repair_fm_chronos2_m5_rohlik_100,rohlik_top_volume_100_20260714,Rohlik,7,chronos2,3144,280,503970.9108886719,45739.82629394531,163.35652247837612,9.30496864886055,0.09075886188210837
source_b_repair_fm_chronos2_m5_rohlik_100,rohlik_top_volume_100_20260714,Rohlik,7,chronos2,3145,280,338092.6397705078,27913.465087890625,99.69094674246652,8.450661723229254,0.08256158757800189
source_b_repair_fm_chronos2_m5_rohlik_100,rohlik_top_volume_100_20260714,Rohlik,7,chronos2,3146,280,0.0,3293.7369384765625,11.763346208844865,200.0,
source_b_repair_fm_chronos2_m5_rohlik_100,rohlik_top_volume_100_20260714,Rohlik,7,chronos2,3147,280,297310.9501647949,26071.59066772461,93.11282381330217,9.03649976046612,0.08769132335446617
source_b_repair_fm_chronos2_m5_rohlik_100,rohlik_top_volume_100_20260714,Rohlik,7,chronos2,3152,280,129612.94994354248,46348.6381149292,165.53085041046143,35.61276247959063,0.3575926489993322
source_b_repair_fm_chronos2_m5_rohlik_100,rohlik_top_volume_100_20260714,Rohlik,7,chronos2,3155,280,105009.38983726501,46953.77419471741,167.6920506954193,46.84107599799408,0.44713881556194673
source_b_repair_fm_chronos2_m5_rohlik_100,rohlik_top_volume_100_20260714,Rohlik,7,chronos2,3184,280,248360.49018859863,28481.370346069336,101.71917980739049,12.127314906538906,0.11467754120005685
source_b_repair_fm_chronos2_m5_rohlik_100,rohlik_top_volume_100_20260714,Rohlik,7,chronos2,3224,280,81147.24968624115,42979.56481266022,153.49844575950078,59.12980122304772,0.5296490636323757
source_b_repair_fm_chronos2_m5_rohlik_100,rohlik_top_volume_100_20260714,Rohlik,7,chronos2,3225,280,75168.05016422272,45452.4701833725,162.3302506549018,84.56029127209547,0.6046780524979779
source_b_repair_fm_chronos2_m5_rohlik_100,rohlik_top_volume_100_20260714,Rohlik,7,chronos2,3336,280,575708.1196289062,52346.29248046875,186.95104457310268,9.3314482859773,0.090925055068201
source_b_repair_fm_chronos2_m5_rohlik_100,rohlik_top_volume_100_20260714,Rohlik,7,chronos2,3456,280,256175.78985595703,29660.083618164062,105.92887006487165,12.618399005686603,0.11578019778856302
source_b_repair_fm_chronos2_m5_rohlik_100,rohlik_top_volume_100_20260714,Rohlik,7,chronos2,3616,280,318439.2596435547,40661.619873046875,145.2200709751674,13.131465134961443,0.1276903479758165
source_b_repair_fm_chronos2_m5_rohlik_100,rohlik_top_volume_100_20260714,Rohlik,7,chronos2,3617,280,187647.49993896484,22712.701599121094,81.11679142543248,12.481900664979143,0.12103919107107071
source_b_repair_fm_chronos2_m5_rohlik_100,rohlik_top_volume_100_20260714,Rohlik,7,chronos2,3618,280,151499.94006347656,18954.104919433594,67.69323185511998,12.815617642350274,0.12510965292456264
source_b_repair_fm_chronos2_m5_rohlik_100,rohlik_top_volume_100_20260714,Rohlik,7,chronos2,3685,280,112072.23987579346,23437.513359069824,83.7054048538208,22.1030105502286,0.2091286244037325
source_b_repair_fm_chronos2_m5_rohlik_100,rohlik_top_volume_100_20260714,Rohlik,7,chronos2,3686,280,139290.15993404388,26637.03855228424,95.13228054387228,19.57791262802184,0.19123417307365648
source_b_repair_fm_chronos2_m5_rohlik_100,rohlik_top_volume_100_20260714,Rohlik,7,chronos2,3871,280,143374.5302658081,30097.762336730957,107.49200834546771,19.669127327368393,0.20992405192841046
source_b_repair_fm_chronos2_m5_rohlik_100,rohlik_top_volume_100_20260714,Rohlik,7,chronos2,4172,280,260753.42961120605,55399.62745666504,197.8558123452323,74.33016977609186,0.21245982282675296
source_b_repair_fm_chronos2_m5_rohlik_100,rohlik_top_volume_100_20260714,Rohlik,7,chronos2,4227,280,112724.54960632324,38410.484619140625,137.1803022112165,40.087378076644725,0.340746401323266
source_b_repair_fm_chronos2_m5_rohlik_100,rohlik_top_volume_100_20260714,Rohlik,7,chronos2,4228,280,206421.50966644287,65918.16284942627,235.42201017652238,40.439507734997385,0.31933766474212705
source_b_repair_fm_chronos2_m5_rohlik_100,rohlik_top_volume_100_20260714,Rohlik,7,chronos2,4229,280,121289.81995391846,39419.43714141846,140.7837040764945,42.443859420336615,0.3250020253669686
source_b_repair_fm_chronos2_m5_rohlik_100,rohlik_top_volume_100_20260714,Rohlik,7,chronos2,4230,280,193655.57107543945,79322.3600769043,283.29414313180104,49.021191350484706,0.40960536088065286
source_b_repair_fm_chronos2_m5_rohlik_100,rohlik_top_volume_100_20260714,Rohlik,7,chronos2,4523,280,171175.77983093262,15450.970169067383,55.18203631809779,8.96698735294401,0.09026376385916303
source_b_repair_fm_chronos2_m5_rohlik_100,rohlik_top_volume_100_20260714,Rohlik,7,chronos2,4720,280,4037897.0986328125,371304.072265625,1326.085972377232,9.46697884293755,0.09195481291272739
source_b_repair_fm_chronos2_m5_rohlik_100,rohlik_top_volume_100_20260714,Rohlik,7,chronos2,4793,280,575034.4410400391,75501.91442871094,269.64969438825335,13.184528196700082,0.13129981274191857
source_b_repair_fm_chronos2_m5_rohlik_100,rohlik_top_volume_100_20260714,Rohlik,7,chronos2,4877,280,279479.92053222656,30078.14990234375,107.42196393694196,11.40348642974058,0.10762186365683994
source_b_repair_fm_chronos2_m5_rohlik_100,rohlik_top_volume_100_20260714,Rohlik,7,chronos2,4878,280,173437.76989746094,24074.116729736328,85.97898832048689,14.099600729735664,0.13880550207702344
source_b_repair_fm_chronos2_m5_rohlik_100,rohlik_top_volume_100_20260714,Rohlik,7,chronos2,4879,280,637516.419921875,66157.05798339844,236.27520708356585,10.967863951985274,0.10377310437197164
source_b_repair_fm_chronos2_m5_rohlik_100,rohlik_top_volume_100_20260714,Rohlik,7,chronos2,4883,280,1313540.4802246094,132835.55249023438,474.41268746512276,10.167135782186941,0.1011278711924585
source_b_repair_fm_chronos2_m5_rohlik_100,rohlik_top_volume_100_20260714,Rohlik,7,chronos2,4884,280,1460296.7197265625,147957.95068359375,528.4212524414063,9.895118885031472,0.10132047048034085
source_b_repair_fm_chronos2_m5_rohlik_100,rohlik_top_volume_100_20260714,Rohlik,7,chronos2,4885,280,2587560.158203125,284835.11181640625,1017.2682564871652,10.804236167486014,0.11007864335575634
source_b_repair_fm_chronos2_m5_rohlik_100,rohlik_top_volume_100_20260714,Rohlik,7,chronos2,4965,280,209354.80053710938,52396.08706665039,187.12888238089425,21.662765240951245,0.2502741132862768
source_b_repair_fm_chronos2_m5_rohlik_100,rohlik_top_volume_100_20260714,Rohlik,7,chronos2,4966,280,114273.84986877441,29785.43292236328,106.37654615129743,22.101926048361005,0.26064959705625723
source_b_repair_fm_chronos2_m5_rohlik_100,rohlik_top_volume_100_20260714,Rohlik,7,chronos2,4967,280,217679.2293624878,63888.54062652588,228.17335938044957,26.842510312914968,0.2934985612253167
source_b_repair_fm_chronos2_m5_rohlik_100,rohlik_top_volume_100_20260714,Rohlik,7,chronos2,4968,280,132231.52013397217,37574.1262588501,134.19330806732177,24.495387201442103,0.2841540823306074
source_b_repair_fm_chronos2_m5_rohlik_100,rohlik_top_volume_100_20260714,Rohlik,7,chronos2,5164,280,145507.20980644226,45019.72519111633,160.7847328254155,37.588951445828584,0.30939858754080174
source_b_repair_fm_chronos2_m5_rohlik_100,rohlik_top_volume_100_20260714,Rohlik,7,chronos2,5166,280,112630.67004394531,40147.42045593262,143.38364448547364,46.93745044053658,0.3564519365841313
source_b_repair_fm_chronos2_m5_rohlik_100,rohlik_top_volume_100_20260714,Rohlik,7,chronos2,5277,280,151712.34029006958,38071.218852996826,135.96863876070296,25.644475139120797,0.2509434550953849
source_b_repair_fm_chronos2_m5_rohlik_100,rohlik_top_volume_100_20260714,Rohlik,7,chronos2,5278,280,174989.42964935303,47097.560218811035,168.2055722100394,29.4717033466448,0.269145172443764
source_b_repair_fm_chronos2_m5_rohlik_100,rohlik_top_volume_100_20260714,Rohlik,7,chronos2,5293,280,239707.89004516602,36355.64096069336,129.84157485961913,14.652476602204533,0.1516664343165475
source_b_repair_fm_chronos2_m5_rohlik_100,rohlik_top_volume_100_20260714,Rohlik,7,chronos2,5294,280,224627.77935791016,39500.72937011719,141.07403346470423,16.366751348500742,0.17584970782789422
source_b_repair_fm_chronos2_m5_rohlik_100,rohlik_top_volume_100_20260714,Rohlik,7,chronos2,5295,280,163282.1696624756,17900.463485717773,63.93022673470633,10.860198693526264,0.10962901535862882
source_b_repair_fm_chronos2_m5_rohlik_100,rohlik_top_volume_100_20260714,Rohlik,7,chronos2,5296,280,156334.580368042,21066.014846801758,75.23576731000628,13.061716528785466,0.13474955315201706
source_b_repair_fm_chronos2_m5_rohlik_100,rohlik_top_volume_100_20260714,Rohlik,7,chronos2,5347,280,131796.05020141602,39146.47407531738,139.80883598327637,30.118725669789715,0.2970231203096919
source_b_repair_fm_chronos2_m5_rohlik_100,rohlik_top_volume_100_20260714,Rohlik,7,chronos2,5350,280,186111.16989898682,51337.52184295654,183.34829229627337,28.337973496348884,0.27584331381518024
source_b_repair_fm_chronos2_m5_rohlik_100,rohlik_top_volume_100_20260714,Rohlik,14,chronos2,80,280,65024.250061035156,11294.535766601562,40.337627737862725,17.299946859913575,0.17369728610479815
source_b_repair_fm_chronos2_m5_rohlik_100,rohlik_top_volume_100_20260714,Rohlik,14,chronos2,139,280,704992.3494262695,117429.82415771484,419.39222913469587,16.230965825446518,0.16656893405053333
source_b_repair_fm_chronos2_m5_rohlik_100,rohlik_top_volume_100_20260714,Rohlik,14,chronos2,393,280,347206.3200683594,127634.93154907227,455.8390412466867,33.457049471488325,0.36760543852987176
source_b_repair_fm_chronos2_m5_rohlik_100,rohlik_top_volume_100_20260714,Rohlik,14,chronos2,394,280,239137.44957733154,105662.16184234619,377.36486372266495,42.24583312863036,0.44184698811959805
source_b_repair_fm_chronos2_m5_rohlik_100,rohlik_top_volume_100_20260714,Rohlik,14,chronos2,524,280,267690.19955444336,39662.64205932617,141.65229306902205,13.691993900291905,0.1481662090182704
source_b_repair_fm_chronos2_m5_rohlik_100,rohlik_top_volume_100_20260714,Rohlik,14,chronos2,525,280,531616.6622314453,78841.63073730469,281.577252633231,13.591654379051676,0.1483054169264922
source_b_repair_fm_chronos2_m5_rohlik_100,rohlik_top_volume_100_20260714,Rohlik,14,chronos2,526,280,338197.9295654297,45573.64434814453,162.76301552908762,13.237513581221785,0.13475435644063455
source_b_repair_fm_chronos2_m5_rohlik_100,rohlik_top_volume_100_20260714,Rohlik,14,chronos2,539,280,193128.92993927002,28446.056510925293,101.59305896759034,15.162347939500274,0.1472904992528579
source_b_repair_fm_chronos2_m5_rohlik_100,rohlik_top_volume_100_20260714,Rohlik,14,chronos2,619,280,111035.18016052246,79193.29377746582,282.8331920623779,106.62976521251619,0.7132270480668997
source_b_repair_fm_chronos2_m5_rohlik_100,rohlik_top_volume_100_20260714,Rohlik,14,chronos2,652,280,906449.6130943298,249099.89349746704,889.642476776668,27.277090315052938,0.27480831796829774
source_b_repair_fm_chronos2_m5_rohlik_100,rohlik_top_volume_100_20260714,Rohlik,14,chronos2,653,280,742757.7571563721,242571.77018737793,866.3277506692069,33.24445949513953,0.326582614385688
source_b_repair_fm_chronos2_m5_rohlik_100,rohlik_top_volume_100_20260714,Rohlik,14,chronos2,654,280,465967.79803466797,135520.76580810547,484.0027350289481,28.799400758398946,0.2908371917108803
source_b_repair_fm_chronos2_m5_rohlik_100,rohlik_top_volume_100_20260714,Rohlik,14,chronos2,655,280,569343.7183532715,161844.5694885254,578.0163196018764,28.458408446201496,0.28426513592989644
source_b_repair_fm_chronos2_m5_rohlik_100,rohlik_top_volume_100_20260714,Rohlik,14,chronos2,888,280,161351.10961914062,44089.93142700195,157.46404081072126,36.88506964626504,0.2732545907559826
source_b_repair_fm_chronos2_m5_rohlik_100,rohlik_top_volume_100_20260714,Rohlik,14,chronos2,890,280,151037.71043395996,48135.24803161621,171.91160011291504,54.21612314825629,0.31869688631610293
source_b_repair_fm_chronos2_m5_rohlik_100,rohlik_top_volume_100_20260714,Rohlik,14,chronos2,912,280,138695.33001708984,50989.27801513672,182.104564339774,38.0860697738784,0.3676351468276105
source_b_repair_fm_chronos2_m5_rohlik_100,rohlik_top_volume_100_20260714,Rohlik,14,chronos2,1032,280,313453.1592102051,38797.89279174805,138.5639028276716,13.292336819520848,0.12377572741492059
source_b_repair_fm_chronos2_m5_rohlik_100,rohlik_top_volume_100_20260714,Rohlik,14,chronos2,1266,280,151124.2797088623,21872.684036254883,78.1167287009103,13.566193453917078,0.14473309039680546
source_b_repair_fm_chronos2_m5_rohlik_100,rohlik_top_volume_100_20260714,Rohlik,14,chronos2,1269,280,140353.15000152588,18803.72841644287,67.1561729158674,13.509938397800136,0.1339743954178331
source_b_repair_fm_chronos2_m5_rohlik_100,rohlik_top_volume_100_20260714,Rohlik,14,chronos2,1270,280,132543.56005859375,29045.155502319336,103.73269822256906,21.31488011216097,0.2191366784586086
source_b_repair_fm_chronos2_m5_rohlik_100,rohlik_top_volume_100_20260714,Rohlik,14,chronos2,1391,280,221225.1198425293,30582.33966064453,109.22264164515904,14.73316062603158,0.1382408095536954
source_b_repair_fm_chronos2_m5_rohlik_100,rohlik_top_volume_100_20260714,Rohlik,14,chronos2,1405,280,126042.9401473999,49466.31943511963,176.66542655399869,33.54580757784161,0.39245608978393903
source_b_repair_fm_chronos2_m5_rohlik_100,rohlik_top_volume_100_20260714,Rohlik,14,chronos2,1408,280,207613.20947265625,63716.52151489258,227.55900541033063,26.118255434695843,0.30690013259143983
source_b_repair_fm_chronos2_m5_rohlik_100,rohlik_top_volume_100_20260714,Rohlik,14,chronos2,1413,280,289053.51054000854,62058.72603225708,221.638307258061,21.857825943655143,0.21469632358492804
source_b_repair_fm_chronos2_m5_rohlik_100,rohlik_top_volume_100_20260714,Rohlik,14,chronos2,1640,280,120672.08973693848,31505.45701599121,112.51948934282575,25.51407347050045,0.2610832138953768
source_b_repair_fm_chronos2_m5_rohlik_100,rohlik_top_volume_100_20260714,Rohlik,14,chronos2,1671,280,141476.37020874023,37756.508850097656,134.8446744646345,28.080291866254537,0.26687501802873587
source_b_repair_fm_chronos2_m5_rohlik_100,rohlik_top_volume_100_20260714,Rohlik,14,chronos2,1672,280,151003.13999176025,33071.636711120605,118.11298825400216,21.583001894341223,0.2190129073668615
source_b_repair_fm_chronos2_m5_rohlik_100,rohlik_top_volume_100_20260714,Rohlik,14,chronos2,1925,280,145504.06002807617,31756.01971435547,113.41435612269811,127.94734405274528,0.21824834103067564
source_b_repair_fm_chronos2_m5_rohlik_100,rohlik_top_volume_100_20260714,Rohlik,14,chronos2,1927,280,138158.75009334087,19278.25243961811,68.85090157006468,40.33259424865269,0.13953696328747625
source_b_repair_fm_chronos2_m5_rohlik_100,rohlik_top_volume_100_20260714,Rohlik,14,chronos2,2127,280,224514.65948486328,90415.17037963867,322.9113227844238,36.83601034432214,0.4027138833031722
source_b_repair_fm_chronos2_m5_rohlik_100,rohlik_top_volume_100_20260714,Rohlik,14,chronos2,2129,280,201146.12992095947,99994.12868499756,357.12188816070557,49.46274855174731,0.49712181250661064
source_b_repair_fm_chronos2_m5_rohlik_100,rohlik_top_volume_100_20260714,Rohlik,14,chronos2,2159,280,205632.91958618164,27157.81607055664,96.992200251988,13.920965555687065,0.13206939883560173
source_b_repair_fm_chronos2_m5_rohlik_100,rohlik_top_volume_100_20260714,Rohlik,14,chronos2,2160,280,155848.88995361328,19179.698120117188,68.49892185756138,12.790324270947387,0.12306599120356786
source_b_repair_fm_chronos2_m5_rohlik_100,rohlik_top_volume_100_20260714,Rohlik,14,chronos2,2161,280,119318.8002319336,14571.136169433594,52.039772033691406,12.786190373017753,0.12211936544040009
source_b_repair_fm_chronos2_m5_rohlik_100,rohlik_top_volume_100_20260714,Rohlik,14,chronos2,2216,280,279236.34016418457,30440.0714263916,108.71454080854143,11.345838193781857,0.10901185500602657
source_b_repair_fm_chronos2_m5_rohlik_100,rohlik_top_volume_100_20260714,Rohlik,14,chronos2,2217,280,274926.85957336426,26782.36930847168,95.65131895882743,9.994946229460362,0.09741634320499995
source_b_repair_fm_chronos2_m5_rohlik_100,rohlik_top_volume_100_20260714,Rohlik,14,chronos2,2218,280,126590.24021148682,13055.888069152832,46.62817167554583,10.756674358955133,0.10313502879322398
source_b_repair_fm_chronos2_m5_rohlik_100,rohlik_top_volume_100_20260714,Rohlik,14,chronos2,2274,280,151934.1999359131,49437.48204040527,176.56243585859025,43.328973092774895,0.32538745102326105
source_b_repair_fm_chronos2_m5_rohlik_100,rohlik_top_volume_100_20260714,Rohlik,14,chronos2,2275,280,108671.41033172607,36307.28675079346,129.66888125283378,46.23475843612957,0.3341015510883981
source_b_repair_fm_chronos2_m5_rohlik_100,rohlik_top_volume_100_20260714,Rohlik,14,chronos2,2325,280,218676.69919586182,42385.05104827881,151.37518231528145,20.694683791052867,0.19382518212567246
source_b_repair_fm_chronos2_m5_rohlik_100,rohlik_top_volume_100_20260714,Rohlik,14,chronos2,2467,280,124018.61987304688,39208.92770385742,140.03188465663365,68.72289870464343,0.31615355616756663
source_b_repair_fm_chronos2_m5_rohlik_100,rohlik_top_volume_100_20260714,Rohlik,14,chronos2,2468,280,207317.14988708496,104438.69996643066,372.99535702296663,66.05503144831339,0.5037629546002975
source_b_repair_fm_chronos2_m5_rohlik_100,rohlik_top_volume_100_20260714,Rohlik,14,chronos2,2470,280,261642.5806427002,112294.88591003418,401.05316396440776,57.49504589439115,0.42919193670308725
source_b_repair_fm_chronos2_m5_rohlik_100,rohlik_top_volume_100_20260714,Rohlik,14,chronos2,2560,280,273117.1798400879,50729.89846801758,181.1782088143485,18.10437989507737,0.18574407694792508
source_b_repair_fm_chronos2_m5_rohlik_100,rohlik_top_volume_100_20260714,Rohlik,14,chronos2,2561,280,551515.4985351562,108841.90991210938,388.72110682896204,20.29249914076265,0.19735059159932433
source_b_repair_fm_chronos2_m5_rohlik_100,rohlik_top_volume_100_20260714,Rohlik,14,chronos2,2562,280,501021.64096069336,88008.84921264648,314.3173186165946,17.58456944451104,0.17565877801983215
source_b_repair_fm_chronos2_m5_rohlik_100,rohlik_top_volume_100_20260714,Rohlik,14,chronos2,2563,280,249795.21975708008,47814.15335083008,170.7648333958217,19.451520873140417,0.19141340413690947
source_b_repair_fm_chronos2_m5_rohlik_100,rohlik_top_volume_100_20260714,Rohlik,14,chronos2,2565,280,173654.3897781372,45092.01232147217,161.04290114811488,23.15250985152055,0.25966526028557196
source_b_repair_fm_chronos2_m5_rohlik_100,rohlik_top_volume_100_20260714,Rohlik,14,chronos2,2566,280,138404.21014404297,42618.940002441406,152.21050000871932,27.193989703938325,0.3079309506415023
source_b_repair_fm_chronos2_m5_rohlik_100,rohlik_top_volume_100_20260714,Rohlik,14,chronos2,2694,280,220327.10961914062,28596.676330566406,102.13098689488002,13.918462242442597,0.1297919097654341
source_b_repair_fm_chronos2_m5_rohlik_100,rohlik_top_volume_100_20260714,Rohlik,14,chronos2,2840,280,275601.7402648926,58882.01663208008,210.29291654314315,21.471464774153098,0.2136489289780466
source_b_repair_fm_chronos2_m5_rohlik_100,rohlik_top_volume_100_20260714,Rohlik,14,chronos2,2935,280,193093.2696838379,40180.10055541992,143.50035912649972,20.320331230868412,0.20808648909000807
source_b_repair_fm_chronos2_m5_rohlik_100,rohlik_top_volume_100_20260714,Rohlik,14,chronos2,2936,280,169590.96995544434,24605.831802368164,87.87797072274344,14.534526938426668,0.14508928045421707
source_b_repair_fm_chronos2_m5_rohlik_100,rohlik_top_volume_100_20260714,Rohlik,14,chronos2,2937,280,280813.5494995117,41236.80224609375,147.27429373604912,14.739464865629301,0.14684762298539106
source_b_repair_fm_chronos2_m5_rohlik_100,rohlik_top_volume_100_20260714,Rohlik,14,chronos2,2938,280,168716.07014465332,20455.000442504883,73.053573008946,12.247248537384136,0.12123919449384538
source_b_repair_fm_chronos2_m5_rohlik_100,rohlik_top_volume_100_20260714,Rohlik,14,chronos2,3144,280,503970.9108886719,46338.56555175781,165.4948769705636,9.428313146782594,0.0919469051696797
source_b_repair_fm_chronos2_m5_rohlik_100,rohlik_top_volume_100_20260714,Rohlik,14,chronos2,3145,280,338092.6397705078,28548.704223632812,101.95965794154576,8.650474113782588,0.08444047833461042
source_b_repair_fm_chronos2_m5_rohlik_100,rohlik_top_volume_100_20260714,Rohlik,14,chronos2,3146,280,0.0,3174.620849609375,11.337931605747768,200.0,
source_b_repair_fm_chronos2_m5_rohlik_100,rohlik_top_volume_100_20260714,Rohlik,14,chronos2,3147,280,297310.9501647949,27765.676971435547,99.16313204084123,9.598812190667969,0.09338935197659372
source_b_repair_fm_chronos2_m5_rohlik_100,rohlik_top_volume_100_20260714,Rohlik,14,chronos2,3152,280,129612.94994354248,49917.449043273926,178.2766037259783,38.131173899650136,0.38512701905957114
source_b_repair_fm_chronos2_m5_rohlik_100,rohlik_top_volume_100_20260714,Rohlik,14,chronos2,3155,280,105009.38983726501,49765.46933937073,177.73381906918118,49.21759846268678,0.4739144700916098
source_b_repair_fm_chronos2_m5_rohlik_100,rohlik_top_volume_100_20260714,Rohlik,14,chronos2,3184,280,248360.49018859863,29315.944747924805,104.69980267116001,12.473365496326402,0.11803787601507398
source_b_repair_fm_chronos2_m5_rohlik_100,rohlik_top_volume_100_20260714,Rohlik,14,chronos2,3224,280,81147.24968624115,42758.69354343414,152.7096197979791,57.27304527100454,0.5269272058974546
source_b_repair_fm_chronos2_m5_rohlik_100,rohlik_top_volume_100_20260714,Rohlik,14,chronos2,3225,280,75168.05016422272,46649.160758018494,166.60414556435177,87.6941948564855,0.6205982549248272
source_b_repair_fm_chronos2_m5_rohlik_100,rohlik_top_volume_100_20260714,Rohlik,14,chronos2,3336,280,575708.1196289062,55831.01599121094,199.3964856828962,9.896558152446362,0.09697798951871456
source_b_repair_fm_chronos2_m5_rohlik_100,rohlik_top_volume_100_20260714,Rohlik,14,chronos2,3456,280,256175.78985595703,28677.685821533203,102.42030650547572,12.266857521918471,0.11194533971246129
source_b_repair_fm_chronos2_m5_rohlik_100,rohlik_top_volume_100_20260714,Rohlik,14,chronos2,3616,280,318439.2596435547,40648.28967285156,145.172463117327,13.237244823474228,0.1276484869307612
source_b_repair_fm_chronos2_m5_rohlik_100,rohlik_top_volume_100_20260714,Rohlik,14,chronos2,3617,280,187647.49993896484,22413.447692871094,80.04802747453962,12.385396887572137,0.11944442478669529
source_b_repair_fm_chronos2_m5_rohlik_100,rohlik_top_volume_100_20260714,Rohlik,14,chronos2,3618,280,151499.94006347656,18456.68667602539,65.9167381286621,12.619357899448435,0.12182636289025772
source_b_repair_fm_chronos2_m5_rohlik_100,rohlik_top_volume_100_20260714,Rohlik,14,chronos2,3685,280,112072.23987579346,24218.451652526855,86.49447018759591,22.820397531268227,0.21609679327697467
source_b_repair_fm_chronos2_m5_rohlik_100,rohlik_top_volume_100_20260714,Rohlik,14,chronos2,3686,280,139290.15993404388,26658.386422157288,95.20852293627603,19.661650638399493,0.19138743493998758
source_b_repair_fm_chronos2_m5_rohlik_100,rohlik_top_volume_100_20260714,Rohlik,14,chronos2,3871,280,143374.5302658081,30803.12277984619,110.01115278516497,20.164839330097113,0.21484375727501237
source_b_repair_fm_chronos2_m5_rohlik_100,rohlik_top_volume_100_20260714,Rohlik,14,chronos2,4172,280,260753.42961120605,59485.56538391113,212.4484477996826,76.70056521471209,0.22812956083686617
source_b_repair_fm_chronos2_m5_rohlik_100,rohlik_top_volume_100_20260714,Rohlik,14,chronos2,4227,280,112724.54960632324,40092.08354187012,143.18601264953614,37.779214306303615,0.3556641714860413
source_b_repair_fm_chronos2_m5_rohlik_100,rohlik_top_volume_100_20260714,Rohlik,14,chronos2,4228,280,206421.50966644287,70166.47443389893,250.59455154963902,40.915867618310614,0.33991842491260305
source_b_repair_fm_chronos2_m5_rohlik_100,rohlik_top_volume_100_20260714,Rohlik,14,chronos2,4229,280,121289.81995391846,40377.03018951416,144.20367924826485,41.32311615664769,0.33289710715090987
source_b_repair_fm_chronos2_m5_rohlik_100,rohlik_top_volume_100_20260714,Rohlik,14,chronos2,4230,280,193655.57107543945,78442.17367553711,280.1506202697754,46.101390503887075,0.4050602481504629
source_b_repair_fm_chronos2_m5_rohlik_100,rohlik_top_volume_100_20260714,Rohlik,14,chronos2,4523,280,171175.77983093262,16011.051620483398,57.18232721601214,9.344312343789774,0.09353573055894496
source_b_repair_fm_chronos2_m5_rohlik_100,rohlik_top_volume_100_20260714,Rohlik,14,chronos2,4720,280,4037897.0986328125,379970.1806640625,1357.0363595145088,9.74420411242578,0.09410100638590226
source_b_repair_fm_chronos2_m5_rohlik_100,rohlik_top_volume_100_20260714,Rohlik,14,chronos2,4793,280,575034.4410400391,92852.24926757812,331.6151759556362,16.01136328401673,0.16147250084645437
source_b_repair_fm_chronos2_m5_rohlik_100,rohlik_top_volume_100_20260714,Rohlik,14,chronos2,4877,280,279479.92053222656,30848.371643066406,110.17275586809431,11.662102654182593,0.11037777449027616
source_b_repair_fm_chronos2_m5_rohlik_100,rohlik_top_volume_100_20260714,Rohlik,14,chronos2,4878,280,173437.76989746094,24779.998779296875,88.49999564034599,14.50514418384397,0.14287544629954127
source_b_repair_fm_chronos2_m5_rohlik_100,rohlik_top_volume_100_20260714,Rohlik,14,chronos2,4879,280,637516.419921875,67651.33752441406,241.61191973005023,11.242764863184934,0.10611701190802969
source_b_repair_fm_chronos2_m5_rohlik_100,rohlik_top_volume_100_20260714,Rohlik,14,chronos2,4883,280,1313540.4802246094,135441.96606445312,483.7213073730469,10.439647813445571,0.10311213708563681
source_b_repair_fm_chronos2_m5_rohlik_100,rohlik_top_volume_100_20260714,Rohlik,14,chronos2,4884,280,1460296.7197265625,149678.91650390625,534.5675589425223,10.098760519617342,0.10249897468230519
source_b_repair_fm_chronos2_m5_rohlik_100,rohlik_top_volume_100_20260714,Rohlik,14,chronos2,4885,280,2587560.158203125,286246.72021484375,1022.3097150530134,10.957334851865319,0.11062417981177357
source_b_repair_fm_chronos2_m5_rohlik_100,rohlik_top_volume_100_20260714,Rohlik,14,chronos2,4965,280,209354.80053710938,53359.86444091797,190.57094443184988,21.946757869333446,0.2548776732323347
source_b_repair_fm_chronos2_m5_rohlik_100,rohlik_top_volume_100_20260714,Rohlik,14,chronos2,4966,280,114273.84986877441,30025.018997192383,107.2322107042585,22.603707618102405,0.2627461928662717
source_b_repair_fm_chronos2_m5_rohlik_100,rohlik_top_volume_100_20260714,Rohlik,14,chronos2,4967,280,217679.2293624878,64430.47620391846,230.10884358542307,27.2011287279876,0.29598816750966334
source_b_repair_fm_chronos2_m5_rohlik_100,rohlik_top_volume_100_20260714,Rohlik,14,chronos2,4968,280,132231.52013397217,36869.67694854736,131.67741767338345,24.138361121393817,0.27882668906167263
source_b_repair_fm_chronos2_m5_rohlik_100,rohlik_top_volume_100_20260714,Rohlik,14,chronos2,5164,280,145507.20980644226,47586.71563911438,169.95255585397993,39.5805069196782,0.3270402593961877
source_b_repair_fm_chronos2_m5_rohlik_100,rohlik_top_volume_100_20260714,Rohlik,14,chronos2,5166,280,112630.67004394531,44046.89343261719,157.31033368791853,50.2978863898038,0.39107370501686023
source_b_repair_fm_chronos2_m5_rohlik_100,rohlik_top_volume_100_20260714,Rohlik,14,chronos2,5277,280,151712.34029006958,39881.5262260437,142.43402223587037,26.406251461984493,0.26287595425521343
source_b_repair_fm_chronos2_m5_rohlik_100,rohlik_top_volume_100_20260714,Rohlik,14,chronos2,5278,280,174989.42964935303,46238.89139556885,165.13889784131732,29.095941938509274,0.26423819706266355
source_b_repair_fm_chronos2_m5_rohlik_100,rohlik_top_volume_100_20260714,Rohlik,14,chronos2,5293,280,239707.89004516602,37480.5168762207,133.85898884364536,15.100121091173966,0.15635912889291456
source_b_repair_fm_chronos2_m5_rohlik_100,rohlik_top_volume_100_20260714,Rohlik,14,chronos2,5294,280,224627.77935791016,42945.619049072266,153.37721088954382,17.926963139243533,0.19118569916788858
source_b_repair_fm_chronos2_m5_rohlik_100,rohlik_top_volume_100_20260714,Rohlik,14,chronos2,5295,280,163282.1696624756,18073.17710876465,64.5470611027309,10.956369973515688,0.11068677704445096
source_b_repair_fm_chronos2_m5_rohlik_100,rohlik_top_volume_100_20260714,Rohlik,14,chronos2,5296,280,156334.580368042,21525.796310424805,76.87784396580287,13.362594285287734,0.13769056250862027
source_b_repair_fm_chronos2_m5_rohlik_100,rohlik_top_volume_100_20260714,Rohlik,14,chronos2,5347,280,131796.05020141602,39969.61361694336,142.748620060512,30.41556648347756,0.3032686757748824
source_b_repair_fm_chronos2_m5_rohlik_100,rohlik_top_volume_100_20260714,Rohlik,14,chronos2,5350,280,186111.16989898682,52611.86122894287,187.89950438908167,29.0243984350233,0.28269050835314363
source_b_repair_fm_chronos2_m5_rohlik_100,rohlik_top_volume_100_20260714,Rohlik,28,chronos2,80,280,65024.250061035156,11131.445495605469,39.755162484305245,17.056597389198412,0.1711891407460588
source_b_repair_fm_chronos2_m5_rohlik_100,rohlik_top_volume_100_20260714,Rohlik,28,chronos2,139,280,704992.3494262695,119288.29522705078,426.02962581089565,16.78620348682518,0.16920509183415805
source_b_repair_fm_chronos2_m5_rohlik_100,rohlik_top_volume_100_20260714,Rohlik,28,chronos2,393,280,347206.3200683594,131053.50018310547,468.0482149396624,34.102563378879545,0.377451367121725
source_b_repair_fm_chronos2_m5_rohlik_100,rohlik_top_volume_100_20260714,Rohlik,28,chronos2,394,280,239137.44957733154,105958.04880523682,378.4216028758458,41.73513330207702,0.4430842973048118
source_b_repair_fm_chronos2_m5_rohlik_100,rohlik_top_volume_100_20260714,Rohlik,28,chronos2,524,280,267690.19955444336,51625.10208129883,184.37536457606726,16.793888664680015,0.192853911600896
source_b_repair_fm_chronos2_m5_rohlik_100,rohlik_top_volume_100_20260714,Rohlik,28,chronos2,525,280,531616.6622314453,103903.90454101562,371.08537336077006,16.96057324175699,0.19544892386345086
source_b_repair_fm_chronos2_m5_rohlik_100,rohlik_top_volume_100_20260714,Rohlik,28,chronos2,526,280,338197.9295654297,51540.227783203125,184.0722420828683,14.842826187346308,0.1523966390019897
source_b_repair_fm_chronos2_m5_rohlik_100,rohlik_top_volume_100_20260714,Rohlik,28,chronos2,539,280,193128.92993927002,30564.19441986084,109.15783721378871,16.03554305974956,0.15825798045622602
source_b_repair_fm_chronos2_m5_rohlik_100,rohlik_top_volume_100_20260714,Rohlik,28,chronos2,619,280,111035.18016052246,84307.1273803711,301.09688350132535,102.04987644883445,0.7592830241594521
source_b_repair_fm_chronos2_m5_rohlik_100,rohlik_top_volume_100_20260714,Rohlik,28,chronos2,652,280,906449.6130943298,239424.08783340454,855.0860279764448,26.593327416758545,0.26413391806312
source_b_repair_fm_chronos2_m5_rohlik_100,rohlik_top_volume_100_20260714,Rohlik,28,chronos2,653,280,742757.7571563721,229489.4446258545,819.6051593780518,31.58309667766432,0.30896943507456404
source_b_repair_fm_chronos2_m5_rohlik_100,rohlik_top_volume_100_20260714,Rohlik,28,chronos2,654,280,465967.79803466797,130762.53741455078,467.0090621948242,27.964485575109894,0.28062569552246625
source_b_repair_fm_chronos2_m5_rohlik_100,rohlik_top_volume_100_20260714,Rohlik,28,chronos2,655,280,569343.7183532715,151980.43338012695,542.787262071882,27.338047192034605,0.26693968595930795
source_b_repair_fm_chronos2_m5_rohlik_100,rohlik_top_volume_100_20260714,Rohlik,28,chronos2,888,280,161351.10961914062,42694.6770324707,152.4809894016811,38.42716189610698,0.2646072725080656
source_b_repair_fm_chronos2_m5_rohlik_100,rohlik_top_volume_100_20260714,Rohlik,28,chronos2,890,280,151037.71043395996,52235.96501159668,186.55701789855956,61.65574660075151,0.34584717195138126
source_b_repair_fm_chronos2_m5_rohlik_100,rohlik_top_volume_100_20260714,Rohlik,28,chronos2,912,280,138695.33001708984,50334.18998718262,179.7649642399379,37.32563725820724,0.3629119306394852
source_b_repair_fm_chronos2_m5_rohlik_100,rohlik_top_volume_100_20260714,Rohlik,28,chronos2,1032,280,313453.1592102051,41167.53549194336,147.0269124712263,14.008455466420532,0.1313355258427495
source_b_repair_fm_chronos2_m5_rohlik_100,rohlik_top_volume_100_20260714,Rohlik,28,chronos2,1266,280,151124.2797088623,24299.515365600586,86.78398344857352,15.108310590850635,0.16079160418440427
source_b_repair_fm_chronos2_m5_rohlik_100,rohlik_top_volume_100_20260714,Rohlik,28,chronos2,1269,280,140353.15000152588,19172.31940460205,68.47256930215018,13.771539652191978,0.1366005636809264
source_b_repair_fm_chronos2_m5_rohlik_100,rohlik_top_volume_100_20260714,Rohlik,28,chronos2,1270,280,132543.56005859375,29320.416946411133,104.71577480861119,21.60850022199785,0.2212134405734191
source_b_repair_fm_chronos2_m5_rohlik_100,rohlik_top_volume_100_20260714,Rohlik,28,chronos2,1391,280,221225.1198425293,32168.315368652344,114.8868406023298,15.465031979359988,0.14540986752114832
source_b_repair_fm_chronos2_m5_rohlik_100,rohlik_top_volume_100_20260714,Rohlik,28,chronos2,1405,280,126042.9401473999,43172.479316711426,154.18742613111223,30.213583695013302,0.3425219950139509
source_b_repair_fm_chronos2_m5_rohlik_100,rohlik_top_volume_100_20260714,Rohlik,28,chronos2,1408,280,207613.20947265625,52755.808837890625,188.4136029924665,22.581600108329173,0.2541062246082123
source_b_repair_fm_chronos2_m5_rohlik_100,rohlik_top_volume_100_20260714,Rohlik,28,chronos2,1413,280,289053.51054000854,64414.9923286438,230.0535440308707,22.808315940956113,0.22284798481881082
source_b_repair_fm_chronos2_m5_rohlik_100,rohlik_top_volume_100_20260714,Rohlik,28,chronos2,1640,280,120672.08973693848,30659.682907104492,109.49886752537319,24.697915912748343,0.25407435119373234
source_b_repair_fm_chronos2_m5_rohlik_100,rohlik_top_volume_100_20260714,Rohlik,28,chronos2,1671,280,141476.37020874023,34057.43356323242,121.63369129725865,25.476380416502753,0.24072877691859523
source_b_repair_fm_chronos2_m5_rohlik_100,rohlik_top_volume_100_20260714,Rohlik,28,chronos2,1672,280,151003.13999176025,29649.611198425293,105.89146856580462,19.558490622455118,0.19635095800023214
source_b_repair_fm_chronos2_m5_rohlik_100,rohlik_top_volume_100_20260714,Rohlik,28,chronos2,1925,280,145504.06002807617,55067.51110839844,196.66968252999442,136.82517244976418,0.3784603061782106
source_b_repair_fm_chronos2_m5_rohlik_100,rohlik_top_volume_100_20260714,Rohlik,28,chronos2,1927,280,138158.75009334087,20443.454160809517,73.01233628860541,40.841086021420864,0.14797075210218533
source_b_repair_fm_chronos2_m5_rohlik_100,rohlik_top_volume_100_20260714,Rohlik,28,chronos2,2127,280,224514.65948486328,99106.65310668945,353.9523325238909,40.32673229629935,0.44142620056117626
source_b_repair_fm_chronos2_m5_rohlik_100,rohlik_top_volume_100_20260714,Rohlik,28,chronos2,2129,280,201146.12992095947,107298.85216522217,383.21018630436487,52.54991485947739,0.5334373184678489
source_b_repair_fm_chronos2_m5_rohlik_100,rohlik_top_volume_100_20260714,Rohlik,28,chronos2,2159,280,205632.91958618164,28636.13265991211,102.27190235682896,14.718951600928573,0.13925850353892671
source_b_repair_fm_chronos2_m5_rohlik_100,rohlik_top_volume_100_20260714,Rohlik,28,chronos2,2160,280,155848.88995361328,19622.728302001953,70.08117250714983,13.16368252807746,0.1259086818510061
source_b_repair_fm_chronos2_m5_rohlik_100,rohlik_top_volume_100_20260714,Rohlik,28,chronos2,2161,280,119318.8002319336,15454.464233398438,55.19451511928013,13.558206144980211,0.1295224575117905
source_b_repair_fm_chronos2_m5_rohlik_100,rohlik_top_volume_100_20260714,Rohlik,28,chronos2,2216,280,279236.34016418457,31002.60252380371,110.7235804421561,11.53134486917139,0.11102638899211646
source_b_repair_fm_chronos2_m5_rohlik_100,rohlik_top_volume_100_20260714,Rohlik,28,chronos2,2217,280,274926.85957336426,28037.081466674805,100.13243380955288,10.439257842692715,0.10198014668404237
source_b_repair_fm_chronos2_m5_rohlik_100,rohlik_top_volume_100_20260714,Rohlik,28,chronos2,2218,280,126590.24021148682,13968.383750915527,49.88708482469831,11.47395719905316,0.1103432912962277
source_b_repair_fm_chronos2_m5_rohlik_100,rohlik_top_volume_100_20260714,Rohlik,28,chronos2,2274,280,151934.1999359131,53447.7410736084,190.88478954860142,45.402020402797575,0.3517821602782851
source_b_repair_fm_chronos2_m5_rohlik_100,rohlik_top_volume_100_20260714,Rohlik,28,chronos2,2275,280,108671.41033172607,40891.51158905029,146.04111281803677,48.20080815159902,0.3762858277464742
source_b_repair_fm_chronos2_m5_rohlik_100,rohlik_top_volume_100_20260714,Rohlik,28,chronos2,2325,280,218676.69919586182,41792.63695526123,149.25941769736153,20.468525386371994,0.19111609562859225
source_b_repair_fm_chronos2_m5_rohlik_100,rohlik_top_volume_100_20260714,Rohlik,28,chronos2,2467,280,124018.61987304688,40901.39904785156,146.07642517089843,68.49619695110934,0.32980046939500507
source_b_repair_fm_chronos2_m5_rohlik_100,rohlik_top_volume_100_20260714,Rohlik,28,chronos2,2468,280,207317.14988708496,104549.5765838623,373.3913449423654,65.66083039179318,0.5042977710276507
source_b_repair_fm_chronos2_m5_rohlik_100,rohlik_top_volume_100_20260714,Rohlik,28,chronos2,2470,280,261642.5806427002,111077.63624572754,396.7058437347412,56.91231576940267,0.4245395989172552
source_b_repair_fm_chronos2_m5_rohlik_100,rohlik_top_volume_100_20260714,Rohlik,28,chronos2,2560,280,273117.1798400879,51894.6735534668,185.33811983381,18.519895383860828,0.1900088217952877
source_b_repair_fm_chronos2_m5_rohlik_100,rohlik_top_volume_100_20260714,Rohlik,28,chronos2,2561,280,551515.4985351562,106259.9931640625,379.4999755859375,19.78098955536236,0.1926690971446725
source_b_repair_fm_chronos2_m5_rohlik_100,rohlik_top_volume_100_20260714,Rohlik,28,chronos2,2562,280,501021.64096069336,88192.6008605957,314.9735745021275,17.505854500155895,0.17602553193408801
source_b_repair_fm_chronos2_m5_rohlik_100,rohlik_top_volume_100_20260714,Rohlik,28,chronos2,2563,280,249795.21975708008,48597.39376831055,173.5621206011091,19.68903791399792,0.19454893418525127
source_b_repair_fm_chronos2_m5_rohlik_100,rohlik_top_volume_100_20260714,Rohlik,28,chronos2,2565,280,173654.3897781372,45324.06923675537,161.8716758455549,23.578652295226814,0.26100157499422794
source_b_repair_fm_chronos2_m5_rohlik_100,rohlik_top_volume_100_20260714,Rohlik,28,chronos2,2566,280,138404.21014404297,41315.57621765137,147.55562934875488,26.25932238122857,0.2985138687230146
source_b_repair_fm_chronos2_m5_rohlik_100,rohlik_top_volume_100_20260714,Rohlik,28,chronos2,2694,280,220327.10961914062,28518.593505859375,101.85211966378348,13.899079356833477,0.12943751477136367
source_b_repair_fm_chronos2_m5_rohlik_100,rohlik_top_volume_100_20260714,Rohlik,28,chronos2,2840,280,275601.7402648926,60541.66052246094,216.2202161516462,22.029102111090094,0.21967082088912707
source_b_repair_fm_chronos2_m5_rohlik_100,rohlik_top_volume_100_20260714,Rohlik,28,chronos2,2935,280,193093.2696838379,48808.8180847168,174.31720744541713,24.76651999185043,0.25277327461818905
source_b_repair_fm_chronos2_m5_rohlik_100,rohlik_top_volume_100_20260714,Rohlik,28,chronos2,2936,280,169590.96995544434,26493.745040893555,94.62051800319126,15.743468280801586,0.15622143707211594
source_b_repair_fm_chronos2_m5_rohlik_100,rohlik_top_volume_100_20260714,Rohlik,28,chronos2,2937,280,280813.5494995117,45349.235595703125,161.96155569893972,16.294610019455984,0.16149233424287449
source_b_repair_fm_chronos2_m5_rohlik_100,rohlik_top_volume_100_20260714,Rohlik,28,chronos2,2938,280,168716.07014465332,21261.34925842285,75.93339020865304,12.685007396331512,0.12601851880614487
source_b_repair_fm_chronos2_m5_rohlik_100,rohlik_top_volume_100_20260714,Rohlik,28,chronos2,3144,280,503970.9108886719,49605.286376953125,177.16173706054687,10.082557949366446,0.09842886822471987
source_b_repair_fm_chronos2_m5_rohlik_100,rohlik_top_volume_100_20260714,Rohlik,28,chronos2,3145,280,338092.6397705078,28970.989379882812,103.46781921386719,8.753212567359538,0.08568950036755572
source_b_repair_fm_chronos2_m5_rohlik_100,rohlik_top_volume_100_20260714,Rohlik,28,chronos2,3146,280,0.0,2573.822021484375,9.192221505301339,200.0,
source_b_repair_fm_chronos2_m5_rohlik_100,rohlik_top_volume_100_20260714,Rohlik,28,chronos2,3147,280,297310.9501647949,29218.012176513672,104.35004348754883,10.104937738029994,0.09827425515379966
source_b_repair_fm_chronos2_m5_rohlik_100,rohlik_top_volume_100_20260714,Rohlik,28,chronos2,3152,280,129612.94994354248,49266.26126861572,175.950933102199,37.10471673103354,0.38010292405253787
source_b_repair_fm_chronos2_m5_rohlik_100,rohlik_top_volume_100_20260714,Rohlik,28,chronos2,3155,280,105009.38983726501,49499.63532447815,176.78441187313624,47.414815359554346,0.4713829439556657
source_b_repair_fm_chronos2_m5_rohlik_100,rohlik_top_volume_100_20260714,Rohlik,28,chronos2,3184,280,248360.49018859863,32282.752059936523,115.29554307120186,13.67770961294396,0.1299834447718388
source_b_repair_fm_chronos2_m5_rohlik_100,rohlik_top_volume_100_20260714,Rohlik,28,chronos2,3224,280,81147.24968624115,45539.92612552643,162.64259330545153,59.3714214173226,0.5612011041853944
source_b_repair_fm_chronos2_m5_rohlik_100,rohlik_top_volume_100_20260714,Rohlik,28,chronos2,3225,280,75168.05016422272,50972.93355464935,182.04619126660484,93.96497092487473,0.6781196724311286
source_b_repair_fm_chronos2_m5_rohlik_100,rohlik_top_volume_100_20260714,Rohlik,28,chronos2,3336,280,575708.1196289062,62277.620849609375,222.42007446289062,11.041510532531877,0.10817568612676975
source_b_repair_fm_chronos2_m5_rohlik_100,rohlik_top_volume_100_20260714,Rohlik,28,chronos2,3456,280,256175.78985595703,29725.51840209961,106.16256572178432,12.694919193450138,0.11603562701539331
source_b_repair_fm_chronos2_m5_rohlik_100,rohlik_top_volume_100_20260714,Rohlik,28,chronos2,3616,280,318439.2596435547,44023.62951660156,157.227248273577,14.236109671002259,0.13824812168537087
source_b_repair_fm_chronos2_m5_rohlik_100,rohlik_top_volume_100_20260714,Rohlik,28,chronos2,3617,280,187647.49993896484,23157.79327392578,82.70640454973493,12.797857624887515,0.12341114739849025
source_b_repair_fm_chronos2_m5_rohlik_100,rohlik_top_volume_100_20260714,Rohlik,28,chronos2,3618,280,151499.94006347656,18866.78692626953,67.38138187953405,12.876172504576717,0.12453329630602221
source_b_repair_fm_chronos2_m5_rohlik_100,rohlik_top_volume_100_20260714,Rohlik,28,chronos2,3685,280,112072.23987579346,24187.03737640381,86.38227634429931,22.99942877344232,0.21581648946438145
source_b_repair_fm_chronos2_m5_rohlik_100,rohlik_top_volume_100_20260714,Rohlik,28,chronos2,3686,280,139290.15993404388,27717.072548866272,98.98954481737954,20.524854259495804,0.19898801582244394
source_b_repair_fm_chronos2_m5_rohlik_100,rohlik_top_volume_100_20260714,Rohlik,28,chronos2,3871,280,143374.5302658081,34882.01853179932,124.57863761356899,22.882407811209617,0.24329299260566062
source_b_repair_fm_chronos2_m5_rohlik_100,rohlik_top_volume_100_20260714,Rohlik,28,chronos2,4172,280,260753.42961120605,73917.66456604004,263.9916591644287,82.66147511976007,0.2834772477441784
source_b_repair_fm_chronos2_m5_rohlik_100,rohlik_top_volume_100_20260714,Rohlik,28,chronos2,4227,280,112724.54960632324,43020.57585144043,153.6449137551444,40.11909181191746,0.3816433598686759
source_b_repair_fm_chronos2_m5_rohlik_100,rohlik_top_volume_100_20260714,Rohlik,28,chronos2,4228,280,206421.50966644287,78223.7661819458,279.37059350694926,49.4031262452813,0.3789516233475272
source_b_repair_fm_chronos2_m5_rohlik_100,rohlik_top_volume_100_20260714,Rohlik,28,chronos2,4229,280,121289.81995391846,45734.179039001465,163.33635371071952,50.25253956279177,0.37706527271931983
source_b_repair_fm_chronos2_m5_rohlik_100,rohlik_top_volume_100_20260714,Rohlik,28,chronos2,4230,280,193655.57107543945,86217.39486694336,307.9192673819406,50.916060626477744,0.44520999002583284
source_b_repair_fm_chronos2_m5_rohlik_100,rohlik_top_volume_100_20260714,Rohlik,28,chronos2,4523,280,171175.77983093262,16400.516006469727,58.57327145167759,9.595541538399493,0.09581096123919071
source_b_repair_fm_chronos2_m5_rohlik_100,rohlik_top_volume_100_20260714,Rohlik,28,chronos2,4720,280,4037897.0986328125,425696.529296875,1520.3447474888392,10.879026870168504,0.10542530403783969
source_b_repair_fm_chronos2_m5_rohlik_100,rohlik_top_volume_100_20260714,Rohlik,28,chronos2,4793,280,575034.4410400391,83787.48278808594,299.24100995744976,14.715849871392065,0.14570863379338334
source_b_repair_fm_chronos2_m5_rohlik_100,rohlik_top_volume_100_20260714,Rohlik,28,chronos2,4877,280,279479.92053222656,31781.607177734375,113.50573992047991,11.96280101651402,0.1137169608364393
source_b_repair_fm_chronos2_m5_rohlik_100,rohlik_top_volume_100_20260714,Rohlik,28,chronos2,4878,280,173437.76989746094,26382.585388183594,94.22351924351284,15.55106737812379,0.15211557092657144
source_b_repair_fm_chronos2_m5_rohlik_100,rohlik_top_volume_100_20260714,Rohlik,28,chronos2,4879,280,637516.419921875,74348.26025390625,265.52950090680804,12.33276471838422,0.1166217181716156
source_b_repair_fm_chronos2_m5_rohlik_100,rohlik_top_volume_100_20260714,Rohlik,28,chronos2,4883,280,1313540.4802246094,146652.95190429688,523.760542515346,11.341532456601305,0.11164707453798446
source_b_repair_fm_chronos2_m5_rohlik_100,rohlik_top_volume_100_20260714,Rohlik,28,chronos2,4884,280,1460296.7197265625,159864.3984375,570.9442801339286,10.831797067627448,0.1094739146352628
source_b_repair_fm_chronos2_m5_rohlik_100,rohlik_top_volume_100_20260714,Rohlik,28,chronos2,4885,280,2587560.158203125,315693.86962890625,1127.4781058175224,12.190653825929495,0.12200445606185752
source_b_repair_fm_chronos2_m5_rohlik_100,rohlik_top_volume_100_20260714,Rohlik,28,chronos2,4965,280,209354.80053710938,54618.69024658203,195.06675088065012,22.58871872258551,0.2608905556808598
source_b_repair_fm_chronos2_m5_rohlik_100,rohlik_top_volume_100_20260714,Rohlik,28,chronos2,4966,280,114273.84986877441,31255.68035888672,111.62742985316686,23.76832702490559,0.27351559779231177
source_b_repair_fm_chronos2_m5_rohlik_100,rohlik_top_volume_100_20260714,Rohlik,28,chronos2,4967,280,217679.2293624878,63717.37198638916,227.5620428085327,26.79239551597409,0.2927122269451099
source_b_repair_fm_chronos2_m5_rohlik_100,rohlik_top_volume_100_20260714,Rohlik,28,chronos2,4968,280,132231.52013397217,38728.29674530029,138.3153455189296,25.812898140942792,0.29288248903182984
source_b_repair_fm_chronos2_m5_rohlik_100,rohlik_top_volume_100_20260714,Rohlik,28,chronos2,5164,280,145507.20980644226,47458.445039749146,169.49444657053266,39.68729390190353,0.32615871820289655
source_b_repair_fm_chronos2_m5_rohlik_100,rohlik_top_volume_100_20260714,Rohlik,28,chronos2,5166,280,112630.67004394531,46711.085693359375,166.82530604771205,54.033435878567225,0.4147279393360088
source_b_repair_fm_chronos2_m5_rohlik_100,rohlik_top_volume_100_20260714,Rohlik,28,chronos2,5277,280,151712.34029006958,40773.27674484253,145.61884551729474,27.243121977054084,0.2687538579055943
source_b_repair_fm_chronos2_m5_rohlik_100,rohlik_top_volume_100_20260714,Rohlik,28,chronos2,5278,280,174989.42964935303,47390.48401641846,169.2517286300659,29.771070680338436,0.270819123825824
source_b_repair_fm_chronos2_m5_rohlik_100,rohlik_top_volume_100_20260714,Rohlik,28,chronos2,5293,280,239707.89004516602,40573.06546020508,144.90380521501814,16.501570831529907,0.16926045051149655
source_b_repair_fm_chronos2_m5_rohlik_100,rohlik_top_volume_100_20260714,Rohlik,28,chronos2,5294,280,224627.77935791016,48648.40280151367,173.74429571969168,20.57117324986898,0.21657340396888244
source_b_repair_fm_chronos2_m5_rohlik_100,rohlik_top_volume_100_20260714,Rohlik,28,chronos2,5295,280,163282.1696624756,18570.4063873291,66.3228799547468,11.27933306913693,0.11373199183791118
source_b_repair_fm_chronos2_m5_rohlik_100,rohlik_top_volume_100_20260714,Rohlik,28,chronos2,5296,280,156334.580368042,22785.81153869629,81.37789835248675,14.154680974293948,0.14575029711951162
source_b_repair_fm_chronos2_m5_rohlik_100,rohlik_top_volume_100_20260714,Rohlik,28,chronos2,5347,280,131796.05020141602,40774.843505859375,145.6244410923549,31.013912846535018,0.3093783420940584
source_b_repair_fm_chronos2_m5_rohlik_100,rohlik_top_volume_100_20260714,Rohlik,28,chronos2,5350,280,186111.16989898682,53653.2094039917,191.61860501425608,29.634002125705823,0.2882858102128549
