run_id,panel_id,dataset,horizon,model_name,series_id,n_predictions,abs_y,abs_error,MAE,sMAPE,WAPE
source_b_v1_7_tirex_batched_m5_rohlik_100,m5_top_volume_100_20260714,M5,7,tirex,FOODS_1_218_TX_2_validation,378,5582.0,2212.005829811096,5.8518672746325295,44.1548023419178,0.39627478140650235
source_b_v1_7_tirex_batched_m5_rohlik_100,m5_top_volume_100_20260714,M5,7,tirex,FOODS_2_197_CA_1_validation,378,6349.0,2008.6702604293823,5.3139424879084185,34.954142089373825,0.31637584823269527
source_b_v1_7_tirex_batched_m5_rohlik_100,m5_top_volume_100_20260714,M5,7,tirex,FOODS_2_197_CA_3_validation,378,5223.0,1456.0401725769043,3.851958128510329,29.80966620123276,0.2787746836256757
source_b_v1_7_tirex_batched_m5_rohlik_100,m5_top_volume_100_20260714,M5,7,tirex,FOODS_2_276_CA_3_validation,378,3143.0,1315.4021787643433,3.479899943821014,46.80644745017401,0.4185180333325941
source_b_v1_7_tirex_batched_m5_rohlik_100,m5_top_volume_100_20260714,M5,7,tirex,FOODS_2_360_CA_3_validation,378,4857.0,2169.4268827438354,5.739224557523374,87.89274515174186,0.44665984820750165
source_b_v1_7_tirex_batched_m5_rohlik_100,m5_top_volume_100_20260714,M5,7,tirex,FOODS_2_360_TX_3_validation,378,3979.0,1807.731514930725,4.782358505107738,102.51367515831716,0.4543180484872393
source_b_v1_7_tirex_batched_m5_rohlik_100,m5_top_volume_100_20260714,M5,7,tirex,FOODS_2_360_WI_2_validation,378,10631.0,5180.862358093262,13.705985074320798,110.76035369390043,0.4873353737271434
source_b_v1_7_tirex_batched_m5_rohlik_100,m5_top_volume_100_20260714,M5,7,tirex,FOODS_3_007_WI_2_validation,378,8464.0,7265.811189651489,19.22172272394574,141.4268387620761,0.8584370498170474
source_b_v1_7_tirex_batched_m5_rohlik_100,m5_top_volume_100_20260714,M5,7,tirex,FOODS_3_030_TX_2_validation,378,5036.0,1635.1103868484497,4.325688854096428,78.21866356438267,0.3246843500493347
source_b_v1_7_tirex_batched_m5_rohlik_100,m5_top_volume_100_20260714,M5,7,tirex,FOODS_3_030_TX_3_validation,378,5820.0,1870.5035381317139,4.948422058549507,79.85606833973955,0.3213923605037309
source_b_v1_7_tirex_batched_m5_rohlik_100,m5_top_volume_100_20260714,M5,7,tirex,FOODS_3_080_CA_1_validation,378,6869.0,1914.8376026153564,5.065707943426869,28.48231469082945,0.27876511902975054
source_b_v1_7_tirex_batched_m5_rohlik_100,m5_top_volume_100_20260714,M5,7,tirex,FOODS_3_080_TX_2_validation,378,6590.0,1470.1213512420654,3.889209923920808,23.143014143809083,0.2230836648318764
source_b_v1_7_tirex_batched_m5_rohlik_100,m5_top_volume_100_20260714,M5,7,tirex,FOODS_3_090_CA_1_validation,378,18773.0,6090.64754486084,16.112824192753546,59.76893239632227,0.32443656021205136
source_b_v1_7_tirex_batched_m5_rohlik_100,m5_top_volume_100_20260714,M5,7,tirex,FOODS_3_090_CA_2_validation,378,14152.0,4583.189854621887,12.124840885243088,62.90283066166008,0.32385456858549233
source_b_v1_7_tirex_batched_m5_rohlik_100,m5_top_volume_100_20260714,M5,7,tirex,FOODS_3_090_CA_3_validation,378,36819.0,10036.522941589355,26.551647993622634,49.74440492804368,0.2725908618264851
source_b_v1_7_tirex_batched_m5_rohlik_100,m5_top_volume_100_20260714,M5,7,tirex,FOODS_3_090_CA_4_validation,378,9660.0,3023.118103981018,7.997666941748725,59.805950166497645,0.31295218467712405
source_b_v1_7_tirex_batched_m5_rohlik_100,m5_top_volume_100_20260714,M5,7,tirex,FOODS_3_090_TX_1_validation,378,16993.0,4939.241214752197,13.066775700402639,57.354574058320416,0.290663285750144
source_b_v1_7_tirex_batched_m5_rohlik_100,m5_top_volume_100_20260714,M5,7,tirex,FOODS_3_090_TX_2_validation,378,19339.0,5927.724582672119,15.681811065270157,58.85226370415513,0.306516602858065
source_b_v1_7_tirex_batched_m5_rohlik_100,m5_top_volume_100_20260714,M5,7,tirex,FOODS_3_090_TX_3_validation,378,21770.0,6742.886770248413,17.838324789016966,60.99239373166914,0.3097329706131563
source_b_v1_7_tirex_batched_m5_rohlik_100,m5_top_volume_100_20260714,M5,7,tirex,FOODS_3_090_WI_3_validation,378,23889.0,6720.309177398682,17.77859570740392,57.144414910459815,0.2813139594540869
source_b_v1_7_tirex_batched_m5_rohlik_100,m5_top_volume_100_20260714,M5,7,tirex,FOODS_3_099_TX_2_validation,378,5210.0,1719.5926837921143,4.549186994159032,76.94143091749281,0.3300561773113463
source_b_v1_7_tirex_batched_m5_rohlik_100,m5_top_volume_100_20260714,M5,7,tirex,FOODS_3_120_CA_1_validation,378,15279.0,6563.766786575317,17.3644623983474,69.32632260373303,0.42959400396461267
source_b_v1_7_tirex_batched_m5_rohlik_100,m5_top_volume_100_20260714,M5,7,tirex,FOODS_3_120_CA_3_validation,378,31365.0,7073.477191925049,18.71290262414034,30.406722877991466,0.22552135156783193
source_b_v1_7_tirex_batched_m5_rohlik_100,m5_top_volume_100_20260714,M5,7,tirex,FOODS_3_120_WI_3_validation,378,12400.0,4098.206442832947,10.841815986330547,43.355957799620874,0.3305005195833022
source_b_v1_7_tirex_batched_m5_rohlik_100,m5_top_volume_100_20260714,M5,7,tirex,FOODS_3_202_CA_3_validation,378,7882.0,2467.8798265457153,6.5287826099093,54.301964946788715,0.3131032512745135
source_b_v1_7_tirex_batched_m5_rohlik_100,m5_top_volume_100_20260714,M5,7,tirex,FOODS_3_202_TX_1_validation,378,8044.0,2729.432702064514,7.2207214340331065,67.19732531874703,0.3393128669896214
source_b_v1_7_tirex_batched_m5_rohlik_100,m5_top_volume_100_20260714,M5,7,tirex,FOODS_3_202_TX_2_validation,378,7798.0,3265.4188270568848,8.638674145653134,71.93091939514737,0.41875081136918246
source_b_v1_7_tirex_batched_m5_rohlik_100,m5_top_volume_100_20260714,M5,7,tirex,FOODS_3_202_TX_3_validation,378,9826.0,2928.944178581238,7.748529572966238,61.94108476972998,0.29808102774081396
source_b_v1_7_tirex_batched_m5_rohlik_100,m5_top_volume_100_20260714,M5,7,tirex,FOODS_3_226_WI_1_validation,378,14808.0,2469.7980155944824,6.533857184112387,17.04641594025036,0.16678808857337132
source_b_v1_7_tirex_batched_m5_rohlik_100,m5_top_volume_100_20260714,M5,7,tirex,FOODS_3_226_WI_2_validation,378,14519.0,2869.716272354126,7.591841990354831,21.204389244922613,0.1976524741617278
source_b_v1_7_tirex_batched_m5_rohlik_100,m5_top_volume_100_20260714,M5,7,tirex,FOODS_3_226_WI_3_validation,378,18132.0,3131.093360900879,8.283315769579044,17.4884146208747,0.172683287056082
source_b_v1_7_tirex_batched_m5_rohlik_100,m5_top_volume_100_20260714,M5,7,tirex,FOODS_3_234_CA_3_validation,378,7146.0,4229.405516624451,11.188903483133467,65.05340593310646,0.5918563555309895
source_b_v1_7_tirex_batched_m5_rohlik_100,m5_top_volume_100_20260714,M5,7,tirex,FOODS_3_234_WI_2_validation,378,8932.0,8362.02696800232,22.1217644656146,157.9238664226174,0.9361875244068876
source_b_v1_7_tirex_batched_m5_rohlik_100,m5_top_volume_100_20260714,M5,7,tirex,FOODS_3_234_WI_3_validation,378,7749.0,4800.896815299988,12.700785225661344,86.06859442150974,0.6195504988127485
source_b_v1_7_tirex_batched_m5_rohlik_100,m5_top_volume_100_20260714,M5,7,tirex,FOODS_3_252_CA_1_validation,378,14668.0,2874.1669902801514,7.603616376402517,20.885859976818946,0.1959481176902203
source_b_v1_7_tirex_batched_m5_rohlik_100,m5_top_volume_100_20260714,M5,7,tirex,FOODS_3_252_CA_2_validation,378,14731.0,3336.9238843917847,8.82784096399943,25.261707087281,0.22652392128109325
source_b_v1_7_tirex_batched_m5_rohlik_100,m5_top_volume_100_20260714,M5,7,tirex,FOODS_3_252_CA_3_validation,378,17274.0,3616.9346885681152,9.568610287217236,21.339567344820377,0.20938605352368386
source_b_v1_7_tirex_batched_m5_rohlik_100,m5_top_volume_100_20260714,M5,7,tirex,FOODS_3_252_TX_1_validation,378,11801.0,3060.128575325012,8.095578241600561,27.690222648447477,0.2593109546076614
source_b_v1_7_tirex_batched_m5_rohlik_100,m5_top_volume_100_20260714,M5,7,tirex,FOODS_3_252_TX_2_validation,378,21934.0,4499.643962860107,11.903820007566422,20.940497292998707,0.20514470515455946
source_b_v1_7_tirex_batched_m5_rohlik_100,m5_top_volume_100_20260714,M5,7,tirex,FOODS_3_252_TX_3_validation,378,17754.0,4165.825038909912,11.020701161137334,24.743511294446606,0.23464149143347482
source_b_v1_7_tirex_batched_m5_rohlik_100,m5_top_volume_100_20260714,M5,7,tirex,FOODS_3_252_WI_3_validation,378,6826.0,2171.137364387512,5.743749641236805,32.81673450343378,0.31806876126391914
source_b_v1_7_tirex_batched_m5_rohlik_100,m5_top_volume_100_20260714,M5,7,tirex,FOODS_3_281_CA_3_validation,378,3821.0,1904.8532829284668,5.039294399281658,87.6027270982587,0.4985221886753381
source_b_v1_7_tirex_batched_m5_rohlik_100,m5_top_volume_100_20260714,M5,7,tirex,FOODS_3_282_CA_3_validation,378,13394.0,3410.2688636779785,9.021875300735394,38.47999332260266,0.25461168162445713
source_b_v1_7_tirex_batched_m5_rohlik_100,m5_top_volume_100_20260714,M5,7,tirex,FOODS_3_288_CA_3_validation,378,12500.0,3644.67068195343,9.64198593109373,45.2361433082774,0.29157365455627443
source_b_v1_7_tirex_batched_m5_rohlik_100,m5_top_volume_100_20260714,M5,7,tirex,FOODS_3_318_CA_3_validation,378,5296.0,2339.3583040237427,6.188778582073393,103.5954828647079,0.44172173414345595
source_b_v1_7_tirex_batched_m5_rohlik_100,m5_top_volume_100_20260714,M5,7,tirex,FOODS_3_318_WI_3_validation,378,5628.0,2303.224320411682,6.0931860328351375,96.79927745060846,0.4092438380262406
source_b_v1_7_tirex_batched_m5_rohlik_100,m5_top_volume_100_20260714,M5,7,tirex,FOODS_3_319_CA_3_validation,378,4783.0,2261.5843963623047,5.983027503603981,112.35892305903843,0.4728380506716088
source_b_v1_7_tirex_batched_m5_rohlik_100,m5_top_volume_100_20260714,M5,7,tirex,FOODS_3_376_WI_2_validation,378,8991.0,4104.465792655945,10.858375112846415,50.96544113568705,0.456508263002552
source_b_v1_7_tirex_batched_m5_rohlik_100,m5_top_volume_100_20260714,M5,7,tirex,FOODS_3_377_TX_2_validation,378,11838.0,2099.704013824463,5.5547725233451395,18.21551090101289,0.17736982715192287
source_b_v1_7_tirex_batched_m5_rohlik_100,m5_top_volume_100_20260714,M5,7,tirex,FOODS_3_377_TX_3_validation,378,15919.0,2958.5325508117676,7.8268056899782215,18.912106192013407,0.18584914572597322
source_b_v1_7_tirex_batched_m5_rohlik_100,m5_top_volume_100_20260714,M5,7,tirex,FOODS_3_412_WI_2_validation,378,7130.0,6115.128890991211,16.177589658706907,140.79333603234605,0.8576618360436481
source_b_v1_7_tirex_batched_m5_rohlik_100,m5_top_volume_100_20260714,M5,7,tirex,FOODS_3_462_WI_2_validation,378,8298.0,3813.2209434509277,10.087886093785523,53.865977398288244,0.45953494136550105
source_b_v1_7_tirex_batched_m5_rohlik_100,m5_top_volume_100_20260714,M5,7,tirex,FOODS_3_501_CA_3_validation,378,4934.0,1882.6861591339111,4.980651214639977,64.4396037746163,0.381574008742179
source_b_v1_7_tirex_batched_m5_rohlik_100,m5_top_volume_100_20260714,M5,7,tirex,FOODS_3_541_CA_3_validation,378,7136.0,3382.361328125,8.948045841600528,113.8337824371899,0.4739856121251401
source_b_v1_7_tirex_batched_m5_rohlik_100,m5_top_volume_100_20260714,M5,7,tirex,FOODS_3_547_WI_2_validation,378,6199.0,5609.464478492737,14.839853117705653,148.24488997142998,0.9048982865773088
source_b_v1_7_tirex_batched_m5_rohlik_100,m5_top_volume_100_20260714,M5,7,tirex,FOODS_3_555_CA_1_validation,378,6830.0,1482.6899633407593,3.9224602204781993,23.037054593018627,0.21708491410552844
source_b_v1_7_tirex_batched_m5_rohlik_100,m5_top_volume_100_20260714,M5,7,tirex,FOODS_3_555_CA_3_validation,378,11167.0,2186.116241455078,5.78337630014571,20.357784399568796,0.19576575995836645
source_b_v1_7_tirex_batched_m5_rohlik_100,m5_top_volume_100_20260714,M5,7,tirex,FOODS_3_555_TX_1_validation,378,9228.0,2066.4716186523438,5.466856134000909,23.277003445622544,0.22393493916908797
source_b_v1_7_tirex_batched_m5_rohlik_100,m5_top_volume_100_20260714,M5,7,tirex,FOODS_3_555_TX_2_validation,378,16845.0,3286.0796794891357,8.693332485420994,20.21141299617349,0.19507745203259932
source_b_v1_7_tirex_batched_m5_rohlik_100,m5_top_volume_100_20260714,M5,7,tirex,FOODS_3_555_TX_3_validation,378,12158.0,2911.1292762756348,7.7014002017873935,25.525946025827174,0.23944146046024303
source_b_v1_7_tirex_batched_m5_rohlik_100,m5_top_volume_100_20260714,M5,7,tirex,FOODS_3_555_WI_3_validation,378,8320.0,2003.4656858444214,5.300173772075189,25.010039083608586,0.24080116416399294
source_b_v1_7_tirex_batched_m5_rohlik_100,m5_top_volume_100_20260714,M5,7,tirex,FOODS_3_586_CA_1_validation,378,16440.0,2965.5674324035645,7.845416487840118,18.92817259360517,0.18038731340654285
source_b_v1_7_tirex_batched_m5_rohlik_100,m5_top_volume_100_20260714,M5,7,tirex,FOODS_3_586_CA_2_validation,378,14229.0,2787.4768419265747,7.374277359594113,21.947781158187382,0.19590110632697832
source_b_v1_7_tirex_batched_m5_rohlik_100,m5_top_volume_100_20260714,M5,7,tirex,FOODS_3_586_CA_3_validation,378,27702.0,4073.6281661987305,10.776794090472832,15.139360963475385,0.1470517712150289
source_b_v1_7_tirex_batched_m5_rohlik_100,m5_top_volume_100_20260714,M5,7,tirex,FOODS_3_586_TX_1_validation,378,19685.0,3458.017681121826,9.148194923602714,17.853084307838866,0.17566764953628783
source_b_v1_7_tirex_batched_m5_rohlik_100,m5_top_volume_100_20260714,M5,7,tirex,FOODS_3_586_TX_2_validation,378,34848.0,5015.384292602539,13.268212414292432,14.755502315631851,0.14392172556825467
source_b_v1_7_tirex_batched_m5_rohlik_100,m5_top_volume_100_20260714,M5,7,tirex,FOODS_3_586_TX_3_validation,378,27768.0,4970.422389984131,13.1492655819686,18.589803444458735,0.17899821341054922
source_b_v1_7_tirex_batched_m5_rohlik_100,m5_top_volume_100_20260714,M5,7,tirex,FOODS_3_586_WI_3_validation,378,12341.0,2458.5574131011963,6.504120140479356,21.02058365051067,0.19921865433118843
source_b_v1_7_tirex_batched_m5_rohlik_100,m5_top_volume_100_20260714,M5,7,tirex,FOODS_3_587_CA_1_validation,378,10362.0,2594.7436485290527,6.864401186584796,26.54228566105199,0.2504095395222016
source_b_v1_7_tirex_batched_m5_rohlik_100,m5_top_volume_100_20260714,M5,7,tirex,FOODS_3_587_CA_3_validation,378,12820.0,2747.122772216797,7.267520561420097,23.5865289742087,0.21428414759881412
source_b_v1_7_tirex_batched_m5_rohlik_100,m5_top_volume_100_20260714,M5,7,tirex,FOODS_3_587_TX_1_validation,378,10602.0,2729.113512992859,7.219877018499627,29.60891621235059,0.2574149700993076
source_b_v1_7_tirex_batched_m5_rohlik_100,m5_top_volume_100_20260714,M5,7,tirex,FOODS_3_587_TX_2_validation,378,11359.0,2650.6353855133057,7.0122629246383745,25.243243098811334,0.2333511211826134
source_b_v1_7_tirex_batched_m5_rohlik_100,m5_top_volume_100_20260714,M5,7,tirex,FOODS_3_587_TX_3_validation,378,11748.0,2664.0595712661743,7.047776643561308,23.182030636977924,0.22676707280100225
source_b_v1_7_tirex_batched_m5_rohlik_100,m5_top_volume_100_20260714,M5,7,tirex,FOODS_3_587_WI_3_validation,378,11072.0,2749.954786300659,7.275012662171056,32.197307360614104,0.24837019384940925
source_b_v1_7_tirex_batched_m5_rohlik_100,m5_top_volume_100_20260714,M5,7,tirex,FOODS_3_607_CA_3_validation,378,7937.0,2964.6002559661865,7.842857820016366,44.01688126419451,0.37351647423033724
source_b_v1_7_tirex_batched_m5_rohlik_100,m5_top_volume_100_20260714,M5,7,tirex,FOODS_3_635_CA_3_validation,378,6861.0,3159.6301860809326,8.358810016087123,108.17723703302286,0.4605203594346207
source_b_v1_7_tirex_batched_m5_rohlik_100,m5_top_volume_100_20260714,M5,7,tirex,FOODS_3_681_CA_3_validation,378,14755.0,5508.058713912964,14.571583899240645,40.91884421002237,0.3733011666494723
source_b_v1_7_tirex_batched_m5_rohlik_100,m5_top_volume_100_20260714,M5,7,tirex,FOODS_3_681_WI_3_validation,378,12789.0,4240.677579879761,11.218723756295663,41.22165888837054,0.33158789427474866
source_b_v1_7_tirex_batched_m5_rohlik_100,m5_top_volume_100_20260714,M5,7,tirex,FOODS_3_694_CA_3_validation,378,6591.0,1525.040041923523,4.034497465406146,23.85637664113331,0.23138219419261463
source_b_v1_7_tirex_batched_m5_rohlik_100,m5_top_volume_100_20260714,M5,7,tirex,FOODS_3_694_TX_1_validation,378,6424.0,1633.741075515747,4.322066337343246,26.845986832565256,0.25431834923968666
source_b_v1_7_tirex_batched_m5_rohlik_100,m5_top_volume_100_20260714,M5,7,tirex,FOODS_3_694_WI_1_validation,378,7117.0,1583.8755207061768,4.190146880175071,23.11833281364081,0.2225481973733563
source_b_v1_7_tirex_batched_m5_rohlik_100,m5_top_volume_100_20260714,M5,7,tirex,FOODS_3_694_WI_2_validation,378,11714.0,2158.5940647125244,5.710566308763292,19.19515457647663,0.1842747195417897
source_b_v1_7_tirex_batched_m5_rohlik_100,m5_top_volume_100_20260714,M5,7,tirex,FOODS_3_694_WI_3_validation,378,16615.0,2982.7350730895996,7.890833526692062,18.552980367766086,0.17952061830211252
source_b_v1_7_tirex_batched_m5_rohlik_100,m5_top_volume_100_20260714,M5,7,tirex,FOODS_3_711_CA_3_validation,378,5232.0,3323.7973794937134,8.793114760565379,92.0627680384519,0.6352823737564437
source_b_v1_7_tirex_batched_m5_rohlik_100,m5_top_volume_100_20260714,M5,7,tirex,FOODS_3_711_WI_2_validation,378,7949.0,6702.024404525757,17.730223292396182,127.49646828433295,0.8431279915116061
source_b_v1_7_tirex_batched_m5_rohlik_100,m5_top_volume_100_20260714,M5,7,tirex,FOODS_3_714_CA_1_validation,378,8737.0,2080.714156150818,5.504534804631794,25.919128754729353,0.2381497260101657
source_b_v1_7_tirex_batched_m5_rohlik_100,m5_top_volume_100_20260714,M5,7,tirex,FOODS_3_714_CA_3_validation,378,11479.0,2482.9985485076904,6.568779228856324,22.84987028022993,0.21630791432247498
source_b_v1_7_tirex_batched_m5_rohlik_100,m5_top_volume_100_20260714,M5,7,tirex,FOODS_3_714_TX_1_validation,378,5659.0,1855.1505002975464,4.907805556342716,34.42964047355779,0.3278230253220616
source_b_v1_7_tirex_batched_m5_rohlik_100,m5_top_volume_100_20260714,M5,7,tirex,FOODS_3_714_TX_2_validation,378,8856.0,2197.203309059143,5.81270716682313,25.879748473599506,0.24810335468147504
source_b_v1_7_tirex_batched_m5_rohlik_100,m5_top_volume_100_20260714,M5,7,tirex,FOODS_3_714_TX_3_validation,378,6863.0,2315.3969926834106,6.1253888695328325,35.99991269526994,0.3373738879037463
source_b_v1_7_tirex_batched_m5_rohlik_100,m5_top_volume_100_20260714,M5,7,tirex,FOODS_3_714_WI_3_validation,378,8435.0,2248.7123498916626,5.948974470612864,27.91473299077142,0.26659304681584617
source_b_v1_7_tirex_batched_m5_rohlik_100,m5_top_volume_100_20260714,M5,7,tirex,FOODS_3_723_CA_3_validation,378,8460.0,3323.2590475082397,8.79169060187365,64.38386514369049,0.39282021838158865
source_b_v1_7_tirex_batched_m5_rohlik_100,m5_top_volume_100_20260714,M5,7,tirex,FOODS_3_723_WI_3_validation,378,8049.0,3045.2484455108643,8.05621281881181,64.82211519627586,0.3783387309617175
source_b_v1_7_tirex_batched_m5_rohlik_100,m5_top_volume_100_20260714,M5,7,tirex,FOODS_3_752_CA_3_validation,378,6697.0,4236.048861503601,11.206478469586246,66.6549619861117,0.6325293208158281
source_b_v1_7_tirex_batched_m5_rohlik_100,m5_top_volume_100_20260714,M5,7,tirex,FOODS_3_804_CA_3_validation,378,8100.0,3532.500560760498,9.345239578731476,58.98138317927728,0.4361111803408022
source_b_v1_7_tirex_batched_m5_rohlik_100,m5_top_volume_100_20260714,M5,7,tirex,FOODS_3_808_CA_1_validation,378,2395.0,1603.1265029907227,4.241075404737361,145.05094463237705,0.6693638843385064
source_b_v1_7_tirex_batched_m5_rohlik_100,m5_top_volume_100_20260714,M5,7,tirex,FOODS_3_808_CA_3_validation,378,8869.0,3831.857753753662,10.137189824745137,108.25739647757895,0.43205071076261836
source_b_v1_7_tirex_batched_m5_rohlik_100,m5_top_volume_100_20260714,M5,7,tirex,HOUSEHOLD_1_118_CA_3_validation,378,7935.0,2435.693510055542,6.443633624485561,32.60507873724289,0.30695570385072996
source_b_v1_7_tirex_batched_m5_rohlik_100,m5_top_volume_100_20260714,M5,7,tirex,HOUSEHOLD_1_334_CA_3_validation,378,7215.0,2540.7000827789307,6.721428790420451,39.35924596795589,0.3521413836145434
source_b_v1_7_tirex_batched_m5_rohlik_100,m5_top_volume_100_20260714,M5,7,tirex,HOUSEHOLD_1_459_CA_3_validation,378,8248.0,2820.3521432876587,7.461249056316557,36.06773306909808,0.3419437613103369
source_b_v1_7_tirex_batched_m5_rohlik_100,m5_top_volume_100_20260714,M5,14,tirex,FOODS_1_218_TX_2_validation,378,5582.0,2316.4578914642334,6.128195480064109,45.349268165387016,0.4149870819534635
source_b_v1_7_tirex_batched_m5_rohlik_100,m5_top_volume_100_20260714,M5,14,tirex,FOODS_2_197_CA_1_validation,378,6349.0,2023.5777416229248,5.353380268843717,34.98433319675699,0.31872385283082766
source_b_v1_7_tirex_batched_m5_rohlik_100,m5_top_volume_100_20260714,M5,14,tirex,FOODS_2_197_CA_3_validation,378,5223.0,1496.3437633514404,3.95858138452762,30.66310937533212,0.2864912432225618
source_b_v1_7_tirex_batched_m5_rohlik_100,m5_top_volume_100_20260714,M5,14,tirex,FOODS_2_276_CA_3_validation,378,3143.0,1389.6736068725586,3.676385203366557,47.82093117217327,0.44214877724230306
source_b_v1_7_tirex_batched_m5_rohlik_100,m5_top_volume_100_20260714,M5,14,tirex,FOODS_2_360_CA_3_validation,378,4857.0,2170.399652481079,5.7417980224367176,84.70932214160364,0.4468601302205228
source_b_v1_7_tirex_batched_m5_rohlik_100,m5_top_volume_100_20260714,M5,14,tirex,FOODS_2_360_TX_3_validation,378,3979.0,1886.1444158554077,4.989800041945523,103.72940878106114,0.474024733816388
source_b_v1_7_tirex_batched_m5_rohlik_100,m5_top_volume_100_20260714,M5,14,tirex,FOODS_2_360_WI_2_validation,378,10631.0,5300.529544830322,14.022564933413552,111.63386962529562,0.4985918111965311
source_b_v1_7_tirex_batched_m5_rohlik_100,m5_top_volume_100_20260714,M5,14,tirex,FOODS_3_007_WI_2_validation,378,8464.0,7182.108262062073,19.000286407571622,141.35042715852185,0.8485477625309632
source_b_v1_7_tirex_batched_m5_rohlik_100,m5_top_volume_100_20260714,M5,14,tirex,FOODS_3_030_TX_2_validation,378,5036.0,1752.3750085830688,4.6359127211192295,81.89555806608172,0.34796962044937824
source_b_v1_7_tirex_batched_m5_rohlik_100,m5_top_volume_100_20260714,M5,14,tirex,FOODS_3_030_TX_3_validation,378,5820.0,2039.0651741027832,5.394352312441225,83.07529949535406,0.3503548409111311
source_b_v1_7_tirex_batched_m5_rohlik_100,m5_top_volume_100_20260714,M5,14,tirex,FOODS_3_080_CA_1_validation,378,6869.0,1919.0129413604736,5.076753813122946,28.55923062362775,0.279372971518485
source_b_v1_7_tirex_batched_m5_rohlik_100,m5_top_volume_100_20260714,M5,14,tirex,FOODS_3_080_TX_2_validation,378,6590.0,1452.1301746368408,3.841614218615981,22.936020427004966,0.22035359250938405
source_b_v1_7_tirex_batched_m5_rohlik_100,m5_top_volume_100_20260714,M5,14,tirex,FOODS_3_090_CA_1_validation,378,18773.0,5955.270214080811,15.754683106033891,57.70927848323303,0.3172252817387104
source_b_v1_7_tirex_batched_m5_rohlik_100,m5_top_volume_100_20260714,M5,14,tirex,FOODS_3_090_CA_2_validation,378,14152.0,4791.918578147888,12.677033275523513,62.1696235705989,0.33860363045137704
source_b_v1_7_tirex_batched_m5_rohlik_100,m5_top_volume_100_20260714,M5,14,tirex,FOODS_3_090_CA_3_validation,378,36819.0,10842.654335021973,28.684270727571356,51.89591235699042,0.29448530201857664
source_b_v1_7_tirex_batched_m5_rohlik_100,m5_top_volume_100_20260714,M5,14,tirex,FOODS_3_090_CA_4_validation,378,9660.0,3251.418867111206,8.60163721457991,59.071816628944184,0.3365858040487791
source_b_v1_7_tirex_batched_m5_rohlik_100,m5_top_volume_100_20260714,M5,14,tirex,FOODS_3_090_TX_1_validation,378,16993.0,5095.201829910278,13.479369920397561,55.47419799574358,0.29984121873184716
source_b_v1_7_tirex_batched_m5_rohlik_100,m5_top_volume_100_20260714,M5,14,tirex,FOODS_3_090_TX_2_validation,378,19339.0,6011.199325561523,15.902643718416728,55.982485016498515,0.3108329968230789
source_b_v1_7_tirex_batched_m5_rohlik_100,m5_top_volume_100_20260714,M5,14,tirex,FOODS_3_090_TX_3_validation,378,21770.0,6623.563747406006,17.522655416418004,55.821337577289285,0.3042518946902162
source_b_v1_7_tirex_batched_m5_rohlik_100,m5_top_volume_100_20260714,M5,14,tirex,FOODS_3_090_WI_3_validation,378,23889.0,6939.010902404785,18.35717169948356,55.43536221795148,0.29046887280358263
source_b_v1_7_tirex_batched_m5_rohlik_100,m5_top_volume_100_20260714,M5,14,tirex,FOODS_3_099_TX_2_validation,378,5210.0,1760.5633735656738,4.657575062343052,76.30006491134932,0.33792003331394893
source_b_v1_7_tirex_batched_m5_rohlik_100,m5_top_volume_100_20260714,M5,14,tirex,FOODS_3_120_CA_1_validation,378,15279.0,7062.564599990845,18.684033333309113,69.95857923190945,0.46223997643764936
source_b_v1_7_tirex_batched_m5_rohlik_100,m5_top_volume_100_20260714,M5,14,tirex,FOODS_3_120_CA_3_validation,378,31365.0,8429.65950012207,22.300686508259446,35.24712393784785,0.26876006695750265
source_b_v1_7_tirex_batched_m5_rohlik_100,m5_top_volume_100_20260714,M5,14,tirex,FOODS_3_120_WI_3_validation,378,12400.0,4507.7969970703125,11.925388881138392,45.83844172686026,0.3635320158927671
source_b_v1_7_tirex_batched_m5_rohlik_100,m5_top_volume_100_20260714,M5,14,tirex,FOODS_3_202_CA_3_validation,378,7882.0,2899.69132232666,7.671141064356243,59.61549292122501,0.3678877597471023
source_b_v1_7_tirex_batched_m5_rohlik_100,m5_top_volume_100_20260714,M5,14,tirex,FOODS_3_202_TX_1_validation,378,8044.0,3162.869563102722,8.367379796568049,73.27114955888626,0.39319611674573873
source_b_v1_7_tirex_batched_m5_rohlik_100,m5_top_volume_100_20260714,M5,14,tirex,FOODS_3_202_TX_2_validation,378,7798.0,3751.1031341552734,9.923553264961042,77.42631465647577,0.481034000276388
source_b_v1_7_tirex_batched_m5_rohlik_100,m5_top_volume_100_20260714,M5,14,tirex,FOODS_3_202_TX_3_validation,378,9826.0,3525.556718826294,9.326869626524587,68.82750252880847,0.35879877048914044
source_b_v1_7_tirex_batched_m5_rohlik_100,m5_top_volume_100_20260714,M5,14,tirex,FOODS_3_226_WI_1_validation,378,14808.0,2577.4299545288086,6.8185977633037265,17.81845271062667,0.17405658796115672
source_b_v1_7_tirex_batched_m5_rohlik_100,m5_top_volume_100_20260714,M5,14,tirex,FOODS_3_226_WI_2_validation,378,14519.0,2872.421245574951,7.598998004166537,21.38223066927916,0.19783877991424692
source_b_v1_7_tirex_batched_m5_rohlik_100,m5_top_volume_100_20260714,M5,14,tirex,FOODS_3_226_WI_3_validation,378,18132.0,3179.548225402832,8.411503241806434,17.811280370959004,0.17535562681462785
source_b_v1_7_tirex_batched_m5_rohlik_100,m5_top_volume_100_20260714,M5,14,tirex,FOODS_3_234_CA_3_validation,378,7146.0,4271.171757698059,11.2993961843864,65.42570348777843,0.5977010576123788
source_b_v1_7_tirex_batched_m5_rohlik_100,m5_top_volume_100_20260714,M5,14,tirex,FOODS_3_234_WI_2_validation,378,8932.0,8434.082446098328,22.31238742354055,158.61277380235273,0.9442546401811831
source_b_v1_7_tirex_batched_m5_rohlik_100,m5_top_volume_100_20260714,M5,14,tirex,FOODS_3_234_WI_3_validation,378,7749.0,4827.7178382873535,12.771740312929508,84.89206326540513,0.6230117225819272
source_b_v1_7_tirex_batched_m5_rohlik_100,m5_top_volume_100_20260714,M5,14,tirex,FOODS_3_252_CA_1_validation,378,14668.0,2890.388999938965,7.646531745870277,21.0969596071811,0.19705406326281463
source_b_v1_7_tirex_batched_m5_rohlik_100,m5_top_volume_100_20260714,M5,14,tirex,FOODS_3_252_CA_2_validation,378,14731.0,3459.794122695923,9.152894504486568,26.324648962918083,0.23486485117751157
source_b_v1_7_tirex_batched_m5_rohlik_100,m5_top_volume_100_20260714,M5,14,tirex,FOODS_3_252_CA_3_validation,378,17274.0,3553.8306770324707,9.401668457757859,21.032439126822077,0.20573293255948077
source_b_v1_7_tirex_batched_m5_rohlik_100,m5_top_volume_100_20260714,M5,14,tirex,FOODS_3_252_TX_1_validation,378,11801.0,3263.198893547058,8.632801305680047,29.56078011375486,0.27651884531370713
source_b_v1_7_tirex_batched_m5_rohlik_100,m5_top_volume_100_20260714,M5,14,tirex,FOODS_3_252_TX_2_validation,378,21934.0,4501.533958435059,11.908819995859943,21.00623582353066,0.20523087254650582
source_b_v1_7_tirex_batched_m5_rohlik_100,m5_top_volume_100_20260714,M5,14,tirex,FOODS_3_252_TX_3_validation,378,17754.0,4202.053234100342,11.116542947355402,25.00580100879763,0.23668205666893893
source_b_v1_7_tirex_batched_m5_rohlik_100,m5_top_volume_100_20260714,M5,14,tirex,FOODS_3_252_WI_3_validation,378,6826.0,2186.2005577087402,5.783599359017831,33.11993244298329,0.32027549922483745
source_b_v1_7_tirex_batched_m5_rohlik_100,m5_top_volume_100_20260714,M5,14,tirex,FOODS_3_281_CA_3_validation,378,3821.0,1883.8999710083008,4.983862357164817,91.43425348187787,0.49303846401682827
source_b_v1_7_tirex_batched_m5_rohlik_100,m5_top_volume_100_20260714,M5,14,tirex,FOODS_3_282_CA_3_validation,378,13394.0,3763.9021034240723,9.957412972021356,39.26391922080832,0.2810140438572549
source_b_v1_7_tirex_batched_m5_rohlik_100,m5_top_volume_100_20260714,M5,14,tirex,FOODS_3_288_CA_3_validation,378,12500.0,3690.846484184265,9.764144138053611,44.56762109364638,0.2952677187347412
source_b_v1_7_tirex_batched_m5_rohlik_100,m5_top_volume_100_20260714,M5,14,tirex,FOODS_3_318_CA_3_validation,378,5296.0,2682.066411972046,7.0954137882858355,108.78497675495605,0.5064324796019725
source_b_v1_7_tirex_batched_m5_rohlik_100,m5_top_volume_100_20260714,M5,14,tirex,FOODS_3_318_WI_3_validation,378,5628.0,2785.743275642395,7.369691205403162,104.14257142629673,0.4949792600643914
source_b_v1_7_tirex_batched_m5_rohlik_100,m5_top_volume_100_20260714,M5,14,tirex,FOODS_3_319_CA_3_validation,378,4783.0,2574.4064950942993,6.8105991933711625,117.33408233329594,0.5382409565323645
source_b_v1_7_tirex_batched_m5_rohlik_100,m5_top_volume_100_20260714,M5,14,tirex,FOODS_3_376_WI_2_validation,378,8991.0,4436.6069622039795,11.737055455566082,55.95653628796755,0.4934497789126882
source_b_v1_7_tirex_batched_m5_rohlik_100,m5_top_volume_100_20260714,M5,14,tirex,FOODS_3_377_TX_2_validation,378,11838.0,2133.2824668884277,5.643604409757745,18.531220386343634,0.18020632428521943
source_b_v1_7_tirex_batched_m5_rohlik_100,m5_top_volume_100_20260714,M5,14,tirex,FOODS_3_377_TX_3_validation,378,15919.0,2995.1097145080566,7.923570673301737,19.17753696353155,0.18814685058785455
source_b_v1_7_tirex_batched_m5_rohlik_100,m5_top_volume_100_20260714,M5,14,tirex,FOODS_3_412_WI_2_validation,378,7130.0,6392.056832313538,16.910203260088725,143.72219659910735,0.8965016595110151
source_b_v1_7_tirex_batched_m5_rohlik_100,m5_top_volume_100_20260714,M5,14,tirex,FOODS_3_462_WI_2_validation,378,8298.0,4084.634642601013,10.805911752912733,56.69606789532167,0.49224326857086204
source_b_v1_7_tirex_batched_m5_rohlik_100,m5_top_volume_100_20260714,M5,14,tirex,FOODS_3_501_CA_3_validation,378,4934.0,1944.8442659378052,5.145090650629114,65.3516322463401,0.39417192256542466
source_b_v1_7_tirex_batched_m5_rohlik_100,m5_top_volume_100_20260714,M5,14,tirex,FOODS_3_541_CA_3_validation,378,7136.0,3800.972309112549,10.055482299239547,117.98289680295935,0.5326474648420052
source_b_v1_7_tirex_batched_m5_rohlik_100,m5_top_volume_100_20260714,M5,14,tirex,FOODS_3_547_WI_2_validation,378,6199.0,6200.124836921692,16.402446658522994,152.3635286971824,1.0001814545768175
source_b_v1_7_tirex_batched_m5_rohlik_100,m5_top_volume_100_20260714,M5,14,tirex,FOODS_3_555_CA_1_validation,378,6830.0,1502.065668106079,3.973718698693331,23.359836351539467,0.21992176692621948
source_b_v1_7_tirex_batched_m5_rohlik_100,m5_top_volume_100_20260714,M5,14,tirex,FOODS_3_555_CA_3_validation,378,11167.0,2186.52068901062,5.784446267223863,20.387119757631396,0.19580197806130745
source_b_v1_7_tirex_batched_m5_rohlik_100,m5_top_volume_100_20260714,M5,14,tirex,FOODS_3_555_TX_1_validation,378,9228.0,2117.2345867156982,5.60114970030608,23.885950396205317,0.22943591100083421
source_b_v1_7_tirex_batched_m5_rohlik_100,m5_top_volume_100_20260714,M5,14,tirex,FOODS_3_555_TX_2_validation,378,16845.0,3295.8958625793457,8.719301223754883,20.26256950875203,0.19566018774587982
source_b_v1_7_tirex_batched_m5_rohlik_100,m5_top_volume_100_20260714,M5,14,tirex,FOODS_3_555_TX_3_validation,378,12158.0,2900.436418533325,7.67311221834213,25.4313514016346,0.2385619689532263
source_b_v1_7_tirex_batched_m5_rohlik_100,m5_top_volume_100_20260714,M5,14,tirex,FOODS_3_555_WI_3_validation,378,8320.0,2039.5324954986572,5.39558861243031,25.521973907994056,0.24513611724743475
source_b_v1_7_tirex_batched_m5_rohlik_100,m5_top_volume_100_20260714,M5,14,tirex,FOODS_3_586_CA_1_validation,378,16440.0,3034.26326751709,8.027151501367962,19.461595475746602,0.18456589218473782
source_b_v1_7_tirex_batched_m5_rohlik_100,m5_top_volume_100_20260714,M5,14,tirex,FOODS_3_586_CA_2_validation,378,14229.0,2886.604106903076,7.636518801330889,23.04853143368096,0.20286767214161755
source_b_v1_7_tirex_batched_m5_rohlik_100,m5_top_volume_100_20260714,M5,14,tirex,FOODS_3_586_CA_3_validation,378,27702.0,4058.152618408203,10.735853487852388,15.178712286783705,0.146493127514555
source_b_v1_7_tirex_batched_m5_rohlik_100,m5_top_volume_100_20260714,M5,14,tirex,FOODS_3_586_TX_1_validation,378,19685.0,3542.1667671203613,9.370811553228469,18.2972283946992,0.17994243165457766
source_b_v1_7_tirex_batched_m5_rohlik_100,m5_top_volume_100_20260714,M5,14,tirex,FOODS_3_586_TX_2_validation,378,34848.0,5176.762256622314,13.695138245032577,15.240125157203128,0.1485526359223575
source_b_v1_7_tirex_batched_m5_rohlik_100,m5_top_volume_100_20260714,M5,14,tirex,FOODS_3_586_TX_3_validation,378,27768.0,5174.9847412109375,13.69043582330936,19.318270538098268,0.18636505118160968
source_b_v1_7_tirex_batched_m5_rohlik_100,m5_top_volume_100_20260714,M5,14,tirex,FOODS_3_586_WI_3_validation,378,12341.0,2501.956346511841,6.618932133629208,21.37189648358169,0.202735300746442
source_b_v1_7_tirex_batched_m5_rohlik_100,m5_top_volume_100_20260714,M5,14,tirex,FOODS_3_587_CA_1_validation,378,10362.0,2566.3910999298096,6.789394444258756,26.1751392504028,0.24767333525668883
source_b_v1_7_tirex_batched_m5_rohlik_100,m5_top_volume_100_20260714,M5,14,tirex,FOODS_3_587_CA_3_validation,378,12820.0,2909.191738128662,7.696274439493815,24.96722632863171,0.22692603261534025
source_b_v1_7_tirex_batched_m5_rohlik_100,m5_top_volume_100_20260714,M5,14,tirex,FOODS_3_587_TX_1_validation,378,10602.0,2877.886898994446,7.613457404747211,29.766687237945266,0.27144754753767647
source_b_v1_7_tirex_batched_m5_rohlik_100,m5_top_volume_100_20260714,M5,14,tirex,FOODS_3_587_TX_2_validation,378,11359.0,2864.274260520935,7.577445133653267,27.062713549144902,0.25215901580429045
source_b_v1_7_tirex_batched_m5_rohlik_100,m5_top_volume_100_20260714,M5,14,tirex,FOODS_3_587_TX_3_validation,378,11748.0,2862.7014198303223,7.573284179445297,24.812553712167333,0.2436756400945116
source_b_v1_7_tirex_batched_m5_rohlik_100,m5_top_volume_100_20260714,M5,14,tirex,FOODS_3_587_WI_3_validation,378,11072.0,3283.7934761047363,8.687284328319409,35.96516837419927,0.29658539343431506
source_b_v1_7_tirex_batched_m5_rohlik_100,m5_top_volume_100_20260714,M5,14,tirex,FOODS_3_607_CA_3_validation,378,7937.0,3097.5436782836914,8.194559995459501,45.044612969094885,0.390266306952714
source_b_v1_7_tirex_batched_m5_rohlik_100,m5_top_volume_100_20260714,M5,14,tirex,FOODS_3_635_CA_3_validation,378,6861.0,3662.323881149292,9.688687516267969,114.4082145171611,0.5337886432224591
source_b_v1_7_tirex_batched_m5_rohlik_100,m5_top_volume_100_20260714,M5,14,tirex,FOODS_3_681_CA_3_validation,378,14755.0,5978.886394500732,15.817159773811461,43.56701347210928,0.40521087051851795
source_b_v1_7_tirex_batched_m5_rohlik_100,m5_top_volume_100_20260714,M5,14,tirex,FOODS_3_681_WI_3_validation,378,12789.0,4346.793164253235,11.499452815484748,42.349192876464734,0.3398853048911748
source_b_v1_7_tirex_batched_m5_rohlik_100,m5_top_volume_100_20260714,M5,14,tirex,FOODS_3_694_CA_3_validation,378,6591.0,1524.8812990188599,4.034077510631905,23.87313145814955,0.23135810939445606
source_b_v1_7_tirex_batched_m5_rohlik_100,m5_top_volume_100_20260714,M5,14,tirex,FOODS_3_694_TX_1_validation,378,6424.0,1668.690884590149,4.414526149709388,27.32056975114199,0.25975885501091983
source_b_v1_7_tirex_batched_m5_rohlik_100,m5_top_volume_100_20260714,M5,14,tirex,FOODS_3_694_WI_1_validation,378,7117.0,1596.88822555542,4.2245720252788885,23.32649228651908,0.22437659485111985
source_b_v1_7_tirex_batched_m5_rohlik_100,m5_top_volume_100_20260714,M5,14,tirex,FOODS_3_694_WI_2_validation,378,11714.0,2186.4317741394043,5.784211042696837,19.452127393580312,0.18665116733305484
source_b_v1_7_tirex_batched_m5_rohlik_100,m5_top_volume_100_20260714,M5,14,tirex,FOODS_3_694_WI_3_validation,378,16615.0,2991.662551879883,7.914451195449425,18.637381655405736,0.18005793270417592
source_b_v1_7_tirex_batched_m5_rohlik_100,m5_top_volume_100_20260714,M5,14,tirex,FOODS_3_711_CA_3_validation,378,5232.0,3403.9309997558594,9.005108464962591,92.09579256303209,0.6505984326750496
source_b_v1_7_tirex_batched_m5_rohlik_100,m5_top_volume_100_20260714,M5,14,tirex,FOODS_3_711_WI_2_validation,378,7949.0,6986.609498977661,18.483093912639315,129.7348716036467,0.8789293620553102
source_b_v1_7_tirex_batched_m5_rohlik_100,m5_top_volume_100_20260714,M5,14,tirex,FOODS_3_714_CA_1_validation,378,8737.0,2079.069477081299,5.500183801802378,26.017193917377657,0.23796148301262435
source_b_v1_7_tirex_batched_m5_rohlik_100,m5_top_volume_100_20260714,M5,14,tirex,FOODS_3_714_CA_3_validation,378,11479.0,2445.2182178497314,6.468831264152729,22.495017418365855,0.21301665805816983
source_b_v1_7_tirex_batched_m5_rohlik_100,m5_top_volume_100_20260714,M5,14,tirex,FOODS_3_714_TX_1_validation,378,5659.0,1920.7821083068848,5.081434148960013,36.01118049558089,0.339420764853664
source_b_v1_7_tirex_batched_m5_rohlik_100,m5_top_volume_100_20260714,M5,14,tirex,FOODS_3_714_TX_2_validation,378,8856.0,2253.7831230163574,5.962389214328988,26.567372906233206,0.25449222256282267
source_b_v1_7_tirex_batched_m5_rohlik_100,m5_top_volume_100_20260714,M5,14,tirex,FOODS_3_714_TX_3_validation,378,6863.0,2348.6450958251953,6.213346814352368,36.58267217520634,0.3422184315642132
source_b_v1_7_tirex_batched_m5_rohlik_100,m5_top_volume_100_20260714,M5,14,tirex,FOODS_3_714_WI_3_validation,378,8435.0,2261.3595485687256,5.982432668171231,28.153631856257082,0.2680924183246859
source_b_v1_7_tirex_batched_m5_rohlik_100,m5_top_volume_100_20260714,M5,14,tirex,FOODS_3_723_CA_3_validation,378,8460.0,3559.014183998108,9.415381439148433,63.84959390674523,0.42068725579173855
source_b_v1_7_tirex_batched_m5_rohlik_100,m5_top_volume_100_20260714,M5,14,tirex,FOODS_3_723_WI_3_validation,378,8049.0,3104.2526845932007,8.212308689400002,63.05180810941317,0.38566936073961994
source_b_v1_7_tirex_batched_m5_rohlik_100,m5_top_volume_100_20260714,M5,14,tirex,FOODS_3_752_CA_3_validation,378,6697.0,4234.028408050537,11.20113335463105,66.70335602443134,0.6322276255115032
source_b_v1_7_tirex_batched_m5_rohlik_100,m5_top_volume_100_20260714,M5,14,tirex,FOODS_3_804_CA_3_validation,378,8100.0,3479.9619216918945,9.206248470084377,55.45595214290097,0.4296249286039376
source_b_v1_7_tirex_batched_m5_rohlik_100,m5_top_volume_100_20260714,M5,14,tirex,FOODS_3_808_CA_1_validation,378,2395.0,1885.8557147979736,4.989036282534322,147.5593919975825,0.7874136596233711
source_b_v1_7_tirex_batched_m5_rohlik_100,m5_top_volume_100_20260714,M5,14,tirex,FOODS_3_808_CA_3_validation,378,8869.0,4688.970794677734,12.404684642004588,114.34513016789734,0.5286921631162177
source_b_v1_7_tirex_batched_m5_rohlik_100,m5_top_volume_100_20260714,M5,14,tirex,HOUSEHOLD_1_118_CA_3_validation,378,7935.0,2400.9214754104614,6.3516441148424905,32.142753948799886,0.3025735948847462
source_b_v1_7_tirex_batched_m5_rohlik_100,m5_top_volume_100_20260714,M5,14,tirex,HOUSEHOLD_1_334_CA_3_validation,378,7215.0,2532.4157133102417,6.699512469074714,39.69017969551703,0.3509931688579684
source_b_v1_7_tirex_batched_m5_rohlik_100,m5_top_volume_100_20260714,M5,14,tirex,HOUSEHOLD_1_459_CA_3_validation,378,8248.0,2833.506022453308,7.496047678447905,36.28423969217661,0.343538557523437
source_b_v1_7_tirex_batched_m5_rohlik_100,m5_top_volume_100_20260714,M5,28,tirex,FOODS_1_218_TX_2_validation,364,5401.0,2417.017294883728,6.640157403526725,48.272040266960076,0.44751292258539677
source_b_v1_7_tirex_batched_m5_rohlik_100,m5_top_volume_100_20260714,M5,28,tirex,FOODS_2_197_CA_1_validation,364,6045.0,1892.6021165847778,5.199456364243895,34.54005868019505,0.31308554451361087
source_b_v1_7_tirex_batched_m5_rohlik_100,m5_top_volume_100_20260714,M5,28,tirex,FOODS_2_197_CA_3_validation,364,5076.0,1463.4731330871582,4.0205305854042805,30.895910530668004,0.2883122799620091
source_b_v1_7_tirex_batched_m5_rohlik_100,m5_top_volume_100_20260714,M5,28,tirex,FOODS_2_276_CA_3_validation,364,3023.0,1364.2659196853638,3.7479832958389117,48.60480268933623,0.4512953753507654
source_b_v1_7_tirex_batched_m5_rohlik_100,m5_top_volume_100_20260714,M5,28,tirex,FOODS_2_360_CA_3_validation,364,4556.0,2204.8399724960327,6.057252671692398,89.75864416854358,0.4839420483968465
source_b_v1_7_tirex_batched_m5_rohlik_100,m5_top_volume_100_20260714,M5,28,tirex,FOODS_2_360_TX_3_validation,364,3695.0,1910.5178956985474,5.248675537633372,102.61928808744709,0.5170549108791739
source_b_v1_7_tirex_batched_m5_rohlik_100,m5_top_volume_100_20260714,M5,28,tirex,FOODS_2_360_WI_2_validation,364,9519.0,5360.218433380127,14.72587481697837,114.32977097584684,0.5631073046937837
source_b_v1_7_tirex_batched_m5_rohlik_100,m5_top_volume_100_20260714,M5,28,tirex,FOODS_3_007_WI_2_validation,364,7734.0,6862.572927474976,18.853222328227954,144.13759300373178,0.8873251781064101
source_b_v1_7_tirex_batched_m5_rohlik_100,m5_top_volume_100_20260714,M5,28,tirex,FOODS_3_030_TX_2_validation,364,4773.0,2193.6488361358643,6.026507791582045,90.55777936594474,0.4595953983104681
source_b_v1_7_tirex_batched_m5_rohlik_100,m5_top_volume_100_20260714,M5,28,tirex,FOODS_3_030_TX_3_validation,364,5556.0,2519.7460470199585,6.922379250054831,92.49685169126857,0.4535180070230307
source_b_v1_7_tirex_batched_m5_rohlik_100,m5_top_volume_100_20260714,M5,28,tirex,FOODS_3_080_CA_1_validation,364,6633.0,1856.9087371826172,5.101397629622575,28.61011581866983,0.2799500583721721
source_b_v1_7_tirex_batched_m5_rohlik_100,m5_top_volume_100_20260714,M5,28,tirex,FOODS_3_080_TX_2_validation,364,6351.0,1438.5971632003784,3.9521900087922486,23.55162693976314,0.22651506269884716
source_b_v1_7_tirex_batched_m5_rohlik_100,m5_top_volume_100_20260714,M5,28,tirex,FOODS_3_090_CA_1_validation,364,18027.0,7962.938018798828,21.87620334834843,67.24073575472164,0.44172286119702825
source_b_v1_7_tirex_batched_m5_rohlik_100,m5_top_volume_100_20260714,M5,28,tirex,FOODS_3_090_CA_2_validation,364,13416.0,5604.628846168518,15.397331994968456,68.68933806343664,0.4177570696309271
source_b_v1_7_tirex_batched_m5_rohlik_100,m5_top_volume_100_20260714,M5,28,tirex,FOODS_3_090_CA_3_validation,364,35186.0,14384.18522644043,39.51699238033085,62.59448442554613,0.4088042183379875
source_b_v1_7_tirex_batched_m5_rohlik_100,m5_top_volume_100_20260714,M5,28,tirex,FOODS_3_090_CA_4_validation,364,9265.0,4025.990451812744,11.06041332915589,67.12946488377905,0.4345375555113593
source_b_v1_7_tirex_batched_m5_rohlik_100,m5_top_volume_100_20260714,M5,28,tirex,FOODS_3_090_TX_1_validation,364,16266.0,6524.181079864502,17.923574395232148,63.12819030539229,0.40109314397298057
source_b_v1_7_tirex_batched_m5_rohlik_100,m5_top_volume_100_20260714,M5,28,tirex,FOODS_3_090_TX_2_validation,364,18445.0,7438.616752624512,20.435760309408,63.96872678836473,0.403286351457008
source_b_v1_7_tirex_batched_m5_rohlik_100,m5_top_volume_100_20260714,M5,28,tirex,FOODS_3_090_TX_3_validation,364,20844.0,8284.392566680908,22.759320238134364,63.26441604373307,0.397447350157403
source_b_v1_7_tirex_batched_m5_rohlik_100,m5_top_volume_100_20260714,M5,28,tirex,FOODS_3_090_WI_3_validation,364,22744.0,8336.483135223389,22.90242619566865,63.84171252933496,0.36653548783078566
source_b_v1_7_tirex_batched_m5_rohlik_100,m5_top_volume_100_20260714,M5,28,tirex,FOODS_3_099_TX_2_validation,364,4993.0,1992.5734643936157,5.474102924158285,79.11128587523773,0.3990733956326088
source_b_v1_7_tirex_batched_m5_rohlik_100,m5_top_volume_100_20260714,M5,28,tirex,FOODS_3_120_CA_1_validation,364,14909.0,7262.783493041992,19.95270190396152,72.75596349878302,0.48714088758749696
source_b_v1_7_tirex_batched_m5_rohlik_100,m5_top_volume_100_20260714,M5,28,tirex,FOODS_3_120_CA_3_validation,364,30361.0,9531.57237625122,26.18563839629456,44.09519573543514,0.31394131867366754
source_b_v1_7_tirex_batched_m5_rohlik_100,m5_top_volume_100_20260714,M5,28,tirex,FOODS_3_120_WI_3_validation,364,11888.0,4643.31614112854,12.756363025078407,52.38337743405378,0.3905885044690898
source_b_v1_7_tirex_batched_m5_rohlik_100,m5_top_volume_100_20260714,M5,28,tirex,FOODS_3_202_CA_3_validation,364,7485.0,3562.580919265747,9.787310217763041,68.45924782571896,0.4759627146647625
source_b_v1_7_tirex_batched_m5_rohlik_100,m5_top_volume_100_20260714,M5,28,tirex,FOODS_3_202_TX_1_validation,364,7637.0,3844.298966407776,10.56126089672466,82.56111246218344,0.5033781545643284
source_b_v1_7_tirex_batched_m5_rohlik_100,m5_top_volume_100_20260714,M5,28,tirex,FOODS_3_202_TX_2_validation,364,7507.0,4687.425439834595,12.877542417128007,87.7352335946348,0.6244072785179958
source_b_v1_7_tirex_batched_m5_rohlik_100,m5_top_volume_100_20260714,M5,28,tirex,FOODS_3_202_TX_3_validation,364,9390.0,4606.166948318481,12.654304803072751,79.79639409050883,0.4905396111095294
source_b_v1_7_tirex_batched_m5_rohlik_100,m5_top_volume_100_20260714,M5,28,tirex,FOODS_3_226_WI_1_validation,364,14269.0,2560.8284244537354,7.035242924323449,18.360014448810386,0.1794679672334246
source_b_v1_7_tirex_batched_m5_rohlik_100,m5_top_volume_100_20260714,M5,28,tirex,FOODS_3_226_WI_2_validation,364,13849.0,2707.8317832946777,7.439098305754609,20.78720451719378,0.1955254374535835
source_b_v1_7_tirex_batched_m5_rohlik_100,m5_top_volume_100_20260714,M5,28,tirex,FOODS_3_226_WI_3_validation,364,17486.0,3197.6003646850586,8.784616386497413,18.63743395103765,0.18286631389025843
source_b_v1_7_tirex_batched_m5_rohlik_100,m5_top_volume_100_20260714,M5,28,tirex,FOODS_3_234_CA_3_validation,364,6927.0,4093.510380744934,11.24590763940916,63.56027091454265,0.5909499611296282
source_b_v1_7_tirex_batched_m5_rohlik_100,m5_top_volume_100_20260714,M5,28,tirex,FOODS_3_234_WI_2_validation,364,8873.0,8609.08879852295,23.651342853085026,155.5592577991879,0.9702568239065648
source_b_v1_7_tirex_batched_m5_rohlik_100,m5_top_volume_100_20260714,M5,28,tirex,FOODS_3_234_WI_3_validation,364,7337.0,4682.5943784713745,12.864270270525754,85.11775896243763,0.6382164888198684
source_b_v1_7_tirex_batched_m5_rohlik_100,m5_top_volume_100_20260714,M5,28,tirex,FOODS_3_252_CA_1_validation,364,14143.0,2836.5438919067383,7.792702999743787,21.21749796520625,0.20056168365316682
source_b_v1_7_tirex_batched_m5_rohlik_100,m5_top_volume_100_20260714,M5,28,tirex,FOODS_3_252_CA_2_validation,364,14244.0,3625.9271898269653,9.961338433590564,28.159062019207003,0.2545582132706378
source_b_v1_7_tirex_batched_m5_rohlik_100,m5_top_volume_100_20260714,M5,28,tirex,FOODS_3_252_CA_3_validation,364,16554.0,3451.247360229492,9.481448791839265,21.346455818152332,0.20848419477041755
source_b_v1_7_tirex_batched_m5_rohlik_100,m5_top_volume_100_20260714,M5,28,tirex,FOODS_3_252_TX_1_validation,364,11375.0,3369.1859798431396,9.256005439129504,31.46449455372185,0.29619217405214415
source_b_v1_7_tirex_batched_m5_rohlik_100,m5_top_volume_100_20260714,M5,28,tirex,FOODS_3_252_TX_2_validation,364,21287.0,4370.816009521484,12.007736289894188,21.144236090989562,0.20532794708138696
source_b_v1_7_tirex_batched_m5_rohlik_100,m5_top_volume_100_20260714,M5,28,tirex,FOODS_3_252_TX_3_validation,364,17267.0,4202.000417709351,11.543957191509206,25.701709164638736,0.24335439958935257
source_b_v1_7_tirex_batched_m5_rohlik_100,m5_top_volume_100_20260714,M5,28,tirex,FOODS_3_252_WI_3_validation,364,6563.0,2120.1588230133057,5.824612151135455,33.6229342437316,0.32304720752907296
source_b_v1_7_tirex_batched_m5_rohlik_100,m5_top_volume_100_20260714,M5,28,tirex,FOODS_3_281_CA_3_validation,364,3618.0,2046.1871786117554,5.621393347834493,96.94772584657943,0.5655575396936858
source_b_v1_7_tirex_batched_m5_rohlik_100,m5_top_volume_100_20260714,M5,28,tirex,FOODS_3_282_CA_3_validation,364,12762.0,3964.9378242492676,10.892686330355131,41.933145039096964,0.31068310799633814
source_b_v1_7_tirex_batched_m5_rohlik_100,m5_top_volume_100_20260714,M5,28,tirex,FOODS_3_288_CA_3_validation,364,12018.0,4604.052628517151,12.648496232189975,53.75426246907426,0.38309640776478204
source_b_v1_7_tirex_batched_m5_rohlik_100,m5_top_volume_100_20260714,M5,28,tirex,FOODS_3_318_CA_3_validation,364,4989.0,3382.145860671997,9.29160950734065,126.91437371909448,0.6779205974487867
source_b_v1_7_tirex_batched_m5_rohlik_100,m5_top_volume_100_20260714,M5,28,tirex,FOODS_3_318_WI_3_validation,364,5294.0,3257.120301246643,8.948132695732536,118.37037009989314,0.6152475068467402
source_b_v1_7_tirex_batched_m5_rohlik_100,m5_top_volume_100_20260714,M5,28,tirex,FOODS_3_319_CA_3_validation,364,4781.0,2954.9859228134155,8.11809319454235,120.74881494134773,0.6180685887499301
source_b_v1_7_tirex_batched_m5_rohlik_100,m5_top_volume_100_20260714,M5,28,tirex,FOODS_3_376_WI_2_validation,364,8342.0,4317.749090194702,11.861948049985445,57.29124664806603,0.5175915955639777
source_b_v1_7_tirex_batched_m5_rohlik_100,m5_top_volume_100_20260714,M5,28,tirex,FOODS_3_377_TX_2_validation,364,11468.0,2068.0322246551514,5.681407210591075,18.555084109478646,0.18033067881541257
source_b_v1_7_tirex_batched_m5_rohlik_100,m5_top_volume_100_20260714,M5,28,tirex,FOODS_3_377_TX_3_validation,364,15335.0,2996.707061767578,8.232711708152687,19.96490260367181,0.19541617618308302
source_b_v1_7_tirex_batched_m5_rohlik_100,m5_top_volume_100_20260714,M5,28,tirex,FOODS_3_412_WI_2_validation,364,6820.0,5972.2295598983765,16.40722406565488,140.23762423486608,0.8756934838560669
source_b_v1_7_tirex_batched_m5_rohlik_100,m5_top_volume_100_20260714,M5,28,tirex,FOODS_3_462_WI_2_validation,364,7852.0,4083.6280488967896,11.218758376090081,58.55396607096503,0.520074891606825
source_b_v1_7_tirex_batched_m5_rohlik_100,m5_top_volume_100_20260714,M5,28,tirex,FOODS_3_501_CA_3_validation,364,4692.0,2336.6721239089966,6.419428911837903,73.76315077466603,0.4980119616174332
source_b_v1_7_tirex_batched_m5_rohlik_100,m5_top_volume_100_20260714,M5,28,tirex,FOODS_3_541_CA_3_validation,364,7136.0,4597.856374740601,12.631473556979673,120.81179716970729,0.6443184381643219
source_b_v1_7_tirex_batched_m5_rohlik_100,m5_top_volume_100_20260714,M5,28,tirex,FOODS_3_547_WI_2_validation,364,6138.0,6452.452321052551,17.726517365528988,157.2690509049642,1.051230420503837
source_b_v1_7_tirex_batched_m5_rohlik_100,m5_top_volume_100_20260714,M5,28,tirex,FOODS_3_555_CA_1_validation,364,6566.0,1470.7497425079346,4.0405212706261935,23.791006512492157,0.22399478259334976
source_b_v1_7_tirex_batched_m5_rohlik_100,m5_top_volume_100_20260714,M5,28,tirex,FOODS_3_555_CA_3_validation,364,10701.0,2098.945909500122,5.766334916209127,20.39014554880301,0.19614483781890685
source_b_v1_7_tirex_batched_m5_rohlik_100,m5_top_volume_100_20260714,M5,28,tirex,FOODS_3_555_TX_1_validation,364,8816.0,2139.091766357422,5.876625731751159,25.200243094921724,0.24263745081186727
source_b_v1_7_tirex_batched_m5_rohlik_100,m5_top_volume_100_20260714,M5,28,tirex,FOODS_3_555_TX_2_validation,364,16252.0,3255.9969692230225,8.945046618744568,20.764961487354295,0.20034438648923347
source_b_v1_7_tirex_batched_m5_rohlik_100,m5_top_volume_100_20260714,M5,28,tirex,FOODS_3_555_TX_3_validation,364,11786.0,2883.127124786377,7.920678914248288,25.88201570226371,0.24462303790822815
source_b_v1_7_tirex_batched_m5_rohlik_100,m5_top_volume_100_20260714,M5,28,tirex,FOODS_3_555_WI_3_validation,364,7929.0,1956.381851196289,5.37467541537442,25.90203131172442,0.24673752695122828
source_b_v1_7_tirex_batched_m5_rohlik_100,m5_top_volume_100_20260714,M5,28,tirex,FOODS_3_586_CA_1_validation,364,15898.0,3049.853256225586,8.378717736883479,20.259165336944598,0.19183880086964308
source_b_v1_7_tirex_batched_m5_rohlik_100,m5_top_volume_100_20260714,M5,28,tirex,FOODS_3_586_CA_2_validation,364,13764.0,3032.2884483337402,8.330462770147639,25.110269249349955,0.22030575765284366
source_b_v1_7_tirex_batched_m5_rohlik_100,m5_top_volume_100_20260714,M5,28,tirex,FOODS_3_586_CA_3_validation,364,26695.0,3994.655532836914,10.9743283869146,15.478676282243118,0.1496405893551944
source_b_v1_7_tirex_batched_m5_rohlik_100,m5_top_volume_100_20260714,M5,28,tirex,FOODS_3_586_TX_1_validation,364,18896.0,3452.0410118103027,9.483629153325008,18.603259919164174,0.18268633635744616
source_b_v1_7_tirex_batched_m5_rohlik_100,m5_top_volume_100_20260714,M5,28,tirex,FOODS_3_586_TX_2_validation,364,33765.0,5250.339580535889,14.424009836637056,15.963633715830671,0.15549650764211131
source_b_v1_7_tirex_batched_m5_rohlik_100,m5_top_volume_100_20260714,M5,28,tirex,FOODS_3_586_TX_3_validation,364,26936.0,5096.395614624023,14.001086853362702,19.67148299555878,0.18920387639679326
source_b_v1_7_tirex_batched_m5_rohlik_100,m5_top_volume_100_20260714,M5,28,tirex,FOODS_3_586_WI_3_validation,364,11889.0,2472.280715942383,6.7919799888527,21.888388953371646,0.2079469018371926
source_b_v1_7_tirex_batched_m5_rohlik_100,m5_top_volume_100_20260714,M5,28,tirex,FOODS_3_587_CA_1_validation,364,10034.0,2481.802465438843,6.818138641315502,26.217418449126086,0.24733929294786156
source_b_v1_7_tirex_batched_m5_rohlik_100,m5_top_volume_100_20260714,M5,28,tirex,FOODS_3_587_CA_3_validation,364,12312.0,3011.979866027832,8.274669961614924,27.070897035152125,0.24463774090544443
source_b_v1_7_tirex_batched_m5_rohlik_100,m5_top_volume_100_20260714,M5,28,tirex,FOODS_3_587_TX_1_validation,364,10234.0,2849.5997314453125,7.828570690783826,30.659513672731357,0.2784443747748009
source_b_v1_7_tirex_batched_m5_rohlik_100,m5_top_volume_100_20260714,M5,28,tirex,FOODS_3_587_TX_2_validation,364,10946.0,2848.4316511154175,7.82536167888851,28.19629397603182,0.260225804048549
source_b_v1_7_tirex_batched_m5_rohlik_100,m5_top_volume_100_20260714,M5,28,tirex,FOODS_3_587_TX_3_validation,364,11441.0,2934.4446296691895,8.061661070519751,26.21653376346911,0.256484977682824
source_b_v1_7_tirex_batched_m5_rohlik_100,m5_top_volume_100_20260714,M5,28,tirex,FOODS_3_587_WI_3_validation,364,10622.0,3564.711717605591,9.793164059356018,42.81362698235296,0.33559703611425257
source_b_v1_7_tirex_batched_m5_rohlik_100,m5_top_volume_100_20260714,M5,28,tirex,FOODS_3_607_CA_3_validation,364,7751.0,3235.1783084869385,8.887852495843237,47.58038347082561,0.4173885058040174
source_b_v1_7_tirex_batched_m5_rohlik_100,m5_top_volume_100_20260714,M5,28,tirex,FOODS_3_635_CA_3_validation,364,6861.0,4271.338144302368,11.734445451380132,115.37217873957349,0.6225532931500318
source_b_v1_7_tirex_batched_m5_rohlik_100,m5_top_volume_100_20260714,M5,28,tirex,FOODS_3_681_CA_3_validation,364,14222.0,6145.106253623962,16.882160037428466,47.197925914336345,0.4320845347787908
source_b_v1_7_tirex_batched_m5_rohlik_100,m5_top_volume_100_20260714,M5,28,tirex,FOODS_3_681_WI_3_validation,364,12084.0,4282.860177993774,11.766099390092787,43.306482591227216,0.35442404650726367
source_b_v1_7_tirex_batched_m5_rohlik_100,m5_top_volume_100_20260714,M5,28,tirex,FOODS_3_694_CA_3_validation,364,6317.0,1486.5279216766357,4.083867916694055,24.236423476111646,0.23532181758376378
source_b_v1_7_tirex_batched_m5_rohlik_100,m5_top_volume_100_20260714,M5,28,tirex,FOODS_3_694_TX_1_validation,364,6148.0,1638.3466205596924,4.5009522542848694,27.893355197684706,0.2664844861027476
source_b_v1_7_tirex_batched_m5_rohlik_100,m5_top_volume_100_20260714,M5,28,tirex,FOODS_3_694_WI_1_validation,364,6821.0,1547.6326570510864,4.251738068821666,23.55072453870601,0.22689234086660115
source_b_v1_7_tirex_batched_m5_rohlik_100,m5_top_volume_100_20260714,M5,28,tirex,FOODS_3_694_WI_2_validation,364,11167.0,2180.303699493408,5.989845328278594,20.22264954342884,0.19524524935017534
source_b_v1_7_tirex_batched_m5_rohlik_100,m5_top_volume_100_20260714,M5,28,tirex,FOODS_3_694_WI_3_validation,364,15958.0,2933.0189990997314,8.05774450302124,19.075300100989118,0.18379615234363525
source_b_v1_7_tirex_batched_m5_rohlik_100,m5_top_volume_100_20260714,M5,28,tirex,FOODS_3_711_CA_3_validation,364,5052.0,3566.562304496765,9.798248089276827,101.63289494882395,0.7059703690611174
source_b_v1_7_tirex_batched_m5_rohlik_100,m5_top_volume_100_20260714,M5,28,tirex,FOODS_3_711_WI_2_validation,364,7860.0,7325.959975242615,20.126263668248942,136.69769366993577,0.9320559764939713
source_b_v1_7_tirex_batched_m5_rohlik_100,m5_top_volume_100_20260714,M5,28,tirex,FOODS_3_714_CA_1_validation,364,8484.0,2026.199315071106,5.566481634810731,25.936396989411598,0.23882594472785312
source_b_v1_7_tirex_batched_m5_rohlik_100,m5_top_volume_100_20260714,M5,28,tirex,FOODS_3_714_CA_3_validation,364,11041.0,2377.8960914611816,6.532681569948301,22.719147133096023,0.2153696306005961
source_b_v1_7_tirex_batched_m5_rohlik_100,m5_top_volume_100_20260714,M5,28,tirex,FOODS_3_714_TX_1_validation,364,5367.0,1985.0066013336182,5.4533148388286214,38.630055612378975,0.36985403415942203
source_b_v1_7_tirex_batched_m5_rohlik_100,m5_top_volume_100_20260714,M5,28,tirex,FOODS_3_714_TX_2_validation,364,8563.0,2254.64248752594,6.194072767928406,27.527911557620378,0.26330053573816886
source_b_v1_7_tirex_batched_m5_rohlik_100,m5_top_volume_100_20260714,M5,28,tirex,FOODS_3_714_TX_3_validation,364,6553.0,2325.138957977295,6.387744390047514,37.71730778836353,0.35482053379784756
source_b_v1_7_tirex_batched_m5_rohlik_100,m5_top_volume_100_20260714,M5,28,tirex,FOODS_3_714_WI_3_validation,364,8159.0,2196.5775470733643,6.034553700751001,28.214928629464247,0.2692214177072392
source_b_v1_7_tirex_batched_m5_rohlik_100,m5_top_volume_100_20260714,M5,28,tirex,FOODS_3_723_CA_3_validation,364,8114.0,4217.4114446640015,11.586295177648356,73.42306203275263,0.5197697121843728
source_b_v1_7_tirex_batched_m5_rohlik_100,m5_top_volume_100_20260714,M5,28,tirex,FOODS_3_723_WI_3_validation,364,7665.0,3650.0109825134277,10.027502699212713,70.83122523806779,0.4761919090037088
source_b_v1_7_tirex_batched_m5_rohlik_100,m5_top_volume_100_20260714,M5,28,tirex,FOODS_3_752_CA_3_validation,364,6402.0,4040.8483324050903,11.101231682431568,65.88558353050101,0.6311853065300047
source_b_v1_7_tirex_batched_m5_rohlik_100,m5_top_volume_100_20260714,M5,28,tirex,FOODS_3_804_CA_3_validation,364,8021.0,3428.221067428589,9.418189745682936,53.08962364423223,0.42740569348318025
source_b_v1_7_tirex_batched_m5_rohlik_100,m5_top_volume_100_20260714,M5,28,tirex,FOODS_3_808_CA_1_validation,364,2395.0,2223.3308486938477,6.108051782125955,153.2850178238849,0.928321857492212
source_b_v1_7_tirex_batched_m5_rohlik_100,m5_top_volume_100_20260714,M5,28,tirex,FOODS_3_808_CA_3_validation,364,8863.0,5920.171546936035,16.26420754652757,117.414060030705,0.6679647463540601
source_b_v1_7_tirex_batched_m5_rohlik_100,m5_top_volume_100_20260714,M5,28,tirex,HOUSEHOLD_1_118_CA_3_validation,364,7647.0,2314.4430780410767,6.358360104508453,32.168201286887985,0.30266026913051874
source_b_v1_7_tirex_batched_m5_rohlik_100,m5_top_volume_100_20260714,M5,28,tirex,HOUSEHOLD_1_334_CA_3_validation,364,6882.0,2457.693371772766,6.751904867507599,40.17453405248686,0.35711906012391254
source_b_v1_7_tirex_batched_m5_rohlik_100,m5_top_volume_100_20260714,M5,28,tirex,HOUSEHOLD_1_459_CA_3_validation,364,7840.0,2760.8884620666504,7.584858412271018,37.029638722072264,0.3521541405697258
source_b_v1_7_tirex_batched_m5_rohlik_100,rohlik_top_volume_100_20260714,Rohlik,7,tirex,80,280,65024.250061035156,11400.735900878906,40.71691393171038,17.465729939548577,0.17533052499917462
source_b_v1_7_tirex_batched_m5_rohlik_100,rohlik_top_volume_100_20260714,Rohlik,7,tirex,139,280,704992.3494262695,100039.08087158203,357.28243168422154,14.154130176857649,0.14190094538330086
source_b_v1_7_tirex_batched_m5_rohlik_100,rohlik_top_volume_100_20260714,Rohlik,7,tirex,393,280,347206.3200683594,135608.89166259766,484.3174702235631,35.2944082558937,0.3905714954609652
source_b_v1_7_tirex_batched_m5_rohlik_100,rohlik_top_volume_100_20260714,Rohlik,7,tirex,394,280,239137.44957733154,109299.48072052002,390.3552882875715,44.66005541427804,0.45705714815351445
source_b_v1_7_tirex_batched_m5_rohlik_100,rohlik_top_volume_100_20260714,Rohlik,7,tirex,524,280,267690.19955444336,33238.809478759766,118.71003385271345,11.880893148813502,0.12416894430234675
source_b_v1_7_tirex_batched_m5_rohlik_100,rohlik_top_volume_100_20260714,Rohlik,7,tirex,525,280,531616.6622314453,70012.96447753906,250.04630170549666,12.488668553839872,0.13169821311405422
source_b_v1_7_tirex_batched_m5_rohlik_100,rohlik_top_volume_100_20260714,Rohlik,7,tirex,526,280,338197.9295654297,42950.638610839844,153.39513789585658,12.398774621666355,0.12699852617675583
source_b_v1_7_tirex_batched_m5_rohlik_100,rohlik_top_volume_100_20260714,Rohlik,7,tirex,539,280,193128.92993927002,29134.729850769043,104.05260660988944,15.51148663589436,0.1508563727864621
source_b_v1_7_tirex_batched_m5_rohlik_100,rohlik_top_volume_100_20260714,Rohlik,7,tirex,619,280,111035.18016052246,74886.13381958008,267.4504779270717,112.00834918938665,0.6744360995435675
source_b_v1_7_tirex_batched_m5_rohlik_100,rohlik_top_volume_100_20260714,Rohlik,7,tirex,652,280,906449.6130943298,258616.27643203735,923.6295586858477,28.43580454110309,0.2853068418764104
source_b_v1_7_tirex_batched_m5_rohlik_100,rohlik_top_volume_100_20260714,Rohlik,7,tirex,653,280,742757.7571563721,246764.258102417,881.3009217943464,33.533384597487846,0.3322271032848546
source_b_v1_7_tirex_batched_m5_rohlik_100,rohlik_top_volume_100_20260714,Rohlik,7,tirex,654,280,465967.79803466797,135185.56866455078,482.80560237339563,28.78174380132805,0.29011783482620185
source_b_v1_7_tirex_batched_m5_rohlik_100,rohlik_top_volume_100_20260714,Rohlik,7,tirex,655,280,569343.7183532715,170776.62637329102,609.9165227617536,30.52018340487323,0.2999534742689933
source_b_v1_7_tirex_batched_m5_rohlik_100,rohlik_top_volume_100_20260714,Rohlik,7,tirex,888,280,161351.10961914062,50368.219787597656,179.8864992414202,40.69871696935792,0.3121653139323847
source_b_v1_7_tirex_batched_m5_rohlik_100,rohlik_top_volume_100_20260714,Rohlik,7,tirex,890,280,151037.71043395996,51497.05332946777,183.91804760524204,50.725564889152906,0.3409549388792175
source_b_v1_7_tirex_batched_m5_rohlik_100,rohlik_top_volume_100_20260714,Rohlik,7,tirex,912,280,138695.33001708984,54522.851959228516,194.72447128295897,40.844960772643226,0.3931123849123852
source_b_v1_7_tirex_batched_m5_rohlik_100,rohlik_top_volume_100_20260714,Rohlik,7,tirex,1032,280,313453.1592102051,39107.10446166992,139.6682302202497,13.194364680451379,0.12476219592173347
source_b_v1_7_tirex_batched_m5_rohlik_100,rohlik_top_volume_100_20260714,Rohlik,7,tirex,1266,280,151124.2797088623,22873.449966430664,81.69089273725237,13.797606511282169,0.15135522902405807
source_b_v1_7_tirex_batched_m5_rohlik_100,rohlik_top_volume_100_20260714,Rohlik,7,tirex,1269,280,140353.15000152588,20272.259620666504,72.40092721666609,14.507992926853614,0.14443751081073783
source_b_v1_7_tirex_batched_m5_rohlik_100,rohlik_top_volume_100_20260714,Rohlik,7,tirex,1270,280,132543.56005859375,29423.302536010742,105.08322334289551,21.0901814853729,0.22198968039641861
source_b_v1_7_tirex_batched_m5_rohlik_100,rohlik_top_volume_100_20260714,Rohlik,7,tirex,1391,280,221225.1198425293,30462.376068115234,108.79420024326869,13.650662391419303,0.1376985402462375
source_b_v1_7_tirex_batched_m5_rohlik_100,rohlik_top_volume_100_20260714,Rohlik,7,tirex,1405,280,126042.9401473999,45838.43071746826,163.70868113381522,32.39389439393916,0.3636731312667165
source_b_v1_7_tirex_batched_m5_rohlik_100,rohlik_top_volume_100_20260714,Rohlik,7,tirex,1408,280,207613.20947265625,64642.10513305664,230.864661189488,27.144992392594858,0.31135834418845276
source_b_v1_7_tirex_batched_m5_rohlik_100,rohlik_top_volume_100_20260714,Rohlik,7,tirex,1413,280,289053.51054000854,59478.63533401489,212.42369762148175,21.117871011228765,0.20577032682598165
source_b_v1_7_tirex_batched_m5_rohlik_100,rohlik_top_volume_100_20260714,Rohlik,7,tirex,1640,280,120672.08973693848,31527.447525024414,112.5980268750872,25.665751758864246,0.2612654474928983
source_b_v1_7_tirex_batched_m5_rohlik_100,rohlik_top_volume_100_20260714,Rohlik,7,tirex,1671,280,141476.37020874023,34330.494232177734,122.60890797206334,25.834411497663783,0.24265885660994177
source_b_v1_7_tirex_batched_m5_rohlik_100,rohlik_top_volume_100_20260714,Rohlik,7,tirex,1672,280,151003.13999176025,30080.56990814209,107.43060681479318,19.73385421147558,0.1992049298430714
source_b_v1_7_tirex_batched_m5_rohlik_100,rohlik_top_volume_100_20260714,Rohlik,7,tirex,1925,280,145504.06002807617,28476.553283691406,101.7019760131836,127.6340521843617,0.1957096817655578
source_b_v1_7_tirex_batched_m5_rohlik_100,rohlik_top_volume_100_20260714,Rohlik,7,tirex,1927,280,138158.75009334087,22659.081510663033,80.92529110951084,41.439256898772676,0.16400757458615123
source_b_v1_7_tirex_batched_m5_rohlik_100,rohlik_top_volume_100_20260714,Rohlik,7,tirex,2127,280,224514.65948486328,92975.49755859375,332.0553484235491,38.296393104264936,0.4141177140589438
source_b_v1_7_tirex_batched_m5_rohlik_100,rohlik_top_volume_100_20260714,Rohlik,7,tirex,2129,280,201146.12992095947,103305.03563690186,368.94655584607807,51.635944509333655,0.5135820195869324
source_b_v1_7_tirex_batched_m5_rohlik_100,rohlik_top_volume_100_20260714,Rohlik,7,tirex,2159,280,205632.91958618164,27583.466217041016,98.51237934657506,13.939724892170746,0.13413935021955795
source_b_v1_7_tirex_batched_m5_rohlik_100,rohlik_top_volume_100_20260714,Rohlik,7,tirex,2160,280,155848.88995361328,19043.859588623047,68.0137842450823,12.474004054876074,0.12219438710337457
source_b_v1_7_tirex_batched_m5_rohlik_100,rohlik_top_volume_100_20260714,Rohlik,7,tirex,2161,280,119318.8002319336,14845.464050292969,53.01951446533203,12.85932687675005,0.12441848243056537
source_b_v1_7_tirex_batched_m5_rohlik_100,rohlik_top_volume_100_20260714,Rohlik,7,tirex,2216,280,279236.34016418457,31791.049057006836,113.53946091788156,11.897538313232928,0.1138499703810558
source_b_v1_7_tirex_batched_m5_rohlik_100,rohlik_top_volume_100_20260714,Rohlik,7,tirex,2217,280,274926.85957336426,26292.28318786621,93.90101138523647,9.903394579894606,0.09563373774634817
source_b_v1_7_tirex_batched_m5_rohlik_100,rohlik_top_volume_100_20260714,Rohlik,7,tirex,2218,280,126590.24021148682,13310.459999084473,47.5373571395874,10.919477176979637,0.10514602055298636
source_b_v1_7_tirex_batched_m5_rohlik_100,rohlik_top_volume_100_20260714,Rohlik,7,tirex,2274,280,151934.1999359131,49482.277420043945,176.7224193572998,46.479306094523984,0.3256822851004969
source_b_v1_7_tirex_batched_m5_rohlik_100,rohlik_top_volume_100_20260714,Rohlik,7,tirex,2275,280,108671.41033172607,34119.41107940674,121.85503956930978,47.19612403062931,0.31396860476233046
source_b_v1_7_tirex_batched_m5_rohlik_100,rohlik_top_volume_100_20260714,Rohlik,7,tirex,2325,280,218676.69919586182,39352.17769622803,140.54349177224296,19.30263633762718,0.17995597080501716
source_b_v1_7_tirex_batched_m5_rohlik_100,rohlik_top_volume_100_20260714,Rohlik,7,tirex,2467,280,124018.61987304688,35352.91305541992,126.26040376935687,64.48005630082469,0.28506133265802625
source_b_v1_7_tirex_batched_m5_rohlik_100,rohlik_top_volume_100_20260714,Rohlik,7,tirex,2468,280,207317.14988708496,106943.93721008301,381.9426328931536,70.635348969368,0.5158470356568663
source_b_v1_7_tirex_batched_m5_rohlik_100,rohlik_top_volume_100_20260714,Rohlik,7,tirex,2470,280,261642.5806427002,114906.05546569824,410.3787695203509,61.6384486295916,0.43917184727135167
source_b_v1_7_tirex_batched_m5_rohlik_100,rohlik_top_volume_100_20260714,Rohlik,7,tirex,2560,280,273117.1798400879,55381.518646240234,197.79113802228656,20.201091037138216,0.20277566822660706
source_b_v1_7_tirex_batched_m5_rohlik_100,rohlik_top_volume_100_20260714,Rohlik,7,tirex,2561,280,551515.4985351562,112643.94744873047,402.29981231689453,20.96726730540234,0.2042443915863046
source_b_v1_7_tirex_batched_m5_rohlik_100,rohlik_top_volume_100_20260714,Rohlik,7,tirex,2562,280,501021.64096069336,97539.10977172852,348.353963470459,19.607770225975145,0.19468043253521009
source_b_v1_7_tirex_batched_m5_rohlik_100,rohlik_top_volume_100_20260714,Rohlik,7,tirex,2563,280,249795.21975708008,50711.62417602539,181.11294348580498,20.598095932875253,0.20301278873687512
source_b_v1_7_tirex_batched_m5_rohlik_100,rohlik_top_volume_100_20260714,Rohlik,7,tirex,2565,280,173654.3897781372,44370.715812683105,158.46684218815395,22.984539193247095,0.2555116278337198
source_b_v1_7_tirex_batched_m5_rohlik_100,rohlik_top_volume_100_20260714,Rohlik,7,tirex,2566,280,138404.21014404297,43633.577697753906,155.8342060634068,28.433784344136793,0.315261924852883
source_b_v1_7_tirex_batched_m5_rohlik_100,rohlik_top_volume_100_20260714,Rohlik,7,tirex,2694,280,220327.10961914062,28260.497314453125,100.9303475516183,13.771894553412087,0.12826609200885206
source_b_v1_7_tirex_batched_m5_rohlik_100,rohlik_top_volume_100_20260714,Rohlik,7,tirex,2840,280,275601.7402648926,59012.19989013672,210.7578567504883,21.534873214939832,0.2141212890507062
source_b_v1_7_tirex_batched_m5_rohlik_100,rohlik_top_volume_100_20260714,Rohlik,7,tirex,2935,280,193093.2696838379,38708.660400390625,138.2452157156808,19.59081873159736,0.20046612947085324
source_b_v1_7_tirex_batched_m5_rohlik_100,rohlik_top_volume_100_20260714,Rohlik,7,tirex,2936,280,169590.96995544434,23114.80467224121,82.5528738294329,13.721386672575742,0.136297378795074
source_b_v1_7_tirex_batched_m5_rohlik_100,rohlik_top_volume_100_20260714,Rohlik,7,tirex,2937,280,280813.5494995117,40098.35986328125,143.2084280831473,14.27546622344584,0.14279353661797212
source_b_v1_7_tirex_batched_m5_rohlik_100,rohlik_top_volume_100_20260714,Rohlik,7,tirex,2938,280,168716.07014465332,20057.59162902832,71.63425581795829,11.997376360011492,0.11888370569461106
source_b_v1_7_tirex_batched_m5_rohlik_100,rohlik_top_volume_100_20260714,Rohlik,7,tirex,3144,280,503970.9108886719,48459.124755859375,173.06830269949776,9.9465126714443,0.09615460676174639
source_b_v1_7_tirex_batched_m5_rohlik_100,rohlik_top_volume_100_20260714,Rohlik,7,tirex,3145,280,338092.6397705078,30788.624389648438,109.95937282017299,9.400038932892933,0.09106564523423903
source_b_v1_7_tirex_batched_m5_rohlik_100,rohlik_top_volume_100_20260714,Rohlik,7,tirex,3146,280,0.0,1416.671875,5.059542410714286,200.0,
source_b_v1_7_tirex_batched_m5_rohlik_100,rohlik_top_volume_100_20260714,Rohlik,7,tirex,3147,280,297310.9501647949,27116.096160888672,96.8432005746024,9.39826863209536,0.09120449867675118
source_b_v1_7_tirex_batched_m5_rohlik_100,rohlik_top_volume_100_20260714,Rohlik,7,tirex,3152,280,129612.94994354248,48993.29860687256,174.9760664531163,37.29078766860564,0.37799694110976817
source_b_v1_7_tirex_batched_m5_rohlik_100,rohlik_top_volume_100_20260714,Rohlik,7,tirex,3155,280,105009.38983726501,50202.847803115845,179.295885011128,50.68190998340609,0.478079606794365
source_b_v1_7_tirex_batched_m5_rohlik_100,rohlik_top_volume_100_20260714,Rohlik,7,tirex,3184,280,248360.49018859863,27876.15184020996,99.557685143607,11.815188699354358,0.1122406861858
source_b_v1_7_tirex_batched_m5_rohlik_100,rohlik_top_volume_100_20260714,Rohlik,7,tirex,3224,280,81147.24968624115,42725.70352268219,152.59179829529353,60.9133626690444,0.5265206607479946
source_b_v1_7_tirex_batched_m5_rohlik_100,rohlik_top_volume_100_20260714,Rohlik,7,tirex,3225,280,75168.05016422272,45930.97287273407,164.03918883119312,87.5228551282751,0.6110438247684594
source_b_v1_7_tirex_batched_m5_rohlik_100,rohlik_top_volume_100_20260714,Rohlik,7,tirex,3336,280,575708.1196289062,54269.27941894531,193.81885506766184,9.685201098642517,0.09426526666659932
source_b_v1_7_tirex_batched_m5_rohlik_100,rohlik_top_volume_100_20260714,Rohlik,7,tirex,3456,280,256175.78985595703,31145.143432617188,111.23265511648995,13.044675546124365,0.12157723198640095
source_b_v1_7_tirex_batched_m5_rohlik_100,rohlik_top_volume_100_20260714,Rohlik,7,tirex,3616,280,318439.2596435547,41307.760009765625,147.5277143205915,13.175312580873284,0.1297194323840707
source_b_v1_7_tirex_batched_m5_rohlik_100,rohlik_top_volume_100_20260714,Rohlik,7,tirex,3617,280,187647.49993896484,22872.0869140625,81.68602469308036,12.471421292061773,0.12188857790006255
source_b_v1_7_tirex_batched_m5_rohlik_100,rohlik_top_volume_100_20260714,Rohlik,7,tirex,3618,280,151499.94006347656,18655.851654052734,66.6280416216169,12.552792866364818,0.123140983727361
source_b_v1_7_tirex_batched_m5_rohlik_100,rohlik_top_volume_100_20260714,Rohlik,7,tirex,3685,280,112072.23987579346,24367.35063934326,87.02625228336879,23.119570265241542,0.21742539157198
source_b_v1_7_tirex_batched_m5_rohlik_100,rohlik_top_volume_100_20260714,Rohlik,7,tirex,3686,280,139290.15993404388,27663.33286380768,98.7976173707417,20.24098291264807,0.19860220475665122
source_b_v1_7_tirex_batched_m5_rohlik_100,rohlik_top_volume_100_20260714,Rohlik,7,tirex,3871,280,143374.5302658081,31117.90195465088,111.13536412375313,20.24292483788159,0.21703926002031243
source_b_v1_7_tirex_batched_m5_rohlik_100,rohlik_top_volume_100_20260714,Rohlik,7,tirex,4172,280,260753.42961120605,54612.60694885254,195.0450248173305,73.1247213859262,0.20944156719350596
source_b_v1_7_tirex_batched_m5_rohlik_100,rohlik_top_volume_100_20260714,Rohlik,7,tirex,4227,280,112724.54960632324,37799.386810302734,134.99781003679547,40.99106936284515,0.33532524141646597
source_b_v1_7_tirex_batched_m5_rohlik_100,rohlik_top_volume_100_20260714,Rohlik,7,tirex,4228,280,206421.50966644287,68949.88208770752,246.24957888466972,41.45930506303413,0.3340246963561299
source_b_v1_7_tirex_batched_m5_rohlik_100,rohlik_top_volume_100_20260714,Rohlik,7,tirex,4229,280,121289.81995391846,41576.2741317749,148.4866933277675,43.67151225714242,0.34278453169087847
source_b_v1_7_tirex_batched_m5_rohlik_100,rohlik_top_volume_100_20260714,Rohlik,7,tirex,4230,280,193655.57107543945,82527.73483276367,294.7419101170131,50.47827966141411,0.4261572975900321
source_b_v1_7_tirex_batched_m5_rohlik_100,rohlik_top_volume_100_20260714,Rohlik,7,tirex,4523,280,171175.77983093262,15803.598556518555,56.441423416137695,9.31156224131438,0.09232380055243504
source_b_v1_7_tirex_batched_m5_rohlik_100,rohlik_top_volume_100_20260714,Rohlik,7,tirex,4720,280,4037897.0986328125,362805.5693359375,1295.7341761997768,9.197888815030602,0.08985012754752454
source_b_v1_7_tirex_batched_m5_rohlik_100,rohlik_top_volume_100_20260714,Rohlik,7,tirex,4793,280,575034.4410400391,75136.29699707031,268.3439178466797,13.456447538461438,0.13066399442296822
source_b_v1_7_tirex_batched_m5_rohlik_100,rohlik_top_volume_100_20260714,Rohlik,7,tirex,4877,280,279479.92053222656,30344.931884765625,108.37475673130581,11.43339450132201,0.10857642948723603
source_b_v1_7_tirex_batched_m5_rohlik_100,rohlik_top_volume_100_20260714,Rohlik,7,tirex,4878,280,173437.76989746094,23688.470092773438,84.60167890276227,13.934227797335899,0.13658195736014378
source_b_v1_7_tirex_batched_m5_rohlik_100,rohlik_top_volume_100_20260714,Rohlik,7,tirex,4879,280,637516.419921875,67868.84362792969,242.38872724260602,11.177069181069593,0.1064581891651461
source_b_v1_7_tirex_batched_m5_rohlik_100,rohlik_top_volume_100_20260714,Rohlik,7,tirex,4883,280,1313540.4802246094,129778.61059570312,463.4950378417969,9.787227331302526,0.09880061752913133
source_b_v1_7_tirex_batched_m5_rohlik_100,rohlik_top_volume_100_20260714,Rohlik,7,tirex,4884,280,1460296.7197265625,144654.41625976562,516.6229152134487,9.68160800563828,0.09905823542961315
source_b_v1_7_tirex_batched_m5_rohlik_100,rohlik_top_volume_100_20260714,Rohlik,7,tirex,4885,280,2587560.158203125,274800.314453125,981.4296944754465,10.144173705750307,0.10620055096379058
source_b_v1_7_tirex_batched_m5_rohlik_100,rohlik_top_volume_100_20260714,Rohlik,7,tirex,4965,280,209354.80053710938,57730.38293457031,206.17993905203684,24.262892122272767,0.2757538054368009
source_b_v1_7_tirex_batched_m5_rohlik_100,rohlik_top_volume_100_20260714,Rohlik,7,tirex,4966,280,114273.84986877441,32109.27210998535,114.67597182137625,24.01389464347795,0.2809853010715733
source_b_v1_7_tirex_batched_m5_rohlik_100,rohlik_top_volume_100_20260714,Rohlik,7,tirex,4967,280,217679.2293624878,66661.0911026001,238.07532536642893,28.17205510188207,0.3062354240127959
source_b_v1_7_tirex_batched_m5_rohlik_100,rohlik_top_volume_100_20260714,Rohlik,7,tirex,4968,280,132231.52013397217,40428.25337982178,144.3866192136492,27.26910041108051,0.305738399882731
source_b_v1_7_tirex_batched_m5_rohlik_100,rohlik_top_volume_100_20260714,Rohlik,7,tirex,5164,280,145507.20980644226,44987.24456977844,160.66873060635157,38.83227942313185,0.3091753640910421
source_b_v1_7_tirex_batched_m5_rohlik_100,rohlik_top_volume_100_20260714,Rohlik,7,tirex,5166,280,112630.67004394531,39524.96333312988,141.16058333260673,46.31641692826936,0.35092540351316703
source_b_v1_7_tirex_batched_m5_rohlik_100,rohlik_top_volume_100_20260714,Rohlik,7,tirex,5277,280,151712.34029006958,47400.8943901062,169.28890853609357,30.281443290034822,0.3124392801500331
source_b_v1_7_tirex_batched_m5_rohlik_100,rohlik_top_volume_100_20260714,Rohlik,7,tirex,5278,280,174989.42964935303,51525.727363586426,184.02045486995152,31.384348780248988,0.2944505131929089
source_b_v1_7_tirex_batched_m5_rohlik_100,rohlik_top_volume_100_20260714,Rohlik,7,tirex,5293,280,239707.89004516602,37244.15628051758,133.01484385899136,14.786955142005,0.1553730929486718
source_b_v1_7_tirex_batched_m5_rohlik_100,rohlik_top_volume_100_20260714,Rohlik,7,tirex,5294,280,224627.77935791016,39751.5329284668,141.96976045881,16.338899437224846,0.17696623739991119
source_b_v1_7_tirex_batched_m5_rohlik_100,rohlik_top_volume_100_20260714,Rohlik,7,tirex,5295,280,163282.1696624756,18762.416549682617,67.00863053458077,11.32305543838779,0.11490793262036418
source_b_v1_7_tirex_batched_m5_rohlik_100,rohlik_top_volume_100_20260714,Rohlik,7,tirex,5296,280,156334.580368042,21213.914352416992,75.76397983006069,13.065560554703415,0.1356955978803622
source_b_v1_7_tirex_batched_m5_rohlik_100,rohlik_top_volume_100_20260714,Rohlik,7,tirex,5347,280,131796.05020141602,42560.235595703125,152.00084141322546,32.69612502976843,0.32292497029054257
source_b_v1_7_tirex_batched_m5_rohlik_100,rohlik_top_volume_100_20260714,Rohlik,7,tirex,5350,280,186111.16989898682,54460.21590423584,194.50077108655657,29.83015540126966,0.2926219631728419
source_b_v1_7_tirex_batched_m5_rohlik_100,rohlik_top_volume_100_20260714,Rohlik,14,tirex,80,280,65024.250061035156,11383.456954956055,40.65520341055734,17.442050182915516,0.17506479420017837
source_b_v1_7_tirex_batched_m5_rohlik_100,rohlik_top_volume_100_20260714,Rohlik,14,tirex,139,280,704992.3494262695,116949.36297607422,417.6762963431222,16.17050622972418,0.16588742143265653
source_b_v1_7_tirex_batched_m5_rohlik_100,rohlik_top_volume_100_20260714,Rohlik,14,tirex,393,280,347206.3200683594,135158.43182373047,482.70868508475166,35.444108010613874,0.389274111707183
source_b_v1_7_tirex_batched_m5_rohlik_100,rohlik_top_volume_100_20260714,Rohlik,14,tirex,394,280,239137.44957733154,111129.39517974854,396.8906970705305,44.92279393279608,0.4647092932377028
source_b_v1_7_tirex_batched_m5_rohlik_100,rohlik_top_volume_100_20260714,Rohlik,14,tirex,524,280,267690.19955444336,38641.90182495117,138.00679223196846,13.521066381783386,0.14435306891798294
source_b_v1_7_tirex_batched_m5_rohlik_100,rohlik_top_volume_100_20260714,Rohlik,14,tirex,525,280,531616.6622314453,79483.66430664062,283.87022966657366,13.927376788172374,0.14951311716418045
source_b_v1_7_tirex_batched_m5_rohlik_100,rohlik_top_volume_100_20260714,Rohlik,14,tirex,526,280,338197.9295654297,48361.018127441406,172.7179218837193,13.976521230709436,0.14299619808312639
source_b_v1_7_tirex_batched_m5_rohlik_100,rohlik_top_volume_100_20260714,Rohlik,14,tirex,539,280,193128.92993927002,31700.982109069824,113.21779324667794,16.61230615673986,0.16414413997446314
source_b_v1_7_tirex_batched_m5_rohlik_100,rohlik_top_volume_100_20260714,Rohlik,14,tirex,619,280,111035.18016052246,83316.38256835938,297.55850917271204,116.95603358475381,0.7503602232005181
source_b_v1_7_tirex_batched_m5_rohlik_100,rohlik_top_volume_100_20260714,Rohlik,14,tirex,652,280,906449.6130943298,265749.58026504517,949.1056438037327,29.230672622140315,0.29317634033497003
source_b_v1_7_tirex_batched_m5_rohlik_100,rohlik_top_volume_100_20260714,Rohlik,14,tirex,653,280,742757.7571563721,261313.17558288574,933.2613413674491,35.8134356364922,0.3518148051166993
source_b_v1_7_tirex_batched_m5_rohlik_100,rohlik_top_volume_100_20260714,Rohlik,14,tirex,654,280,465967.79803466797,136977.0200805664,489.20364314488,29.40520572596611,0.2939624168414645
source_b_v1_7_tirex_batched_m5_rohlik_100,rohlik_top_volume_100_20260714,Rohlik,14,tirex,655,280,569343.7183532715,175040.35513305664,625.1441254752023,31.175180724755254,0.30744232260844234
source_b_v1_7_tirex_batched_m5_rohlik_100,rohlik_top_volume_100_20260714,Rohlik,14,tirex,888,280,161351.10961914062,48530.590270996094,173.32353668212892,35.309043392830546,0.30077630321569876
source_b_v1_7_tirex_batched_m5_rohlik_100,rohlik_top_volume_100_20260714,Rohlik,14,tirex,890,280,151037.71043395996,50354.53273010254,179.83761689322336,53.91368763415839,0.33339046643003545
source_b_v1_7_tirex_batched_m5_rohlik_100,rohlik_top_volume_100_20260714,Rohlik,14,tirex,912,280,138695.33001708984,53662.85095214844,191.65303911481584,40.46612897583382,0.3869117362894351
source_b_v1_7_tirex_batched_m5_rohlik_100,rohlik_top_volume_100_20260714,Rohlik,14,tirex,1032,280,313453.1592102051,39223.38088989258,140.08350317818778,13.358863001687718,0.12513314904441258
source_b_v1_7_tirex_batched_m5_rohlik_100,rohlik_top_volume_100_20260714,Rohlik,14,tirex,1266,280,151124.2797088623,22839.939376831055,81.57121206011091,14.220267328081315,0.15113348709308463
source_b_v1_7_tirex_batched_m5_rohlik_100,rohlik_top_volume_100_20260714,Rohlik,14,tirex,1269,280,140353.15000152588,19435.497367858887,69.41249059949602,14.041915708394445,0.13847567630400592
source_b_v1_7_tirex_batched_m5_rohlik_100,rohlik_top_volume_100_20260714,Rohlik,14,tirex,1270,280,132543.56005859375,30608.597900390625,109.31642107282366,21.97489983422755,0.2309323658339902
source_b_v1_7_tirex_batched_m5_rohlik_100,rohlik_top_volume_100_20260714,Rohlik,14,tirex,1391,280,221225.1198425293,31445.232025146484,112.30440008980888,14.223704226016597,0.14214132666095775
source_b_v1_7_tirex_batched_m5_rohlik_100,rohlik_top_volume_100_20260714,Rohlik,14,tirex,1405,280,126042.9401473999,45712.996421813965,163.26070150647845,32.5404552905768,0.362677960132914
source_b_v1_7_tirex_batched_m5_rohlik_100,rohlik_top_volume_100_20260714,Rohlik,14,tirex,1408,280,207613.20947265625,62622.59848022461,223.6521374293736,26.261530606671922,0.30163108907804026
source_b_v1_7_tirex_batched_m5_rohlik_100,rohlik_top_volume_100_20260714,Rohlik,14,tirex,1413,280,289053.51054000854,63371.722553253174,226.32758054733276,22.39717153884052,0.21923872308231923
source_b_v1_7_tirex_batched_m5_rohlik_100,rohlik_top_volume_100_20260714,Rohlik,14,tirex,1640,280,120672.08973693848,32944.874740600586,117.66026693071638,26.59133502341896,0.273011553975898
source_b_v1_7_tirex_batched_m5_rohlik_100,rohlik_top_volume_100_20260714,Rohlik,14,tirex,1671,280,141476.37020874023,36608.26919555664,130.74381855555944,27.096042986321393,0.2587588948001935
source_b_v1_7_tirex_batched_m5_rohlik_100,rohlik_top_volume_100_20260714,Rohlik,14,tirex,1672,280,151003.13999176025,33370.72029876709,119.18114392416818,21.735939831515328,0.22099355219095457
source_b_v1_7_tirex_batched_m5_rohlik_100,rohlik_top_volume_100_20260714,Rohlik,14,tirex,1925,280,145504.06002807617,31405.800903320312,112.1635746547154,128.69985664218893,0.2158414060560256
source_b_v1_7_tirex_batched_m5_rohlik_100,rohlik_top_volume_100_20260714,Rohlik,14,tirex,1927,280,138158.75009334087,20631.564268231392,73.6841581008264,40.59057207872569,0.1493323025453877
source_b_v1_7_tirex_batched_m5_rohlik_100,rohlik_top_volume_100_20260714,Rohlik,14,tirex,2127,280,224514.65948486328,95643.11071777344,341.5825382777623,38.99258038439496,0.4259994021647467
source_b_v1_7_tirex_batched_m5_rohlik_100,rohlik_top_volume_100_20260714,Rohlik,14,tirex,2129,280,201146.12992095947,101841.92113494873,363.72114691053116,50.61544645136299,0.5063081311828748
source_b_v1_7_tirex_batched_m5_rohlik_100,rohlik_top_volume_100_20260714,Rohlik,14,tirex,2159,280,205632.91958618164,27919.523651123047,99.7125844682966,14.207775221748001,0.13577360914443398
source_b_v1_7_tirex_batched_m5_rohlik_100,rohlik_top_volume_100_20260714,Rohlik,14,tirex,2160,280,155848.88995361328,19406.381774902344,69.30850633893694,12.821737923400228,0.1245205004711836
source_b_v1_7_tirex_batched_m5_rohlik_100,rohlik_top_volume_100_20260714,Rohlik,14,tirex,2161,280,119318.8002319336,14923.199005126953,53.29713930402483,12.946012353790037,0.1250699720087616
source_b_v1_7_tirex_batched_m5_rohlik_100,rohlik_top_volume_100_20260714,Rohlik,14,tirex,2216,280,279236.34016418457,33346.27543640137,119.0938408442906,12.45068261988503,0.11941954051107574
source_b_v1_7_tirex_batched_m5_rohlik_100,rohlik_top_volume_100_20260714,Rohlik,14,tirex,2217,280,274926.85957336426,27685.2215423584,98.87579122270857,10.358385698911647,0.10070031565966582
source_b_v1_7_tirex_batched_m5_rohlik_100,rohlik_top_volume_100_20260714,Rohlik,14,tirex,2218,280,126590.24021148682,14206.291831970215,50.73675654275077,11.643465801909253,0.1122226469294679
source_b_v1_7_tirex_batched_m5_rohlik_100,rohlik_top_volume_100_20260714,Rohlik,14,tirex,2274,280,151934.1999359131,52172.72163391113,186.33114869253976,45.13168638667145,0.3433902416698673
source_b_v1_7_tirex_batched_m5_rohlik_100,rohlik_top_volume_100_20260714,Rohlik,14,tirex,2275,280,108671.41033172607,37078.65808868408,132.42377888815744,47.08420645586206,0.3411997504725413
source_b_v1_7_tirex_batched_m5_rohlik_100,rohlik_top_volume_100_20260714,Rohlik,14,tirex,2325,280,218676.69919586182,42737.20079803467,152.63285999298097,20.886098343755886,0.19543554917003894
source_b_v1_7_tirex_batched_m5_rohlik_100,rohlik_top_volume_100_20260714,Rohlik,14,tirex,2467,280,124018.61987304688,38685.9274597168,138.1640266418457,69.30090594807336,0.3119364455056676
source_b_v1_7_tirex_batched_m5_rohlik_100,rohlik_top_volume_100_20260714,Rohlik,14,tirex,2468,280,207317.14988708496,107698.26625061035,384.63666518075127,68.41762131745513,0.5194855626235846
source_b_v1_7_tirex_batched_m5_rohlik_100,rohlik_top_volume_100_20260714,Rohlik,14,tirex,2470,280,261642.5806427002,113745.56443786621,406.234158706665,58.38192759991831,0.43473644144030765
source_b_v1_7_tirex_batched_m5_rohlik_100,rohlik_top_volume_100_20260714,Rohlik,14,tirex,2560,280,273117.1798400879,57259.25210571289,204.4973289489746,20.9053146876334,0.20965086172623268
source_b_v1_7_tirex_batched_m5_rohlik_100,rohlik_top_volume_100_20260714,Rohlik,14,tirex,2561,280,551515.4985351562,117224.7109375,418.6596819196429,21.809197140175264,0.21255016631237522
source_b_v1_7_tirex_batched_m5_rohlik_100,rohlik_top_volume_100_20260714,Rohlik,14,tirex,2562,280,501021.64096069336,100013.37503051758,357.19062510899136,20.17485426319684,0.19961887242783577
source_b_v1_7_tirex_batched_m5_rohlik_100,rohlik_top_volume_100_20260714,Rohlik,14,tirex,2563,280,249795.21975708008,51065.257232666016,182.37591868809292,20.778634369259503,0.20442848058632093
source_b_v1_7_tirex_batched_m5_rohlik_100,rohlik_top_volume_100_20260714,Rohlik,14,tirex,2565,280,173654.3897781372,47698.03789520264,170.35013534000942,24.740542079648367,0.27467222657683565
source_b_v1_7_tirex_batched_m5_rohlik_100,rohlik_top_volume_100_20260714,Rohlik,14,tirex,2566,280,138404.21014404297,45064.270904541016,160.94382465907506,29.022528924934903,0.32559898905994816
source_b_v1_7_tirex_batched_m5_rohlik_100,rohlik_top_volume_100_20260714,Rohlik,14,tirex,2694,280,220327.10961914062,28555.002075195312,101.98215026855469,13.924019100375423,0.12960276256769193
source_b_v1_7_tirex_batched_m5_rohlik_100,rohlik_top_volume_100_20260714,Rohlik,14,tirex,2840,280,275601.7402648926,59886.99621582031,213.8821293422154,21.869964099523067,0.2172954211329013
source_b_v1_7_tirex_batched_m5_rohlik_100,rohlik_top_volume_100_20260714,Rohlik,14,tirex,2935,280,193093.2696838379,40728.46667480469,145.45880955287387,20.68500632717722,0.2109263919011347
source_b_v1_7_tirex_batched_m5_rohlik_100,rohlik_top_volume_100_20260714,Rohlik,14,tirex,2936,280,169590.96995544434,23924.14973449707,85.4433919089181,14.18568201966246,0.1410697146244433
source_b_v1_7_tirex_batched_m5_rohlik_100,rohlik_top_volume_100_20260714,Rohlik,14,tirex,2937,280,280813.5494995117,41198.81268310547,147.13861672537666,14.697712640184537,0.14671233904679198
source_b_v1_7_tirex_batched_m5_rohlik_100,rohlik_top_volume_100_20260714,Rohlik,14,tirex,2938,280,168716.07014465332,20661.83152770996,73.792255456107,12.348346139353232,0.12246510667297417
source_b_v1_7_tirex_batched_m5_rohlik_100,rohlik_top_volume_100_20260714,Rohlik,14,tirex,3144,280,503970.9108886719,48811.814208984375,174.32790788922992,10.015182263641902,0.09685442781392396
source_b_v1_7_tirex_batched_m5_rohlik_100,rohlik_top_volume_100_20260714,Rohlik,14,tirex,3145,280,338092.6397705078,31507.922485351562,112.5282945905413,9.590312657760428,0.0931931629944345
source_b_v1_7_tirex_batched_m5_rohlik_100,rohlik_top_volume_100_20260714,Rohlik,14,tirex,3146,280,0.0,1233.7900390625,4.406392996651785,200.0,
source_b_v1_7_tirex_batched_m5_rohlik_100,rohlik_top_volume_100_20260714,Rohlik,14,tirex,3147,280,297310.9501647949,28260.44027709961,100.93014384678432,9.774522099289875,0.095053479400726
source_b_v1_7_tirex_batched_m5_rohlik_100,rohlik_top_volume_100_20260714,Rohlik,14,tirex,3152,280,129612.94994354248,51785.56061553955,184.9484307697841,39.210542947915485,0.3995400200218928
source_b_v1_7_tirex_batched_m5_rohlik_100,rohlik_top_volume_100_20260714,Rohlik,14,tirex,3155,280,105009.38983726501,51215.471811294556,182.912399326052,50.87027552245465,0.48772278260700413
source_b_v1_7_tirex_batched_m5_rohlik_100,rohlik_top_volume_100_20260714,Rohlik,14,tirex,3184,280,248360.49018859863,27338.36930847168,97.63703324454171,11.672739777641315,0.11007535573678252
source_b_v1_7_tirex_batched_m5_rohlik_100,rohlik_top_volume_100_20260714,Rohlik,14,tirex,3224,280,81147.24968624115,43254.214844703674,154.47933873108454,59.76729708155085,0.5330336519345721
source_b_v1_7_tirex_batched_m5_rohlik_100,rohlik_top_volume_100_20260714,Rohlik,14,tirex,3225,280,75168.05016422272,47691.26164531708,170.325934447561,89.8930250093811,0.6344618696523859
source_b_v1_7_tirex_batched_m5_rohlik_100,rohlik_top_volume_100_20260714,Rohlik,14,tirex,3336,280,575708.1196289062,56257.15051269531,200.91839468819754,9.981352335963606,0.09771818147876378
source_b_v1_7_tirex_batched_m5_rohlik_100,rohlik_top_volume_100_20260714,Rohlik,14,tirex,3456,280,256175.78985595703,30478.801208496094,108.85286145891462,12.882402738242332,0.11897611880355191
source_b_v1_7_tirex_batched_m5_rohlik_100,rohlik_top_volume_100_20260714,Rohlik,14,tirex,3616,280,318439.2596435547,40731.804748535156,145.47073124476842,13.1141334249074,0.1279107506848507
source_b_v1_7_tirex_batched_m5_rohlik_100,rohlik_top_volume_100_20260714,Rohlik,14,tirex,3617,280,187647.49993896484,22534.710083007812,80.48110743931362,12.34538453592639,0.12009064917111906
source_b_v1_7_tirex_batched_m5_rohlik_100,rohlik_top_volume_100_20260714,Rohlik,14,tirex,3618,280,151499.94006347656,18401.193084716797,65.71854673113141,12.515863056808843,0.12146006841327416
source_b_v1_7_tirex_batched_m5_rohlik_100,rohlik_top_volume_100_20260714,Rohlik,14,tirex,3685,280,112072.23987579346,24892.66204071045,88.90236443110875,23.599229567545464,0.22211264866570252
source_b_v1_7_tirex_batched_m5_rohlik_100,rohlik_top_volume_100_20260714,Rohlik,14,tirex,3686,280,139290.15993404388,27857.60791873932,99.49145685264043,20.473918617687016,0.19999695550590466
source_b_v1_7_tirex_batched_m5_rohlik_100,rohlik_top_volume_100_20260714,Rohlik,14,tirex,3871,280,143374.5302658081,32105.557807922363,114.66270645686558,20.925024603722473,0.22392790231570775
source_b_v1_7_tirex_batched_m5_rohlik_100,rohlik_top_volume_100_20260714,Rohlik,14,tirex,4172,280,260753.42961120605,56432.97526550293,201.54634023393905,74.93933930727673,0.21642275367057218
source_b_v1_7_tirex_batched_m5_rohlik_100,rohlik_top_volume_100_20260714,Rohlik,14,tirex,4227,280,112724.54960632324,35750.51754760742,127.68041981288366,35.68207750177873,0.31714934920974847
source_b_v1_7_tirex_batched_m5_rohlik_100,rohlik_top_volume_100_20260714,Rohlik,14,tirex,4228,280,206421.50966644287,69185.16065216064,247.0898594720023,38.81388326339509,0.33516449309937296
source_b_v1_7_tirex_batched_m5_rohlik_100,rohlik_top_volume_100_20260714,Rohlik,14,tirex,4229,280,121289.81995391846,41010.007164001465,146.46431130000522,40.68337940738176,0.33811582191796774
source_b_v1_7_tirex_batched_m5_rohlik_100,rohlik_top_volume_100_20260714,Rohlik,14,tirex,4230,280,193655.57107543945,77784.74069213867,277.8026453290667,45.10100816593562,0.40166539108672095
source_b_v1_7_tirex_batched_m5_rohlik_100,rohlik_top_volume_100_20260714,Rohlik,14,tirex,4523,280,171175.77983093262,16201.656967163086,57.86306059701102,9.553587793013532,0.09464923707761218
source_b_v1_7_tirex_batched_m5_rohlik_100,rohlik_top_volume_100_20260714,Rohlik,14,tirex,4720,280,4037897.0986328125,373641.3974609375,1334.4335623604911,9.578757118880219,0.0925336600547469
source_b_v1_7_tirex_batched_m5_rohlik_100,rohlik_top_volume_100_20260714,Rohlik,14,tirex,4793,280,575034.4410400391,89813.16491699219,320.7613032749721,15.636370983778209,0.15618745331940664
source_b_v1_7_tirex_batched_m5_rohlik_100,rohlik_top_volume_100_20260714,Rohlik,14,tirex,4877,280,279479.92053222656,32414.43048095703,115.76582314627511,12.19975847182427,0.11598124981296949
source_b_v1_7_tirex_batched_m5_rohlik_100,rohlik_top_volume_100_20260714,Rohlik,14,tirex,4878,280,173437.76989746094,25093.483276367188,89.61958312988281,14.701429377868305,0.1446829216681167
source_b_v1_7_tirex_batched_m5_rohlik_100,rohlik_top_volume_100_20260714,Rohlik,14,tirex,4879,280,637516.419921875,70320.31005859375,251.14396449497767,11.59917245791973,0.11030352766005809
source_b_v1_7_tirex_batched_m5_rohlik_100,rohlik_top_volume_100_20260714,Rohlik,14,tirex,4883,280,1313540.4802246094,130579.27490234375,466.35455322265625,9.988180250057864,0.09941016426080397
source_b_v1_7_tirex_batched_m5_rohlik_100,rohlik_top_volume_100_20260714,Rohlik,14,tirex,4884,280,1460296.7197265625,149382.5625,533.5091517857143,10.110534004782162,0.10229603373208396
source_b_v1_7_tirex_batched_m5_rohlik_100,rohlik_top_volume_100_20260714,Rohlik,14,tirex,4885,280,2587560.158203125,268356.15576171875,958.4148420061384,10.176133239202994,0.1037101127527303
source_b_v1_7_tirex_batched_m5_rohlik_100,rohlik_top_volume_100_20260714,Rohlik,14,tirex,4965,280,209354.80053710938,57190.88024902344,204.25314374651228,24.116323522138323,0.2731768275783388
source_b_v1_7_tirex_batched_m5_rohlik_100,rohlik_top_volume_100_20260714,Rohlik,14,tirex,4966,280,114273.84986877441,30045.83282470703,107.30654580252511,22.937858541011096,0.2629283327656323
source_b_v1_7_tirex_batched_m5_rohlik_100,rohlik_top_volume_100_20260714,Rohlik,14,tirex,4967,280,217679.2293624878,66894.3826675415,238.90850952693395,28.570160621705615,0.3073071457642218
source_b_v1_7_tirex_batched_m5_rohlik_100,rohlik_top_volume_100_20260714,Rohlik,14,tirex,4968,280,132231.52013397217,39785.90172576904,142.09250616346085,26.508490057560458,0.3008806197301477
source_b_v1_7_tirex_batched_m5_rohlik_100,rohlik_top_volume_100_20260714,Rohlik,14,tirex,5164,280,145507.20980644226,47488.37075996399,169.60132414272854,40.336206967231334,0.3263643830648278
source_b_v1_7_tirex_batched_m5_rohlik_100,rohlik_top_volume_100_20260714,Rohlik,14,tirex,5166,280,112630.67004394531,43153.65158081055,154.12018421718054,48.20668221784598,0.383142989063043
source_b_v1_7_tirex_batched_m5_rohlik_100,rohlik_top_volume_100_20260714,Rohlik,14,tirex,5277,280,151712.34029006958,50423.56480026245,180.08416000093732,32.13671255904567,0.3323629752454814
source_b_v1_7_tirex_batched_m5_rohlik_100,rohlik_top_volume_100_20260714,Rohlik,14,tirex,5278,280,174989.42964935303,52543.1370010376,187.65406071799143,31.691818321024666,0.3002646337343032
source_b_v1_7_tirex_batched_m5_rohlik_100,rohlik_top_volume_100_20260714,Rohlik,14,tirex,5293,280,239707.89004516602,37981.03225708008,135.646543775286,15.133771803098755,0.158447151030046
source_b_v1_7_tirex_batched_m5_rohlik_100,rohlik_top_volume_100_20260714,Rohlik,14,tirex,5294,280,224627.77935791016,42396.147064208984,151.41481094360353,17.451027487069034,0.18873955476654194
source_b_v1_7_tirex_batched_m5_rohlik_100,rohlik_top_volume_100_20260714,Rohlik,14,tirex,5295,280,163282.1696624756,18482.98875427246,66.01067412240165,11.142575061038913,0.1131966141341647
source_b_v1_7_tirex_batched_m5_rohlik_100,rohlik_top_volume_100_20260714,Rohlik,14,tirex,5296,280,156334.580368042,21843.6649017334,78.01308893476214,13.458868036041016,0.13972382086106072
source_b_v1_7_tirex_batched_m5_rohlik_100,rohlik_top_volume_100_20260714,Rohlik,14,tirex,5347,280,131796.05020141602,42602.2197265625,152.15078473772323,32.601707242106414,0.3232435240772093
source_b_v1_7_tirex_batched_m5_rohlik_100,rohlik_top_volume_100_20260714,Rohlik,14,tirex,5350,280,186111.16989898682,54932.6129989624,196.18790356772286,30.330957734011367,0.29516021541736304
source_b_v1_7_tirex_batched_m5_rohlik_100,rohlik_top_volume_100_20260714,Rohlik,28,tirex,80,280,65024.250061035156,11264.914093017578,40.23183604649135,17.265902069762205,0.17324173800457124
source_b_v1_7_tirex_batched_m5_rohlik_100,rohlik_top_volume_100_20260714,Rohlik,28,tirex,139,280,704992.3494262695,117425.27154541016,419.3759698050363,16.454545323005927,0.16656247637434948
source_b_v1_7_tirex_batched_m5_rohlik_100,rohlik_top_volume_100_20260714,Rohlik,28,tirex,393,280,347206.3200683594,138602.3662109375,495.0084507533482,36.233890301149806,0.39919309701404315
source_b_v1_7_tirex_batched_m5_rohlik_100,rohlik_top_volume_100_20260714,Rohlik,28,tirex,394,280,239137.44957733154,112695.27121734619,402.4831114905221,44.81063289345975,0.4712573100387739
source_b_v1_7_tirex_batched_m5_rohlik_100,rohlik_top_volume_100_20260714,Rohlik,28,tirex,524,280,267690.19955444336,47243.096099853516,168.72534321376256,15.80562430136494,0.1764842201114842
source_b_v1_7_tirex_batched_m5_rohlik_100,rohlik_top_volume_100_20260714,Rohlik,28,tirex,525,280,531616.6622314453,96362.14587402344,344.15052097865515,16.358640230310495,0.1812624635758145
source_b_v1_7_tirex_batched_m5_rohlik_100,rohlik_top_volume_100_20260714,Rohlik,28,tirex,526,280,338197.9295654297,58325.265869140625,208.30452096121653,16.752888126502103,0.17245896787152473
source_b_v1_7_tirex_batched_m5_rohlik_100,rohlik_top_volume_100_20260714,Rohlik,28,tirex,539,280,193128.92993927002,33860.411613464355,120.93004147665842,17.60961660089119,0.175325424441133
source_b_v1_7_tirex_batched_m5_rohlik_100,rohlik_top_volume_100_20260714,Rohlik,28,tirex,619,280,111035.18016052246,84538.10050964355,301.92178753444125,103.5554298429845,0.7613632038731117
source_b_v1_7_tirex_batched_m5_rohlik_100,rohlik_top_volume_100_20260714,Rohlik,28,tirex,652,280,906449.6130943298,248595.77826309204,887.8420652253287,27.663241751463318,0.2742521753795728
source_b_v1_7_tirex_batched_m5_rohlik_100,rohlik_top_volume_100_20260714,Rohlik,28,tirex,653,280,742757.7571563721,252228.76847839355,900.817030279977,34.34596364475478,0.3395841592338861
source_b_v1_7_tirex_batched_m5_rohlik_100,rohlik_top_volume_100_20260714,Rohlik,28,tirex,654,280,465967.79803466797,127779.05548095703,456.3537695748465,27.48808549143057,0.27422293132679154
source_b_v1_7_tirex_batched_m5_rohlik_100,rohlik_top_volume_100_20260714,Rohlik,28,tirex,655,280,569343.7183532715,166085.86856079102,593.1638162885394,29.91832538656867,0.29171458858133315
source_b_v1_7_tirex_batched_m5_rohlik_100,rohlik_top_volume_100_20260714,Rohlik,28,tirex,888,280,161351.10961914062,50582.73719787598,180.65263284955705,38.19015967765494,0.3134948208120379
source_b_v1_7_tirex_batched_m5_rohlik_100,rohlik_top_volume_100_20260714,Rohlik,28,tirex,890,280,151037.71043395996,57437.00730895996,205.13216896057128,63.85953332911263,0.3802825608514096
source_b_v1_7_tirex_batched_m5_rohlik_100,rohlik_top_volume_100_20260714,Rohlik,28,tirex,912,280,138695.33001708984,51307.38604736328,183.24066445486886,37.96774436430063,0.3699287210394269
source_b_v1_7_tirex_batched_m5_rohlik_100,rohlik_top_volume_100_20260714,Rohlik,28,tirex,1032,280,313453.1592102051,42247.8327331543,150.8851169041225,14.194960725644737,0.1347819649979104
source_b_v1_7_tirex_batched_m5_rohlik_100,rohlik_top_volume_100_20260714,Rohlik,28,tirex,1266,280,151124.2797088623,23689.110641479492,84.60396657671247,14.710886681019486,0.1567525131442549
source_b_v1_7_tirex_batched_m5_rohlik_100,rohlik_top_volume_100_20260714,Rohlik,28,tirex,1269,280,140353.15000152588,19334.358879089355,69.05128171103341,13.951534035855296,0.13775507624074812
source_b_v1_7_tirex_batched_m5_rohlik_100,rohlik_top_volume_100_20260714,Rohlik,28,tirex,1270,280,132543.56005859375,31076.747756958008,110.9883848462786,22.40785500494489,0.23446441112053923
source_b_v1_7_tirex_batched_m5_rohlik_100,rohlik_top_volume_100_20260714,Rohlik,28,tirex,1391,280,221225.1198425293,33299.20462036133,118.92573078700474,15.099540191726932,0.15052180622193403
source_b_v1_7_tirex_batched_m5_rohlik_100,rohlik_top_volume_100_20260714,Rohlik,28,tirex,1405,280,126042.9401473999,42032.208168029785,150.11502917153496,30.394600582758684,0.3334753070570677
source_b_v1_7_tirex_batched_m5_rohlik_100,rohlik_top_volume_100_20260714,Rohlik,28,tirex,1408,280,207613.20947265625,54150.719329833984,193.39542617797852,23.225046558472954,0.26082501911789924
source_b_v1_7_tirex_batched_m5_rohlik_100,rohlik_top_volume_100_20260714,Rohlik,28,tirex,1413,280,289053.51054000854,64601.05672073364,230.71805971690586,22.882410092939573,0.22349168705837968
source_b_v1_7_tirex_batched_m5_rohlik_100,rohlik_top_volume_100_20260714,Rohlik,28,tirex,1640,280,120672.08973693848,32777.33723449707,117.0619186946324,26.373200943079876,0.271623184001791
source_b_v1_7_tirex_batched_m5_rohlik_100,rohlik_top_volume_100_20260714,Rohlik,28,tirex,1671,280,141476.37020874023,34683.784240722656,123.87065800258091,25.870461048339223,0.2451560228011839
source_b_v1_7_tirex_batched_m5_rohlik_100,rohlik_top_volume_100_20260714,Rohlik,28,tirex,1672,280,151003.13999176025,31029.89037322998,110.82103704724993,20.451272300158525,0.20549168960938943
source_b_v1_7_tirex_batched_m5_rohlik_100,rohlik_top_volume_100_20260714,Rohlik,28,tirex,1925,280,145504.06002807617,51871.90661621094,185.25680934361048,137.9416252138129,0.3564980015416878
source_b_v1_7_tirex_batched_m5_rohlik_100,rohlik_top_volume_100_20260714,Rohlik,28,tirex,1927,280,138158.75009334087,21762.015714764595,77.72148469558783,40.84362776554505,0.1575145671197955
source_b_v1_7_tirex_batched_m5_rohlik_100,rohlik_top_volume_100_20260714,Rohlik,28,tirex,2127,280,224514.65948486328,101854.45565795898,363.7659130641392,41.760484556907365,0.4536650564005866
source_b_v1_7_tirex_batched_m5_rohlik_100,rohlik_top_volume_100_20260714,Rohlik,28,tirex,2129,280,201146.12992095947,108647.91143035889,388.0282551084246,53.24248252454997,0.5401441801194593
source_b_v1_7_tirex_batched_m5_rohlik_100,rohlik_top_volume_100_20260714,Rohlik,28,tirex,2159,280,205632.91958618164,30023.790985107422,107.22782494681222,15.463162425666072,0.14600673396811994
source_b_v1_7_tirex_batched_m5_rohlik_100,rohlik_top_volume_100_20260714,Rohlik,28,tirex,2160,280,155848.88995361328,19829.569610595703,70.81989146641322,13.183650565480878,0.1272358732647872
source_b_v1_7_tirex_batched_m5_rohlik_100,rohlik_top_volume_100_20260714,Rohlik,28,tirex,2161,280,119318.8002319336,16489.858825683594,58.89235294886998,14.31768759097099,0.13820000531039844
source_b_v1_7_tirex_batched_m5_rohlik_100,rohlik_top_volume_100_20260714,Rohlik,28,tirex,2216,280,279236.34016418457,33915.91758728027,121.12827709742955,12.663960208519615,0.12145954057175543
source_b_v1_7_tirex_batched_m5_rohlik_100,rohlik_top_volume_100_20260714,Rohlik,28,tirex,2217,280,274926.85957336426,28226.311141967773,100.80825407845633,10.540900136150375,0.10266843765563612
source_b_v1_7_tirex_batched_m5_rohlik_100,rohlik_top_volume_100_20260714,Rohlik,28,tirex,2218,280,126590.24021148682,14513.11302947998,51.83254653385708,11.873382739901796,0.11464638194250823
source_b_v1_7_tirex_batched_m5_rohlik_100,rohlik_top_volume_100_20260714,Rohlik,28,tirex,2274,280,151934.1999359131,54492.76658630371,194.61702352251325,45.93958902943515,0.3586603056407915
source_b_v1_7_tirex_batched_m5_rohlik_100,rohlik_top_volume_100_20260714,Rohlik,28,tirex,2275,280,108671.41033172607,41096.657386779785,146.77377638135638,48.42456906692052,0.3781735901036873
source_b_v1_7_tirex_batched_m5_rohlik_100,rohlik_top_volume_100_20260714,Rohlik,28,tirex,2325,280,218676.69919586182,42203.39266204834,150.72640236445835,20.647610325905664,0.19299446542426585
source_b_v1_7_tirex_batched_m5_rohlik_100,rohlik_top_volume_100_20260714,Rohlik,28,tirex,2467,280,124018.61987304688,41279.01495361328,147.42505340576173,69.88596037953278,0.33284530174476246
source_b_v1_7_tirex_batched_m5_rohlik_100,rohlik_top_volume_100_20260714,Rohlik,28,tirex,2468,280,207317.14988708496,108772.18687438965,388.47209597996306,68.8992050351778,0.5246656484214273
source_b_v1_7_tirex_batched_m5_rohlik_100,rohlik_top_volume_100_20260714,Rohlik,28,tirex,2470,280,261642.5806427002,111152.65055847168,396.9737519945417,57.649280353962084,0.424826304210254
source_b_v1_7_tirex_batched_m5_rohlik_100,rohlik_top_volume_100_20260714,Rohlik,28,tirex,2560,280,273117.1798400879,59108.39859008789,211.1014235360282,21.626732862736016,0.21642138595857022
source_b_v1_7_tirex_batched_m5_rohlik_100,rohlik_top_volume_100_20260714,Rohlik,28,tirex,2561,280,551515.4985351562,110995.603515625,396.4128696986607,20.74013819420315,0.20125563798376123
source_b_v1_7_tirex_batched_m5_rohlik_100,rohlik_top_volume_100_20260714,Rohlik,28,tirex,2562,280,501021.64096069336,98645.51968383789,352.3054274422782,19.9380973520543,0.1968887401643733
source_b_v1_7_tirex_batched_m5_rohlik_100,rohlik_top_volume_100_20260714,Rohlik,28,tirex,2563,280,249795.21975708008,49484.76449584961,176.73130177089146,20.07243231245627,0.1981013269348083
source_b_v1_7_tirex_batched_m5_rohlik_100,rohlik_top_volume_100_20260714,Rohlik,28,tirex,2565,280,173654.3897781372,48800.960136413574,174.2891433443342,25.920074237060152,0.2810234754143689
source_b_v1_7_tirex_batched_m5_rohlik_100,rohlik_top_volume_100_20260714,Rohlik,28,tirex,2566,280,138404.21014404297,44890.20822143555,160.32217221941266,29.18542932607246,0.3243413489713677
source_b_v1_7_tirex_batched_m5_rohlik_100,rohlik_top_volume_100_20260714,Rohlik,28,tirex,2694,280,220327.10961914062,28851.95489501953,103.04269605364118,14.068736641589712,0.1309505441472603
source_b_v1_7_tirex_batched_m5_rohlik_100,rohlik_top_volume_100_20260714,Rohlik,28,tirex,2840,280,275601.7402648926,61230.67654418945,218.6809876578195,22.277869989445506,0.2221708632367054
source_b_v1_7_tirex_batched_m5_rohlik_100,rohlik_top_volume_100_20260714,Rohlik,28,tirex,2935,280,193093.2696838379,48700.904876708984,173.93180313110352,24.321687177283877,0.2522144089043063
source_b_v1_7_tirex_batched_m5_rohlik_100,rohlik_top_volume_100_20260714,Rohlik,28,tirex,2936,280,169590.96995544434,25262.986251831055,90.22495089939662,14.991866166275233,0.14896421819197245
source_b_v1_7_tirex_batched_m5_rohlik_100,rohlik_top_volume_100_20260714,Rohlik,28,tirex,2937,280,280813.5494995117,43893.60675048828,156.76288125174386,15.663028888167648,0.15630872095993575
source_b_v1_7_tirex_batched_m5_rohlik_100,rohlik_top_volume_100_20260714,Rohlik,28,tirex,2938,280,168716.07014465332,20912.657180786133,74.68806135995048,12.480215716307882,0.12395177983256779
source_b_v1_7_tirex_batched_m5_rohlik_100,rohlik_top_volume_100_20260714,Rohlik,28,tirex,3144,280,503970.9108886719,52613.73767089844,187.90620596749443,10.754994524811543,0.10439836215570963
source_b_v1_7_tirex_batched_m5_rohlik_100,rohlik_top_volume_100_20260714,Rohlik,28,tirex,3145,280,338092.6397705078,34610.08203125,123.60743582589286,10.563709076484413,0.10236863498342585
source_b_v1_7_tirex_batched_m5_rohlik_100,rohlik_top_volume_100_20260714,Rohlik,28,tirex,3146,280,0.0,872.580810546875,3.1163600376674108,200.0,
source_b_v1_7_tirex_batched_m5_rohlik_100,rohlik_top_volume_100_20260714,Rohlik,28,tirex,3147,280,297310.9501647949,30707.170623779297,109.66846651349749,10.637922101731474,0.10328301263965818
source_b_v1_7_tirex_batched_m5_rohlik_100,rohlik_top_volume_100_20260714,Rohlik,28,tirex,3152,280,129612.94994354248,49511.34369659424,176.82622748783658,37.29515196251588,0.3819938032284634
source_b_v1_7_tirex_batched_m5_rohlik_100,rohlik_top_volume_100_20260714,Rohlik,28,tirex,3155,280,105009.38983726501,49812.10439491272,177.900372838974,47.52335345810298,0.47435857376285545
source_b_v1_7_tirex_batched_m5_rohlik_100,rohlik_top_volume_100_20260714,Rohlik,28,tirex,3184,280,248360.49018859863,29909.975326538086,106.82134045192174,12.759563470270063,0.12042968389950114
source_b_v1_7_tirex_batched_m5_rohlik_100,rohlik_top_volume_100_20260714,Rohlik,28,tirex,3224,280,81147.24968624115,45115.90456485748,161.12823058877672,60.93270044313016,0.5559757692256952
source_b_v1_7_tirex_batched_m5_rohlik_100,rohlik_top_volume_100_20260714,Rohlik,28,tirex,3225,280,75168.05016422272,53343.60866069794,190.5128880739212,100.73795191193527,0.7096580068813275
source_b_v1_7_tirex_batched_m5_rohlik_100,rohlik_top_volume_100_20260714,Rohlik,28,tirex,3336,280,575708.1196289062,61316.19934082031,218.9864262172154,10.919829599508505,0.10650570532224543
source_b_v1_7_tirex_batched_m5_rohlik_100,rohlik_top_volume_100_20260714,Rohlik,28,tirex,3456,280,256175.78985595703,31620.40948486328,112.93003387451172,13.383132713961976,0.1234324660524824
source_b_v1_7_tirex_batched_m5_rohlik_100,rohlik_top_volume_100_20260714,Rohlik,28,tirex,3616,280,318439.2596435547,43573.9853515625,155.62137625558034,13.986977541821553,0.1368360967813362
source_b_v1_7_tirex_batched_m5_rohlik_100,rohlik_top_volume_100_20260714,Rohlik,28,tirex,3617,280,187647.49993896484,23552.483764648438,84.116013445173,12.91103302540735,0.12551450870546763
source_b_v1_7_tirex_batched_m5_rohlik_100,rohlik_top_volume_100_20260714,Rohlik,28,tirex,3618,280,151499.94006347656,18646.103912353516,66.59322825840542,12.682303534051092,0.12307664217253837
source_b_v1_7_tirex_batched_m5_rohlik_100,rohlik_top_volume_100_20260714,Rohlik,28,tirex,3685,280,112072.23987579346,24860.488395690918,88.787458556039,23.63134608244212,0.22182556914400128
source_b_v1_7_tirex_batched_m5_rohlik_100,rohlik_top_volume_100_20260714,Rohlik,28,tirex,3686,280,139290.15993404388,28665.110299110413,102.37539392539433,21.16865770078889,0.20579422345902826
source_b_v1_7_tirex_batched_m5_rohlik_100,rohlik_top_volume_100_20260714,Rohlik,28,tirex,3871,280,143374.5302658081,38450.50598907471,137.3232356752668,25.02491694185347,0.26818226304065085
source_b_v1_7_tirex_batched_m5_rohlik_100,rohlik_top_volume_100_20260714,Rohlik,28,tirex,4172,280,260753.42961120605,80832.39317321777,288.68711847577777,76.46087865824825,0.3099955129784569
source_b_v1_7_tirex_batched_m5_rohlik_100,rohlik_top_volume_100_20260714,Rohlik,28,tirex,4227,280,112724.54960632324,37696.01573181152,134.6286276136126,36.815977114132636,0.3344082177614394
source_b_v1_7_tirex_batched_m5_rohlik_100,rohlik_top_volume_100_20260714,Rohlik,28,tirex,4228,280,206421.50966644287,70753.04517364502,252.6894470487322,39.19684780114564,0.3427600412765853
source_b_v1_7_tirex_batched_m5_rohlik_100,rohlik_top_volume_100_20260714,Rohlik,28,tirex,4229,280,121289.81995391846,42829.58516693115,152.96280416761127,42.850405319795264,0.3531177240035756
source_b_v1_7_tirex_batched_m5_rohlik_100,rohlik_top_volume_100_20260714,Rohlik,28,tirex,4230,280,193655.57107543945,86149.42724609375,307.67652587890626,48.67246716768339,0.4448590183472379
source_b_v1_7_tirex_batched_m5_rohlik_100,rohlik_top_volume_100_20260714,Rohlik,28,tirex,4523,280,171175.77983093262,16762.541946411133,59.866221237182614,9.850298009955551,0.09792589794518365
source_b_v1_7_tirex_batched_m5_rohlik_100,rohlik_top_volume_100_20260714,Rohlik,28,tirex,4720,280,4037897.0986328125,407115.5849609375,1453.9842320033483,10.390778581732759,0.10082366514460767
source_b_v1_7_tirex_batched_m5_rohlik_100,rohlik_top_volume_100_20260714,Rohlik,28,tirex,4793,280,575034.4410400391,83266.16418457031,297.37915780203684,14.695787268701437,0.14480204704603525
source_b_v1_7_tirex_batched_m5_rohlik_100,rohlik_top_volume_100_20260714,Rohlik,28,tirex,4877,280,279479.92053222656,35091.91424560547,125.32826516287668,13.093110270649738,0.12556148641654938
source_b_v1_7_tirex_batched_m5_rohlik_100,rohlik_top_volume_100_20260714,Rohlik,28,tirex,4878,280,173437.76989746094,25785.624237060547,92.09151513235909,15.263385452146656,0.14867363811415127
source_b_v1_7_tirex_batched_m5_rohlik_100,rohlik_top_volume_100_20260714,Rohlik,28,tirex,4879,280,637516.419921875,77549.77697753906,276.96348920549667,12.730471634187356,0.1216435758423955
source_b_v1_7_tirex_batched_m5_rohlik_100,rohlik_top_volume_100_20260714,Rohlik,28,tirex,4883,280,1313540.4802246094,143152.51342773438,511.2589765276228,10.980230192070964,0.10898218637560066
source_b_v1_7_tirex_batched_m5_rohlik_100,rohlik_top_volume_100_20260714,Rohlik,28,tirex,4884,280,1460296.7197265625,163321.59423828125,583.2914079938616,11.104668304610907,0.11184137581906153
source_b_v1_7_tirex_batched_m5_rohlik_100,rohlik_top_volume_100_20260714,Rohlik,28,tirex,4885,280,2587560.158203125,296802.921875,1060.0104352678572,11.35440523167069,0.11470377642586226
source_b_v1_7_tirex_batched_m5_rohlik_100,rohlik_top_volume_100_20260714,Rohlik,28,tirex,4965,280,209354.80053710938,59597.388916015625,212.84781755719865,25.384628598488423,0.28467170928546076
source_b_v1_7_tirex_batched_m5_rohlik_100,rohlik_top_volume_100_20260714,Rohlik,28,tirex,4966,280,114273.84986877441,31576.715774536133,112.77398490905762,24.372426489971378,0.2763249493282762
source_b_v1_7_tirex_batched_m5_rohlik_100,rohlik_top_volume_100_20260714,Rohlik,28,tirex,4967,280,217679.2293624878,64506.018074035645,230.37863597869872,27.271751344616725,0.29633520048262274
source_b_v1_7_tirex_batched_m5_rohlik_100,rohlik_top_volume_100_20260714,Rohlik,28,tirex,4968,280,132231.52013397217,41495.12490081787,148.1968746457781,28.133063654286794,0.31380660873274785
source_b_v1_7_tirex_batched_m5_rohlik_100,rohlik_top_volume_100_20260714,Rohlik,28,tirex,5164,280,145507.20980644226,47304.20163154602,168.9435772555215,40.596611048488924,0.3250986785773116
source_b_v1_7_tirex_batched_m5_rohlik_100,rohlik_top_volume_100_20260714,Rohlik,28,tirex,5166,280,112630.67004394531,43861.92399597168,156.64972855704173,49.460725918729054,0.38943143975666655
source_b_v1_7_tirex_batched_m5_rohlik_100,rohlik_top_volume_100_20260714,Rohlik,28,tirex,5277,280,151712.34029006958,49112.85386276245,175.4030495098659,31.313052807886276,0.3237235268328213
source_b_v1_7_tirex_batched_m5_rohlik_100,rohlik_top_volume_100_20260714,Rohlik,28,tirex,5278,280,174989.42964935303,53139.60492706299,189.78430331093924,32.09610916422109,0.3036732277689292
source_b_v1_7_tirex_batched_m5_rohlik_100,rohlik_top_volume_100_20260714,Rohlik,28,tirex,5293,280,239707.89004516602,38586.6608581543,137.80950306483678,15.548698011589696,0.16097367863395634
source_b_v1_7_tirex_batched_m5_rohlik_100,rohlik_top_volume_100_20260714,Rohlik,28,tirex,5294,280,224627.77935791016,44529.01690673828,159.032203238351,18.469329036750477,0.19823468421413754
source_b_v1_7_tirex_batched_m5_rohlik_100,rohlik_top_volume_100_20260714,Rohlik,28,tirex,5295,280,163282.1696624756,18996.569229125977,67.84489010402135,11.520152920409702,0.11634196966144088
source_b_v1_7_tirex_batched_m5_rohlik_100,rohlik_top_volume_100_20260714,Rohlik,28,tirex,5296,280,156334.580368042,22778.326217651367,81.3511650630406,14.108902802825646,0.14570241698302935
source_b_v1_7_tirex_batched_m5_rohlik_100,rohlik_top_volume_100_20260714,Rohlik,28,tirex,5347,280,131796.05020141602,43118.41326904297,153.9943331037249,32.96908986194184,0.3271601326682224
source_b_v1_7_tirex_batched_m5_rohlik_100,rohlik_top_volume_100_20260714,Rohlik,28,tirex,5350,280,186111.16989898682,54676.38292694092,195.27279616764613,30.11346312383471,0.2937834572563104
