run_id,panel_id,dataset,horizon,model_name,series_id,n_predictions,abs_y,abs_error,MAE,sMAPE,WAPE
source_b_v1_13_tuned_lightgbm_cov_100,m5_top_volume_100_20260714,M5,7,lightgbm_tuned_cov,FOODS_1_218_TX_2_validation,378,5582.0,2361.973065674305,6.2486059938473675,49.589428820767075,0.4231410006582417
source_b_v1_13_tuned_lightgbm_cov_100,m5_top_volume_100_20260714,M5,7,lightgbm_tuned_cov,FOODS_2_197_CA_1_validation,378,6349.0,2180.111062526703,5.767489583403976,36.98259957209484,0.3433786521541507
source_b_v1_13_tuned_lightgbm_cov_100,m5_top_volume_100_20260714,M5,7,lightgbm_tuned_cov,FOODS_2_197_CA_3_validation,378,5223.0,1670.1412546634674,4.418363107575311,33.1099353426738,0.3197666579864958
source_b_v1_13_tuned_lightgbm_cov_100,m5_top_volume_100_20260714,M5,7,lightgbm_tuned_cov,FOODS_2_276_CA_3_validation,378,3143.0,1815.089083313942,4.801822971730005,56.6035344730464,0.5775020945955909
source_b_v1_13_tuned_lightgbm_cov_100,m5_top_volume_100_20260714,M5,7,lightgbm_tuned_cov,FOODS_2_360_CA_3_validation,378,4857.0,2132.8810080997646,5.642542349470276,86.16274162977805,0.4391354762404292
source_b_v1_13_tuned_lightgbm_cov_100,m5_top_volume_100_20260714,M5,7,lightgbm_tuned_cov,FOODS_2_360_TX_3_validation,378,3979.0,1867.7671552802458,4.941182950476841,101.31013933242659,0.469406171218961
source_b_v1_13_tuned_lightgbm_cov_100,m5_top_volume_100_20260714,M5,7,lightgbm_tuned_cov,FOODS_2_360_WI_2_validation,378,10631.0,5235.470598483047,13.85045131873822,110.77230294136682,0.49247207209886623
source_b_v1_13_tuned_lightgbm_cov_100,m5_top_volume_100_20260714,M5,7,lightgbm_tuned_cov,FOODS_3_007_WI_2_validation,378,8464.0,7407.96517322585,19.597791463560448,135.8814766854483,0.8752321802015418
source_b_v1_13_tuned_lightgbm_cov_100,m5_top_volume_100_20260714,M5,7,lightgbm_tuned_cov,FOODS_3_030_TX_2_validation,378,5036.0,1580.872517514079,4.182202427285923,76.1196483097127,0.31391432039596484
source_b_v1_13_tuned_lightgbm_cov_100,m5_top_volume_100_20260714,M5,7,lightgbm_tuned_cov,FOODS_3_030_TX_3_validation,378,5820.0,1862.5737816747642,4.927443866864455,78.4639694654872,0.32002985939428935
source_b_v1_13_tuned_lightgbm_cov_100,m5_top_volume_100_20260714,M5,7,lightgbm_tuned_cov,FOODS_3_080_CA_1_validation,378,6869.0,2012.1558980941772,5.323163751571897,29.999492291457102,0.2929328720474854
source_b_v1_13_tuned_lightgbm_cov_100,m5_top_volume_100_20260714,M5,7,lightgbm_tuned_cov,FOODS_3_080_TX_2_validation,378,6590.0,1524.5811553001404,4.0332834796300014,23.879488360424805,0.231347671517472
source_b_v1_13_tuned_lightgbm_cov_100,m5_top_volume_100_20260714,M5,7,lightgbm_tuned_cov,FOODS_3_090_CA_1_validation,378,18773.0,6087.6284563118825,16.104837186010272,59.245802250636515,0.3242757394296001
source_b_v1_13_tuned_lightgbm_cov_100,m5_top_volume_100_20260714,M5,7,lightgbm_tuned_cov,FOODS_3_090_CA_2_validation,378,14152.0,4676.010485910432,12.37039811087416,61.29781113935279,0.3304134034702114
source_b_v1_13_tuned_lightgbm_cov_100,m5_top_volume_100_20260714,M5,7,lightgbm_tuned_cov,FOODS_3_090_CA_3_validation,378,36819.0,10144.034852840006,26.836071039259277,50.13763566347361,0.27551087353920545
source_b_v1_13_tuned_lightgbm_cov_100,m5_top_volume_100_20260714,M5,7,lightgbm_tuned_cov,FOODS_3_090_CA_4_validation,378,9660.0,3265.4822122925834,8.63884183146186,58.96561016077714,0.3380416368832902
source_b_v1_13_tuned_lightgbm_cov_100,m5_top_volume_100_20260714,M5,7,lightgbm_tuned_cov,FOODS_3_090_TX_1_validation,378,16993.0,4878.36411625144,12.905725175268358,55.779392000217534,0.28708080481677395
source_b_v1_13_tuned_lightgbm_cov_100,m5_top_volume_100_20260714,M5,7,lightgbm_tuned_cov,FOODS_3_090_TX_2_validation,378,19339.0,5822.536398183642,15.403535444930268,58.13083318312816,0.3010774289355004
source_b_v1_13_tuned_lightgbm_cov_100,m5_top_volume_100_20260714,M5,7,lightgbm_tuned_cov,FOODS_3_090_TX_3_validation,378,21770.0,6453.366641422501,17.07239852228175,58.66179020428247,0.29643392932579243
source_b_v1_13_tuned_lightgbm_cov_100,m5_top_volume_100_20260714,M5,7,lightgbm_tuned_cov,FOODS_3_090_WI_3_validation,378,23889.0,6950.258445781816,18.386927105242897,58.39516768101688,0.29093969801087594
source_b_v1_13_tuned_lightgbm_cov_100,m5_top_volume_100_20260714,M5,7,lightgbm_tuned_cov,FOODS_3_099_TX_2_validation,378,5210.0,2095.9758443307364,5.544909641086604,77.45801671643059,0.40229862655100507
source_b_v1_13_tuned_lightgbm_cov_100,m5_top_volume_100_20260714,M5,7,lightgbm_tuned_cov,FOODS_3_120_CA_1_validation,378,15279.0,6739.964829847217,17.8305947879556,65.84828297626423,0.44112604423373364
source_b_v1_13_tuned_lightgbm_cov_100,m5_top_volume_100_20260714,M5,7,lightgbm_tuned_cov,FOODS_3_120_CA_3_validation,378,31365.0,9067.342906579375,23.987679647035385,37.51482765453348,0.2890911176974135
source_b_v1_13_tuned_lightgbm_cov_100,m5_top_volume_100_20260714,M5,7,lightgbm_tuned_cov,FOODS_3_120_WI_3_validation,378,12400.0,4697.970179870725,12.428492539340542,48.55308320827197,0.37886856289280035
source_b_v1_13_tuned_lightgbm_cov_100,m5_top_volume_100_20260714,M5,7,lightgbm_tuned_cov,FOODS_3_202_CA_3_validation,378,7882.0,2542.915314115584,6.727289190781968,52.814333341359585,0.3226231050641441
source_b_v1_13_tuned_lightgbm_cov_100,m5_top_volume_100_20260714,M5,7,lightgbm_tuned_cov,FOODS_3_202_TX_1_validation,378,8044.0,2678.1662030958105,7.085095775385742,62.70573456575298,0.3329396075454762
source_b_v1_13_tuned_lightgbm_cov_100,m5_top_volume_100_20260714,M5,7,lightgbm_tuned_cov,FOODS_3_202_TX_2_validation,378,7798.0,3316.6500453785993,8.774206469255553,69.04462071551389,0.4253206008436265
source_b_v1_13_tuned_lightgbm_cov_100,m5_top_volume_100_20260714,M5,7,lightgbm_tuned_cov,FOODS_3_202_TX_3_validation,378,9826.0,2942.565710663097,7.784565372124595,59.76687402079659,0.29946730212325434
source_b_v1_13_tuned_lightgbm_cov_100,m5_top_volume_100_20260714,M5,7,lightgbm_tuned_cov,FOODS_3_226_WI_1_validation,378,14808.0,2506.894760131836,6.631996719925492,17.568492881307336,0.1692932712136572
source_b_v1_13_tuned_lightgbm_cov_100,m5_top_volume_100_20260714,M5,7,lightgbm_tuned_cov,FOODS_3_226_WI_2_validation,378,14519.0,3048.7718501091003,8.06553399499762,22.68745124360752,0.2099849748680419
source_b_v1_13_tuned_lightgbm_cov_100,m5_top_volume_100_20260714,M5,7,lightgbm_tuned_cov,FOODS_3_226_WI_3_validation,378,18132.0,3339.2693758010864,8.834045967727741,18.722878631330715,0.1841644261968391
source_b_v1_13_tuned_lightgbm_cov_100,m5_top_volume_100_20260714,M5,7,lightgbm_tuned_cov,FOODS_3_234_CA_3_validation,378,7146.0,4796.376457810402,12.688826607964026,68.75314008395462,0.6711973772474674
source_b_v1_13_tuned_lightgbm_cov_100,m5_top_volume_100_20260714,M5,7,lightgbm_tuned_cov,FOODS_3_234_WI_2_validation,378,8932.0,9487.87992298603,25.100211436470982,152.7610613663195,1.0622346532675806
source_b_v1_13_tuned_lightgbm_cov_100,m5_top_volume_100_20260714,M5,7,lightgbm_tuned_cov,FOODS_3_234_WI_3_validation,378,7749.0,4768.373597096652,12.614744965864158,79.37040124281971,0.6153534129689833
source_b_v1_13_tuned_lightgbm_cov_100,m5_top_volume_100_20260714,M5,7,lightgbm_tuned_cov,FOODS_3_252_CA_1_validation,378,14668.0,3161.276679992676,8.363165820086444,23.047503286589784,0.21552199890869075
source_b_v1_13_tuned_lightgbm_cov_100,m5_top_volume_100_20260714,M5,7,lightgbm_tuned_cov,FOODS_3_252_CA_2_validation,378,14731.0,3308.9276628494263,8.753776885845044,25.467040333858442,0.22462342426511617
source_b_v1_13_tuned_lightgbm_cov_100,m5_top_volume_100_20260714,M5,7,lightgbm_tuned_cov,FOODS_3_252_CA_3_validation,378,17274.0,3757.6547346115112,9.940885541300295,22.225971942194043,0.21753240330042325
source_b_v1_13_tuned_lightgbm_cov_100,m5_top_volume_100_20260714,M5,7,lightgbm_tuned_cov,FOODS_3_252_TX_1_validation,378,11801.0,3047.5048060417175,8.06218202656539,27.859730684474744,0.2582412343057129
source_b_v1_13_tuned_lightgbm_cov_100,m5_top_volume_100_20260714,M5,7,lightgbm_tuned_cov,FOODS_3_252_TX_2_validation,378,21934.0,4711.093755722046,12.463210993973666,21.81340363357485,0.21478498020069509
source_b_v1_13_tuned_lightgbm_cov_100,m5_top_volume_100_20260714,M5,7,lightgbm_tuned_cov,FOODS_3_252_TX_3_validation,378,17754.0,4114.4164180755615,10.884699518718417,24.78255370744958,0.23174588363611365
source_b_v1_13_tuned_lightgbm_cov_100,m5_top_volume_100_20260714,M5,7,lightgbm_tuned_cov,FOODS_3_252_WI_3_validation,378,6826.0,2298.8532514572144,6.081622358352419,34.66132970490338,0.33677897032774895
source_b_v1_13_tuned_lightgbm_cov_100,m5_top_volume_100_20260714,M5,7,lightgbm_tuned_cov,FOODS_3_281_CA_3_validation,378,3821.0,2053.5879996046424,5.432772485726567,85.12393890646405,0.5374477884335626
source_b_v1_13_tuned_lightgbm_cov_100,m5_top_volume_100_20260714,M5,7,lightgbm_tuned_cov,FOODS_3_282_CA_3_validation,378,13394.0,3506.6917749643326,9.27696236763051,37.89575592502315,0.26181064468899
source_b_v1_13_tuned_lightgbm_cov_100,m5_top_volume_100_20260714,M5,7,lightgbm_tuned_cov,FOODS_3_288_CA_3_validation,378,12500.0,4034.5605426644906,10.6734405890595,47.71512395499244,0.32276484341315925
source_b_v1_13_tuned_lightgbm_cov_100,m5_top_volume_100_20260714,M5,7,lightgbm_tuned_cov,FOODS_3_318_CA_3_validation,378,5296.0,2339.5215788579026,6.1892105260791075,97.52649433244251,0.4417525639837429
source_b_v1_13_tuned_lightgbm_cov_100,m5_top_volume_100_20260714,M5,7,lightgbm_tuned_cov,FOODS_3_318_WI_3_validation,378,5628.0,2355.9159963023794,6.232582000799946,95.47791459555675,0.418606253785071
source_b_v1_13_tuned_lightgbm_cov_100,m5_top_volume_100_20260714,M5,7,lightgbm_tuned_cov,FOODS_3_319_CA_3_validation,378,4783.0,2544.5460290250485,6.731603251389017,112.37836423093096,0.5319979153303468
source_b_v1_13_tuned_lightgbm_cov_100,m5_top_volume_100_20260714,M5,7,lightgbm_tuned_cov,FOODS_3_376_WI_2_validation,378,8991.0,4438.247249007225,11.741394838643453,53.86074857692784,0.4936322154384635
source_b_v1_13_tuned_lightgbm_cov_100,m5_top_volume_100_20260714,M5,7,lightgbm_tuned_cov,FOODS_3_377_TX_2_validation,378,11838.0,2127.5661191940308,5.628481796809605,18.501895857296915,0.1797234430810974
source_b_v1_13_tuned_lightgbm_cov_100,m5_top_volume_100_20260714,M5,7,lightgbm_tuned_cov,FOODS_3_377_TX_3_validation,378,15919.0,2927.1000442504883,7.743650910715577,19.00926441712782,0.18387461801937863
source_b_v1_13_tuned_lightgbm_cov_100,m5_top_volume_100_20260714,M5,7,lightgbm_tuned_cov,FOODS_3_412_WI_2_validation,378,7130.0,6822.629022971261,18.0492831295536,131.83405063302763,0.9568904660548754
source_b_v1_13_tuned_lightgbm_cov_100,m5_top_volume_100_20260714,M5,7,lightgbm_tuned_cov,FOODS_3_462_WI_2_validation,378,8298.0,3899.5445700883865,10.316255476424303,54.93463455836367,0.4699378850431895
source_b_v1_13_tuned_lightgbm_cov_100,m5_top_volume_100_20260714,M5,7,lightgbm_tuned_cov,FOODS_3_501_CA_3_validation,378,4934.0,2100.96298061579,5.558103123322196,66.33708631592765,0.42581333210697
source_b_v1_13_tuned_lightgbm_cov_100,m5_top_volume_100_20260714,M5,7,lightgbm_tuned_cov,FOODS_3_541_CA_3_validation,378,7136.0,3703.8587755244807,9.798568189218203,115.14897150990949,0.5190385055387445
source_b_v1_13_tuned_lightgbm_cov_100,m5_top_volume_100_20260714,M5,7,lightgbm_tuned_cov,FOODS_3_547_WI_2_validation,378,6199.0,5836.052231512964,15.439291617759164,140.59059173835075,0.941450593888202
source_b_v1_13_tuned_lightgbm_cov_100,m5_top_volume_100_20260714,M5,7,lightgbm_tuned_cov,FOODS_3_555_CA_1_validation,378,6830.0,1591.5172834396362,4.210363183702741,24.797844161836995,0.23301863593552508
source_b_v1_13_tuned_lightgbm_cov_100,m5_top_volume_100_20260714,M5,7,lightgbm_tuned_cov,FOODS_3_555_CA_3_validation,378,11167.0,2206.804234981537,5.838106441750098,20.799111385953896,0.19761836079354678
source_b_v1_13_tuned_lightgbm_cov_100,m5_top_volume_100_20260714,M5,7,lightgbm_tuned_cov,FOODS_3_555_TX_1_validation,378,9228.0,2079.801293849945,5.502119824999855,23.49200880909576,0.22537942065994204
source_b_v1_13_tuned_lightgbm_cov_100,m5_top_volume_100_20260714,M5,7,lightgbm_tuned_cov,FOODS_3_555_TX_2_validation,378,16845.0,3506.4131746292114,9.276225329706909,21.669090336602014,0.20815750517240791
source_b_v1_13_tuned_lightgbm_cov_100,m5_top_volume_100_20260714,M5,7,lightgbm_tuned_cov,FOODS_3_555_TX_3_validation,378,12158.0,2883.9650144577026,7.629537075284928,25.683317902630794,0.23720718987150047
source_b_v1_13_tuned_lightgbm_cov_100,m5_top_volume_100_20260714,M5,7,lightgbm_tuned_cov,FOODS_3_555_WI_3_validation,378,8320.0,2092.173873901367,5.534851518257585,26.317762126581872,0.25146320599776045
source_b_v1_13_tuned_lightgbm_cov_100,m5_top_volume_100_20260714,M5,7,lightgbm_tuned_cov,FOODS_3_586_CA_1_validation,378,16440.0,3084.8256664276123,8.16091446144871,19.756584962279653,0.1876414638946236
source_b_v1_13_tuned_lightgbm_cov_100,m5_top_volume_100_20260714,M5,7,lightgbm_tuned_cov,FOODS_3_586_CA_2_validation,378,14229.0,2803.890426635742,7.417699541364398,22.509888792609406,0.19705463677248874
source_b_v1_13_tuned_lightgbm_cov_100,m5_top_volume_100_20260714,M5,7,lightgbm_tuned_cov,FOODS_3_586_CA_3_validation,378,27702.0,4296.112570762634,11.36537717132972,16.211018672417097,0.15508311929689678
source_b_v1_13_tuned_lightgbm_cov_100,m5_top_volume_100_20260714,M5,7,lightgbm_tuned_cov,FOODS_3_586_TX_1_validation,378,19685.0,3463.651918411255,9.163100313257289,18.170780913544167,0.17595386936303048
source_b_v1_13_tuned_lightgbm_cov_100,m5_top_volume_100_20260714,M5,7,lightgbm_tuned_cov,FOODS_3_586_TX_2_validation,378,34848.0,5365.5572681427,14.19459594746746,15.966974497193597,0.15397030728141356
source_b_v1_13_tuned_lightgbm_cov_100,m5_top_volume_100_20260714,M5,7,lightgbm_tuned_cov,FOODS_3_586_TX_3_validation,378,27768.0,5158.408458709717,13.64658322409978,19.611684410618757,0.1857680948829486
source_b_v1_13_tuned_lightgbm_cov_100,m5_top_volume_100_20260714,M5,7,lightgbm_tuned_cov,FOODS_3_586_WI_3_validation,378,12341.0,2465.6249074935913,6.522817215591512,21.333646363190624,0.19979133842424368
source_b_v1_13_tuned_lightgbm_cov_100,m5_top_volume_100_20260714,M5,7,lightgbm_tuned_cov,FOODS_3_587_CA_1_validation,378,10362.0,2770.9791531562805,7.3306326803076205,28.018339536801555,0.26741740524573254
source_b_v1_13_tuned_lightgbm_cov_100,m5_top_volume_100_20260714,M5,7,lightgbm_tuned_cov,FOODS_3_587_CA_3_validation,378,12820.0,2728.77908039093,7.218992276166482,23.308516126136062,0.21285328240178863
source_b_v1_13_tuned_lightgbm_cov_100,m5_top_volume_100_20260714,M5,7,lightgbm_tuned_cov,FOODS_3_587_TX_1_validation,378,10602.0,2632.246637225151,6.9636154423945795,28.123455645638785,0.24827830949114799
source_b_v1_13_tuned_lightgbm_cov_100,m5_top_volume_100_20260714,M5,7,lightgbm_tuned_cov,FOODS_3_587_TX_2_validation,378,11359.0,2761.0789358615875,7.304441629263459,26.13644239063566,0.2430741205970233
source_b_v1_13_tuned_lightgbm_cov_100,m5_top_volume_100_20260714,M5,7,lightgbm_tuned_cov,FOODS_3_587_TX_3_validation,378,11748.0,2648.921543121338,7.00772895005645,23.306090249040146,0.22547851065043734
source_b_v1_13_tuned_lightgbm_cov_100,m5_top_volume_100_20260714,M5,7,lightgbm_tuned_cov,FOODS_3_587_WI_3_validation,378,11072.0,2798.6637828424573,7.403872441382162,32.155189335915615,0.25276948905730284
source_b_v1_13_tuned_lightgbm_cov_100,m5_top_volume_100_20260714,M5,7,lightgbm_tuned_cov,FOODS_3_607_CA_3_validation,378,7937.0,3035.559396505356,8.030580414035333,44.852360500746215,0.38245677163983316
source_b_v1_13_tuned_lightgbm_cov_100,m5_top_volume_100_20260714,M5,7,lightgbm_tuned_cov,FOODS_3_635_CA_3_validation,378,6861.0,3375.40275127982,8.929636908147673,110.02775234804696,0.49196950171692466
source_b_v1_13_tuned_lightgbm_cov_100,m5_top_volume_100_20260714,M5,7,lightgbm_tuned_cov,FOODS_3_681_CA_3_validation,378,14755.0,5608.040192127228,14.836085164357746,41.27018779881941,0.38007727496626414
source_b_v1_13_tuned_lightgbm_cov_100,m5_top_volume_100_20260714,M5,7,lightgbm_tuned_cov,FOODS_3_681_WI_3_validation,378,12789.0,4574.542348623276,12.10196388524676,43.46639318174859,0.357693513849658
source_b_v1_13_tuned_lightgbm_cov_100,m5_top_volume_100_20260714,M5,7,lightgbm_tuned_cov,FOODS_3_694_CA_3_validation,378,6591.0,1585.396312236786,4.194170138192555,24.794909944647543,0.24053957096598177
source_b_v1_13_tuned_lightgbm_cov_100,m5_top_volume_100_20260714,M5,7,lightgbm_tuned_cov,FOODS_3_694_TX_1_validation,378,6424.0,1737.6971759796143,4.597082476136546,28.449053206150264,0.2705008057253447
source_b_v1_13_tuned_lightgbm_cov_100,m5_top_volume_100_20260714,M5,7,lightgbm_tuned_cov,FOODS_3_694_WI_1_validation,378,7117.0,1660.3096413612366,4.3923535485747,24.4035336830212,0.2332878518141403
source_b_v1_13_tuned_lightgbm_cov_100,m5_top_volume_100_20260714,M5,7,lightgbm_tuned_cov,FOODS_3_694_WI_2_validation,378,11714.0,2264.3724546432495,5.990403319162036,20.17121510220093,0.19330480234277356
source_b_v1_13_tuned_lightgbm_cov_100,m5_top_volume_100_20260714,M5,7,lightgbm_tuned_cov,FOODS_3_694_WI_3_validation,378,16615.0,3117.567011833191,8.247531777336484,19.441505719229532,0.18763569135318633
source_b_v1_13_tuned_lightgbm_cov_100,m5_top_volume_100_20260714,M5,7,lightgbm_tuned_cov,FOODS_3_711_CA_3_validation,378,5232.0,4011.3610861866327,10.612066365573103,94.57007552040312,0.7666974553109007
source_b_v1_13_tuned_lightgbm_cov_100,m5_top_volume_100_20260714,M5,7,lightgbm_tuned_cov,FOODS_3_711_WI_2_validation,378,7949.0,6852.52412731573,18.12837070718447,120.65359362366033,0.8620611557825801
source_b_v1_13_tuned_lightgbm_cov_100,m5_top_volume_100_20260714,M5,7,lightgbm_tuned_cov,FOODS_3_714_CA_1_validation,378,8737.0,2335.4458541870117,6.178428185679925,29.127300327238064,0.2673052368303779
source_b_v1_13_tuned_lightgbm_cov_100,m5_top_volume_100_20260714,M5,7,lightgbm_tuned_cov,FOODS_3_714_CA_3_validation,378,11479.0,2520.7447328567505,6.668636859409393,23.264492085881734,0.21959619591051055
source_b_v1_13_tuned_lightgbm_cov_100,m5_top_volume_100_20260714,M5,7,lightgbm_tuned_cov,FOODS_3_714_TX_1_validation,378,5659.0,1836.9289681911469,4.859600444950124,34.462999121089986,0.3246031044691901
source_b_v1_13_tuned_lightgbm_cov_100,m5_top_volume_100_20260714,M5,7,lightgbm_tuned_cov,FOODS_3_714_TX_2_validation,378,8856.0,2276.778115272522,6.023222527175984,27.006081725673308,0.257088766403853
source_b_v1_13_tuned_lightgbm_cov_100,m5_top_volume_100_20260714,M5,7,lightgbm_tuned_cov,FOODS_3_714_TX_3_validation,378,6863.0,2357.8308606147766,6.237647779404171,36.37752075855572,0.3435568790055044
source_b_v1_13_tuned_lightgbm_cov_100,m5_top_volume_100_20260714,M5,7,lightgbm_tuned_cov,FOODS_3_714_WI_3_validation,378,8435.0,2339.3621604442596,6.188788784244073,28.70954700419449,0.2773399123229709
source_b_v1_13_tuned_lightgbm_cov_100,m5_top_volume_100_20260714,M5,7,lightgbm_tuned_cov,FOODS_3_723_CA_3_validation,378,8460.0,3145.001971878344,8.320111036715197,59.82365571480464,0.37174964206599814
source_b_v1_13_tuned_lightgbm_cov_100,m5_top_volume_100_20260714,M5,7,lightgbm_tuned_cov,FOODS_3_723_WI_3_validation,378,8049.0,2954.8328126651177,7.817018022923592,62.22535306669295,0.3671055799062142
source_b_v1_13_tuned_lightgbm_cov_100,m5_top_volume_100_20260714,M5,7,lightgbm_tuned_cov,FOODS_3_752_CA_3_validation,378,6697.0,5266.56628036499,13.93271502742061,73.99925977704976,0.7864067911549933
source_b_v1_13_tuned_lightgbm_cov_100,m5_top_volume_100_20260714,M5,7,lightgbm_tuned_cov,FOODS_3_804_CA_3_validation,378,8100.0,3579.2145824357867,9.46882164665552,58.65134927143234,0.44187834351059097
source_b_v1_13_tuned_lightgbm_cov_100,m5_top_volume_100_20260714,M5,7,lightgbm_tuned_cov,FOODS_3_808_CA_1_validation,378,2395.0,1941.0334614266903,5.135009157213466,141.6914302067488,0.810452384729307
source_b_v1_13_tuned_lightgbm_cov_100,m5_top_volume_100_20260714,M5,7,lightgbm_tuned_cov,FOODS_3_808_CA_3_validation,378,8869.0,4118.854500851885,10.89644047844414,109.00246317014029,0.4644102492785979
source_b_v1_13_tuned_lightgbm_cov_100,m5_top_volume_100_20260714,M5,7,lightgbm_tuned_cov,HOUSEHOLD_1_118_CA_3_validation,378,7935.0,2550.4467771053314,6.747213696045851,33.87542341193709,0.3214173632142825
source_b_v1_13_tuned_lightgbm_cov_100,m5_top_volume_100_20260714,M5,7,lightgbm_tuned_cov,HOUSEHOLD_1_334_CA_3_validation,378,7215.0,2589.667948961258,6.850973409950418,39.87630180755387,0.358928336654367
source_b_v1_13_tuned_lightgbm_cov_100,m5_top_volume_100_20260714,M5,7,lightgbm_tuned_cov,HOUSEHOLD_1_459_CA_3_validation,378,8248.0,2839.5931713581085,7.512151246979123,36.20728812644079,0.34427657266708395
source_b_v1_13_tuned_lightgbm_cov_100,m5_top_volume_100_20260714,M5,14,lightgbm_tuned_cov,FOODS_1_218_TX_2_validation,378,5582.0,2508.801548719406,6.6370411341783235,50.98237007829503,0.44944492094579114
source_b_v1_13_tuned_lightgbm_cov_100,m5_top_volume_100_20260714,M5,14,lightgbm_tuned_cov,FOODS_2_197_CA_1_validation,378,6349.0,2205.2039103507996,5.833872778705819,37.12374899976256,0.3473309041346353
source_b_v1_13_tuned_lightgbm_cov_100,m5_top_volume_100_20260714,M5,14,lightgbm_tuned_cov,FOODS_2_197_CA_3_validation,378,5223.0,1830.0764405727386,4.841472065007245,35.612608310020036,0.35038798402694593
source_b_v1_13_tuned_lightgbm_cov_100,m5_top_volume_100_20260714,M5,14,lightgbm_tuned_cov,FOODS_2_276_CA_3_validation,378,3143.0,2101.5787547826767,5.559732155509726,59.708405052486455,0.6686537558964928
source_b_v1_13_tuned_lightgbm_cov_100,m5_top_volume_100_20260714,M5,14,lightgbm_tuned_cov,FOODS_2_360_CA_3_validation,378,4857.0,2184.1357293557376,5.778136850147454,83.75022252740482,0.4496882292270409
source_b_v1_13_tuned_lightgbm_cov_100,m5_top_volume_100_20260714,M5,14,lightgbm_tuned_cov,FOODS_2_360_TX_3_validation,378,3979.0,1908.629810583545,5.049285213183981,100.9229751244151,0.47967575033514576
source_b_v1_13_tuned_lightgbm_cov_100,m5_top_volume_100_20260714,M5,14,lightgbm_tuned_cov,FOODS_2_360_WI_2_validation,378,10631.0,5441.100479212357,14.394445712202002,112.44862162749047,0.5118145498271429
source_b_v1_13_tuned_lightgbm_cov_100,m5_top_volume_100_20260714,M5,14,lightgbm_tuned_cov,FOODS_3_007_WI_2_validation,378,8464.0,7570.981323036365,20.029051119143823,133.4493663806051,0.8944921222869051
source_b_v1_13_tuned_lightgbm_cov_100,m5_top_volume_100_20260714,M5,14,lightgbm_tuned_cov,FOODS_3_030_TX_2_validation,378,5036.0,1709.4544383491157,4.522366239018824,78.15064379435135,0.3394468702043518
source_b_v1_13_tuned_lightgbm_cov_100,m5_top_volume_100_20260714,M5,14,lightgbm_tuned_cov,FOODS_3_030_TX_3_validation,378,5820.0,2050.06292676914,5.4234468962146565,80.95373261674338,0.3522444891355911
source_b_v1_13_tuned_lightgbm_cov_100,m5_top_volume_100_20260714,M5,14,lightgbm_tuned_cov,FOODS_3_080_CA_1_validation,378,6869.0,2055.2279415130615,5.43711095638376,30.5134635842058,0.2992033689784629
source_b_v1_13_tuned_lightgbm_cov_100,m5_top_volume_100_20260714,M5,14,lightgbm_tuned_cov,FOODS_3_080_TX_2_validation,378,6590.0,1531.473881483078,4.051518204981688,23.99993787798779,0.2323936087227736
source_b_v1_13_tuned_lightgbm_cov_100,m5_top_volume_100_20260714,M5,14,lightgbm_tuned_cov,FOODS_3_090_CA_1_validation,378,18773.0,6265.46986839734,16.575317112162274,60.115072162405156,0.33374899421495446
source_b_v1_13_tuned_lightgbm_cov_100,m5_top_volume_100_20260714,M5,14,lightgbm_tuned_cov,FOODS_3_090_CA_2_validation,378,14152.0,5196.01034992747,13.746059126792249,63.09092564007658,0.36715731698187326
source_b_v1_13_tuned_lightgbm_cov_100,m5_top_volume_100_20260714,M5,14,lightgbm_tuned_cov,FOODS_3_090_CA_3_validation,378,36819.0,10585.614503338933,28.00427117285432,50.438237885262375,0.2875041283940067
source_b_v1_13_tuned_lightgbm_cov_100,m5_top_volume_100_20260714,M5,14,lightgbm_tuned_cov,FOODS_3_090_CA_4_validation,378,9660.0,3510.887354431674,9.288061784210777,59.290555999283846,0.3634458959039
source_b_v1_13_tuned_lightgbm_cov_100,m5_top_volume_100_20260714,M5,14,lightgbm_tuned_cov,FOODS_3_090_TX_1_validation,378,16993.0,5355.756884386763,14.168669006314188,57.00643465190212,0.315174300264036
source_b_v1_13_tuned_lightgbm_cov_100,m5_top_volume_100_20260714,M5,14,lightgbm_tuned_cov,FOODS_3_090_TX_2_validation,378,19339.0,5747.844086127356,15.205936735786656,57.25027976850552,0.29721516552703636
source_b_v1_13_tuned_lightgbm_cov_100,m5_top_volume_100_20260714,M5,14,lightgbm_tuned_cov,FOODS_3_090_TX_3_validation,378,21770.0,6271.391324998811,16.590982341266695,56.88867043936382,0.2880749345428944
source_b_v1_13_tuned_lightgbm_cov_100,m5_top_volume_100_20260714,M5,14,lightgbm_tuned_cov,FOODS_3_090_WI_3_validation,378,23889.0,6803.948211853392,17.999862994321145,58.306137088851784,0.2848151120538069
source_b_v1_13_tuned_lightgbm_cov_100,m5_top_volume_100_20260714,M5,14,lightgbm_tuned_cov,FOODS_3_099_TX_2_validation,378,5210.0,2393.741589758545,6.332649708355939,77.20364189055245,0.45945136079818527
source_b_v1_13_tuned_lightgbm_cov_100,m5_top_volume_100_20260714,M5,14,lightgbm_tuned_cov,FOODS_3_120_CA_1_validation,378,15279.0,7344.955655634403,19.43109961808043,65.64300689564618,0.48072227604125944
source_b_v1_13_tuned_lightgbm_cov_100,m5_top_volume_100_20260714,M5,14,lightgbm_tuned_cov,FOODS_3_120_CA_3_validation,378,31365.0,10463.351103961468,27.68082302635309,41.26608135054969,0.33359958883983637
source_b_v1_13_tuned_lightgbm_cov_100,m5_top_volume_100_20260714,M5,14,lightgbm_tuned_cov,FOODS_3_120_WI_3_validation,378,12400.0,4668.53474521637,12.350621019090925,47.77334189796755,0.37649473751744916
source_b_v1_13_tuned_lightgbm_cov_100,m5_top_volume_100_20260714,M5,14,lightgbm_tuned_cov,FOODS_3_202_CA_3_validation,378,7882.0,2984.6775023043156,7.895972228318295,56.38693849641327,0.378670071340309
source_b_v1_13_tuned_lightgbm_cov_100,m5_top_volume_100_20260714,M5,14,lightgbm_tuned_cov,FOODS_3_202_TX_1_validation,378,8044.0,3190.068034434691,8.4393334244304,66.29050320821004,0.39657732899486464
source_b_v1_13_tuned_lightgbm_cov_100,m5_top_volume_100_20260714,M5,14,lightgbm_tuned_cov,FOODS_3_202_TX_2_validation,378,7798.0,3847.6060385629535,10.178851953870247,72.65507287593289,0.49340934067234593
source_b_v1_13_tuned_lightgbm_cov_100,m5_top_volume_100_20260714,M5,14,lightgbm_tuned_cov,FOODS_3_202_TX_3_validation,378,9826.0,3573.6962186656892,9.454222800702881,62.95249919291327,0.3636979664833797
source_b_v1_13_tuned_lightgbm_cov_100,m5_top_volume_100_20260714,M5,14,lightgbm_tuned_cov,FOODS_3_226_WI_1_validation,378,14808.0,2638.6563873291016,6.980572453251591,18.38079911412373,0.17819127413081454
source_b_v1_13_tuned_lightgbm_cov_100,m5_top_volume_100_20260714,M5,14,lightgbm_tuned_cov,FOODS_3_226_WI_2_validation,378,14519.0,3202.5871143341064,8.472452683423562,24.023476255847147,0.22057904224355027
source_b_v1_13_tuned_lightgbm_cov_100,m5_top_volume_100_20260714,M5,14,lightgbm_tuned_cov,FOODS_3_226_WI_3_validation,378,18132.0,3342.5938591957092,8.842840897343146,18.843951224303392,0.18434777515970158
source_b_v1_13_tuned_lightgbm_cov_100,m5_top_volume_100_20260714,M5,14,lightgbm_tuned_cov,FOODS_3_234_CA_3_validation,378,7146.0,5186.299419760704,13.720368835345777,69.92804300313004,0.7257625832298774
source_b_v1_13_tuned_lightgbm_cov_100,m5_top_volume_100_20260714,M5,14,lightgbm_tuned_cov,FOODS_3_234_WI_2_validation,378,8932.0,9779.701403107494,25.872225934146808,146.3419686176909,1.0949061132005704
source_b_v1_13_tuned_lightgbm_cov_100,m5_top_volume_100_20260714,M5,14,lightgbm_tuned_cov,FOODS_3_234_WI_3_validation,378,7749.0,4893.308440968394,12.945260425842314,79.82792257398691,0.6314761183337714
source_b_v1_13_tuned_lightgbm_cov_100,m5_top_volume_100_20260714,M5,14,lightgbm_tuned_cov,FOODS_3_252_CA_1_validation,378,14668.0,3348.127333164215,8.85747971736565,24.430680545728173,0.22826065811045917
source_b_v1_13_tuned_lightgbm_cov_100,m5_top_volume_100_20260714,M5,14,lightgbm_tuned_cov,FOODS_3_252_CA_2_validation,378,14731.0,3384.5534954071045,8.95384522594472,26.01048724785646,0.22975721236895694
source_b_v1_13_tuned_lightgbm_cov_100,m5_top_volume_100_20260714,M5,14,lightgbm_tuned_cov,FOODS_3_252_CA_3_validation,378,17274.0,3680.731668949127,9.737385367590283,21.83113184751071,0.21307929078089194
source_b_v1_13_tuned_lightgbm_cov_100,m5_top_volume_100_20260714,M5,14,lightgbm_tuned_cov,FOODS_3_252_TX_1_validation,378,11801.0,3281.7784295082092,8.681953517217485,29.857490333494706,0.27809324883554015
source_b_v1_13_tuned_lightgbm_cov_100,m5_top_volume_100_20260714,M5,14,lightgbm_tuned_cov,FOODS_3_252_TX_2_validation,378,21934.0,4819.034770011902,12.74876923283572,22.415658045690318,0.21970615346092376
source_b_v1_13_tuned_lightgbm_cov_100,m5_top_volume_100_20260714,M5,14,lightgbm_tuned_cov,FOODS_3_252_TX_3_validation,378,17754.0,4260.500936985016,11.27116649996036,25.447423177726396,0.2399741431218326
source_b_v1_13_tuned_lightgbm_cov_100,m5_top_volume_100_20260714,M5,14,lightgbm_tuned_cov,FOODS_3_252_WI_3_validation,378,6826.0,2321.0175125598907,6.140257969735161,34.86539390301668,0.34002600535597577
source_b_v1_13_tuned_lightgbm_cov_100,m5_top_volume_100_20260714,M5,14,lightgbm_tuned_cov,FOODS_3_281_CA_3_validation,378,3821.0,1943.7665844075382,5.142239641289784,82.8901226186219,0.5087062508263643
source_b_v1_13_tuned_lightgbm_cov_100,m5_top_volume_100_20260714,M5,14,lightgbm_tuned_cov,FOODS_3_282_CA_3_validation,378,13394.0,3740.2471511363983,9.894833733165076,38.88907713147357,0.2792479581257577
source_b_v1_13_tuned_lightgbm_cov_100,m5_top_volume_100_20260714,M5,14,lightgbm_tuned_cov,FOODS_3_288_CA_3_validation,378,12500.0,4327.518597401679,11.448461897888038,48.361629428630145,0.3462014877921343
source_b_v1_13_tuned_lightgbm_cov_100,m5_top_volume_100_20260714,M5,14,lightgbm_tuned_cov,FOODS_3_318_CA_3_validation,378,5296.0,2732.5669452620205,7.229013082703758,100.04182031376405,0.5159680787881459
source_b_v1_13_tuned_lightgbm_cov_100,m5_top_volume_100_20260714,M5,14,lightgbm_tuned_cov,FOODS_3_318_WI_3_validation,378,5628.0,3095.1974704151507,8.188353096336378,102.52123053385658,0.5499640139330403
source_b_v1_13_tuned_lightgbm_cov_100,m5_top_volume_100_20260714,M5,14,lightgbm_tuned_cov,FOODS_3_319_CA_3_validation,378,4783.0,2873.1694945292547,7.600977498754642,116.49667083939352,0.6007044730355958
source_b_v1_13_tuned_lightgbm_cov_100,m5_top_volume_100_20260714,M5,14,lightgbm_tuned_cov,FOODS_3_376_WI_2_validation,378,8991.0,4617.888792514801,12.216637017234923,56.02119690785362,0.5136123670909577
source_b_v1_13_tuned_lightgbm_cov_100,m5_top_volume_100_20260714,M5,14,lightgbm_tuned_cov,FOODS_3_377_TX_2_validation,378,11838.0,2173.782084465027,5.750746255198484,18.938413972936914,0.18362747799163937
source_b_v1_13_tuned_lightgbm_cov_100,m5_top_volume_100_20260714,M5,14,lightgbm_tuned_cov,FOODS_3_377_TX_3_validation,378,15919.0,3161.945755004883,8.364935859801276,20.3612679085948,0.19862715968370392
source_b_v1_13_tuned_lightgbm_cov_100,m5_top_volume_100_20260714,M5,14,lightgbm_tuned_cov,FOODS_3_412_WI_2_validation,378,7130.0,7496.7601286629215,19.83269875307651,130.68891725525597,1.0514390082276188
source_b_v1_13_tuned_lightgbm_cov_100,m5_top_volume_100_20260714,M5,14,lightgbm_tuned_cov,FOODS_3_462_WI_2_validation,378,8298.0,4253.806992173195,11.25345765125184,56.877066523401766,0.5126303919225349
source_b_v1_13_tuned_lightgbm_cov_100,m5_top_volume_100_20260714,M5,14,lightgbm_tuned_cov,FOODS_3_501_CA_3_validation,378,4934.0,2254.143172984943,5.963341727473393,67.6464721268671,0.45685917571644563
source_b_v1_13_tuned_lightgbm_cov_100,m5_top_volume_100_20260714,M5,14,lightgbm_tuned_cov,FOODS_3_541_CA_3_validation,378,7136.0,4317.201292974409,11.42116744173124,117.89059987839758,0.6049889704280281
source_b_v1_13_tuned_lightgbm_cov_100,m5_top_volume_100_20260714,M5,14,lightgbm_tuned_cov,FOODS_3_547_WI_2_validation,378,6199.0,7040.790688455105,18.626430392738374,141.99009222083504,1.1357945940401846
source_b_v1_13_tuned_lightgbm_cov_100,m5_top_volume_100_20260714,M5,14,lightgbm_tuned_cov,FOODS_3_555_CA_1_validation,378,6830.0,1647.3431131839752,4.358050563978771,25.603126756615495,0.24119225668872257
source_b_v1_13_tuned_lightgbm_cov_100,m5_top_volume_100_20260714,M5,14,lightgbm_tuned_cov,FOODS_3_555_CA_3_validation,378,11167.0,2259.6409015655518,5.97788598297765,21.110944311897445,0.20234986133836766
source_b_v1_13_tuned_lightgbm_cov_100,m5_top_volume_100_20260714,M5,14,lightgbm_tuned_cov,FOODS_3_555_TX_1_validation,378,9228.0,2232.7771892547607,5.906817960991431,25.16037638360248,0.24195678253736028
source_b_v1_13_tuned_lightgbm_cov_100,m5_top_volume_100_20260714,M5,14,lightgbm_tuned_cov,FOODS_3_555_TX_2_validation,378,16845.0,3581.3353662490845,9.474432185844138,22.13334033470926,0.21260524584440987
source_b_v1_13_tuned_lightgbm_cov_100,m5_top_volume_100_20260714,M5,14,lightgbm_tuned_cov,FOODS_3_555_TX_3_validation,378,12158.0,2964.088580608368,7.841504181503619,26.241451883075634,0.24379738284326105
source_b_v1_13_tuned_lightgbm_cov_100,m5_top_volume_100_20260714,M5,14,lightgbm_tuned_cov,FOODS_3_555_WI_3_validation,378,8320.0,2141.0057721138,5.664036434163492,26.878236323414683,0.25733242453290867
source_b_v1_13_tuned_lightgbm_cov_100,m5_top_volume_100_20260714,M5,14,lightgbm_tuned_cov,FOODS_3_586_CA_1_validation,378,16440.0,3232.4033074378967,8.551331501158456,20.667803018403283,0.19661820604853386
source_b_v1_13_tuned_lightgbm_cov_100,m5_top_volume_100_20260714,M5,14,lightgbm_tuned_cov,FOODS_3_586_CA_2_validation,378,14229.0,2918.623348236084,7.721225788984349,23.688784676352057,0.20511795264854057
source_b_v1_13_tuned_lightgbm_cov_100,m5_top_volume_100_20260714,M5,14,lightgbm_tuned_cov,FOODS_3_586_CA_3_validation,378,27702.0,4363.182510375977,11.54281087401052,16.538889005474008,0.15750424194556265
source_b_v1_13_tuned_lightgbm_cov_100,m5_top_volume_100_20260714,M5,14,lightgbm_tuned_cov,FOODS_3_586_TX_1_validation,378,19685.0,3671.4392137527466,9.712802152785043,19.298833847120665,0.18650948507760967
source_b_v1_13_tuned_lightgbm_cov_100,m5_top_volume_100_20260714,M5,14,lightgbm_tuned_cov,FOODS_3_586_TX_2_validation,378,34848.0,5790.400596618652,15.318520096874742,17.162196224697908,0.1661616332822157
source_b_v1_13_tuned_lightgbm_cov_100,m5_top_volume_100_20260714,M5,14,lightgbm_tuned_cov,FOODS_3_586_TX_3_validation,378,27768.0,5382.568807601929,14.239600020110922,20.380676921837004,0.19384070900323858
source_b_v1_13_tuned_lightgbm_cov_100,m5_top_volume_100_20260714,M5,14,lightgbm_tuned_cov,FOODS_3_586_WI_3_validation,378,12341.0,2498.9677605628967,6.611025821594965,21.626480499709416,0.20249313350319234
source_b_v1_13_tuned_lightgbm_cov_100,m5_top_volume_100_20260714,M5,14,lightgbm_tuned_cov,FOODS_3_587_CA_1_validation,378,10362.0,2846.3053317070007,7.529908284939156,28.686584131170513,0.2746868685299171
source_b_v1_13_tuned_lightgbm_cov_100,m5_top_volume_100_20260714,M5,14,lightgbm_tuned_cov,FOODS_3_587_CA_3_validation,378,12820.0,2705.8866562843323,7.158430307630509,23.397216139653644,0.2110676018942537
source_b_v1_13_tuned_lightgbm_cov_100,m5_top_volume_100_20260714,M5,14,lightgbm_tuned_cov,FOODS_3_587_TX_1_validation,378,10602.0,2843.727390527725,7.523088334729432,28.87073264831433,0.26822556032142286
source_b_v1_13_tuned_lightgbm_cov_100,m5_top_volume_100_20260714,M5,14,lightgbm_tuned_cov,FOODS_3_587_TX_2_validation,378,11359.0,2963.265479326248,7.839326664884254,27.832311990959337,0.2608737986905756
source_b_v1_13_tuned_lightgbm_cov_100,m5_top_volume_100_20260714,M5,14,lightgbm_tuned_cov,FOODS_3_587_TX_3_validation,378,11748.0,2885.5139639377594,7.633634825232168,25.163590214212533,0.2456174637332107
source_b_v1_13_tuned_lightgbm_cov_100,m5_top_volume_100_20260714,M5,14,lightgbm_tuned_cov,FOODS_3_587_WI_3_validation,378,11072.0,3209.7151787877083,8.491309996792879,33.29921748642927,0.2898947957720112
source_b_v1_13_tuned_lightgbm_cov_100,m5_top_volume_100_20260714,M5,14,lightgbm_tuned_cov,FOODS_3_607_CA_3_validation,378,7937.0,3260.889927625656,8.626692930226604,46.43654344994672,0.4108466583880126
source_b_v1_13_tuned_lightgbm_cov_100,m5_top_volume_100_20260714,M5,14,lightgbm_tuned_cov,FOODS_3_635_CA_3_validation,378,6861.0,3856.2202955530956,10.201640993526707,112.74420793187609,0.5620493070329537
source_b_v1_13_tuned_lightgbm_cov_100,m5_top_volume_100_20260714,M5,14,lightgbm_tuned_cov,FOODS_3_681_CA_3_validation,378,14755.0,5882.305247783661,15.56165409466577,42.670879615104184,0.3986652150310851
source_b_v1_13_tuned_lightgbm_cov_100,m5_top_volume_100_20260714,M5,14,lightgbm_tuned_cov,FOODS_3_681_WI_3_validation,378,12789.0,4691.790300369263,12.412143651770537,43.989389086575876,0.36686138872228186
source_b_v1_13_tuned_lightgbm_cov_100,m5_top_volume_100_20260714,M5,14,lightgbm_tuned_cov,FOODS_3_694_CA_3_validation,378,6591.0,1604.9236953258514,4.245829881814422,25.100856221937484,0.24350230546591586
source_b_v1_13_tuned_lightgbm_cov_100,m5_top_volume_100_20260714,M5,14,lightgbm_tuned_cov,FOODS_3_694_TX_1_validation,378,6424.0,1799.2472385168076,4.759913329409544,29.043332298616864,0.28008207324358775
source_b_v1_13_tuned_lightgbm_cov_100,m5_top_volume_100_20260714,M5,14,lightgbm_tuned_cov,FOODS_3_694_WI_1_validation,378,7117.0,1733.1475145816803,4.58504633487217,25.338590690740464,0.24352220241417455
source_b_v1_13_tuned_lightgbm_cov_100,m5_top_volume_100_20260714,M5,14,lightgbm_tuned_cov,FOODS_3_694_WI_2_validation,378,11714.0,2308.359806060791,6.106771973705796,20.768049926466716,0.197059911734744
source_b_v1_13_tuned_lightgbm_cov_100,m5_top_volume_100_20260714,M5,14,lightgbm_tuned_cov,FOODS_3_694_WI_3_validation,378,16615.0,3066.0551171302795,8.111256923625078,19.305772925167325,0.18453536666447665
source_b_v1_13_tuned_lightgbm_cov_100,m5_top_volume_100_20260714,M5,14,lightgbm_tuned_cov,FOODS_3_711_CA_3_validation,378,5232.0,4248.769492050633,11.24013093135088,95.12349970528014,0.8120736796732861
source_b_v1_13_tuned_lightgbm_cov_100,m5_top_volume_100_20260714,M5,14,lightgbm_tuned_cov,FOODS_3_711_WI_2_validation,378,7949.0,7209.75574747473,19.073427903372302,120.45128525896354,0.9070016036576588
source_b_v1_13_tuned_lightgbm_cov_100,m5_top_volume_100_20260714,M5,14,lightgbm_tuned_cov,FOODS_3_714_CA_1_validation,378,8737.0,2508.9977366924286,6.6375601499799695,31.0097801507629,0.28716924993618276
source_b_v1_13_tuned_lightgbm_cov_100,m5_top_volume_100_20260714,M5,14,lightgbm_tuned_cov,FOODS_3_714_CA_3_validation,378,11479.0,2506.4357528686523,6.6307824149964345,23.339031800832043,0.218349660499055
source_b_v1_13_tuned_lightgbm_cov_100,m5_top_volume_100_20260714,M5,14,lightgbm_tuned_cov,FOODS_3_714_TX_1_validation,378,5659.0,1943.996312737465,5.142847388194352,36.24841436499551,0.3435229391654824
source_b_v1_13_tuned_lightgbm_cov_100,m5_top_volume_100_20260714,M5,14,lightgbm_tuned_cov,FOODS_3_714_TX_2_validation,378,8856.0,2368.462337255478,6.265773378982746,28.124793623620437,0.2674415466638977
source_b_v1_13_tuned_lightgbm_cov_100,m5_top_volume_100_20260714,M5,14,lightgbm_tuned_cov,FOODS_3_714_TX_3_validation,378,6863.0,2427.9501461982727,6.4231485349160655,37.11716366154996,0.35377388113044916
source_b_v1_13_tuned_lightgbm_cov_100,m5_top_volume_100_20260714,M5,14,lightgbm_tuned_cov,FOODS_3_714_WI_3_validation,378,8435.0,2415.8628964424133,6.3911716837100885,29.579047838255434,0.28640935346086704
source_b_v1_13_tuned_lightgbm_cov_100,m5_top_volume_100_20260714,M5,14,lightgbm_tuned_cov,FOODS_3_723_CA_3_validation,378,8460.0,3468.795263633132,9.176707046648497,60.560781509634154,0.41002308080769884
source_b_v1_13_tuned_lightgbm_cov_100,m5_top_volume_100_20260714,M5,14,lightgbm_tuned_cov,FOODS_3_723_WI_3_validation,378,8049.0,3421.825011173263,9.052447119505988,64.11512556088586,0.42512424042406055
source_b_v1_13_tuned_lightgbm_cov_100,m5_top_volume_100_20260714,M5,14,lightgbm_tuned_cov,FOODS_3_752_CA_3_validation,378,6697.0,5336.800374507904,14.11851950928017,77.42258106307872,0.7968941876225032
source_b_v1_13_tuned_lightgbm_cov_100,m5_top_volume_100_20260714,M5,14,lightgbm_tuned_cov,FOODS_3_804_CA_3_validation,378,8100.0,3626.6893520355225,9.59441627522625,55.771786323154394,0.447739426177225
source_b_v1_13_tuned_lightgbm_cov_100,m5_top_volume_100_20260714,M5,14,lightgbm_tuned_cov,FOODS_3_808_CA_1_validation,378,2395.0,2711.596993851941,7.173537020772331,143.15683462213,1.132190811629203
source_b_v1_13_tuned_lightgbm_cov_100,m5_top_volume_100_20260714,M5,14,lightgbm_tuned_cov,FOODS_3_808_CA_3_validation,378,8869.0,4937.830208578613,13.0630428798376,112.2706822682203,0.5567516302377509
source_b_v1_13_tuned_lightgbm_cov_100,m5_top_volume_100_20260714,M5,14,lightgbm_tuned_cov,HOUSEHOLD_1_118_CA_3_validation,378,7935.0,2538.130600810051,6.714631219074209,33.6344724631474,0.3198652300957846
source_b_v1_13_tuned_lightgbm_cov_100,m5_top_volume_100_20260714,M5,14,lightgbm_tuned_cov,HOUSEHOLD_1_334_CA_3_validation,378,7215.0,2569.1943403482437,6.796810424201703,40.29462996738251,0.35609069166295826
source_b_v1_13_tuned_lightgbm_cov_100,m5_top_volume_100_20260714,M5,14,lightgbm_tuned_cov,HOUSEHOLD_1_459_CA_3_validation,378,8248.0,2766.066038966179,7.31763502372005,35.707843526168794,0.3353620318824174
source_b_v1_13_tuned_lightgbm_cov_100,m5_top_volume_100_20260714,M5,28,lightgbm_tuned_cov,FOODS_1_218_TX_2_validation,364,5401.0,2467.2510981559753,6.778162357571361,48.886054446368135,0.45681375637029725
source_b_v1_13_tuned_lightgbm_cov_100,m5_top_volume_100_20260714,M5,28,lightgbm_tuned_cov,FOODS_2_197_CA_1_validation,364,6045.0,2121.905906677246,5.829411831530896,37.46200186967758,0.35101834684487115
source_b_v1_13_tuned_lightgbm_cov_100,m5_top_volume_100_20260714,M5,28,lightgbm_tuned_cov,FOODS_2_197_CA_3_validation,364,5076.0,2058.854292869568,5.656193112279032,39.63081510543074,0.4056056526535792
source_b_v1_13_tuned_lightgbm_cov_100,m5_top_volume_100_20260714,M5,28,lightgbm_tuned_cov,FOODS_2_276_CA_3_validation,364,3023.0,2118.4371695518494,5.819882333933652,60.22276444348451,0.7007731291934666
source_b_v1_13_tuned_lightgbm_cov_100,m5_top_volume_100_20260714,M5,28,lightgbm_tuned_cov,FOODS_2_360_CA_3_validation,364,4556.0,2197.2909696102142,6.036513652775314,82.27416062193635,0.4822851118547441
source_b_v1_13_tuned_lightgbm_cov_100,m5_top_volume_100_20260714,M5,28,lightgbm_tuned_cov,FOODS_2_360_TX_3_validation,364,3695.0,2119.8224199414253,5.823687966872048,102.15551625396826,0.5737002489692626
source_b_v1_13_tuned_lightgbm_cov_100,m5_top_volume_100_20260714,M5,28,lightgbm_tuned_cov,FOODS_2_360_WI_2_validation,364,9519.0,5472.824730612338,15.03523277640752,115.688048185226,0.5749369398689292
source_b_v1_13_tuned_lightgbm_cov_100,m5_top_volume_100_20260714,M5,28,lightgbm_tuned_cov,FOODS_3_007_WI_2_validation,364,7734.0,7542.4199233055115,20.72093385523492,135.09468726678278,0.9752288496645347
source_b_v1_13_tuned_lightgbm_cov_100,m5_top_volume_100_20260714,M5,28,lightgbm_tuned_cov,FOODS_3_030_TX_2_validation,364,4773.0,1983.8238788172603,5.45006560114632,78.33983455911557,0.41563458596632313
source_b_v1_13_tuned_lightgbm_cov_100,m5_top_volume_100_20260714,M5,28,lightgbm_tuned_cov,FOODS_3_030_TX_3_validation,364,5556.0,2373.696668200195,6.521144692857678,82.37711580909395,0.4272312217782928
source_b_v1_13_tuned_lightgbm_cov_100,m5_top_volume_100_20260714,M5,28,lightgbm_tuned_cov,FOODS_3_080_CA_1_validation,364,6633.0,1944.2856616973877,5.3414441255422735,29.861519004197966,0.2931231210157376
source_b_v1_13_tuned_lightgbm_cov_100,m5_top_volume_100_20260714,M5,28,lightgbm_tuned_cov,FOODS_3_080_TX_2_validation,364,6351.0,1542.8803634643555,4.238682317209768,24.63855473219923,0.24293502810019768
source_b_v1_13_tuned_lightgbm_cov_100,m5_top_volume_100_20260714,M5,28,lightgbm_tuned_cov,FOODS_3_090_CA_1_validation,364,18027.0,7798.316585600376,21.423946663737297,64.90757571880843,0.4325909239252441
source_b_v1_13_tuned_lightgbm_cov_100,m5_top_volume_100_20260714,M5,28,lightgbm_tuned_cov,FOODS_3_090_CA_2_validation,364,13416.0,6019.132941365242,16.53607950924517,66.33981346241295,0.4486533200182798
source_b_v1_13_tuned_lightgbm_cov_100,m5_top_volume_100_20260714,M5,28,lightgbm_tuned_cov,FOODS_3_090_CA_3_validation,364,35186.0,14531.931807041168,39.92288957978343,62.23813198546273,0.41300323444100406
source_b_v1_13_tuned_lightgbm_cov_100,m5_top_volume_100_20260714,M5,28,lightgbm_tuned_cov,FOODS_3_090_CA_4_validation,364,9265.0,4254.5876994133,11.688427745640933,63.701784393079045,0.4592107608649001
source_b_v1_13_tuned_lightgbm_cov_100,m5_top_volume_100_20260714,M5,28,lightgbm_tuned_cov,FOODS_3_090_TX_1_validation,364,16266.0,6917.532201305032,19.004209344244593,62.792931815666286,0.4252755564554919
source_b_v1_13_tuned_lightgbm_cov_100,m5_top_volume_100_20260714,M5,28,lightgbm_tuned_cov,FOODS_3_090_TX_2_validation,364,18445.0,7171.522839546204,19.70198582292913,61.92989144187345,0.3888057923310493
source_b_v1_13_tuned_lightgbm_cov_100,m5_top_volume_100_20260714,M5,28,lightgbm_tuned_cov,FOODS_3_090_TX_3_validation,364,20844.0,8353.8450037539,22.95012363668654,63.946502052467565,0.4007793611472798
source_b_v1_13_tuned_lightgbm_cov_100,m5_top_volume_100_20260714,M5,28,lightgbm_tuned_cov,FOODS_3_090_WI_3_validation,364,22744.0,8588.173466339707,23.59388314928491,63.91525074505924,0.3776017176547532
source_b_v1_13_tuned_lightgbm_cov_100,m5_top_volume_100_20260714,M5,28,lightgbm_tuned_cov,FOODS_3_099_TX_2_validation,364,4993.0,2549.01639226079,7.002792286430742,81.02960935811937,0.5105180036572782
source_b_v1_13_tuned_lightgbm_cov_100,m5_top_volume_100_20260714,M5,28,lightgbm_tuned_cov,FOODS_3_120_CA_1_validation,364,14909.0,7550.006607055664,20.741776393010067,63.86102727122761,0.5064059700218434
source_b_v1_13_tuned_lightgbm_cov_100,m5_top_volume_100_20260714,M5,28,lightgbm_tuned_cov,FOODS_3_120_CA_3_validation,364,30361.0,8978.234196186066,24.66547856095073,38.25635637638087,0.29571602372076233
source_b_v1_13_tuned_lightgbm_cov_100,m5_top_volume_100_20260714,M5,28,lightgbm_tuned_cov,FOODS_3_120_WI_3_validation,364,11888.0,4695.765202522278,12.900453853083182,46.49730194843381,0.39500043762805165
source_b_v1_13_tuned_lightgbm_cov_100,m5_top_volume_100_20260714,M5,28,lightgbm_tuned_cov,FOODS_3_202_CA_3_validation,364,7485.0,3601.7730754613876,9.894980976542273,64.16442708705026,0.4811988076768721
source_b_v1_13_tuned_lightgbm_cov_100,m5_top_volume_100_20260714,M5,28,lightgbm_tuned_cov,FOODS_3_202_TX_1_validation,364,7637.0,3673.3102081120014,10.091511560747257,69.49770613533192,0.480988635342674
source_b_v1_13_tuned_lightgbm_cov_100,m5_top_volume_100_20260714,M5,28,lightgbm_tuned_cov,FOODS_3_202_TX_2_validation,364,7507.0,4607.296622186899,12.65740830271126,79.06374224520543,0.6137333984530304
source_b_v1_13_tuned_lightgbm_cov_100,m5_top_volume_100_20260714,M5,28,lightgbm_tuned_cov,FOODS_3_202_TX_3_validation,364,9390.0,4479.5069043934345,12.306337649432512,71.563932041022,0.47705078854030186
source_b_v1_13_tuned_lightgbm_cov_100,m5_top_volume_100_20260714,M5,28,lightgbm_tuned_cov,FOODS_3_226_WI_1_validation,364,14269.0,2677.353675842285,7.355367241324959,18.978490005227673,0.18763428942759025
source_b_v1_13_tuned_lightgbm_cov_100,m5_top_volume_100_20260714,M5,28,lightgbm_tuned_cov,FOODS_3_226_WI_2_validation,364,13849.0,2943.627145767212,8.086887763096737,22.468981502112456,0.21255160269818846
source_b_v1_13_tuned_lightgbm_cov_100,m5_top_volume_100_20260714,M5,28,lightgbm_tuned_cov,FOODS_3_226_WI_3_validation,364,17486.0,3530.524257659912,9.69924246609866,20.586023851872955,0.20190576790917947
source_b_v1_13_tuned_lightgbm_cov_100,m5_top_volume_100_20260714,M5,28,lightgbm_tuned_cov,FOODS_3_234_CA_3_validation,364,6927.0,5200.573359489441,14.287289449146815,69.06414712529909,0.7507684942239701
source_b_v1_13_tuned_lightgbm_cov_100,m5_top_volume_100_20260714,M5,28,lightgbm_tuned_cov,FOODS_3_234_WI_2_validation,364,8873.0,10057.37779057026,27.63015876530291,140.36253492979617,1.133481098903444
source_b_v1_13_tuned_lightgbm_cov_100,m5_top_volume_100_20260714,M5,28,lightgbm_tuned_cov,FOODS_3_234_WI_3_validation,364,7337.0,4879.841079711914,13.406156812395368,76.19833822444821,0.6651003243439981
source_b_v1_13_tuned_lightgbm_cov_100,m5_top_volume_100_20260714,M5,28,lightgbm_tuned_cov,FOODS_3_252_CA_1_validation,364,14143.0,3324.055435180664,9.132020426320505,24.62726341046764,0.23503184863046483
source_b_v1_13_tuned_lightgbm_cov_100,m5_top_volume_100_20260714,M5,28,lightgbm_tuned_cov,FOODS_3_252_CA_2_validation,364,14244.0,3370.1731672286987,9.258717492386536,25.951686661253177,0.23660300247323074
source_b_v1_13_tuned_lightgbm_cov_100,m5_top_volume_100_20260714,M5,28,lightgbm_tuned_cov,FOODS_3_252_CA_3_validation,364,16554.0,3778.1002712249756,10.379396349519164,23.20927121275085,0.22822884325389486
source_b_v1_13_tuned_lightgbm_cov_100,m5_top_volume_100_20260714,M5,28,lightgbm_tuned_cov,FOODS_3_252_TX_1_validation,364,11375.0,3470.4183444976807,9.534116331037584,32.364090579813656,0.3050917225932027
source_b_v1_13_tuned_lightgbm_cov_100,m5_top_volume_100_20260714,M5,28,lightgbm_tuned_cov,FOODS_3_252_TX_2_validation,364,21287.0,5052.379041671753,13.880162202394926,23.858072319320247,0.23734575288541143
source_b_v1_13_tuned_lightgbm_cov_100,m5_top_volume_100_20260714,M5,28,lightgbm_tuned_cov,FOODS_3_252_TX_3_validation,364,17267.0,4388.1573848724365,12.055377430968232,26.677621664714117,0.25413548299487093
source_b_v1_13_tuned_lightgbm_cov_100,m5_top_volume_100_20260714,M5,28,lightgbm_tuned_cov,FOODS_3_252_WI_3_validation,364,6563.0,2239.2277545928955,6.151724600529933,35.27007671891486,0.34118966243987436
source_b_v1_13_tuned_lightgbm_cov_100,m5_top_volume_100_20260714,M5,28,lightgbm_tuned_cov,FOODS_3_281_CA_3_validation,364,3618.0,2188.9049696326256,6.013475191298422,81.0909985767988,0.6050041375435671
source_b_v1_13_tuned_lightgbm_cov_100,m5_top_volume_100_20260714,M5,28,lightgbm_tuned_cov,FOODS_3_282_CA_3_validation,364,12762.0,4122.784594535828,11.326331303669857,41.803777217061054,0.3230516059031365
source_b_v1_13_tuned_lightgbm_cov_100,m5_top_volume_100_20260714,M5,28,lightgbm_tuned_cov,FOODS_3_288_CA_3_validation,364,12018.0,5207.991683483124,14.307669460118472,52.96811371396471,0.4333492830323784
source_b_v1_13_tuned_lightgbm_cov_100,m5_top_volume_100_20260714,M5,28,lightgbm_tuned_cov,FOODS_3_318_CA_3_validation,364,4989.0,3573.9526568055153,9.818551254960207,109.18953905276186,0.7163665377441402
source_b_v1_13_tuned_lightgbm_cov_100,m5_top_volume_100_20260714,M5,28,lightgbm_tuned_cov,FOODS_3_318_WI_3_validation,364,5294.0,3715.332535415888,10.206957514878813,101.86153511023154,0.7018006300370019
source_b_v1_13_tuned_lightgbm_cov_100,m5_top_volume_100_20260714,M5,28,lightgbm_tuned_cov,FOODS_3_319_CA_3_validation,364,4781.0,3407.694233801216,9.361797345607735,119.31218430252422,0.7127576309979535
source_b_v1_13_tuned_lightgbm_cov_100,m5_top_volume_100_20260714,M5,28,lightgbm_tuned_cov,FOODS_3_376_WI_2_validation,364,8342.0,4149.989049434662,11.401068817128191,53.64618304039849,0.49748130537456986
source_b_v1_13_tuned_lightgbm_cov_100,m5_top_volume_100_20260714,M5,28,lightgbm_tuned_cov,FOODS_3_377_TX_2_validation,364,11468.0,2044.0633029937744,5.615558524708171,18.24370624861867,0.17824060891121157
source_b_v1_13_tuned_lightgbm_cov_100,m5_top_volume_100_20260714,M5,28,lightgbm_tuned_cov,FOODS_3_377_TX_3_validation,364,15335.0,3310.4658946990967,9.094686523898618,21.862924873236555,0.2158764848189825
source_b_v1_13_tuned_lightgbm_cov_100,m5_top_volume_100_20260714,M5,28,lightgbm_tuned_cov,FOODS_3_412_WI_2_validation,364,6820.0,6853.865506768227,18.829300842769854,125.0138450172938,1.0049656168281857
source_b_v1_13_tuned_lightgbm_cov_100,m5_top_volume_100_20260714,M5,28,lightgbm_tuned_cov,FOODS_3_462_WI_2_validation,364,7852.0,3927.3859493732452,10.789521838937487,54.92394589430781,0.5001765090898173
source_b_v1_13_tuned_lightgbm_cov_100,m5_top_volume_100_20260714,M5,28,lightgbm_tuned_cov,FOODS_3_501_CA_3_validation,364,4692.0,2690.890668272972,7.392556780969704,75.99780628599542,0.5735061100326028
source_b_v1_13_tuned_lightgbm_cov_100,m5_top_volume_100_20260714,M5,28,lightgbm_tuned_cov,FOODS_3_541_CA_3_validation,364,7136.0,5092.929711509496,13.991565141509604,119.4611852357075,0.7136953071061514
source_b_v1_13_tuned_lightgbm_cov_100,m5_top_volume_100_20260714,M5,28,lightgbm_tuned_cov,FOODS_3_547_WI_2_validation,364,6138.0,7046.358378767967,19.35812741419771,136.7796812310313,1.1479893090205224
source_b_v1_13_tuned_lightgbm_cov_100,m5_top_volume_100_20260714,M5,28,lightgbm_tuned_cov,FOODS_3_555_CA_1_validation,364,6566.0,1563.5176057815552,4.295378037861416,25.320934327140705,0.23812330273858592
source_b_v1_13_tuned_lightgbm_cov_100,m5_top_volume_100_20260714,M5,28,lightgbm_tuned_cov,FOODS_3_555_CA_3_validation,364,10701.0,2269.888599395752,6.235957690647671,21.970672134396825,0.21211929720547162
source_b_v1_13_tuned_lightgbm_cov_100,m5_top_volume_100_20260714,M5,28,lightgbm_tuned_cov,FOODS_3_555_TX_1_validation,364,8816.0,2379.904646873474,6.538199579322731,27.84628256754268,0.269952886442091
source_b_v1_13_tuned_lightgbm_cov_100,m5_top_volume_100_20260714,M5,28,lightgbm_tuned_cov,FOODS_3_555_TX_2_validation,364,16252.0,3661.474235534668,10.05899515256777,23.22576668196393,0.2252937629543852
source_b_v1_13_tuned_lightgbm_cov_100,m5_top_volume_100_20260714,M5,28,lightgbm_tuned_cov,FOODS_3_555_TX_3_validation,364,11786.0,3162.777177810669,8.688948290688652,28.012574117404753,0.26835034598766916
source_b_v1_13_tuned_lightgbm_cov_100,m5_top_volume_100_20260714,M5,28,lightgbm_tuned_cov,FOODS_3_555_WI_3_validation,364,7929.0,2099.1334352493286,5.766850096838815,27.611242824054198,0.2647412580715511
source_b_v1_13_tuned_lightgbm_cov_100,m5_top_volume_100_20260714,M5,28,lightgbm_tuned_cov,FOODS_3_586_CA_1_validation,364,15898.0,3497.560764312744,9.608683418441604,22.598564210890455,0.2200000480760312
source_b_v1_13_tuned_lightgbm_cov_100,m5_top_volume_100_20260714,M5,28,lightgbm_tuned_cov,FOODS_3_586_CA_2_validation,364,13764.0,2916.034571647644,8.011083988042978,24.10502357357696,0.21185953005286573
source_b_v1_13_tuned_lightgbm_cov_100,m5_top_volume_100_20260714,M5,28,lightgbm_tuned_cov,FOODS_3_586_CA_3_validation,364,26695.0,4386.2202224731445,12.050055556244903,16.861253410480813,0.16430868036984994
source_b_v1_13_tuned_lightgbm_cov_100,m5_top_volume_100_20260714,M5,28,lightgbm_tuned_cov,FOODS_3_586_TX_1_validation,364,18896.0,3611.4895248413086,9.921674518794804,19.55564065815489,0.1911245514839812
source_b_v1_13_tuned_lightgbm_cov_100,m5_top_volume_100_20260714,M5,28,lightgbm_tuned_cov,FOODS_3_586_TX_2_validation,364,33765.0,6275.416793823242,17.24015602698693,18.925219843468945,0.18585567285127327
source_b_v1_13_tuned_lightgbm_cov_100,m5_top_volume_100_20260714,M5,28,lightgbm_tuned_cov,FOODS_3_586_TX_3_validation,364,26936.0,5658.501983642578,15.545335119897192,21.713159206019224,0.21007209621482692
source_b_v1_13_tuned_lightgbm_cov_100,m5_top_volume_100_20260714,M5,28,lightgbm_tuned_cov,FOODS_3_586_WI_3_validation,364,11889.0,2498.73685836792,6.8646616988129665,22.16346372325643,0.21017216404810496
source_b_v1_13_tuned_lightgbm_cov_100,m5_top_volume_100_20260714,M5,28,lightgbm_tuned_cov,FOODS_3_587_CA_1_validation,364,10034.0,2615.463966369629,7.18534056694953,27.160596894251114,0.26066015211975574
source_b_v1_13_tuned_lightgbm_cov_100,m5_top_volume_100_20260714,M5,28,lightgbm_tuned_cov,FOODS_3_587_CA_3_validation,364,12312.0,2877.309453010559,7.904696299479558,25.60406154261511,0.23369959819773872
source_b_v1_13_tuned_lightgbm_cov_100,m5_top_volume_100_20260714,M5,28,lightgbm_tuned_cov,FOODS_3_587_TX_1_validation,364,10234.0,2749.810627937317,7.554424802025596,29.047285340248912,0.26869363180939193
source_b_v1_13_tuned_lightgbm_cov_100,m5_top_volume_100_20260714,M5,28,lightgbm_tuned_cov,FOODS_3_587_TX_2_validation,364,10946.0,2898.3120622634888,7.962395775449145,28.52875366098508,0.2647827573783564
source_b_v1_13_tuned_lightgbm_cov_100,m5_top_volume_100_20260714,M5,28,lightgbm_tuned_cov,FOODS_3_587_TX_3_validation,364,11441.0,2806.0816497802734,7.709015521374377,25.16306077396538,0.24526541821346678
source_b_v1_13_tuned_lightgbm_cov_100,m5_top_volume_100_20260714,M5,28,lightgbm_tuned_cov,FOODS_3_587_WI_3_validation,364,10622.0,3243.1138451099396,8.909653420631702,35.32886936504886,0.3053204523733703
source_b_v1_13_tuned_lightgbm_cov_100,m5_top_volume_100_20260714,M5,28,lightgbm_tuned_cov,FOODS_3_607_CA_3_validation,364,7751.0,3334.5781421661377,9.160928961994884,48.081685697524854,0.43021263606839605
source_b_v1_13_tuned_lightgbm_cov_100,m5_top_volume_100_20260714,M5,28,lightgbm_tuned_cov,FOODS_3_635_CA_3_validation,364,6861.0,4444.636760737747,12.210540551477326,113.67452958308135,0.6478118001366778
source_b_v1_13_tuned_lightgbm_cov_100,m5_top_volume_100_20260714,M5,28,lightgbm_tuned_cov,FOODS_3_681_CA_3_validation,364,14222.0,6280.30438709259,17.2535834810236,47.0003697420951,0.44159080207373014
source_b_v1_13_tuned_lightgbm_cov_100,m5_top_volume_100_20260714,M5,28,lightgbm_tuned_cov,FOODS_3_681_WI_3_validation,364,12084.0,4621.215761184692,12.695647695562341,44.43760332214295,0.38242434303084183
source_b_v1_13_tuned_lightgbm_cov_100,m5_top_volume_100_20260714,M5,28,lightgbm_tuned_cov,FOODS_3_694_CA_3_validation,364,6317.0,1570.9617700576782,4.315829038619995,25.305650581296145,0.24868794840235528
source_b_v1_13_tuned_lightgbm_cov_100,m5_top_volume_100_20260714,M5,28,lightgbm_tuned_cov,FOODS_3_694_TX_1_validation,364,6148.0,1749.6392679214478,4.806701285498483,29.248267944290756,0.2845867384387521
source_b_v1_13_tuned_lightgbm_cov_100,m5_top_volume_100_20260714,M5,28,lightgbm_tuned_cov,FOODS_3_694_WI_1_validation,364,6821.0,1625.6218709945679,4.465994151083978,24.717850939380344,0.23832603298556926
source_b_v1_13_tuned_lightgbm_cov_100,m5_top_volume_100_20260714,M5,28,lightgbm_tuned_cov,FOODS_3_694_WI_2_validation,364,11167.0,2316.581974029541,6.364236192388849,21.527681295586206,0.2074489096471336
source_b_v1_13_tuned_lightgbm_cov_100,m5_top_volume_100_20260714,M5,28,lightgbm_tuned_cov,FOODS_3_694_WI_3_validation,364,15958.0,3126.4423503875732,8.589127336229597,20.18311467312358,0.19591692883742157
source_b_v1_13_tuned_lightgbm_cov_100,m5_top_volume_100_20260714,M5,28,lightgbm_tuned_cov,FOODS_3_711_CA_3_validation,364,5052.0,4703.32054913044,12.9212102998089,96.9168458654011,0.9309818980859936
source_b_v1_13_tuned_lightgbm_cov_100,m5_top_volume_100_20260714,M5,28,lightgbm_tuned_cov,FOODS_3_711_WI_2_validation,364,7860.0,7437.45055603981,20.43255647263684,121.43060894621311,0.9462405287582456
source_b_v1_13_tuned_lightgbm_cov_100,m5_top_volume_100_20260714,M5,28,lightgbm_tuned_cov,FOODS_3_714_CA_1_validation,364,8484.0,2417.6720151901245,6.641956085687156,30.595815274495376,0.2849684129172707
source_b_v1_13_tuned_lightgbm_cov_100,m5_top_volume_100_20260714,M5,28,lightgbm_tuned_cov,FOODS_3_714_CA_3_validation,364,11041.0,2458.787486076355,6.754910676033942,23.555370924388654,0.22269608604984648
source_b_v1_13_tuned_lightgbm_cov_100,m5_top_volume_100_20260714,M5,28,lightgbm_tuned_cov,FOODS_3_714_TX_1_validation,364,5367.0,2022.3150968551636,5.555810705646054,38.83495201508752,0.37680549596705115
source_b_v1_13_tuned_lightgbm_cov_100,m5_top_volume_100_20260714,M5,28,lightgbm_tuned_cov,FOODS_3_714_TX_2_validation,364,8563.0,2431.9704694747925,6.681237553502177,29.73795512334913,0.28400916378311253
source_b_v1_13_tuned_lightgbm_cov_100,m5_top_volume_100_20260714,M5,28,lightgbm_tuned_cov,FOODS_3_714_TX_3_validation,364,6553.0,2343.590775489807,6.438436196400569,37.46393707179241,0.3576363155027937
source_b_v1_13_tuned_lightgbm_cov_100,m5_top_volume_100_20260714,M5,28,lightgbm_tuned_cov,FOODS_3_714_WI_3_validation,364,8159.0,2335.463762283325,6.416109237042102,29.55557973289341,0.2862438733035084
source_b_v1_13_tuned_lightgbm_cov_100,m5_top_volume_100_20260714,M5,28,lightgbm_tuned_cov,FOODS_3_723_CA_3_validation,364,8114.0,3942.0698128938675,10.8298621233348,62.75868367413976,0.48583556974289716
source_b_v1_13_tuned_lightgbm_cov_100,m5_top_volume_100_20260714,M5,28,lightgbm_tuned_cov,FOODS_3_723_WI_3_validation,364,7665.0,3696.282982259989,10.154623577637333,65.84395163018569,0.48222869957729797
source_b_v1_13_tuned_lightgbm_cov_100,m5_top_volume_100_20260714,M5,28,lightgbm_tuned_cov,FOODS_3_752_CA_3_validation,364,6402.0,5206.923065185547,14.304733695564689,75.87900725422566,0.8133275640714693
source_b_v1_13_tuned_lightgbm_cov_100,m5_top_volume_100_20260714,M5,28,lightgbm_tuned_cov,FOODS_3_804_CA_3_validation,364,8021.0,3655.52245426178,10.04264410511478,53.028567672586,0.455743978838272
source_b_v1_13_tuned_lightgbm_cov_100,m5_top_volume_100_20260714,M5,28,lightgbm_tuned_cov,FOODS_3_808_CA_1_validation,364,2395.0,3222.5829594433308,8.85324988858058,144.65015764508462,1.3455461208531652
source_b_v1_13_tuned_lightgbm_cov_100,m5_top_volume_100_20260714,M5,28,lightgbm_tuned_cov,FOODS_3_808_CA_3_validation,364,8863.0,6511.799259331077,17.889558404755707,115.6956784049655,0.734717280754945
source_b_v1_13_tuned_lightgbm_cov_100,m5_top_volume_100_20260714,M5,28,lightgbm_tuned_cov,HOUSEHOLD_1_118_CA_3_validation,364,7647.0,2365.3202905654907,6.4981326663887105,32.7785199571591,0.3093134942546738
source_b_v1_13_tuned_lightgbm_cov_100,m5_top_volume_100_20260714,M5,28,lightgbm_tuned_cov,HOUSEHOLD_1_334_CA_3_validation,364,6882.0,2502.404805660248,6.874738477088592,40.31025058949929,0.36361592642549373
source_b_v1_13_tuned_lightgbm_cov_100,m5_top_volume_100_20260714,M5,28,lightgbm_tuned_cov,HOUSEHOLD_1_459_CA_3_validation,364,7840.0,2673.8890209198,7.345848958570879,35.85531657204851,0.3410572730765051
source_b_v1_13_tuned_lightgbm_cov_100,rohlik_top_volume_100_20260714,Rohlik,7,lightgbm_tuned_cov,80,280,65024.250061035156,12672.68840789795,45.25960145677839,19.073316302619922,0.19489172725564236
source_b_v1_13_tuned_lightgbm_cov_100,rohlik_top_volume_100_20260714,Rohlik,7,lightgbm_tuned_cov,139,280,704992.3494262695,129679.17657470703,463.1399163382394,18.693726441602678,0.18394409057097053
source_b_v1_13_tuned_lightgbm_cov_100,rohlik_top_volume_100_20260714,Rohlik,7,lightgbm_tuned_cov,393,280,347206.3200683594,131027.82901000977,467.9565321786063,34.42887262544039,0.3773774307570567
source_b_v1_13_tuned_lightgbm_cov_100,rohlik_top_volume_100_20260714,Rohlik,7,lightgbm_tuned_cov,394,280,239137.44957733154,99648.02463531494,355.88580226898193,40.94889025004495,0.41669769754356717
source_b_v1_13_tuned_lightgbm_cov_100,rohlik_top_volume_100_20260714,Rohlik,7,lightgbm_tuned_cov,524,280,267690.19955444336,38757.83834838867,138.42085124424526,14.193926364623577,0.1447861685369846
source_b_v1_13_tuned_lightgbm_cov_100,rohlik_top_volume_100_20260714,Rohlik,7,lightgbm_tuned_cov,525,280,531616.6622314453,75594.51806640625,269.9804216657366,13.944533249020807,0.1421974205042793
source_b_v1_13_tuned_lightgbm_cov_100,rohlik_top_volume_100_20260714,Rohlik,7,lightgbm_tuned_cov,526,280,338197.9295654297,43597.460510253906,155.70521610804965,13.178317736758983,0.12891108046189056
source_b_v1_13_tuned_lightgbm_cov_100,rohlik_top_volume_100_20260714,Rohlik,7,lightgbm_tuned_cov,539,280,193128.92993927002,29247.040351867676,104.45371554238456,15.364931994570219,0.15143790400052698
source_b_v1_13_tuned_lightgbm_cov_100,rohlik_top_volume_100_20260714,Rohlik,7,lightgbm_tuned_cov,619,280,111035.18016052246,63663.1465921402,227.368380686215,92.51215207444149,0.5733601413543259
source_b_v1_13_tuned_lightgbm_cov_100,rohlik_top_volume_100_20260714,Rohlik,7,lightgbm_tuned_cov,652,280,906449.6130943298,259532.28247451782,926.9010088375636,28.19061021763393,0.28631738457977535
source_b_v1_13_tuned_lightgbm_cov_100,rohlik_top_volume_100_20260714,Rohlik,7,lightgbm_tuned_cov,653,280,742757.7571563721,244454.45249938965,873.0516160692488,32.921033484225184,0.32911733353721795
source_b_v1_13_tuned_lightgbm_cov_100,rohlik_top_volume_100_20260714,Rohlik,7,lightgbm_tuned_cov,654,280,465967.79803466797,135481.63568115234,483.8629845755441,28.167164802083157,0.29075321567837725
source_b_v1_13_tuned_lightgbm_cov_100,rohlik_top_volume_100_20260714,Rohlik,7,lightgbm_tuned_cov,655,280,569343.7183532715,162726.47787475586,581.1659924098424,28.117354807700252,0.28581412708901777
source_b_v1_13_tuned_lightgbm_cov_100,rohlik_top_volume_100_20260714,Rohlik,7,lightgbm_tuned_cov,888,280,161351.10961914062,52425.110734939575,187.23253833906992,37.29738493615113,0.3249132333746314
source_b_v1_13_tuned_lightgbm_cov_100,rohlik_top_volume_100_20260714,Rohlik,7,lightgbm_tuned_cov,890,280,151037.71043395996,53970.536586761475,192.75191638129098,46.318255455062754,0.35733153284496894
source_b_v1_13_tuned_lightgbm_cov_100,rohlik_top_volume_100_20260714,Rohlik,7,lightgbm_tuned_cov,912,280,138695.33001708984,57373.95704650879,204.9069894518171,41.03820533650589,0.4136689897160867
source_b_v1_13_tuned_lightgbm_cov_100,rohlik_top_volume_100_20260714,Rohlik,7,lightgbm_tuned_cov,1032,280,313453.1592102051,42892.31216430664,153.186829158238,14.736200333724497,0.1368380279604794
source_b_v1_13_tuned_lightgbm_cov_100,rohlik_top_volume_100_20260714,Rohlik,7,lightgbm_tuned_cov,1266,280,151124.2797088623,23522.65480041504,84.00948143005371,14.40489000412288,0.15565106312321839
source_b_v1_13_tuned_lightgbm_cov_100,rohlik_top_volume_100_20260714,Rohlik,7,lightgbm_tuned_cov,1269,280,140353.15000152588,22448.018531799316,80.17149475642613,15.799580276709586,0.15993954201637275
source_b_v1_13_tuned_lightgbm_cov_100,rohlik_top_volume_100_20260714,Rohlik,7,lightgbm_tuned_cov,1270,280,132543.56005859375,33185.57196044922,118.51989985874721,23.293413385928485,0.2503748348526237
source_b_v1_13_tuned_lightgbm_cov_100,rohlik_top_volume_100_20260714,Rohlik,7,lightgbm_tuned_cov,1391,280,221225.1198425293,34622.148834228516,123.65053155081613,15.571942476482507,0.15650188757439923
source_b_v1_13_tuned_lightgbm_cov_100,rohlik_top_volume_100_20260714,Rohlik,7,lightgbm_tuned_cov,1405,280,126042.9401473999,50772.080879211426,181.32886028289795,35.740550580203326,0.40281574533120557
source_b_v1_13_tuned_lightgbm_cov_100,rohlik_top_volume_100_20260714,Rohlik,7,lightgbm_tuned_cov,1408,280,207613.20947265625,72025.86798095703,257.23524278913226,30.462314342334146,0.3469233396271118
source_b_v1_13_tuned_lightgbm_cov_100,rohlik_top_volume_100_20260714,Rohlik,7,lightgbm_tuned_cov,1413,280,289053.51054000854,59551.75706863403,212.684846673693,21.178697276455896,0.20602329636951888
source_b_v1_13_tuned_lightgbm_cov_100,rohlik_top_volume_100_20260714,Rohlik,7,lightgbm_tuned_cov,1640,280,120672.08973693848,37660.58854675293,134.50210195268903,30.11640136757435,0.3120902988325791
source_b_v1_13_tuned_lightgbm_cov_100,rohlik_top_volume_100_20260714,Rohlik,7,lightgbm_tuned_cov,1671,280,141476.37020874023,36171.01583862305,129.18219942365374,26.955553208871002,0.2556682489468368
source_b_v1_13_tuned_lightgbm_cov_100,rohlik_top_volume_100_20260714,Rohlik,7,lightgbm_tuned_cov,1672,280,151003.13999176025,34246.49509429932,122.30891105106899,22.142139037204615,0.2267932646709733
source_b_v1_13_tuned_lightgbm_cov_100,rohlik_top_volume_100_20260714,Rohlik,7,lightgbm_tuned_cov,1925,280,145504.06002807617,40912.4310323596,146.11582511557,126.85337518091548,0.28117724704358915
source_b_v1_13_tuned_lightgbm_cov_100,rohlik_top_volume_100_20260714,Rohlik,7,lightgbm_tuned_cov,1927,280,138158.75009334087,33209.3640652895,118.6048716617482,46.67024484242625,0.2403710517274733
source_b_v1_13_tuned_lightgbm_cov_100,rohlik_top_volume_100_20260714,Rohlik,7,lightgbm_tuned_cov,2127,280,224514.65948486328,100027.4866027832,357.2410235813686,39.31551057958827,0.44552764096692327
source_b_v1_13_tuned_lightgbm_cov_100,rohlik_top_volume_100_20260714,Rohlik,7,lightgbm_tuned_cov,2129,280,201146.12992095947,108769.5343093872,388.46262253352575,51.98068293678476,0.5407488294809762
source_b_v1_13_tuned_lightgbm_cov_100,rohlik_top_volume_100_20260714,Rohlik,7,lightgbm_tuned_cov,2159,280,205632.91958618164,28275.390869140625,100.98353881835938,14.32320022902234,0.13750420373373284
source_b_v1_13_tuned_lightgbm_cov_100,rohlik_top_volume_100_20260714,Rohlik,7,lightgbm_tuned_cov,2160,280,155848.88995361328,20055.840606689453,71.62800216674805,13.163078039696712,0.1286877347195662
source_b_v1_13_tuned_lightgbm_cov_100,rohlik_top_volume_100_20260714,Rohlik,7,lightgbm_tuned_cov,2161,280,119318.8002319336,17651.48373413086,63.04101333618164,15.134526699812278,0.14793547789467923
source_b_v1_13_tuned_lightgbm_cov_100,rohlik_top_volume_100_20260714,Rohlik,7,lightgbm_tuned_cov,2216,280,279236.34016418457,33879.13807678223,120.99692170279367,12.714823159969033,0.12132782594436695
source_b_v1_13_tuned_lightgbm_cov_100,rohlik_top_volume_100_20260714,Rohlik,7,lightgbm_tuned_cov,2217,280,274926.85957336426,27401.69334411621,97.86319051470075,10.245787777471373,0.0996690297435419
source_b_v1_13_tuned_lightgbm_cov_100,rohlik_top_volume_100_20260714,Rohlik,7,lightgbm_tuned_cov,2218,280,126590.24021148682,17178.062858581543,61.35022449493408,13.747975724274774,0.13569816148451233
source_b_v1_13_tuned_lightgbm_cov_100,rohlik_top_volume_100_20260714,Rohlik,7,lightgbm_tuned_cov,2274,280,151934.1999359131,53477.48454284668,190.99101622445244,44.63019113209024,0.3519779257428799
source_b_v1_13_tuned_lightgbm_cov_100,rohlik_top_volume_100_20260714,Rohlik,7,lightgbm_tuned_cov,2275,280,108671.41033172607,39145.56425285339,139.80558661733355,46.313529608121364,0.36021952906803345
source_b_v1_13_tuned_lightgbm_cov_100,rohlik_top_volume_100_20260714,Rohlik,7,lightgbm_tuned_cov,2325,280,218676.69919586182,42335.99053192139,151.1999661854335,20.48303531941978,0.19360083030155115
source_b_v1_13_tuned_lightgbm_cov_100,rohlik_top_volume_100_20260714,Rohlik,7,lightgbm_tuned_cov,2467,280,124018.61987304688,40161.22270107269,143.43293821811676,66.01579851279888,0.32383220150477565
source_b_v1_13_tuned_lightgbm_cov_100,rohlik_top_volume_100_20260714,Rohlik,7,lightgbm_tuned_cov,2468,280,207317.14988708496,103320.69831609726,369.00249398606167,64.33488927324609,0.4983702427530513
source_b_v1_13_tuned_lightgbm_cov_100,rohlik_top_volume_100_20260714,Rohlik,7,lightgbm_tuned_cov,2470,280,261642.5806427002,114828.83742427826,410.1029908009938,57.79719147333125,0.43887671931003014
source_b_v1_13_tuned_lightgbm_cov_100,rohlik_top_volume_100_20260714,Rohlik,7,lightgbm_tuned_cov,2560,280,273117.1798400879,55749.211669921875,199.1043273925781,20.435123918946502,0.20412195125390298
source_b_v1_13_tuned_lightgbm_cov_100,rohlik_top_volume_100_20260714,Rohlik,7,lightgbm_tuned_cov,2561,280,551515.4985351562,126050.00158691406,450.17857709612167,24.396756524955208,0.2285520568718506
source_b_v1_13_tuned_lightgbm_cov_100,rohlik_top_volume_100_20260714,Rohlik,7,lightgbm_tuned_cov,2562,280,501021.64096069336,100495.38516235352,358.9120898655483,20.210427433621085,0.2005809269429096
source_b_v1_13_tuned_lightgbm_cov_100,rohlik_top_volume_100_20260714,Rohlik,7,lightgbm_tuned_cov,2563,280,249795.21975708008,52024.00405883789,185.8000144958496,21.271314101490848,0.20826661178476513
source_b_v1_13_tuned_lightgbm_cov_100,rohlik_top_volume_100_20260714,Rohlik,7,lightgbm_tuned_cov,2565,280,173654.3897781372,45933.416648864746,164.04791660308837,24.088589251050056,0.2645105413548704
source_b_v1_13_tuned_lightgbm_cov_100,rohlik_top_volume_100_20260714,Rohlik,7,lightgbm_tuned_cov,2566,280,138404.21014404297,42645.46195983887,152.3052212851388,27.88302150143646,0.30812257745234756
source_b_v1_13_tuned_lightgbm_cov_100,rohlik_top_volume_100_20260714,Rohlik,7,lightgbm_tuned_cov,2694,280,220327.10961914062,29854.979949951172,106.62492839268276,14.703926719571736,0.13550298009881195
source_b_v1_13_tuned_lightgbm_cov_100,rohlik_top_volume_100_20260714,Rohlik,7,lightgbm_tuned_cov,2840,280,275601.7402648926,61430.81005859375,219.39575020926338,22.46358140985371,0.22289703250621706
source_b_v1_13_tuned_lightgbm_cov_100,rohlik_top_volume_100_20260714,Rohlik,7,lightgbm_tuned_cov,2935,280,193093.2696838379,37772.826904296875,134.9029532296317,18.912339108583296,0.1956195934024235
source_b_v1_13_tuned_lightgbm_cov_100,rohlik_top_volume_100_20260714,Rohlik,7,lightgbm_tuned_cov,2936,280,169590.96995544434,23156.751358032227,82.70268342154367,13.608294528938197,0.13654471912104793
source_b_v1_13_tuned_lightgbm_cov_100,rohlik_top_volume_100_20260714,Rohlik,7,lightgbm_tuned_cov,2937,280,280813.5494995117,38501.28466796875,137.5045880998884,13.786103969799859,0.13710622132225744
source_b_v1_13_tuned_lightgbm_cov_100,rohlik_top_volume_100_20260714,Rohlik,7,lightgbm_tuned_cov,2938,280,168716.07014465332,20424.28565979004,72.943877356393,12.175703129551891,0.1210571443625893
source_b_v1_13_tuned_lightgbm_cov_100,rohlik_top_volume_100_20260714,Rohlik,7,lightgbm_tuned_cov,3144,280,503970.9108886719,57650.874755859375,205.89598127092634,11.791129810142168,0.11439325863907761
source_b_v1_13_tuned_lightgbm_cov_100,rohlik_top_volume_100_20260714,Rohlik,7,lightgbm_tuned_cov,3145,280,338092.6397705078,31703.840576171875,113.2280020577567,9.683939433515382,0.09377264349112115
source_b_v1_13_tuned_lightgbm_cov_100,rohlik_top_volume_100_20260714,Rohlik,7,lightgbm_tuned_cov,3146,280,0.0,3254.3307089805603,11.622609674930573,200.0,
source_b_v1_13_tuned_lightgbm_cov_100,rohlik_top_volume_100_20260714,Rohlik,7,lightgbm_tuned_cov,3147,280,297310.9501647949,25869.61309814453,92.39147535051619,9.005745636949301,0.08701197545467262
source_b_v1_13_tuned_lightgbm_cov_100,rohlik_top_volume_100_20260714,Rohlik,7,lightgbm_tuned_cov,3152,280,129612.94994354248,52252.90448760986,186.61751602717808,40.18403033017278,0.40314570812847383
source_b_v1_13_tuned_lightgbm_cov_100,rohlik_top_volume_100_20260714,Rohlik,7,lightgbm_tuned_cov,3155,280,105009.38983726501,54048.077474594116,193.0288481235504,51.84123400345663,0.5146975671256963
source_b_v1_13_tuned_lightgbm_cov_100,rohlik_top_volume_100_20260714,Rohlik,7,lightgbm_tuned_cov,3184,280,248360.49018859863,28764.298141479492,102.72963621956961,12.364711746621774,0.11581672318184191
source_b_v1_13_tuned_lightgbm_cov_100,rohlik_top_volume_100_20260714,Rohlik,7,lightgbm_tuned_cov,3224,280,81147.24968624115,52549.91823863983,187.6782794237137,63.864654514580664,0.647587175681567
source_b_v1_13_tuned_lightgbm_cov_100,rohlik_top_volume_100_20260714,Rohlik,7,lightgbm_tuned_cov,3225,280,75168.05016422272,58415.4251203537,208.6265182869775,89.6496187508854,0.7771310416158345
source_b_v1_13_tuned_lightgbm_cov_100,rohlik_top_volume_100_20260714,Rohlik,7,lightgbm_tuned_cov,3336,280,575708.1196289062,57893.15771484375,206.7612775530134,10.252517370806375,0.10055991176945864
source_b_v1_13_tuned_lightgbm_cov_100,rohlik_top_volume_100_20260714,Rohlik,7,lightgbm_tuned_cov,3456,280,256175.78985595703,32582.670837402344,116.36668156215123,13.712100638234862,0.12718872011958268
source_b_v1_13_tuned_lightgbm_cov_100,rohlik_top_volume_100_20260714,Rohlik,7,lightgbm_tuned_cov,3616,280,318439.2596435547,40620.5302734375,145.07332240513392,13.15856780287326,0.1275613136360954
source_b_v1_13_tuned_lightgbm_cov_100,rohlik_top_volume_100_20260714,Rohlik,7,lightgbm_tuned_cov,3617,280,187647.49993896484,23362.193420410156,83.43640507289342,12.952941211176588,0.12450042461535091
source_b_v1_13_tuned_lightgbm_cov_100,rohlik_top_volume_100_20260714,Rohlik,7,lightgbm_tuned_cov,3618,280,151499.94006347656,19975.542205810547,71.34122216360909,13.51088343018359,0.1318518158980198
source_b_v1_13_tuned_lightgbm_cov_100,rohlik_top_volume_100_20260714,Rohlik,7,lightgbm_tuned_cov,3685,280,112072.23987579346,26639.332733154297,95.14047404697963,24.671063323104505,0.23769787025473862
source_b_v1_13_tuned_lightgbm_cov_100,rohlik_top_volume_100_20260714,Rohlik,7,lightgbm_tuned_cov,3686,280,139290.15993404388,29220.512795448303,104.35897426945823,21.342462605888816,0.20978160129390822
source_b_v1_13_tuned_lightgbm_cov_100,rohlik_top_volume_100_20260714,Rohlik,7,lightgbm_tuned_cov,3871,280,143374.5302658081,36178.83618927002,129.21012924739293,23.525421910558862,0.25233795794968983
source_b_v1_13_tuned_lightgbm_cov_100,rohlik_top_volume_100_20260714,Rohlik,7,lightgbm_tuned_cov,4172,280,260753.42961120605,69336.09250164032,247.62890179157256,73.70390789610931,0.2659067326747082
source_b_v1_13_tuned_lightgbm_cov_100,rohlik_top_volume_100_20260714,Rohlik,7,lightgbm_tuned_cov,4227,280,112724.54960632324,42529.0686416626,151.8895308630807,40.93155097631709,0.37728310993647957
source_b_v1_13_tuned_lightgbm_cov_100,rohlik_top_volume_100_20260714,Rohlik,7,lightgbm_tuned_cov,4228,280,206421.50966644287,70579.27308559418,252.06883244855064,40.4086647322889,0.34191820997551775
source_b_v1_13_tuned_lightgbm_cov_100,rohlik_top_volume_100_20260714,Rohlik,7,lightgbm_tuned_cov,4229,280,121289.81995391846,43758.26689052582,156.27952460902077,42.39668882431851,0.36077444015623783
source_b_v1_13_tuned_lightgbm_cov_100,rohlik_top_volume_100_20260714,Rohlik,7,lightgbm_tuned_cov,4230,280,193655.57107543945,86643.21592521667,309.44005687577385,49.60289665586628,0.4474088478015662
source_b_v1_13_tuned_lightgbm_cov_100,rohlik_top_volume_100_20260714,Rohlik,7,lightgbm_tuned_cov,4523,280,171175.77983093262,16888.834060668945,60.317264502389094,9.875914237974419,0.09866368990607058
source_b_v1_13_tuned_lightgbm_cov_100,rohlik_top_volume_100_20260714,Rohlik,7,lightgbm_tuned_cov,4720,280,4037897.0986328125,422861.6728515625,1510.2202601841518,10.74051429557925,0.10472324146019937
source_b_v1_13_tuned_lightgbm_cov_100,rohlik_top_volume_100_20260714,Rohlik,7,lightgbm_tuned_cov,4793,280,575034.4410400391,82650.48248291016,295.180294581822,14.652477992251631,0.14373136039195136
source_b_v1_13_tuned_lightgbm_cov_100,rohlik_top_volume_100_20260714,Rohlik,7,lightgbm_tuned_cov,4877,280,279479.92053222656,36469.881591796875,130.24957711356026,13.771528534116731,0.13049195635359273
source_b_v1_13_tuned_lightgbm_cov_100,rohlik_top_volume_100_20260714,Rohlik,7,lightgbm_tuned_cov,4878,280,173437.76989746094,26083.87823486328,93.15670798165458,15.572617280145915,0.1503932981281094
source_b_v1_13_tuned_lightgbm_cov_100,rohlik_top_volume_100_20260714,Rohlik,7,lightgbm_tuned_cov,4879,280,637516.419921875,89460.19152832031,319.5006840297154,14.759248466977596,0.1403260978584415
source_b_v1_13_tuned_lightgbm_cov_100,rohlik_top_volume_100_20260714,Rohlik,7,lightgbm_tuned_cov,4883,280,1313540.4802246094,150396.60717773438,537.1307399204799,11.484489898954086,0.11449712395008736
source_b_v1_13_tuned_lightgbm_cov_100,rohlik_top_volume_100_20260714,Rohlik,7,lightgbm_tuned_cov,4884,280,1460296.7197265625,161040.89306640625,575.1460466657367,11.08105984317254,0.11027956913890817
source_b_v1_13_tuned_lightgbm_cov_100,rohlik_top_volume_100_20260714,Rohlik,7,lightgbm_tuned_cov,4885,280,2587560.158203125,313436.4140625,1119.4157645089285,11.958774502102209,0.1211320297496616
source_b_v1_13_tuned_lightgbm_cov_100,rohlik_top_volume_100_20260714,Rohlik,7,lightgbm_tuned_cov,4965,280,209354.80053710938,66223.53256225586,236.51261629377092,26.73082037534089,0.3163220159860502
source_b_v1_13_tuned_lightgbm_cov_100,rohlik_top_volume_100_20260714,Rohlik,7,lightgbm_tuned_cov,4966,280,114273.84986877441,39504.670989990234,141.08811067853654,28.96121171165194,0.3457017597232888
source_b_v1_13_tuned_lightgbm_cov_100,rohlik_top_volume_100_20260714,Rohlik,7,lightgbm_tuned_cov,4967,280,217679.2293624878,77419.66693878174,276.4988104956491,31.00937978760397,0.35565941300655535
source_b_v1_13_tuned_lightgbm_cov_100,rohlik_top_volume_100_20260714,Rohlik,7,lightgbm_tuned_cov,4968,280,132231.52013397217,43691.00305938721,156.0392966406686,28.031259635726265,0.33041292284261026
source_b_v1_13_tuned_lightgbm_cov_100,rohlik_top_volume_100_20260714,Rohlik,7,lightgbm_tuned_cov,5164,280,145507.20980644226,46155.644258499146,164.84158663749696,37.72324543745039,0.3172052046073639
source_b_v1_13_tuned_lightgbm_cov_100,rohlik_top_volume_100_20260714,Rohlik,7,lightgbm_tuned_cov,5166,280,112630.67004394531,42267.55582809448,150.95555652890886,45.80494625358824,0.37527572029539447
source_b_v1_13_tuned_lightgbm_cov_100,rohlik_top_volume_100_20260714,Rohlik,7,lightgbm_tuned_cov,5277,280,151712.34029006958,49484.26569747925,176.72952034814017,31.937280419591424,0.3261716588305656
source_b_v1_13_tuned_lightgbm_cov_100,rohlik_top_volume_100_20260714,Rohlik,7,lightgbm_tuned_cov,5278,280,174989.42964935303,53736.098304748535,191.91463680267333,33.03371722045532,0.3070819672503985
source_b_v1_13_tuned_lightgbm_cov_100,rohlik_top_volume_100_20260714,Rohlik,7,lightgbm_tuned_cov,5293,280,239707.89004516602,38795.29818725586,138.55463638305665,15.2724257837953,0.16184406020154785
source_b_v1_13_tuned_lightgbm_cov_100,rohlik_top_volume_100_20260714,Rohlik,7,lightgbm_tuned_cov,5294,280,224627.77935791016,39841.714935302734,142.29183905465263,16.281723970379662,0.17736771048170774
source_b_v1_13_tuned_lightgbm_cov_100,rohlik_top_volume_100_20260714,Rohlik,7,lightgbm_tuned_cov,5295,280,163282.1696624756,20410.00978088379,72.89289207458496,12.132584566060501,0.12499839892545402
source_b_v1_13_tuned_lightgbm_cov_100,rohlik_top_volume_100_20260714,Rohlik,7,lightgbm_tuned_cov,5296,280,156334.580368042,23472.559371948242,83.83056918552944,14.164602434352272,0.15014310536216155
source_b_v1_13_tuned_lightgbm_cov_100,rohlik_top_volume_100_20260714,Rohlik,7,lightgbm_tuned_cov,5347,280,131796.05020141602,44221.29260253906,157.93318786621094,33.4982753242941,0.33552820843233394
source_b_v1_13_tuned_lightgbm_cov_100,rohlik_top_volume_100_20260714,Rohlik,7,lightgbm_tuned_cov,5350,280,186111.16989898682,54335.65972137451,194.05592757633755,29.231044485097655,0.291952706282302
source_b_v1_13_tuned_lightgbm_cov_100,rohlik_top_volume_100_20260714,Rohlik,14,lightgbm_tuned_cov,80,280,65024.250061035156,11366.022254943848,40.59293662479946,17.370085861602096,0.17479666807806482
source_b_v1_13_tuned_lightgbm_cov_100,rohlik_top_volume_100_20260714,Rohlik,14,lightgbm_tuned_cov,139,280,704992.3494262695,173082.52542114258,618.1518765040806,25.955559111557513,0.24550979249916546
source_b_v1_13_tuned_lightgbm_cov_100,rohlik_top_volume_100_20260714,Rohlik,14,lightgbm_tuned_cov,393,280,347206.3200683594,136999.6213684082,489.2843620300293,35.25768497291667,0.39457698045771505
source_b_v1_13_tuned_lightgbm_cov_100,rohlik_top_volume_100_20260714,Rohlik,14,lightgbm_tuned_cov,394,280,239137.44957733154,97388.79826164246,347.8171366487231,40.8497067603287,0.4072503007528696
source_b_v1_13_tuned_lightgbm_cov_100,rohlik_top_volume_100_20260714,Rohlik,14,lightgbm_tuned_cov,524,280,267690.19955444336,41376.22734069824,147.77224050249373,15.509289061030696,0.15456758375751842
source_b_v1_13_tuned_lightgbm_cov_100,rohlik_top_volume_100_20260714,Rohlik,14,lightgbm_tuned_cov,525,280,531616.6622314453,84383.4494934082,301.36946247645784,15.815627547079888,0.15872988092436974
source_b_v1_13_tuned_lightgbm_cov_100,rohlik_top_volume_100_20260714,Rohlik,14,lightgbm_tuned_cov,526,280,338197.9295654297,46098.096115112305,164.6360575539725,14.165506531023098,0.13630508079794115
source_b_v1_13_tuned_lightgbm_cov_100,rohlik_top_volume_100_20260714,Rohlik,14,lightgbm_tuned_cov,539,280,193128.92993927002,30688.549278259277,109.60196170806884,16.03630075019119,0.15890187600536795
source_b_v1_13_tuned_lightgbm_cov_100,rohlik_top_volume_100_20260714,Rohlik,14,lightgbm_tuned_cov,619,280,111035.18016052246,58974.34200745821,210.62265002663648,107.52625616951319,0.5311320423148734
source_b_v1_13_tuned_lightgbm_cov_100,rohlik_top_volume_100_20260714,Rohlik,14,lightgbm_tuned_cov,652,280,906449.6130943298,276587.07190322876,987.8109710829599,30.769501024485024,0.30513231834150023
source_b_v1_13_tuned_lightgbm_cov_100,rohlik_top_volume_100_20260714,Rohlik,14,lightgbm_tuned_cov,653,280,742757.7571563721,251935.11659240723,899.7682735443116,35.85350609938061,0.3391888057244047
source_b_v1_13_tuned_lightgbm_cov_100,rohlik_top_volume_100_20260714,Rohlik,14,lightgbm_tuned_cov,654,280,465967.79803466797,157611.40661621094,562.8978807721819,31.870322852841976,0.3382452763495143
source_b_v1_13_tuned_lightgbm_cov_100,rohlik_top_volume_100_20260714,Rohlik,14,lightgbm_tuned_cov,655,280,569343.7183532715,172116.3419494629,614.7012212480818,30.060818176339403,0.3023065617502196
source_b_v1_13_tuned_lightgbm_cov_100,rohlik_top_volume_100_20260714,Rohlik,14,lightgbm_tuned_cov,888,280,161351.10961914062,46596.23947954178,166.41514099836348,37.40122582804775,0.28878784651391204
source_b_v1_13_tuned_lightgbm_cov_100,rohlik_top_volume_100_20260714,Rohlik,14,lightgbm_tuned_cov,890,280,151037.71043395996,44065.61034536362,157.37717980487005,45.38426965317255,0.2917523724290759
source_b_v1_13_tuned_lightgbm_cov_100,rohlik_top_volume_100_20260714,Rohlik,14,lightgbm_tuned_cov,912,280,138695.33001708984,57225.33131790161,204.37618327822005,41.76195845674688,0.4125973910646479
source_b_v1_13_tuned_lightgbm_cov_100,rohlik_top_volume_100_20260714,Rohlik,14,lightgbm_tuned_cov,1032,280,313453.1592102051,43589.3145904541,155.67612353733608,15.329222383501017,0.1390616534230642
source_b_v1_13_tuned_lightgbm_cov_100,rohlik_top_volume_100_20260714,Rohlik,14,lightgbm_tuned_cov,1266,280,151124.2797088623,24952.684967041016,89.11673202514649,15.326748694753794,0.16511367342899388
source_b_v1_13_tuned_lightgbm_cov_100,rohlik_top_volume_100_20260714,Rohlik,14,lightgbm_tuned_cov,1269,280,140353.15000152588,23643.765495300293,84.44201962607248,16.707445563345274,0.1684591011676136
source_b_v1_13_tuned_lightgbm_cov_100,rohlik_top_volume_100_20260714,Rohlik,14,lightgbm_tuned_cov,1270,280,132543.56005859375,29695.08343887329,106.05386942454747,21.94285534063976,0.22404018290851654
source_b_v1_13_tuned_lightgbm_cov_100,rohlik_top_volume_100_20260714,Rohlik,14,lightgbm_tuned_cov,1391,280,221225.1198425293,34683.610832214355,123.87003868647984,16.117604062709745,0.15677971315781214
source_b_v1_13_tuned_lightgbm_cov_100,rohlik_top_volume_100_20260714,Rohlik,14,lightgbm_tuned_cov,1405,280,126042.9401473999,58390.17656707764,208.53634488242014,39.75435845506395,0.46325622441680364
source_b_v1_13_tuned_lightgbm_cov_100,rohlik_top_volume_100_20260714,Rohlik,14,lightgbm_tuned_cov,1408,280,207613.20947265625,82487.86227416992,294.59950812203545,32.984947224393544,0.39731509610439314
source_b_v1_13_tuned_lightgbm_cov_100,rohlik_top_volume_100_20260714,Rohlik,14,lightgbm_tuned_cov,1413,280,289053.51054000854,69049.85847854614,246.60663742337908,24.910099971285867,0.23888261502013067
source_b_v1_13_tuned_lightgbm_cov_100,rohlik_top_volume_100_20260714,Rohlik,14,lightgbm_tuned_cov,1640,280,120672.08973693848,35454.56322288513,126.62344008173261,30.110085156108603,0.29380914261263735
source_b_v1_13_tuned_lightgbm_cov_100,rohlik_top_volume_100_20260714,Rohlik,14,lightgbm_tuned_cov,1671,280,141476.37020874023,40170.64308261871,143.466582437924,30.726305018140355,0.28393888692047475
source_b_v1_13_tuned_lightgbm_cov_100,rohlik_top_volume_100_20260714,Rohlik,14,lightgbm_tuned_cov,1672,280,151003.13999176025,39301.29610443115,140.36177180153982,25.26313572495536,0.260268071952515
source_b_v1_13_tuned_lightgbm_cov_100,rohlik_top_volume_100_20260714,Rohlik,14,lightgbm_tuned_cov,1925,280,145504.06002807617,35690.612625365844,127.46647366202087,129.37945675470937,0.24528946215300834
source_b_v1_13_tuned_lightgbm_cov_100,rohlik_top_volume_100_20260714,Rohlik,14,lightgbm_tuned_cov,1927,280,138158.75009334087,30613.18707573414,109.33281098476478,48.05863516456888,0.2215797917616632
source_b_v1_13_tuned_lightgbm_cov_100,rohlik_top_volume_100_20260714,Rohlik,14,lightgbm_tuned_cov,2127,280,224514.65948486328,92751.33773422241,331.2547776222229,38.99656200857372,0.4131192945130413
source_b_v1_13_tuned_lightgbm_cov_100,rohlik_top_volume_100_20260714,Rohlik,14,lightgbm_tuned_cov,2129,280,201146.12992095947,105464.35807418823,376.6584216935294,55.095771444945306,0.5243171127161658
source_b_v1_13_tuned_lightgbm_cov_100,rohlik_top_volume_100_20260714,Rohlik,14,lightgbm_tuned_cov,2159,280,205632.91958618164,27143.649446487427,96.94160516602652,14.195056660068897,0.13200050605278404
source_b_v1_13_tuned_lightgbm_cov_100,rohlik_top_volume_100_20260714,Rohlik,14,lightgbm_tuned_cov,2160,280,155848.88995361328,20056.70372390747,71.63108472824096,13.539772609228523,0.12869327288681445
source_b_v1_13_tuned_lightgbm_cov_100,rohlik_top_volume_100_20260714,Rohlik,14,lightgbm_tuned_cov,2161,280,119318.8002319336,15734.162544250488,56.19343765803746,13.745562520902737,0.13186658358671222
source_b_v1_13_tuned_lightgbm_cov_100,rohlik_top_volume_100_20260714,Rohlik,14,lightgbm_tuned_cov,2216,280,279236.34016418457,36668.33171081543,130.95832753862655,13.799311409314482,0.13131647438601757
source_b_v1_13_tuned_lightgbm_cov_100,rohlik_top_volume_100_20260714,Rohlik,14,lightgbm_tuned_cov,2217,280,274926.85957336426,30247.065322875977,108.02523329598563,11.360853652745378,0.11001858956165228
source_b_v1_13_tuned_lightgbm_cov_100,rohlik_top_volume_100_20260714,Rohlik,14,lightgbm_tuned_cov,2218,280,126590.24021148682,18784.01764678955,67.08577730996268,14.791095123118685,0.1483844063761014
source_b_v1_13_tuned_lightgbm_cov_100,rohlik_top_volume_100_20260714,Rohlik,14,lightgbm_tuned_cov,2274,280,151934.1999359131,47181.25601387024,168.5044857638223,48.9917432508645,0.3105374302413257
source_b_v1_13_tuned_lightgbm_cov_100,rohlik_top_volume_100_20260714,Rohlik,14,lightgbm_tuned_cov,2275,280,108671.41033172607,35427.20500892401,126.5257321747286,48.18492628113307,0.32600299288267554
source_b_v1_13_tuned_lightgbm_cov_100,rohlik_top_volume_100_20260714,Rohlik,14,lightgbm_tuned_cov,2325,280,218676.69919586182,42780.35048675537,152.78696602412631,20.59518660855791,0.1956328710103602
source_b_v1_13_tuned_lightgbm_cov_100,rohlik_top_volume_100_20260714,Rohlik,14,lightgbm_tuned_cov,2467,280,124018.61987304688,35099.19128251076,125.35425458039556,72.95827846058451,0.28301549653141167
source_b_v1_13_tuned_lightgbm_cov_100,rohlik_top_volume_100_20260714,Rohlik,14,lightgbm_tuned_cov,2468,280,207317.14988708496,106097.34166032914,378.91907735831836,70.88233234109148,0.5117634586338609
source_b_v1_13_tuned_lightgbm_cov_100,rohlik_top_volume_100_20260714,Rohlik,14,lightgbm_tuned_cov,2470,280,261642.5806427002,120044.4872058332,428.73031144940427,64.2548173843902,0.4588109737755808
source_b_v1_13_tuned_lightgbm_cov_100,rohlik_top_volume_100_20260714,Rohlik,14,lightgbm_tuned_cov,2560,280,273117.1798400879,57857.68145751953,206.63457663399834,21.125336891688544,0.21184197014408113
source_b_v1_13_tuned_lightgbm_cov_100,rohlik_top_volume_100_20260714,Rohlik,14,lightgbm_tuned_cov,2561,280,551515.4985351562,129064.90075683594,460.94607413155694,25.00559239032815,0.23401862885020758
source_b_v1_13_tuned_lightgbm_cov_100,rohlik_top_volume_100_20260714,Rohlik,14,lightgbm_tuned_cov,2562,280,501021.64096069336,106623.45867919922,380.7980667114258,21.60946036328585,0.2128120822780271
source_b_v1_13_tuned_lightgbm_cov_100,rohlik_top_volume_100_20260714,Rohlik,14,lightgbm_tuned_cov,2563,280,249795.21975708008,54432.91932678223,194.4032833099365,22.308336924150918,0.21791017209903757
source_b_v1_13_tuned_lightgbm_cov_100,rohlik_top_volume_100_20260714,Rohlik,14,lightgbm_tuned_cov,2565,280,173654.3897781372,45735.75572967529,163.34198474884033,23.974943989789082,0.2633722982074211
source_b_v1_13_tuned_lightgbm_cov_100,rohlik_top_volume_100_20260714,Rohlik,14,lightgbm_tuned_cov,2566,280,138404.21014404297,43909.65269470215,156.8201881953648,28.37152479155006,0.317256625712495
source_b_v1_13_tuned_lightgbm_cov_100,rohlik_top_volume_100_20260714,Rohlik,14,lightgbm_tuned_cov,2694,280,220327.10961914062,30424.88516998291,108.66030417851039,15.074561279189727,0.13808961240664225
source_b_v1_13_tuned_lightgbm_cov_100,rohlik_top_volume_100_20260714,Rohlik,14,lightgbm_tuned_cov,2840,280,275601.7402648926,59694.49351501465,213.19461969648088,21.775054671354876,0.2165969396914538
source_b_v1_13_tuned_lightgbm_cov_100,rohlik_top_volume_100_20260714,Rohlik,14,lightgbm_tuned_cov,2935,280,193093.2696838379,36934.926208496094,131.91045074462892,18.561535768971364,0.19128023606918904
source_b_v1_13_tuned_lightgbm_cov_100,rohlik_top_volume_100_20260714,Rohlik,14,lightgbm_tuned_cov,2936,280,169590.96995544434,24102.42307281494,86.0800824029105,14.225422301200844,0.1421209105599622
source_b_v1_13_tuned_lightgbm_cov_100,rohlik_top_volume_100_20260714,Rohlik,14,lightgbm_tuned_cov,2937,280,280813.5494995117,40354.88916015625,144.12460414341518,14.320895663998051,0.14370705840968126
source_b_v1_13_tuned_lightgbm_cov_100,rohlik_top_volume_100_20260714,Rohlik,14,lightgbm_tuned_cov,2938,280,168716.07014465332,21571.953643798828,77.04269158499581,12.734812404941604,0.12785950754604186
source_b_v1_13_tuned_lightgbm_cov_100,rohlik_top_volume_100_20260714,Rohlik,14,lightgbm_tuned_cov,3144,280,503970.9108886719,57187.34588623047,204.24052102225167,11.601934713123015,0.11347350541599664
source_b_v1_13_tuned_lightgbm_cov_100,rohlik_top_volume_100_20260714,Rohlik,14,lightgbm_tuned_cov,3145,280,338092.6397705078,31239.41864013672,111.56935228620257,9.502224387868145,0.09239899058832385
source_b_v1_13_tuned_lightgbm_cov_100,rohlik_top_volume_100_20260714,Rohlik,14,lightgbm_tuned_cov,3146,280,0.0,2035.3454486466944,7.269090888023909,200.0,
source_b_v1_13_tuned_lightgbm_cov_100,rohlik_top_volume_100_20260714,Rohlik,14,lightgbm_tuned_cov,3147,280,297310.9501647949,26755.643646240234,95.55587016514369,9.258121212198086,0.08999212316737742
source_b_v1_13_tuned_lightgbm_cov_100,rohlik_top_volume_100_20260714,Rohlik,14,lightgbm_tuned_cov,3152,280,129612.94994354248,59692.993465423584,213.1892623765128,49.38726505430523,0.460548066311468
source_b_v1_13_tuned_lightgbm_cov_100,rohlik_top_volume_100_20260714,Rohlik,14,lightgbm_tuned_cov,3155,280,105009.38983726501,53271.844480752945,190.25658743126053,57.450149179605425,0.5073055329938523
source_b_v1_13_tuned_lightgbm_cov_100,rohlik_top_volume_100_20260714,Rohlik,14,lightgbm_tuned_cov,3184,280,248360.49018859863,30531.614875793457,109.04148169926235,13.281002472611817,0.12293265669031546
source_b_v1_13_tuned_lightgbm_cov_100,rohlik_top_volume_100_20260714,Rohlik,14,lightgbm_tuned_cov,3224,280,81147.24968624115,51470.40547990799,183.8228767139571,62.9873433308192,0.634284041405226
source_b_v1_13_tuned_lightgbm_cov_100,rohlik_top_volume_100_20260714,Rohlik,14,lightgbm_tuned_cov,3225,280,75168.05016422272,47117.59913992882,168.27713978546007,90.11136385721042,0.6268301364341508
source_b_v1_13_tuned_lightgbm_cov_100,rohlik_top_volume_100_20260714,Rohlik,14,lightgbm_tuned_cov,3336,280,575708.1196289062,59479.83758544922,212.42799137660435,10.48794870778973,0.10331596091399428
source_b_v1_13_tuned_lightgbm_cov_100,rohlik_top_volume_100_20260714,Rohlik,14,lightgbm_tuned_cov,3456,280,256175.78985595703,31414.817779541016,112.19577778407506,13.740522779332737,0.12262992454206931
source_b_v1_13_tuned_lightgbm_cov_100,rohlik_top_volume_100_20260714,Rohlik,14,lightgbm_tuned_cov,3616,280,318439.2596435547,41263.5862121582,147.36995075770787,13.789020063458471,0.12958071268708085
source_b_v1_13_tuned_lightgbm_cov_100,rohlik_top_volume_100_20260714,Rohlik,14,lightgbm_tuned_cov,3617,280,187647.49993896484,23312.198818206787,83.2578529221671,13.355655556439569,0.12423399632709964
source_b_v1_13_tuned_lightgbm_cov_100,rohlik_top_volume_100_20260714,Rohlik,14,lightgbm_tuned_cov,3618,280,151499.94006347656,18199.088954925537,64.9967462675912,12.622725027293383,0.12012604722681969
source_b_v1_13_tuned_lightgbm_cov_100,rohlik_top_volume_100_20260714,Rohlik,14,lightgbm_tuned_cov,3685,280,112072.23987579346,26734.920060634613,95.48185735940933,26.843202110513896,0.23855077841099795
source_b_v1_13_tuned_lightgbm_cov_100,rohlik_top_volume_100_20260714,Rohlik,14,lightgbm_tuned_cov,3686,280,139290.15993404388,29980.23389148712,107.07226389816829,22.360100385862903,0.2152358350775334
source_b_v1_13_tuned_lightgbm_cov_100,rohlik_top_volume_100_20260714,Rohlik,14,lightgbm_tuned_cov,3871,280,143374.5302658081,39961.172676086426,142.7184738431658,26.62912771716595,0.27871876965874426
source_b_v1_13_tuned_lightgbm_cov_100,rohlik_top_volume_100_20260714,Rohlik,14,lightgbm_tuned_cov,4172,280,260753.42961120605,63661.33333146572,227.36190475523472,75.49048015457288,0.24414380062569974
source_b_v1_13_tuned_lightgbm_cov_100,rohlik_top_volume_100_20260714,Rohlik,14,lightgbm_tuned_cov,4227,280,112724.54960632324,40864.42532801628,145.9443761714867,43.414142661453916,0.36251575606849
source_b_v1_13_tuned_lightgbm_cov_100,rohlik_top_volume_100_20260714,Rohlik,14,lightgbm_tuned_cov,4228,280,206421.50966644287,68361.02520135045,244.14651857625162,40.581455866495055,0.3311720048546066
source_b_v1_13_tuned_lightgbm_cov_100,rohlik_top_volume_100_20260714,Rohlik,14,lightgbm_tuned_cov,4229,280,121289.81995391846,44885.82386314869,160.3065137969596,45.49769496039794,0.3700708260611
source_b_v1_13_tuned_lightgbm_cov_100,rohlik_top_volume_100_20260714,Rohlik,14,lightgbm_tuned_cov,4230,280,193655.57107543945,73151.54189240932,261.2555067586047,48.456139162261785,0.37774044653697464
source_b_v1_13_tuned_lightgbm_cov_100,rohlik_top_volume_100_20260714,Rohlik,14,lightgbm_tuned_cov,4523,280,171175.77983093262,17737.84295654297,63.3494391305106,10.1585078169023,0.10362355570433114
source_b_v1_13_tuned_lightgbm_cov_100,rohlik_top_volume_100_20260714,Rohlik,14,lightgbm_tuned_cov,4720,280,4037897.0986328125,452963.1950683594,1617.725696672712,11.859273254067867,0.11217799364469384
source_b_v1_13_tuned_lightgbm_cov_100,rohlik_top_volume_100_20260714,Rohlik,14,lightgbm_tuned_cov,4793,280,575034.4410400391,101807.75439453125,363.5991228376116,17.929616710580124,0.17704635953699768
source_b_v1_13_tuned_lightgbm_cov_100,rohlik_top_volume_100_20260714,Rohlik,14,lightgbm_tuned_cov,4877,280,279479.92053222656,35616.92070770264,127.20328824179514,13.943138428777537,0.12743999869427358
source_b_v1_13_tuned_lightgbm_cov_100,rohlik_top_volume_100_20260714,Rohlik,14,lightgbm_tuned_cov,4878,280,173437.76989746094,28416.92230606079,101.4890082359314,17.36621609546141,0.1638450628306701
source_b_v1_13_tuned_lightgbm_cov_100,rohlik_top_volume_100_20260714,Rohlik,14,lightgbm_tuned_cov,4879,280,637516.419921875,90282.32321166992,322.43686861310687,15.517067926268638,0.14161568296975574
source_b_v1_13_tuned_lightgbm_cov_100,rohlik_top_volume_100_20260714,Rohlik,14,lightgbm_tuned_cov,4883,280,1313540.4802246094,148533.88610839844,530.4781646728516,11.690749392329966,0.11307903208510166
source_b_v1_13_tuned_lightgbm_cov_100,rohlik_top_volume_100_20260714,Rohlik,14,lightgbm_tuned_cov,4884,280,1460296.7197265625,214767.07611083984,767.025271824428,15.334742660495959,0.1470708474583539
source_b_v1_13_tuned_lightgbm_cov_100,rohlik_top_volume_100_20260714,Rohlik,14,lightgbm_tuned_cov,4885,280,2587560.158203125,379827.35400390625,1356.5262642996652,14.589869561700095,0.14678976749575134
source_b_v1_13_tuned_lightgbm_cov_100,rohlik_top_volume_100_20260714,Rohlik,14,lightgbm_tuned_cov,4965,280,209354.80053710938,60446.69451904297,215.8810518537249,25.258089060261813,0.28872848563283093
source_b_v1_13_tuned_lightgbm_cov_100,rohlik_top_volume_100_20260714,Rohlik,14,lightgbm_tuned_cov,4966,280,114273.84986877441,39683.6583404541,141.7273512159075,30.870151137916984,0.3472680616433642
source_b_v1_13_tuned_lightgbm_cov_100,rohlik_top_volume_100_20260714,Rohlik,14,lightgbm_tuned_cov,4967,280,217679.2293624878,75868.83276367188,270.96011701311386,31.99854493117368,0.3485350117503962
source_b_v1_13_tuned_lightgbm_cov_100,rohlik_top_volume_100_20260714,Rohlik,14,lightgbm_tuned_cov,4968,280,132231.52013397217,46949.06356430054,167.67522701535907,31.45312908473194,0.3550519839500707
source_b_v1_13_tuned_lightgbm_cov_100,rohlik_top_volume_100_20260714,Rohlik,14,lightgbm_tuned_cov,5164,280,145507.20980644226,43137.112298965454,154.06111535344806,41.97001353845698,0.29646030843658977
source_b_v1_13_tuned_lightgbm_cov_100,rohlik_top_volume_100_20260714,Rohlik,14,lightgbm_tuned_cov,5166,280,112630.67004394531,36839.637845516205,131.57013516255788,52.249802387126564,0.3270835362263442
source_b_v1_13_tuned_lightgbm_cov_100,rohlik_top_volume_100_20260714,Rohlik,14,lightgbm_tuned_cov,5277,280,151712.34029006958,43926.35654067993,156.8798447881426,31.158927898641114,0.2895371362454367
source_b_v1_13_tuned_lightgbm_cov_100,rohlik_top_volume_100_20260714,Rohlik,14,lightgbm_tuned_cov,5278,280,174989.42964935303,57664.32737636566,205.94402634416306,36.68465863910363,0.3295303464438651
source_b_v1_13_tuned_lightgbm_cov_100,rohlik_top_volume_100_20260714,Rohlik,14,lightgbm_tuned_cov,5293,280,239707.89004516602,40913.455474853516,146.11948383876256,15.859798490531684,0.17068047058085806
source_b_v1_13_tuned_lightgbm_cov_100,rohlik_top_volume_100_20260714,Rohlik,14,lightgbm_tuned_cov,5294,280,224627.77935791016,40256.134857177734,143.7719102042062,16.598960588632995,0.1792126288754149
source_b_v1_13_tuned_lightgbm_cov_100,rohlik_top_volume_100_20260714,Rohlik,14,lightgbm_tuned_cov,5295,280,163282.1696624756,21551.221649169922,76.96864874703543,12.655033524254158,0.1319875997098701
source_b_v1_13_tuned_lightgbm_cov_100,rohlik_top_volume_100_20260714,Rohlik,14,lightgbm_tuned_cov,5296,280,156334.580368042,24006.954528808594,85.73912331717355,14.56094680455573,0.15356138400276864
source_b_v1_13_tuned_lightgbm_cov_100,rohlik_top_volume_100_20260714,Rohlik,14,lightgbm_tuned_cov,5347,280,131796.05020141602,46295.51742172241,165.3411336490086,36.25621766102391,0.35126634941617557
source_b_v1_13_tuned_lightgbm_cov_100,rohlik_top_volume_100_20260714,Rohlik,14,lightgbm_tuned_cov,5350,280,186111.16989898682,53511.98767089844,191.11424168178013,30.593626571953518,0.28752700711054824
source_b_v1_13_tuned_lightgbm_cov_100,rohlik_top_volume_100_20260714,Rohlik,28,lightgbm_tuned_cov,80,280,65024.250061035156,11646.189834594727,41.59353512355259,17.81784664009311,0.1791053310674557
source_b_v1_13_tuned_lightgbm_cov_100,rohlik_top_volume_100_20260714,Rohlik,28,lightgbm_tuned_cov,139,280,704992.3494262695,152347.2289428711,544.0972462245396,22.099650867553073,0.21609770526850813
source_b_v1_13_tuned_lightgbm_cov_100,rohlik_top_volume_100_20260714,Rohlik,28,lightgbm_tuned_cov,393,280,347206.3200683594,146854.01348876953,524.4786196027484,37.98682495996661,0.4229589296066279
source_b_v1_13_tuned_lightgbm_cov_100,rohlik_top_volume_100_20260714,Rohlik,28,lightgbm_tuned_cov,394,280,239137.44957733154,114673.31076812744,409.547538457598,46.91984213718563,0.47952886915374054
source_b_v1_13_tuned_lightgbm_cov_100,rohlik_top_volume_100_20260714,Rohlik,28,lightgbm_tuned_cov,524,280,267690.19955444336,51752.0915222168,184.82889829363143,18.139769376582258,0.19332830117933159
source_b_v1_13_tuned_lightgbm_cov_100,rohlik_top_volume_100_20260714,Rohlik,28,lightgbm_tuned_cov,525,280,531616.6622314453,96203.36743164062,343.58345511300223,17.28079998095591,0.18096379264681023
source_b_v1_13_tuned_lightgbm_cov_100,rohlik_top_volume_100_20260714,Rohlik,28,lightgbm_tuned_cov,526,280,338197.9295654297,53445.26428222656,190.87594386509485,15.718264590694378,0.15802954308709552
source_b_v1_13_tuned_lightgbm_cov_100,rohlik_top_volume_100_20260714,Rohlik,28,lightgbm_tuned_cov,539,280,193128.92993927002,33692.51134490967,120.33039766039167,17.52356835795631,0.1744560556282499
source_b_v1_13_tuned_lightgbm_cov_100,rohlik_top_volume_100_20260714,Rohlik,28,lightgbm_tuned_cov,619,280,111035.18016052246,66341.03902554512,236.9322822340897,110.14259624226091,0.597477654646361
source_b_v1_13_tuned_lightgbm_cov_100,rohlik_top_volume_100_20260714,Rohlik,28,lightgbm_tuned_cov,652,280,906449.6130943298,256265.4555091858,915.2337696756636,28.865980007077596,0.28271340381996224
source_b_v1_13_tuned_lightgbm_cov_100,rohlik_top_volume_100_20260714,Rohlik,28,lightgbm_tuned_cov,653,280,742757.7571563721,246386.21305847168,879.9507609231132,34.44556696698381,0.33171812839997067
source_b_v1_13_tuned_lightgbm_cov_100,rohlik_top_volume_100_20260714,Rohlik,28,lightgbm_tuned_cov,654,280,465967.79803466797,136034.56274414062,485.8377240862165,28.759095239003024,0.2919398364391259
source_b_v1_13_tuned_lightgbm_cov_100,rohlik_top_volume_100_20260714,Rohlik,28,lightgbm_tuned_cov,655,280,569343.7183532715,164157.07498168945,586.2752677917481,28.711993653201297,0.28832683964000777
source_b_v1_13_tuned_lightgbm_cov_100,rohlik_top_volume_100_20260714,Rohlik,28,lightgbm_tuned_cov,888,280,161351.10961914062,47724.73647785187,170.44548742089952,37.37058513469719,0.2957818919901027
source_b_v1_13_tuned_lightgbm_cov_100,rohlik_top_volume_100_20260714,Rohlik,28,lightgbm_tuned_cov,890,280,151037.71043395996,47408.078340530396,169.31456550189426,47.41614725348362,0.3138823953588677
source_b_v1_13_tuned_lightgbm_cov_100,rohlik_top_volume_100_20260714,Rohlik,28,lightgbm_tuned_cov,912,280,138695.33001708984,64337.769302368164,229.77774750845774,44.43013503468316,0.4638784110066327
source_b_v1_13_tuned_lightgbm_cov_100,rohlik_top_volume_100_20260714,Rohlik,28,lightgbm_tuned_cov,1032,280,313453.1592102051,46120.50607299805,164.71609311785016,15.921695728853273,0.14713683597640545
source_b_v1_13_tuned_lightgbm_cov_100,rohlik_top_volume_100_20260714,Rohlik,28,lightgbm_tuned_cov,1266,280,151124.2797088623,25216.831924438477,90.0601140158517,15.744212264224814,0.16686155244556444
source_b_v1_13_tuned_lightgbm_cov_100,rohlik_top_volume_100_20260714,Rohlik,28,lightgbm_tuned_cov,1269,280,140353.15000152588,24987.448539733887,89.24088764190674,17.469801415079996,0.1780326878268299
source_b_v1_13_tuned_lightgbm_cov_100,rohlik_top_volume_100_20260714,Rohlik,28,lightgbm_tuned_cov,1270,280,132543.56005859375,37595.9489440918,134.2712462288993,26.987798155626287,0.2836497595769398
source_b_v1_13_tuned_lightgbm_cov_100,rohlik_top_volume_100_20260714,Rohlik,28,lightgbm_tuned_cov,1391,280,221225.1198425293,35884.7112121582,128.159682900565,16.331091465818588,0.1622090259808713
source_b_v1_13_tuned_lightgbm_cov_100,rohlik_top_volume_100_20260714,Rohlik,28,lightgbm_tuned_cov,1405,280,126042.9401473999,53635.86875152588,191.55667411259242,39.15564678822513,0.42553647740049416
source_b_v1_13_tuned_lightgbm_cov_100,rohlik_top_volume_100_20260714,Rohlik,28,lightgbm_tuned_cov,1408,280,207613.20947265625,68287.85565185547,243.88519875662666,29.08719715860608,0.32891864552023764
source_b_v1_13_tuned_lightgbm_cov_100,rohlik_top_volume_100_20260714,Rohlik,28,lightgbm_tuned_cov,1413,280,289053.51054000854,60294.03694534302,215.33584623336793,21.41412482942925,0.2085912633709307
source_b_v1_13_tuned_lightgbm_cov_100,rohlik_top_volume_100_20260714,Rohlik,28,lightgbm_tuned_cov,1640,280,120672.08973693848,37820.685581207275,135.07387707574026,30.913557098756637,0.31341701021052365
source_b_v1_13_tuned_lightgbm_cov_100,rohlik_top_volume_100_20260714,Rohlik,28,lightgbm_tuned_cov,1671,280,141476.37020874023,37341.770179748535,133.36346492767333,29.207511679971276,0.263943513143947
source_b_v1_13_tuned_lightgbm_cov_100,rohlik_top_volume_100_20260714,Rohlik,28,lightgbm_tuned_cov,1672,280,151003.13999176025,36590.319480895996,130.6797124317714,23.88964828242867,0.24231495770811529
source_b_v1_13_tuned_lightgbm_cov_100,rohlik_top_volume_100_20260714,Rohlik,28,lightgbm_tuned_cov,1925,280,145504.06002807617,46160.45903635025,164.85878227267946,135.4111083265652,0.31724516159510063
source_b_v1_13_tuned_lightgbm_cov_100,rohlik_top_volume_100_20260714,Rohlik,28,lightgbm_tuned_cov,1927,280,138158.75009334087,37107.25491917133,132.5259104256119,49.29100422137066,0.2685841822837964
source_b_v1_13_tuned_lightgbm_cov_100,rohlik_top_volume_100_20260714,Rohlik,28,lightgbm_tuned_cov,2127,280,224514.65948486328,94549.25457763672,337.6759092058454,39.214857520631185,0.4211273098806771
source_b_v1_13_tuned_lightgbm_cov_100,rohlik_top_volume_100_20260714,Rohlik,28,lightgbm_tuned_cov,2129,280,201146.12992095947,110617.76245498657,395.06343733923774,56.626219272417224,0.5499373142225202
source_b_v1_13_tuned_lightgbm_cov_100,rohlik_top_volume_100_20260714,Rohlik,28,lightgbm_tuned_cov,2159,280,205632.91958618164,29631.026626586914,105.82509509495327,15.307925519442488,0.14409670730842503
source_b_v1_13_tuned_lightgbm_cov_100,rohlik_top_volume_100_20260714,Rohlik,28,lightgbm_tuned_cov,2160,280,155848.88995361328,19966.519424438477,71.30899794442313,13.31195269720807,0.1281146078767792
source_b_v1_13_tuned_lightgbm_cov_100,rohlik_top_volume_100_20260714,Rohlik,28,lightgbm_tuned_cov,2161,280,119318.8002319336,19486.317276000977,69.59399027143206,16.482778324148924,0.16331305073570296
source_b_v1_13_tuned_lightgbm_cov_100,rohlik_top_volume_100_20260714,Rohlik,28,lightgbm_tuned_cov,2216,280,279236.34016418457,34700.49717712402,123.93034706115722,13.054892016220704,0.12426927367949647
source_b_v1_13_tuned_lightgbm_cov_100,rohlik_top_volume_100_20260714,Rohlik,28,lightgbm_tuned_cov,2217,280,274926.85957336426,29737.730392456055,106.20617997305733,11.242549365727173,0.10816596980958326
source_b_v1_13_tuned_lightgbm_cov_100,rohlik_top_volume_100_20260714,Rohlik,28,lightgbm_tuned_cov,2218,280,126590.24021148682,22735.005577087402,81.19644848959787,17.449003672863242,0.17959524793621826
source_b_v1_13_tuned_lightgbm_cov_100,rohlik_top_volume_100_20260714,Rohlik,28,lightgbm_tuned_cov,2274,280,151934.1999359131,54039.5570602417,192.99841807229177,47.67467749229165,0.3556773727247451
source_b_v1_13_tuned_lightgbm_cov_100,rohlik_top_volume_100_20260714,Rohlik,28,lightgbm_tuned_cov,2275,280,108671.41033172607,42273.013484954834,150.97504816055297,51.19422036947777,0.3889984804275006
source_b_v1_13_tuned_lightgbm_cov_100,rohlik_top_volume_100_20260714,Rohlik,28,lightgbm_tuned_cov,2325,280,218676.69919586182,47388.98732757568,169.2463833127703,22.458994995476125,0.2167079871876558
source_b_v1_13_tuned_lightgbm_cov_100,rohlik_top_volume_100_20260714,Rohlik,28,lightgbm_tuned_cov,2467,280,124018.61987304688,41144.66615104675,146.94523625373841,74.89438351082829,0.3317620063274771
source_b_v1_13_tuned_lightgbm_cov_100,rohlik_top_volume_100_20260714,Rohlik,28,lightgbm_tuned_cov,2468,280,207317.14988708496,105636.77088394016,377.2741817283577,71.61312688671721,0.5095418827698293
source_b_v1_13_tuned_lightgbm_cov_100,rohlik_top_volume_100_20260714,Rohlik,28,lightgbm_tuned_cov,2470,280,261642.5806427002,121994.9354442954,435.6961980153407,64.80667509442706,0.466265602275541
source_b_v1_13_tuned_lightgbm_cov_100,rohlik_top_volume_100_20260714,Rohlik,28,lightgbm_tuned_cov,2560,280,273117.1798400879,54662.88345336914,195.22458376203264,19.880020961289965,0.20014443428778322
source_b_v1_13_tuned_lightgbm_cov_100,rohlik_top_volume_100_20260714,Rohlik,28,lightgbm_tuned_cov,2561,280,551515.4985351562,130352.2612915039,465.54379032679964,25.24290620971607,0.2363528525267629
source_b_v1_13_tuned_lightgbm_cov_100,rohlik_top_volume_100_20260714,Rohlik,28,lightgbm_tuned_cov,2562,280,501021.64096069336,100236.5192565918,357.98756877354214,20.47291206848424,0.20006425084631355
source_b_v1_13_tuned_lightgbm_cov_100,rohlik_top_volume_100_20260714,Rohlik,28,lightgbm_tuned_cov,2563,280,249795.21975708008,50805.20770263672,181.4471703665597,21.07527785526931,0.20338742971960624
source_b_v1_13_tuned_lightgbm_cov_100,rohlik_top_volume_100_20260714,Rohlik,28,lightgbm_tuned_cov,2565,280,173654.3897781372,45772.10332489014,163.47179758889334,24.4257841547022,0.26358160817799703
source_b_v1_13_tuned_lightgbm_cov_100,rohlik_top_volume_100_20260714,Rohlik,28,lightgbm_tuned_cov,2566,280,138404.21014404297,42928.09927368164,153.3146402631487,27.96112760839189,0.31016469245411393
source_b_v1_13_tuned_lightgbm_cov_100,rohlik_top_volume_100_20260714,Rohlik,28,lightgbm_tuned_cov,2694,280,220327.10961914062,30425.041015625,108.66086077008929,15.040719782010411,0.1380903197442112
source_b_v1_13_tuned_lightgbm_cov_100,rohlik_top_volume_100_20260714,Rohlik,28,lightgbm_tuned_cov,2840,280,275601.7402648926,68799.89688110352,245.71391743251255,24.632545507784418,0.2496352048248208
source_b_v1_13_tuned_lightgbm_cov_100,rohlik_top_volume_100_20260714,Rohlik,28,lightgbm_tuned_cov,2935,280,193093.2696838379,44031.11975097656,157.2539991106306,21.925805864141342,0.2280303183175214
source_b_v1_13_tuned_lightgbm_cov_100,rohlik_top_volume_100_20260714,Rohlik,28,lightgbm_tuned_cov,2936,280,169590.96995544434,25291.02586364746,90.3250923701695,15.13758240061566,0.14912955489488636
source_b_v1_13_tuned_lightgbm_cov_100,rohlik_top_volume_100_20260714,Rohlik,28,lightgbm_tuned_cov,2937,280,280813.5494995117,43095.662658691406,153.91308092389787,15.417114949801865,0.15346717683494948
source_b_v1_13_tuned_lightgbm_cov_100,rohlik_top_volume_100_20260714,Rohlik,28,lightgbm_tuned_cov,2938,280,168716.07014465332,21995.266067504883,78.55452166966029,13.058924686277484,0.13036853009109708
source_b_v1_13_tuned_lightgbm_cov_100,rohlik_top_volume_100_20260714,Rohlik,28,lightgbm_tuned_cov,3144,280,503970.9108886719,53780.51062011719,192.07325221470424,11.001142323915143,0.10671352147147517
source_b_v1_13_tuned_lightgbm_cov_100,rohlik_top_volume_100_20260714,Rohlik,28,lightgbm_tuned_cov,3145,280,338092.6397705078,31480.6484375,112.43088727678571,9.652962630808776,0.09311249265547038
source_b_v1_13_tuned_lightgbm_cov_100,rohlik_top_volume_100_20260714,Rohlik,28,lightgbm_tuned_cov,3146,280,0.0,901.8819377571344,3.2210069205611944,200.0,
source_b_v1_13_tuned_lightgbm_cov_100,rohlik_top_volume_100_20260714,Rohlik,28,lightgbm_tuned_cov,3147,280,297310.9501647949,27123.604949951172,96.87001767839705,9.440998314613108,0.09122975435286515
source_b_v1_13_tuned_lightgbm_cov_100,rohlik_top_volume_100_20260714,Rohlik,28,lightgbm_tuned_cov,3152,280,129612.94994354248,51714.088722229004,184.69317400796072,42.58676049450867,0.39898859446339974
source_b_v1_13_tuned_lightgbm_cov_100,rohlik_top_volume_100_20260714,Rohlik,28,lightgbm_tuned_cov,3155,280,105009.38983726501,50067.69401264191,178.8131929022925,52.71465550662323,0.4767925429357578
source_b_v1_13_tuned_lightgbm_cov_100,rohlik_top_volume_100_20260714,Rohlik,28,lightgbm_tuned_cov,3184,280,248360.49018859863,33076.04998779297,118.12874995640345,14.288763687943487,0.13317758377218478
source_b_v1_13_tuned_lightgbm_cov_100,rohlik_top_volume_100_20260714,Rohlik,28,lightgbm_tuned_cov,3224,280,81147.24968624115,58167.90720272064,207.7425257240023,71.37049396430551,0.7168192073992528
source_b_v1_13_tuned_lightgbm_cov_100,rohlik_top_volume_100_20260714,Rohlik,28,lightgbm_tuned_cov,3225,280,75168.05016422272,45924.57080030441,164.01632428680148,86.39013905883718,0.6109586546407831
source_b_v1_13_tuned_lightgbm_cov_100,rohlik_top_volume_100_20260714,Rohlik,28,lightgbm_tuned_cov,3336,280,575708.1196289062,59344.81677246094,211.94577418736048,10.540392727671954,0.10308143093537366
source_b_v1_13_tuned_lightgbm_cov_100,rohlik_top_volume_100_20260714,Rohlik,28,lightgbm_tuned_cov,3456,280,256175.78985595703,34030.591400146484,121.5378264290946,14.593587228689406,0.132840778667185
source_b_v1_13_tuned_lightgbm_cov_100,rohlik_top_volume_100_20260714,Rohlik,28,lightgbm_tuned_cov,3616,280,318439.2596435547,42004.07733154297,150.01456189836776,13.844362352453023,0.13190608902482776
source_b_v1_13_tuned_lightgbm_cov_100,rohlik_top_volume_100_20260714,Rohlik,28,lightgbm_tuned_cov,3617,280,187647.49993896484,23195.15365600586,82.83983448573521,13.110579680264825,0.12361024614530132
source_b_v1_13_tuned_lightgbm_cov_100,rohlik_top_volume_100_20260714,Rohlik,28,lightgbm_tuned_cov,3618,280,151499.94006347656,20929.607635498047,74.74859869820732,14.277537923873282,0.13814927997152213
source_b_v1_13_tuned_lightgbm_cov_100,rohlik_top_volume_100_20260714,Rohlik,28,lightgbm_tuned_cov,3685,280,112072.23987579346,28991.873472213745,103.54240525790624,27.947982780830248,0.2586891589241424
source_b_v1_13_tuned_lightgbm_cov_100,rohlik_top_volume_100_20260714,Rohlik,28,lightgbm_tuned_cov,3686,280,139290.15993404388,30275.61483478546,108.12719583851951,22.640068466592346,0.21735645108829976
source_b_v1_13_tuned_lightgbm_cov_100,rohlik_top_volume_100_20260714,Rohlik,28,lightgbm_tuned_cov,3871,280,143374.5302658081,43284.92610168457,154.5890217917306,28.473647256575795,0.3019010839752138
source_b_v1_13_tuned_lightgbm_cov_100,rohlik_top_volume_100_20260714,Rohlik,28,lightgbm_tuned_cov,4172,280,260753.42961120605,71267.25854039192,254.52592335854257,81.70834917002733,0.2733128329190312
source_b_v1_13_tuned_lightgbm_cov_100,rohlik_top_volume_100_20260714,Rohlik,28,lightgbm_tuned_cov,4227,280,112724.54960632324,42238.19429016113,150.8506938934326,42.37330318260884,0.3747027106133746
source_b_v1_13_tuned_lightgbm_cov_100,rohlik_top_volume_100_20260714,Rohlik,28,lightgbm_tuned_cov,4228,280,206421.50966644287,69362.28751373291,247.72245540618897,38.39733181416023,0.33602257645443845
source_b_v1_13_tuned_lightgbm_cov_100,rohlik_top_volume_100_20260714,Rohlik,28,lightgbm_tuned_cov,4229,280,121289.81995391846,44268.071226119995,158.10025437899998,42.737648627921146,0.36497763161771307
source_b_v1_13_tuned_lightgbm_cov_100,rohlik_top_volume_100_20260714,Rohlik,28,lightgbm_tuned_cov,4230,280,193655.57107543945,94596.20119285583,337.84357568877084,54.6671985983257,0.4884765290640951
source_b_v1_13_tuned_lightgbm_cov_100,rohlik_top_volume_100_20260714,Rohlik,28,lightgbm_tuned_cov,4523,280,171175.77983093262,16254.924697875977,58.053302492414204,9.542858513007772,0.09496042438907354
source_b_v1_13_tuned_lightgbm_cov_100,rohlik_top_volume_100_20260714,Rohlik,28,lightgbm_tuned_cov,4720,280,4037897.0986328125,457031.87548828125,1632.256698172433,11.714398297718981,0.11318561724691478
source_b_v1_13_tuned_lightgbm_cov_100,rohlik_top_volume_100_20260714,Rohlik,28,lightgbm_tuned_cov,4793,280,575034.4410400391,91038.54370117188,325.13765607561385,15.84219250129905,0.1583184192176638
source_b_v1_13_tuned_lightgbm_cov_100,rohlik_top_volume_100_20260714,Rohlik,28,lightgbm_tuned_cov,4877,280,279479.92053222656,39549.15103149414,141.24696796962192,14.832747573545868,0.1415098120687127
source_b_v1_13_tuned_lightgbm_cov_100,rohlik_top_volume_100_20260714,Rohlik,28,lightgbm_tuned_cov,4878,280,173437.76989746094,30425.24098968506,108.66157496316093,18.311795389558164,0.17542453992387544
source_b_v1_13_tuned_lightgbm_cov_100,rohlik_top_volume_100_20260714,Rohlik,28,lightgbm_tuned_cov,4879,280,637516.419921875,92687.96472167969,331.0284454345703,15.43112789069336,0.1453891410875946
source_b_v1_13_tuned_lightgbm_cov_100,rohlik_top_volume_100_20260714,Rohlik,28,lightgbm_tuned_cov,4883,280,1313540.4802246094,145022.27172851562,517.9366847446987,11.215522587633341,0.11040563569363122
source_b_v1_13_tuned_lightgbm_cov_100,rohlik_top_volume_100_20260714,Rohlik,28,lightgbm_tuned_cov,4884,280,1460296.7197265625,181432.3212890625,647.9725760323661,12.564511322578312,0.12424346287858218
source_b_v1_13_tuned_lightgbm_cov_100,rohlik_top_volume_100_20260714,Rohlik,28,lightgbm_tuned_cov,4885,280,2587560.158203125,387628.79541015625,1384.3885550362722,15.14343620561085,0.14980474721767886
source_b_v1_13_tuned_lightgbm_cov_100,rohlik_top_volume_100_20260714,Rohlik,28,lightgbm_tuned_cov,4965,280,209354.80053710938,68377.82696533203,244.20652487618582,28.77432653772572,0.3266121760279944
source_b_v1_13_tuned_lightgbm_cov_100,rohlik_top_volume_100_20260714,Rohlik,28,lightgbm_tuned_cov,4966,280,114273.84986877441,46841.626708984375,167.29152396065848,35.63531487097058,0.40990678762266813
source_b_v1_13_tuned_lightgbm_cov_100,rohlik_top_volume_100_20260714,Rohlik,28,lightgbm_tuned_cov,4967,280,217679.2293624878,68848.8703994751,245.88882285526822,28.912530776323358,0.3162858973780421
source_b_v1_13_tuned_lightgbm_cov_100,rohlik_top_volume_100_20260714,Rohlik,28,lightgbm_tuned_cov,4968,280,132231.52013397217,49425.50080490112,176.51964573178972,33.73204305910903,0.373780024269743
source_b_v1_13_tuned_lightgbm_cov_100,rohlik_top_volume_100_20260714,Rohlik,28,lightgbm_tuned_cov,5164,280,145507.20980644226,41610.2344455719,148.60798016275677,39.936452682651165,0.28596682254386563
source_b_v1_13_tuned_lightgbm_cov_100,rohlik_top_volume_100_20260714,Rohlik,28,lightgbm_tuned_cov,5166,280,112630.67004394531,39515.36637020111,141.12630846500397,53.66233933209338,0.3508401961453601
source_b_v1_13_tuned_lightgbm_cov_100,rohlik_top_volume_100_20260714,Rohlik,28,lightgbm_tuned_cov,5277,280,151712.34029006958,46253.522148132324,165.19115052904402,32.12076137424922,0.3048764659466523
source_b_v1_13_tuned_lightgbm_cov_100,rohlik_top_volume_100_20260714,Rohlik,28,lightgbm_tuned_cov,5278,280,174989.42964935303,59473.06614112854,212.40380764688766,37.05328757590362,0.3398666208599099
source_b_v1_13_tuned_lightgbm_cov_100,rohlik_top_volume_100_20260714,Rohlik,28,lightgbm_tuned_cov,5293,280,239707.89004516602,41599.158782958984,148.56842422485352,16.453706331233338,0.17354104937939602
source_b_v1_13_tuned_lightgbm_cov_100,rohlik_top_volume_100_20260714,Rohlik,28,lightgbm_tuned_cov,5294,280,224627.77935791016,46267.77487182617,165.2420531136649,19.171318151014802,0.20597530280573856
source_b_v1_13_tuned_lightgbm_cov_100,rohlik_top_volume_100_20260714,Rohlik,28,lightgbm_tuned_cov,5295,280,163282.1696624756,20346.285263061523,72.665304510934,12.182913314742732,0.1246081265647058
source_b_v1_13_tuned_lightgbm_cov_100,rohlik_top_volume_100_20260714,Rohlik,28,lightgbm_tuned_cov,5296,280,156334.580368042,24543.554397583008,87.65555141993931,15.243031793305306,0.15699376516572794
source_b_v1_13_tuned_lightgbm_cov_100,rohlik_top_volume_100_20260714,Rohlik,28,lightgbm_tuned_cov,5347,280,131796.05020141602,51788.167556762695,184.95774127415248,38.926624558586994,0.3929417268394458
source_b_v1_13_tuned_lightgbm_cov_100,rohlik_top_volume_100_20260714,Rohlik,28,lightgbm_tuned_cov,5350,280,186111.16989898682,57195.15161895752,204.268398639134,31.171066275182802,0.307317135505626
source_b_v1_13_tuned_lightgbm_cov_100,favorita_top_volume_100_20260714,Favorita,7,lightgbm_tuned_cov,20582864,336,62179.15570354462,29724.645562171936,88.46620703027362,55.18051812112488,0.478048394608186
source_b_v1_13_tuned_lightgbm_cov_100,favorita_top_volume_100_20260714,Favorita,7,lightgbm_tuned_cov,30364738,336,60684.0,20351.2679977417,60.569249993278866,32.632901850433846,0.33536464303179914
source_b_v1_13_tuned_lightgbm_cov_100,favorita_top_volume_100_20260714,Favorita,7,lightgbm_tuned_cov,30819932,336,44266.0,21552.455509662628,64.14421282637687,53.156635106511885,0.4868850926142554
source_b_v1_13_tuned_lightgbm_cov_100,favorita_top_volume_100_20260714,Favorita,7,lightgbm_tuned_cov,31047679,336,125142.0,32794.22331237793,97.60185509636288,26.037150479886545,0.2620560907798975
source_b_v1_13_tuned_lightgbm_cov_100,favorita_top_volume_100_20260714,Favorita,7,lightgbm_tuned_cov,31430040,336,122391.0,34541.381607055664,102.80173097337995,30.366501802459776,0.2822215817098942
source_b_v1_13_tuned_lightgbm_cov_100,favorita_top_volume_100_20260714,Favorita,7,lightgbm_tuned_cov,31463993,336,95667.0,15616.928634643555,46.47895426977249,16.380846342851022,0.16324258767018465
source_b_v1_13_tuned_lightgbm_cov_100,favorita_top_volume_100_20260714,Favorita,7,lightgbm_tuned_cov,31473404,336,71985.0,13509.070411682129,40.205566701434904,19.22746812078015,0.18766507483061928
source_b_v1_13_tuned_lightgbm_cov_100,favorita_top_volume_100_20260714,Favorita,7,lightgbm_tuned_cov,31473474,336,120521.74017333984,15404.055892944336,45.84540444328671,12.820622187568048,0.12781142946317836
source_b_v1_13_tuned_lightgbm_cov_100,favorita_top_volume_100_20260714,Favorita,7,lightgbm_tuned_cov,31503844,336,178326.49873435497,28102.48332130909,83.63834321818182,16.49625034831088,0.1575900582401503
source_b_v1_13_tuned_lightgbm_cov_100,favorita_top_volume_100_20260714,Favorita,7,lightgbm_tuned_cov,71047679,336,65556.0,19051.876754760742,56.70201415107364,28.603750912246717,0.2906198784971741
source_b_v1_13_tuned_lightgbm_cov_100,favorita_top_volume_100_20260714,Favorita,7,lightgbm_tuned_cov,71473474,336,73308.13996124268,9804.096778869629,29.178859460921515,13.529731894644398,0.13373817401523164
source_b_v1_13_tuned_lightgbm_cov_100,favorita_top_volume_100_20260714,Favorita,7,lightgbm_tuned_cov,71503844,336,131404.38612121344,20785.84572082758,61.86263607389161,16.98343496107183,0.15818228245177265
source_b_v1_13_tuned_lightgbm_cov_100,favorita_top_volume_100_20260714,Favorita,7,lightgbm_tuned_cov,81047679,336,68685.0,19710.635856628418,58.662606716156006,28.822167561668117,0.28697147640137466
source_b_v1_13_tuned_lightgbm_cov_100,favorita_top_volume_100_20260714,Favorita,7,lightgbm_tuned_cov,81430040,336,78297.0,28575.919734954834,85.04738016355606,41.13758581196008,0.36496825848953135
source_b_v1_13_tuned_lightgbm_cov_100,favorita_top_volume_100_20260714,Favorita,7,lightgbm_tuned_cov,81473474,336,68700.30795288086,9821.584457397461,29.23090612320673,14.224183073264257,0.14296274281817983
source_b_v1_13_tuned_lightgbm_cov_100,favorita_top_volume_100_20260714,Favorita,7,lightgbm_tuned_cov,81503844,336,134077.01923525333,22130.01958310604,65.86315352114893,16.946161817992937,0.1650545314128472
source_b_v1_13_tuned_lightgbm_cov_100,favorita_top_volume_100_20260714,Favorita,7,lightgbm_tuned_cov,90457928,336,21455.09001350403,9286.26163482666,27.63768343698411,46.30823466468277,0.4328232428287088
source_b_v1_13_tuned_lightgbm_cov_100,favorita_top_volume_100_20260714,Favorita,7,lightgbm_tuned_cov,91463992,336,102244.0,22809.330169677734,67.88491121927898,22.192417465825052,0.22308722438165304
source_b_v1_13_tuned_lightgbm_cov_100,favorita_top_volume_100_20260714,Favorita,7,lightgbm_tuned_cov,110320682,336,42424.0,10698.37996673584,31.84041656766619,25.06037213724852,0.2521775402304318
source_b_v1_13_tuned_lightgbm_cov_100,favorita_top_volume_100_20260714,Favorita,7,lightgbm_tuned_cov,110584126,336,128286.72693824768,28676.436071395874,85.34653592677344,22.988729866331855,0.22353392869084276
source_b_v1_13_tuned_lightgbm_cov_100,favorita_top_volume_100_20260714,Favorita,7,lightgbm_tuned_cov,110807493,336,32910.0,13948.534524917603,41.513495609873814,45.325413977722675,0.42383878835969624
source_b_v1_13_tuned_lightgbm_cov_100,favorita_top_volume_100_20260714,Favorita,7,lightgbm_tuned_cov,110819932,336,70807.0,31760.82426071167,94.5262626806895,49.98488404222364,0.44855486407716283
source_b_v1_13_tuned_lightgbm_cov_100,favorita_top_volume_100_20260714,Favorita,7,lightgbm_tuned_cov,110968432,336,35446.0,15016.685584157705,44.69251661951698,88.62677227663166,0.4236496525463439
source_b_v1_13_tuned_lightgbm_cov_100,favorita_top_volume_100_20260714,Favorita,7,lightgbm_tuned_cov,111047679,336,57507.0,21895.437141418457,65.16499149231683,37.639145007118216,0.38074385972870184
source_b_v1_13_tuned_lightgbm_cov_100,favorita_top_volume_100_20260714,Favorita,7,lightgbm_tuned_cov,111146786,336,43770.0,16697.505800247192,49.69495773883093,40.06746162360427,0.3814828832590174
source_b_v1_13_tuned_lightgbm_cov_100,favorita_top_volume_100_20260714,Favorita,7,lightgbm_tuned_cov,140584126,336,54653.09191584587,16075.206969499588,47.84287788541544,36.06270284564521,0.29413170245247944
source_b_v1_13_tuned_lightgbm_cov_100,favorita_top_volume_100_20260714,Favorita,7,lightgbm_tuned_cov,171463992,336,71476.0,17814.879928588867,53.02047597794306,25.898983673348692,0.24924282176659113
source_b_v1_13_tuned_lightgbm_cov_100,favorita_top_volume_100_20260714,Favorita,7,lightgbm_tuned_cov,190819932,336,77399.0,33137.66674232483,98.62400816168103,47.3862187800395,0.42814076076337976
source_b_v1_13_tuned_lightgbm_cov_100,favorita_top_volume_100_20260714,Favorita,7,lightgbm_tuned_cov,201463992,336,92876.0,23423.50845336914,69.71282277788434,25.56743705686194,0.25220195156304254
source_b_v1_13_tuned_lightgbm_cov_100,favorita_top_volume_100_20260714,Favorita,7,lightgbm_tuned_cov,230583985,336,12469.941967964172,7384.407344460487,21.977402810894308,97.29341746280011,0.5921765605189947
source_b_v1_13_tuned_lightgbm_cov_100,favorita_top_volume_100_20260714,Favorita,7,lightgbm_tuned_cov,231084365,336,68294.02824401855,32424.51633375883,96.50153670761557,128.9816668452585,0.4747782078090948
source_b_v1_13_tuned_lightgbm_cov_100,favorita_top_volume_100_20260714,Favorita,7,lightgbm_tuned_cov,240257847,336,48982.0,17370.992054224014,51.699381113761945,54.2240198260876,0.35464031795810735
source_b_v1_13_tuned_lightgbm_cov_100,favorita_top_volume_100_20260714,Favorita,7,lightgbm_tuned_cov,241503844,336,79591.33407306671,14457.853045463562,43.02932454007013,19.517749315800565,0.1816510957360121
source_b_v1_13_tuned_lightgbm_cov_100,favorita_top_volume_100_20260714,Favorita,7,lightgbm_tuned_cov,311167614,336,74961.0,24490.66339111328,72.8888791402181,32.69174819387723,0.32671206882396553
source_b_v1_13_tuned_lightgbm_cov_100,favorita_top_volume_100_20260714,Favorita,7,lightgbm_tuned_cov,351167614,336,58615.0,27139.581825256348,80.77256495612008,44.421634447778146,0.46301427664004685
source_b_v1_13_tuned_lightgbm_cov_100,favorita_top_volume_100_20260714,Favorita,7,lightgbm_tuned_cov,371503844,336,65680.43591976166,11482.242486000061,34.17334073214304,19.00527286514208,0.17481982762762588
source_b_v1_13_tuned_lightgbm_cov_100,favorita_top_volume_100_20260714,Favorita,7,lightgbm_tuned_cov,391167614,336,149581.0,61936.67649078369,184.335346698761,48.189545275130946,0.4140678060100126
source_b_v1_13_tuned_lightgbm_cov_100,favorita_top_volume_100_20260714,Favorita,7,lightgbm_tuned_cov,391463864,336,100418.0,22837.536949157715,67.96885996773129,25.927252549956815,0.2274247341030265
source_b_v1_13_tuned_lightgbm_cov_100,favorita_top_volume_100_20260714,Favorita,7,lightgbm_tuned_cov,430807493,336,25500.0,12183.077434539795,36.25915903136844,52.33161857227597,0.4777677425309724
source_b_v1_13_tuned_lightgbm_cov_100,favorita_top_volume_100_20260714,Favorita,7,lightgbm_tuned_cov,431143685,336,22646.0,11758.56000328064,34.995714295478095,55.659832299248436,0.5192334188501563
source_b_v1_13_tuned_lightgbm_cov_100,favorita_top_volume_100_20260714,Favorita,7,lightgbm_tuned_cov,431430040,336,75646.0,33065.471939086914,98.40914267585391,46.34412355236064,0.4371080022616783
source_b_v1_13_tuned_lightgbm_cov_100,favorita_top_volume_100_20260714,Favorita,7,lightgbm_tuned_cov,440819932,336,65672.0,28934.191599845886,86.1136654757318,48.00325832844447,0.4405864234353436
source_b_v1_13_tuned_lightgbm_cov_100,favorita_top_volume_100_20260714,Favorita,7,lightgbm_tuned_cov,441037857,336,26526.0,18387.637417435646,54.725111361415614,70.01028063019386,0.6931929962088383
source_b_v1_13_tuned_lightgbm_cov_100,favorita_top_volume_100_20260714,Favorita,7,lightgbm_tuned_cov,441047679,336,127506.0,39227.6513671875,116.74896240234375,30.17171285109521,0.30765337605436216
source_b_v1_13_tuned_lightgbm_cov_100,favorita_top_volume_100_20260714,Favorita,7,lightgbm_tuned_cov,441047690,336,33974.0,9516.081951141357,28.321672473634994,26.65031906434435,0.2800989565886077
source_b_v1_13_tuned_lightgbm_cov_100,favorita_top_volume_100_20260714,Favorita,7,lightgbm_tuned_cov,441430040,336,110659.0,51274.999797821045,152.6041660649436,52.03403592928277,0.46336041169557873
source_b_v1_13_tuned_lightgbm_cov_100,favorita_top_volume_100_20260714,Favorita,7,lightgbm_tuned_cov,441473410,336,60555.434147417545,12750.135486066341,37.94683180376887,22.88331159146988,0.21055311823918424
source_b_v1_13_tuned_lightgbm_cov_100,favorita_top_volume_100_20260714,Favorita,7,lightgbm_tuned_cov,441473474,336,161569.7039642334,25052.72984313965,74.56169596172515,15.564897442586615,0.15505833846601313
source_b_v1_13_tuned_lightgbm_cov_100,favorita_top_volume_100_20260714,Favorita,7,lightgbm_tuned_cov,441502392,336,71587.98893737793,15463.007606506348,46.020855971745085,22.4400071958264,0.2160000278822292
source_b_v1_13_tuned_lightgbm_cov_100,favorita_top_volume_100_20260714,Favorita,7,lightgbm_tuned_cov,441503844,336,240006.25012922287,39812.466911792755,118.48948485652606,17.296111387966416,0.16588095889318358
source_b_v1_13_tuned_lightgbm_cov_100,favorita_top_volume_100_20260714,Favorita,7,lightgbm_tuned_cov,441695835,336,71396.3309249878,19406.931854248047,57.758725756690616,26.814362125549675,0.27181973643208424
source_b_v1_13_tuned_lightgbm_cov_100,favorita_top_volume_100_20260714,Favorita,7,lightgbm_tuned_cov,450265559,336,38409.0,9716.191802978516,28.91723750886463,25.208110862734497,0.25296653916994755
source_b_v1_13_tuned_lightgbm_cov_100,favorita_top_volume_100_20260714,Favorita,7,lightgbm_tuned_cov,450314384,336,40907.0,8276.175113677979,24.63147355261303,19.780764460346067,0.2023168434174586
source_b_v1_13_tuned_lightgbm_cov_100,favorita_top_volume_100_20260714,Favorita,7,lightgbm_tuned_cov,450364606,336,40823.0,11590.890014648438,34.49669647216797,18.916613736423628,0.2839303827413085
source_b_v1_13_tuned_lightgbm_cov_100,favorita_top_volume_100_20260714,Favorita,7,lightgbm_tuned_cov,450364738,336,58977.0,20896.0877532959,62.1907373609997,35.29068799204169,0.3543090993657849
source_b_v1_13_tuned_lightgbm_cov_100,favorita_top_volume_100_20260714,Favorita,7,lightgbm_tuned_cov,450584028,336,55816.6309800148,13793.614564418793,41.05242429886545,25.295283342079323,0.24712373932704054
source_b_v1_13_tuned_lightgbm_cov_100,favorita_top_volume_100_20260714,Favorita,7,lightgbm_tuned_cov,451047679,336,58833.0,22183.27378845215,66.02164817991711,36.11567422040844,0.37705494855696886
source_b_v1_13_tuned_lightgbm_cov_100,favorita_top_volume_100_20260714,Favorita,7,lightgbm_tuned_cov,451463992,336,103241.0,18709.484909057617,55.68299080076672,18.1861937343423,0.1812214615226278
source_b_v1_13_tuned_lightgbm_cov_100,favorita_top_volume_100_20260714,Favorita,7,lightgbm_tuned_cov,451463993,336,106690.0,17434.03482055664,51.88700839451381,16.363524671627232,0.16340833087034062
source_b_v1_13_tuned_lightgbm_cov_100,favorita_top_volume_100_20260714,Favorita,7,lightgbm_tuned_cov,451473474,336,115135.57293128967,16807.803289413452,50.02322407563528,15.433363693892982,0.14598271291396597
source_b_v1_13_tuned_lightgbm_cov_100,favorita_top_volume_100_20260714,Favorita,7,lightgbm_tuned_cov,451503844,336,155174.49281215668,24081.90275669098,71.67232963300887,16.077453222401093,0.1551924051451087
source_b_v1_13_tuned_lightgbm_cov_100,favorita_top_volume_100_20260714,Favorita,7,lightgbm_tuned_cov,451686656,336,66133.0,12846.829025268555,38.23461019425165,20.07438540917882,0.19425746639754063
source_b_v1_13_tuned_lightgbm_cov_100,favorita_top_volume_100_20260714,Favorita,7,lightgbm_tuned_cov,460159156,336,36659.13201189041,17316.77647149563,51.53802521278461,68.07507731478117,0.47237279011076755
source_b_v1_13_tuned_lightgbm_cov_100,favorita_top_volume_100_20260714,Favorita,7,lightgbm_tuned_cov,460265559,336,42994.0,10956.088760375977,32.6074070249285,24.84521589466721,0.25482831930911237
source_b_v1_13_tuned_lightgbm_cov_100,favorita_top_volume_100_20260714,Favorita,7,lightgbm_tuned_cov,460320682,336,32557.0,7502.824115753174,22.329833677836827,21.95097379767929,0.23045194937350413
source_b_v1_13_tuned_lightgbm_cov_100,favorita_top_volume_100_20260714,Favorita,7,lightgbm_tuned_cov,460582864,336,39571.47597503662,7837.948989868164,23.327229136512393,19.499406811085084,0.1980706758275248
source_b_v1_13_tuned_lightgbm_cov_100,favorita_top_volume_100_20260714,Favorita,7,lightgbm_tuned_cov,460583985,336,56362.90319824219,20874.592610359192,62.12676372130712,71.10729682166001,0.3703604929103477
source_b_v1_13_tuned_lightgbm_cov_100,favorita_top_volume_100_20260714,Favorita,7,lightgbm_tuned_cov,460584028,336,53102.20799827576,14589.180299758911,43.42017946356819,29.217408119556865,0.2747377340737437
source_b_v1_13_tuned_lightgbm_cov_100,favorita_top_volume_100_20260714,Favorita,7,lightgbm_tuned_cov,460807493,336,13381.0,7320.045748710632,21.78585044259117,51.91929994246129,0.5470477354988889
source_b_v1_13_tuned_lightgbm_cov_100,favorita_top_volume_100_20260714,Favorita,7,lightgbm_tuned_cov,460903284,336,44653.990087628365,19251.644849658012,57.29656205255361,49.223523887049694,0.43112933047816904
source_b_v1_13_tuned_lightgbm_cov_100,favorita_top_volume_100_20260714,Favorita,7,lightgbm_tuned_cov,461047679,336,42613.0,16776.699531555176,49.930653367723735,40.75175286813544,0.3936990949136455
source_b_v1_13_tuned_lightgbm_cov_100,favorita_top_volume_100_20260714,Favorita,7,lightgbm_tuned_cov,461143685,336,22833.0,10864.208638191223,32.33395428033102,52.529219195529656,0.4758117040332511
source_b_v1_13_tuned_lightgbm_cov_100,favorita_top_volume_100_20260714,Favorita,7,lightgbm_tuned_cov,461463992,336,94141.0,19018.19206237793,56.6017620904105,20.63681386195264,0.2020181649055983
source_b_v1_13_tuned_lightgbm_cov_100,favorita_top_volume_100_20260714,Favorita,7,lightgbm_tuned_cov,461463993,336,82056.0,16644.710388183594,49.5378285362607,20.873812609447643,0.20284574422569457
source_b_v1_13_tuned_lightgbm_cov_100,favorita_top_volume_100_20260714,Favorita,7,lightgbm_tuned_cov,470364738,336,66782.0,28861.054176330566,85.8959945724124,37.25260493766533,0.43216816172517397
source_b_v1_13_tuned_lightgbm_cov_100,favorita_top_volume_100_20260714,Favorita,7,lightgbm_tuned_cov,470584028,336,40728.31797218323,10115.430616378784,30.105448263032095,24.349874889827095,0.2483635740441689
source_b_v1_13_tuned_lightgbm_cov_100,favorita_top_volume_100_20260714,Favorita,7,lightgbm_tuned_cov,470807493,336,15427.0,9082.15980052948,27.030237501575833,56.10448760166727,0.5887184676560239
source_b_v1_13_tuned_lightgbm_cov_100,favorita_top_volume_100_20260714,Favorita,7,lightgbm_tuned_cov,470903285,336,53312.443910360336,19161.959757089615,57.029642134195285,39.73233569629729,0.3594275248253218
source_b_v1_13_tuned_lightgbm_cov_100,favorita_top_volume_100_20260714,Favorita,7,lightgbm_tuned_cov,471047679,336,65494.0,21854.86078643799,65.04422853106544,32.3089173792405,0.33369256399728203
source_b_v1_13_tuned_lightgbm_cov_100,favorita_top_volume_100_20260714,Favorita,7,lightgbm_tuned_cov,471143685,336,22812.0,12047.124913215637,35.85453843218939,55.48634818909631,0.528104721778697
source_b_v1_13_tuned_lightgbm_cov_100,favorita_top_volume_100_20260714,Favorita,7,lightgbm_tuned_cov,471463992,336,81131.0,16742.817253112793,49.82981325331188,20.105657153115594,0.2063676924124292
source_b_v1_13_tuned_lightgbm_cov_100,favorita_top_volume_100_20260714,Favorita,7,lightgbm_tuned_cov,471463993,336,86114.0,17205.039154052734,51.205473672775994,20.59891891512628,0.1997937519340959
source_b_v1_13_tuned_lightgbm_cov_100,favorita_top_volume_100_20260714,Favorita,7,lightgbm_tuned_cov,471473474,336,82299.29704284668,13500.892807006836,40.18122859228225,15.965037888652924,0.16404627125767549
source_b_v1_13_tuned_lightgbm_cov_100,favorita_top_volume_100_20260714,Favorita,7,lightgbm_tuned_cov,471503844,336,119533.05811691284,24651.23154067993,73.36676053773789,20.96960327069606,0.20622940573116658
source_b_v1_13_tuned_lightgbm_cov_100,favorita_top_volume_100_20260714,Favorita,7,lightgbm_tuned_cov,471642399,336,91023.63522148132,22364.200616836548,66.56012088344211,25.88717677196774,0.2456966321155965
source_b_v1_13_tuned_lightgbm_cov_100,favorita_top_volume_100_20260714,Favorita,7,lightgbm_tuned_cov,480265559,336,42158.0,12475.44535446167,37.12930165018354,29.27303635024306,0.29592118588314603
source_b_v1_13_tuned_lightgbm_cov_100,favorita_top_volume_100_20260714,Favorita,7,lightgbm_tuned_cov,480584028,336,78883.58391571045,17988.178901672363,53.53624673116775,22.914606299177358,0.2280345036160285
source_b_v1_13_tuned_lightgbm_cov_100,favorita_top_volume_100_20260714,Favorita,7,lightgbm_tuned_cov,481143685,336,23027.0,11401.149538040161,33.93199267273857,55.798616999966825,0.4951209249159752
source_b_v1_13_tuned_lightgbm_cov_100,favorita_top_volume_100_20260714,Favorita,7,lightgbm_tuned_cov,481463992,336,104652.0,27741.193466186523,82.5630757922218,27.52035972249363,0.2650803947004025
source_b_v1_13_tuned_lightgbm_cov_100,favorita_top_volume_100_20260714,Favorita,7,lightgbm_tuned_cov,490364738,336,53215.0,17289.03014755249,51.45544686771574,31.267206676922783,0.32489016532091497
source_b_v1_13_tuned_lightgbm_cov_100,favorita_top_volume_100_20260714,Favorita,7,lightgbm_tuned_cov,491473474,336,102771.42575073242,13802.030578613281,41.077471960158576,13.35843404125329,0.13429832735890518
source_b_v1_13_tuned_lightgbm_cov_100,favorita_top_volume_100_20260714,Favorita,7,lightgbm_tuned_cov,491503844,336,188745.82846546173,32499.820734977722,96.72565694933846,18.424612568425083,0.17218828622177898
source_b_v1_13_tuned_lightgbm_cov_100,favorita_top_volume_100_20260714,Favorita,7,lightgbm_tuned_cov,491642399,336,88456.82216262817,16377.125370025635,48.741444553647725,19.070790110293025,0.18514259239288783
source_b_v1_13_tuned_lightgbm_cov_100,favorita_top_volume_100_20260714,Favorita,7,lightgbm_tuned_cov,491695835,336,86648.78703308105,16683.13003540039,49.65217272440592,19.026076391610825,0.19253737538219723
source_b_v1_13_tuned_lightgbm_cov_100,favorita_top_volume_100_20260714,Favorita,7,lightgbm_tuned_cov,500584028,336,46354.22006523609,12032.284809947014,35.81037145817564,26.9723749818518,0.2595725867680119
source_b_v1_13_tuned_lightgbm_cov_100,favorita_top_volume_100_20260714,Favorita,7,lightgbm_tuned_cov,510257847,336,40000.0,17221.893778800964,51.25563624643144,63.68619945002626,0.43054734447002413
source_b_v1_13_tuned_lightgbm_cov_100,favorita_top_volume_100_20260714,Favorita,7,lightgbm_tuned_cov,511239986,336,123141.51953125,93864.59121038765,279.358902411868,187.41335084837075,0.7622497397116116
source_b_v1_13_tuned_lightgbm_cov_100,favorita_top_volume_100_20260714,Favorita,7,lightgbm_tuned_cov,511473474,336,80121.23680877686,10946.865867614746,32.5799579393296,13.919438689117522,0.1366287678975966
source_b_v1_13_tuned_lightgbm_cov_100,favorita_top_volume_100_20260714,Favorita,7,lightgbm_tuned_cov,511503844,336,115486.46313071251,23392.08797097206,69.61930943741685,23.515968514603795,0.20255263982321373
source_b_v1_13_tuned_lightgbm_cov_100,favorita_top_volume_100_20260714,Favorita,7,lightgbm_tuned_cov,511695835,336,76979.18010139465,15020.357847213745,44.703445973850435,20.07510429112538,0.19512234122823058
source_b_v1_13_tuned_lightgbm_cov_100,favorita_top_volume_100_20260714,Favorita,14,lightgbm_tuned_cov,20582864,336,62179.15570354462,29352.650811195374,87.35907979522433,55.072803308774645,0.4720657667199891
source_b_v1_13_tuned_lightgbm_cov_100,favorita_top_volume_100_20260714,Favorita,14,lightgbm_tuned_cov,30364738,336,60684.0,21225.785606384277,63.17198097138178,33.962071359730075,0.34977565101813124
source_b_v1_13_tuned_lightgbm_cov_100,favorita_top_volume_100_20260714,Favorita,14,lightgbm_tuned_cov,30819932,336,44266.0,22643.86289691925,67.39244909797397,54.97947789109207,0.5115407512971412
source_b_v1_13_tuned_lightgbm_cov_100,favorita_top_volume_100_20260714,Favorita,14,lightgbm_tuned_cov,31047679,336,125142.0,34529.278579711914,102.76571005866641,27.507997600417468,0.2759207826286292
source_b_v1_13_tuned_lightgbm_cov_100,favorita_top_volume_100_20260714,Favorita,14,lightgbm_tuned_cov,31430040,336,122391.0,35935.51948547363,106.95095084962391,31.42644933289207,0.2936124346191602
source_b_v1_13_tuned_lightgbm_cov_100,favorita_top_volume_100_20260714,Favorita,14,lightgbm_tuned_cov,31463993,336,95667.0,16363.405303955078,48.700611023675826,17.216844721305545,0.17104545249621164
source_b_v1_13_tuned_lightgbm_cov_100,favorita_top_volume_100_20260714,Favorita,14,lightgbm_tuned_cov,31473404,336,71985.0,14209.357925415039,42.2897557304019,20.265205031666422,0.19739331701625393
source_b_v1_13_tuned_lightgbm_cov_100,favorita_top_volume_100_20260714,Favorita,14,lightgbm_tuned_cov,31473474,336,120521.74017333984,15529.58073425293,46.218990280514674,12.86252800566243,0.12885294148522566
source_b_v1_13_tuned_lightgbm_cov_100,favorita_top_volume_100_20260714,Favorita,14,lightgbm_tuned_cov,31503844,336,178326.49873435497,28495.65501320362,84.80849706310602,16.63693703559577,0.15979484381427983
source_b_v1_13_tuned_lightgbm_cov_100,favorita_top_volume_100_20260714,Favorita,14,lightgbm_tuned_cov,71047679,336,65556.0,19409.47452545166,57.7662932305109,29.34214115987596,0.2960747227630066
source_b_v1_13_tuned_lightgbm_cov_100,favorita_top_volume_100_20260714,Favorita,14,lightgbm_tuned_cov,71473474,336,73308.13996124268,10271.352973937988,30.569502898624965,14.272591580891289,0.14011203911828013
source_b_v1_13_tuned_lightgbm_cov_100,favorita_top_volume_100_20260714,Favorita,14,lightgbm_tuned_cov,71503844,336,131404.38612121344,21006.544329226017,62.519477170315525,17.232820289999395,0.15986182006016617
source_b_v1_13_tuned_lightgbm_cov_100,favorita_top_volume_100_20260714,Favorita,14,lightgbm_tuned_cov,81047679,336,68685.0,19270.19944000244,57.35178404762631,28.587601057700983,0.28055906588050433
source_b_v1_13_tuned_lightgbm_cov_100,favorita_top_volume_100_20260714,Favorita,14,lightgbm_tuned_cov,81430040,336,78297.0,29167.709796905518,86.80866010983785,41.66915333879873,0.37252653098976357
source_b_v1_13_tuned_lightgbm_cov_100,favorita_top_volume_100_20260714,Favorita,14,lightgbm_tuned_cov,81473474,336,68700.30795288086,10692.895210266113,31.824092887696764,15.50631377048384,0.15564552079737395
source_b_v1_13_tuned_lightgbm_cov_100,favorita_top_volume_100_20260714,Favorita,14,lightgbm_tuned_cov,81503844,336,134077.01923525333,21120.316671729088,62.85808533252705,16.273702699343186,0.1575237635218538
source_b_v1_13_tuned_lightgbm_cov_100,favorita_top_volume_100_20260714,Favorita,14,lightgbm_tuned_cov,90457928,336,21455.09001350403,9528.348398208618,28.358179756573268,46.488682702628445,0.44410666150602907
source_b_v1_13_tuned_lightgbm_cov_100,favorita_top_volume_100_20260714,Favorita,14,lightgbm_tuned_cov,91463992,336,102244.0,22186.45281982422,66.03110958281017,21.648322549610842,0.21699515687790208
source_b_v1_13_tuned_lightgbm_cov_100,favorita_top_volume_100_20260714,Favorita,14,lightgbm_tuned_cov,110320682,336,42424.0,11107.63176727295,33.05842787878854,25.95170921385335,0.2618242449385477
source_b_v1_13_tuned_lightgbm_cov_100,favorita_top_volume_100_20260714,Favorita,14,lightgbm_tuned_cov,110584126,336,128286.72693824768,29051.173681259155,86.46182643231892,23.309162035171838,0.22645502285862573
source_b_v1_13_tuned_lightgbm_cov_100,favorita_top_volume_100_20260714,Favorita,14,lightgbm_tuned_cov,110807493,336,32910.0,13908.256608009338,41.39362085717065,45.11156512810799,0.4226149075663731
source_b_v1_13_tuned_lightgbm_cov_100,favorita_top_volume_100_20260714,Favorita,14,lightgbm_tuned_cov,110819932,336,70807.0,32725.586490631104,97.397578841164,51.25484796805952,0.4621801021174616
source_b_v1_13_tuned_lightgbm_cov_100,favorita_top_volume_100_20260714,Favorita,14,lightgbm_tuned_cov,110968432,336,35446.0,15280.241901934147,45.47691042242305,89.9340543716982,0.43108508440823073
source_b_v1_13_tuned_lightgbm_cov_100,favorita_top_volume_100_20260714,Favorita,14,lightgbm_tuned_cov,111047679,336,57507.0,23064.116050720215,68.6432025319054,39.47803849488394,0.4010662362968024
source_b_v1_13_tuned_lightgbm_cov_100,favorita_top_volume_100_20260714,Favorita,14,lightgbm_tuned_cov,111146786,336,43770.0,17611.228088855743,52.41436931207066,43.93455161687111,0.40235842103851366
source_b_v1_13_tuned_lightgbm_cov_100,favorita_top_volume_100_20260714,Favorita,14,lightgbm_tuned_cov,140584126,336,54653.09191584587,16645.671897172928,49.540690170157525,36.91087139316219,0.30456962842658053
source_b_v1_13_tuned_lightgbm_cov_100,favorita_top_volume_100_20260714,Favorita,14,lightgbm_tuned_cov,171463992,336,71476.0,17899.899993896484,53.27351188659668,25.75388954711439,0.2504323128588125
source_b_v1_13_tuned_lightgbm_cov_100,favorita_top_volume_100_20260714,Favorita,14,lightgbm_tuned_cov,190819932,336,77399.0,33189.2004070282,98.7773821637744,47.26890317713771,0.42880657898717295
source_b_v1_13_tuned_lightgbm_cov_100,favorita_top_volume_100_20260714,Favorita,14,lightgbm_tuned_cov,201463992,336,92876.0,23984.8056640625,71.3833501906622,26.065974714789782,0.2582454634573248
source_b_v1_13_tuned_lightgbm_cov_100,favorita_top_volume_100_20260714,Favorita,14,lightgbm_tuned_cov,230583985,336,12469.941967964172,7271.995196938515,21.642842848031293,96.3755677612841,0.5831619117090191
source_b_v1_13_tuned_lightgbm_cov_100,favorita_top_volume_100_20260714,Favorita,14,lightgbm_tuned_cov,231084365,336,68294.02824401855,35302.430500507355,105.06675744198617,132.37241005038837,0.5169182636931257
source_b_v1_13_tuned_lightgbm_cov_100,favorita_top_volume_100_20260714,Favorita,14,lightgbm_tuned_cov,240257847,336,48982.0,16058.119967222214,47.79202371197088,53.47339482079065,0.32783716400355667
source_b_v1_13_tuned_lightgbm_cov_100,favorita_top_volume_100_20260714,Favorita,14,lightgbm_tuned_cov,241503844,336,79591.33407306671,14483.381747245789,43.1053028191839,19.631674442198413,0.18197184298920915
source_b_v1_13_tuned_lightgbm_cov_100,favorita_top_volume_100_20260714,Favorita,14,lightgbm_tuned_cov,311167614,336,74961.0,23769.70760345459,70.7431773912339,31.782200904121083,0.31709432376108365
source_b_v1_13_tuned_lightgbm_cov_100,favorita_top_volume_100_20260714,Favorita,14,lightgbm_tuned_cov,351167614,336,58615.0,25805.67520904541,76.80260478882562,42.43084774779022,0.44025719029336197
source_b_v1_13_tuned_lightgbm_cov_100,favorita_top_volume_100_20260714,Favorita,14,lightgbm_tuned_cov,371503844,336,65680.43591976166,11080.329838752747,32.97717213914508,18.47339925415732,0.16870061356305557
source_b_v1_13_tuned_lightgbm_cov_100,favorita_top_volume_100_20260714,Favorita,14,lightgbm_tuned_cov,391167614,336,149581.0,60849.9953994751,181.10117678415207,48.51590077056068,0.4068029722991229
source_b_v1_13_tuned_lightgbm_cov_100,favorita_top_volume_100_20260714,Favorita,14,lightgbm_tuned_cov,391463864,336,100418.0,23250.975227355957,69.19933103379749,26.626935962556736,0.23154190710187375
source_b_v1_13_tuned_lightgbm_cov_100,favorita_top_volume_100_20260714,Favorita,14,lightgbm_tuned_cov,430807493,336,25500.0,11849.264169692993,35.26566717170534,50.81332640709133,0.4646770262624703
source_b_v1_13_tuned_lightgbm_cov_100,favorita_top_volume_100_20260714,Favorita,14,lightgbm_tuned_cov,431143685,336,22646.0,11501.699174880981,34.231247544288635,54.72974368483086,0.5078909818458439
source_b_v1_13_tuned_lightgbm_cov_100,favorita_top_volume_100_20260714,Favorita,14,lightgbm_tuned_cov,431430040,336,75646.0,32238.61123609543,95.94824772647449,46.51160922882983,0.42617734230620824
source_b_v1_13_tuned_lightgbm_cov_100,favorita_top_volume_100_20260714,Favorita,14,lightgbm_tuned_cov,440819932,336,65672.0,31493.56524181366,93.73084893396923,51.388406770110706,0.4795584913176644
source_b_v1_13_tuned_lightgbm_cov_100,favorita_top_volume_100_20260714,Favorita,14,lightgbm_tuned_cov,441037857,336,26526.0,17917.00622880459,53.324423300013656,69.7511713105672,0.6754507362136993
source_b_v1_13_tuned_lightgbm_cov_100,favorita_top_volume_100_20260714,Favorita,14,lightgbm_tuned_cov,441047679,336,127506.0,40474.735275268555,120.46052165258499,30.91398357963217,0.31743396605076274
source_b_v1_13_tuned_lightgbm_cov_100,favorita_top_volume_100_20260714,Favorita,14,lightgbm_tuned_cov,441047690,336,33974.0,10117.41316986084,30.11134871982393,28.103079860250556,0.2977987040048519
source_b_v1_13_tuned_lightgbm_cov_100,favorita_top_volume_100_20260714,Favorita,14,lightgbm_tuned_cov,441430040,336,110659.0,51684.686138153076,153.82347064926512,52.83898214561744,0.4670626531791637
source_b_v1_13_tuned_lightgbm_cov_100,favorita_top_volume_100_20260714,Favorita,14,lightgbm_tuned_cov,441473410,336,60555.434147417545,13489.296943128109,40.14671709264318,24.359544952597783,0.22275947869995372
source_b_v1_13_tuned_lightgbm_cov_100,favorita_top_volume_100_20260714,Favorita,14,lightgbm_tuned_cov,441473474,336,161569.7039642334,26232.32469177246,78.07239491598946,16.358720650865212,0.16235918026797583
source_b_v1_13_tuned_lightgbm_cov_100,favorita_top_volume_100_20260714,Favorita,14,lightgbm_tuned_cov,441502392,336,71587.98893737793,17390.258041381836,51.75672036125546,24.805715398191055,0.24292144952687636
source_b_v1_13_tuned_lightgbm_cov_100,favorita_top_volume_100_20260714,Favorita,14,lightgbm_tuned_cov,441503844,336,240006.25012922287,38601.42333269119,114.88518849015236,16.895656642380462,0.16083507538619357
source_b_v1_13_tuned_lightgbm_cov_100,favorita_top_volume_100_20260714,Favorita,14,lightgbm_tuned_cov,441695835,336,71396.3309249878,18201.432746887207,54.17093079430716,25.758146844175698,0.25493512777302874
source_b_v1_13_tuned_lightgbm_cov_100,favorita_top_volume_100_20260714,Favorita,14,lightgbm_tuned_cov,450265559,336,38409.0,9752.65075302124,29.02574628875369,25.48068763249809,0.2539157685183483
source_b_v1_13_tuned_lightgbm_cov_100,favorita_top_volume_100_20260714,Favorita,14,lightgbm_tuned_cov,450314384,336,40907.0,8481.020267486572,25.24113174847194,20.248308993105052,0.2073244253425226
source_b_v1_13_tuned_lightgbm_cov_100,favorita_top_volume_100_20260714,Favorita,14,lightgbm_tuned_cov,450364606,336,40823.0,10454.988815307617,31.11603814079648,17.721505985414407,0.256105352749862
source_b_v1_13_tuned_lightgbm_cov_100,favorita_top_volume_100_20260714,Favorita,14,lightgbm_tuned_cov,450364738,336,58977.0,22221.328231811523,66.13490545182,36.83214298287504,0.37677956206337254
source_b_v1_13_tuned_lightgbm_cov_100,favorita_top_volume_100_20260714,Favorita,14,lightgbm_tuned_cov,450584028,336,55816.6309800148,14298.619805812836,42.55541608872868,26.201463566798882,0.2561713158741607
source_b_v1_13_tuned_lightgbm_cov_100,favorita_top_volume_100_20260714,Favorita,14,lightgbm_tuned_cov,451047679,336,58833.0,22106.62881088257,65.79353812762669,36.68287187608505,0.3757521936818209
source_b_v1_13_tuned_lightgbm_cov_100,favorita_top_volume_100_20260714,Favorita,14,lightgbm_tuned_cov,451463992,336,103241.0,19738.475830078125,58.74546377999442,19.1012484228128,0.19118834406948912
source_b_v1_13_tuned_lightgbm_cov_100,favorita_top_volume_100_20260714,Favorita,14,lightgbm_tuned_cov,451463993,336,106690.0,18487.900314331055,55.023512840270996,17.236460008669713,0.1732861590995506
source_b_v1_13_tuned_lightgbm_cov_100,favorita_top_volume_100_20260714,Favorita,14,lightgbm_tuned_cov,451473474,336,115135.57293128967,17386.61142539978,51.74586733749935,15.847210416648835,0.1510099006132164
source_b_v1_13_tuned_lightgbm_cov_100,favorita_top_volume_100_20260714,Favorita,14,lightgbm_tuned_cov,451503844,336,155174.49281215668,25546.879197120667,76.03237856285912,17.00961058125615,0.16463323793844084
source_b_v1_13_tuned_lightgbm_cov_100,favorita_top_volume_100_20260714,Favorita,14,lightgbm_tuned_cov,451686656,336,66133.0,13793.733993530273,41.052779742649626,21.559417782541203,0.2085756580456092
source_b_v1_13_tuned_lightgbm_cov_100,favorita_top_volume_100_20260714,Favorita,14,lightgbm_tuned_cov,460159156,336,36659.13201189041,18421.86278605461,54.826972577543486,70.4544153268026,0.5025177022761877
source_b_v1_13_tuned_lightgbm_cov_100,favorita_top_volume_100_20260714,Favorita,14,lightgbm_tuned_cov,460265559,336,42994.0,11176.6630859375,33.263878231956845,25.343948546503338,0.2599586706502652
source_b_v1_13_tuned_lightgbm_cov_100,favorita_top_volume_100_20260714,Favorita,14,lightgbm_tuned_cov,460320682,336,32557.0,7703.01851272583,22.925650335493543,22.670167216967087,0.23660099249703076
source_b_v1_13_tuned_lightgbm_cov_100,favorita_top_volume_100_20260714,Favorita,14,lightgbm_tuned_cov,460582864,336,39571.47597503662,8031.699577331543,23.90386778967721,19.787218525779394,0.2029668941941484
source_b_v1_13_tuned_lightgbm_cov_100,favorita_top_volume_100_20260714,Favorita,14,lightgbm_tuned_cov,460583985,336,56362.90319824219,21301.50867986679,63.39734726150831,71.38051881045551,0.37793490879886277
source_b_v1_13_tuned_lightgbm_cov_100,favorita_top_volume_100_20260714,Favorita,14,lightgbm_tuned_cov,460584028,336,53102.20799827576,16019.437089920044,47.67689610095251,31.392224690388087,0.3016717702292191
source_b_v1_13_tuned_lightgbm_cov_100,favorita_top_volume_100_20260714,Favorita,14,lightgbm_tuned_cov,460807493,336,13381.0,8292.088877677917,24.67883594546999,59.11020722031173,0.6196912695372482
source_b_v1_13_tuned_lightgbm_cov_100,favorita_top_volume_100_20260714,Favorita,14,lightgbm_tuned_cov,460903284,336,44653.990087628365,19102.968286395073,56.854072280937714,48.80554053617357,0.42779980577116794
source_b_v1_13_tuned_lightgbm_cov_100,favorita_top_volume_100_20260714,Favorita,14,lightgbm_tuned_cov,461047679,336,42613.0,18070.067539215088,53.77996291433062,42.989671918992926,0.4240505840756363
source_b_v1_13_tuned_lightgbm_cov_100,favorita_top_volume_100_20260714,Favorita,14,lightgbm_tuned_cov,461143685,336,22833.0,12092.452563285828,35.98944215263639,57.24413889387942,0.5296041940737454
source_b_v1_13_tuned_lightgbm_cov_100,favorita_top_volume_100_20260714,Favorita,14,lightgbm_tuned_cov,461463992,336,94141.0,20689.415802001953,61.57564226786295,21.84483677331385,0.2197705123378969
source_b_v1_13_tuned_lightgbm_cov_100,favorita_top_volume_100_20260714,Favorita,14,lightgbm_tuned_cov,461463993,336,82056.0,17786.10679626465,52.93484165554955,21.88826966984704,0.21675571312597067
source_b_v1_13_tuned_lightgbm_cov_100,favorita_top_volume_100_20260714,Favorita,14,lightgbm_tuned_cov,470364738,336,66782.0,28399.335388183594,84.52183151245117,37.17317278762514,0.42525434081314717
source_b_v1_13_tuned_lightgbm_cov_100,favorita_top_volume_100_20260714,Favorita,14,lightgbm_tuned_cov,470584028,336,40728.31797218323,10689.382711410522,31.813639022055128,25.297190258687674,0.2624557861365941
source_b_v1_13_tuned_lightgbm_cov_100,favorita_top_volume_100_20260714,Favorita,14,lightgbm_tuned_cov,470807493,336,15427.0,10084.620374679565,30.013751115117753,61.39671288573971,0.6536993825552321
source_b_v1_13_tuned_lightgbm_cov_100,favorita_top_volume_100_20260714,Favorita,14,lightgbm_tuned_cov,470903285,336,53312.443910360336,19050.79012131691,56.698780122966994,39.71446026969866,0.3573422774117981
source_b_v1_13_tuned_lightgbm_cov_100,favorita_top_volume_100_20260714,Favorita,14,lightgbm_tuned_cov,471047679,336,65494.0,22684.844512939453,67.51441819327218,33.03185931785502,0.34636523212720943
source_b_v1_13_tuned_lightgbm_cov_100,favorita_top_volume_100_20260714,Favorita,14,lightgbm_tuned_cov,471143685,336,22812.0,12856.159579277039,38.26237970022928,58.910558824182466,0.563570032407375
source_b_v1_13_tuned_lightgbm_cov_100,favorita_top_volume_100_20260714,Favorita,14,lightgbm_tuned_cov,471463992,336,81131.0,17993.29278564453,53.551466623942055,21.765917090032826,0.22178073468396212
source_b_v1_13_tuned_lightgbm_cov_100,favorita_top_volume_100_20260714,Favorita,14,lightgbm_tuned_cov,471463993,336,86114.0,17664.18635559082,52.57198320116316,21.14379046059463,0.20512560507688438
source_b_v1_13_tuned_lightgbm_cov_100,favorita_top_volume_100_20260714,Favorita,14,lightgbm_tuned_cov,471473474,336,82299.29704284668,13920.349517822266,41.429611660185316,16.56201600098041,0.16914299414459213
source_b_v1_13_tuned_lightgbm_cov_100,favorita_top_volume_100_20260714,Favorita,14,lightgbm_tuned_cov,471503844,336,119533.05811691284,24963.021976470947,74.29470826330639,21.18748171221818,0.20883780913607286
source_b_v1_13_tuned_lightgbm_cov_100,favorita_top_volume_100_20260714,Favorita,14,lightgbm_tuned_cov,471642399,336,91023.63522148132,23732.929895401,70.6337199267887,27.286002094036878,0.26073370765354903
source_b_v1_13_tuned_lightgbm_cov_100,favorita_top_volume_100_20260714,Favorita,14,lightgbm_tuned_cov,480265559,336,42158.0,13026.315380096436,38.76879577409653,30.49577341647445,0.3089879828287973
source_b_v1_13_tuned_lightgbm_cov_100,favorita_top_volume_100_20260714,Favorita,14,lightgbm_tuned_cov,480584028,336,78883.58391571045,19902.34627532959,59.233173438480925,25.433107204482365,0.25230022886125286
source_b_v1_13_tuned_lightgbm_cov_100,favorita_top_volume_100_20260714,Favorita,14,lightgbm_tuned_cov,481143685,336,23027.0,11671.073350906372,34.73533735388801,56.72904689701321,0.5068429821907487
source_b_v1_13_tuned_lightgbm_cov_100,favorita_top_volume_100_20260714,Favorita,14,lightgbm_tuned_cov,481463992,336,104652.0,28418.4022064209,84.5785779953003,27.919783738860477,0.2715514486719881
source_b_v1_13_tuned_lightgbm_cov_100,favorita_top_volume_100_20260714,Favorita,14,lightgbm_tuned_cov,490364738,336,53215.0,19368.47239303589,57.64426307451157,33.53050883449332,0.36396640783681083
source_b_v1_13_tuned_lightgbm_cov_100,favorita_top_volume_100_20260714,Favorita,14,lightgbm_tuned_cov,491473474,336,102771.42575073242,14213.962799072266,42.3034607115246,13.724315053919453,0.1383065642540331
source_b_v1_13_tuned_lightgbm_cov_100,favorita_top_volume_100_20260714,Favorita,14,lightgbm_tuned_cov,491503844,336,188745.82846546173,32873.95458507538,97.83915055081958,18.600697566071275,0.17417049612352586
source_b_v1_13_tuned_lightgbm_cov_100,favorita_top_volume_100_20260714,Favorita,14,lightgbm_tuned_cov,491642399,336,88456.82216262817,16374.056209564209,48.73231014751253,19.19004221998154,0.18510789568565383
source_b_v1_13_tuned_lightgbm_cov_100,favorita_top_volume_100_20260714,Favorita,14,lightgbm_tuned_cov,491695835,336,86648.78703308105,16714.828552246094,49.74651354835147,19.3640339618323,0.19290320297114663
source_b_v1_13_tuned_lightgbm_cov_100,favorita_top_volume_100_20260714,Favorita,14,lightgbm_tuned_cov,500584028,336,46354.22006523609,11985.953915476799,35.672481891299995,26.930422050528662,0.25857308997127987
source_b_v1_13_tuned_lightgbm_cov_100,favorita_top_volume_100_20260714,Favorita,14,lightgbm_tuned_cov,510257847,336,40000.0,16814.040320634842,50.04178666855608,63.43776990388857,0.42035100801587105
source_b_v1_13_tuned_lightgbm_cov_100,favorita_top_volume_100_20260714,Favorita,14,lightgbm_tuned_cov,511239986,336,123141.51953125,100892.03158682585,300.2739035322198,188.37015629201633,0.8193177408471248
source_b_v1_13_tuned_lightgbm_cov_100,favorita_top_volume_100_20260714,Favorita,14,lightgbm_tuned_cov,511473474,336,80121.23680877686,11603.95726776123,34.53558710643223,14.72245514220335,0.14482998178692716
source_b_v1_13_tuned_lightgbm_cov_100,favorita_top_volume_100_20260714,Favorita,14,lightgbm_tuned_cov,511503844,336,115486.46313071251,23162.043598413467,68.93465356670674,23.35296107439902,0.20056068019156217
source_b_v1_13_tuned_lightgbm_cov_100,favorita_top_volume_100_20260714,Favorita,14,lightgbm_tuned_cov,511695835,336,76979.18010139465,15585.072248458862,46.38414359660376,20.956879220849288,0.2024582780425912
source_b_v1_13_tuned_lightgbm_cov_100,favorita_top_volume_100_20260714,Favorita,28,lightgbm_tuned_cov,20582864,336,62179.15570354462,32984.02528476715,98.16674191894985,57.87749362101009,0.530467564436338
source_b_v1_13_tuned_lightgbm_cov_100,favorita_top_volume_100_20260714,Favorita,28,lightgbm_tuned_cov,30364738,336,60684.0,21626.021770477295,64.36316003118243,35.584153898753684,0.3563710660219711
source_b_v1_13_tuned_lightgbm_cov_100,favorita_top_volume_100_20260714,Favorita,28,lightgbm_tuned_cov,30819932,336,44266.0,24814.93878760934,73.85398448693256,72.43992024656177,0.5605868790405579
source_b_v1_13_tuned_lightgbm_cov_100,favorita_top_volume_100_20260714,Favorita,28,lightgbm_tuned_cov,31047679,336,125142.0,38384.83348083496,114.24057583581833,31.129265830293306,0.30673022231413083
source_b_v1_13_tuned_lightgbm_cov_100,favorita_top_volume_100_20260714,Favorita,28,lightgbm_tuned_cov,31430040,336,122391.0,39657.04396057129,118.02691654931931,34.45197141655978,0.32401928214142617
source_b_v1_13_tuned_lightgbm_cov_100,favorita_top_volume_100_20260714,Favorita,28,lightgbm_tuned_cov,31463993,336,95667.0,20644.443328857422,61.44179562159947,22.791006846644983,0.21579482296776759
source_b_v1_13_tuned_lightgbm_cov_100,favorita_top_volume_100_20260714,Favorita,28,lightgbm_tuned_cov,31473404,336,71985.0,16398.763648986816,48.805844193413144,24.16436514602195,0.22780806624973005
source_b_v1_13_tuned_lightgbm_cov_100,favorita_top_volume_100_20260714,Favorita,28,lightgbm_tuned_cov,31473474,336,120521.74017333984,17019.322372436523,50.65274515606108,14.44444728384409,0.1412137125464548
source_b_v1_13_tuned_lightgbm_cov_100,favorita_top_volume_100_20260714,Favorita,28,lightgbm_tuned_cov,31503844,336,178326.49873435497,31811.145156025887,94.67602725007704,18.871307463650744,0.1783870898705499
source_b_v1_13_tuned_lightgbm_cov_100,favorita_top_volume_100_20260714,Favorita,28,lightgbm_tuned_cov,71047679,336,65556.0,21188.10108947754,63.059824671064106,32.0669563815883,0.3232061304758914
source_b_v1_13_tuned_lightgbm_cov_100,favorita_top_volume_100_20260714,Favorita,28,lightgbm_tuned_cov,71473474,336,73308.13996124268,12283.51082611084,36.55806793485369,17.236475817891332,0.16755998491579538
source_b_v1_13_tuned_lightgbm_cov_100,favorita_top_volume_100_20260714,Favorita,28,lightgbm_tuned_cov,71503844,336,131404.38612121344,23427.8961969018,69.72588153839821,19.294843404774223,0.17828854034819533
source_b_v1_13_tuned_lightgbm_cov_100,favorita_top_volume_100_20260714,Favorita,28,lightgbm_tuned_cov,81047679,336,68685.0,21599.109481811523,64.28306393396286,33.60245264727394,0.3144661786679992
source_b_v1_13_tuned_lightgbm_cov_100,favorita_top_volume_100_20260714,Favorita,28,lightgbm_tuned_cov,81430040,336,78297.0,30096.768753051758,89.57371652693976,43.75077408775675,0.38439236181528996
source_b_v1_13_tuned_lightgbm_cov_100,favorita_top_volume_100_20260714,Favorita,28,lightgbm_tuned_cov,81473474,336,68700.30795288086,14046.93724822998,41.80636085782732,21.414205230604797,0.20446687455701484
source_b_v1_13_tuned_lightgbm_cov_100,favorita_top_volume_100_20260714,Favorita,28,lightgbm_tuned_cov,81503844,336,134077.01923525333,23563.54451596737,70.12959677371241,18.12469901218512,0.17574633334160314
source_b_v1_13_tuned_lightgbm_cov_100,favorita_top_volume_100_20260714,Favorita,28,lightgbm_tuned_cov,90457928,336,21455.09001350403,10434.736638307571,31.05576380448682,60.36735355610606,0.4863524987189452
source_b_v1_13_tuned_lightgbm_cov_100,favorita_top_volume_100_20260714,Favorita,28,lightgbm_tuned_cov,91463992,336,102244.0,24385.418579101562,72.57565053304036,24.034293507476395,0.2385021965015215
source_b_v1_13_tuned_lightgbm_cov_100,favorita_top_volume_100_20260714,Favorita,28,lightgbm_tuned_cov,110320682,336,42424.0,11488.628395080566,34.19234641393026,27.76923615104783,0.2708049310550765
source_b_v1_13_tuned_lightgbm_cov_100,favorita_top_volume_100_20260714,Favorita,28,lightgbm_tuned_cov,110584126,336,128286.72693824768,29511.780614852905,87.83268040134793,23.770050544300044,0.2300454717272407
source_b_v1_13_tuned_lightgbm_cov_100,favorita_top_volume_100_20260714,Favorita,28,lightgbm_tuned_cov,110807493,336,32910.0,13937.32647228241,41.48013831036432,45.330777168653825,0.42349822158257094
source_b_v1_13_tuned_lightgbm_cov_100,favorita_top_volume_100_20260714,Favorita,28,lightgbm_tuned_cov,110819932,336,70807.0,34063.02023243904,101.37803640606857,61.3416157873087,0.4810685417040553
source_b_v1_13_tuned_lightgbm_cov_100,favorita_top_volume_100_20260714,Favorita,28,lightgbm_tuned_cov,110968432,336,35446.0,19159.106503594667,57.02115030831746,101.28718110689954,0.5405153332842823
source_b_v1_13_tuned_lightgbm_cov_100,favorita_top_volume_100_20260714,Favorita,28,lightgbm_tuned_cov,111047679,336,57507.0,26563.723430633545,79.05870068640937,44.198696554102476,0.4619215648639913
source_b_v1_13_tuned_lightgbm_cov_100,favorita_top_volume_100_20260714,Favorita,28,lightgbm_tuned_cov,111146786,336,43770.0,16305.859062194824,48.5293424470084,39.52095871685442,0.37253504825667866
source_b_v1_13_tuned_lightgbm_cov_100,favorita_top_volume_100_20260714,Favorita,28,lightgbm_tuned_cov,140584126,336,54653.09191584587,18135.700030565262,53.97529771001566,40.05079559333949,0.3318330106280241
source_b_v1_13_tuned_lightgbm_cov_100,favorita_top_volume_100_20260714,Favorita,28,lightgbm_tuned_cov,171463992,336,71476.0,18613.79835510254,55.398209390186125,27.168169425488042,0.26042025792017653
source_b_v1_13_tuned_lightgbm_cov_100,favorita_top_volume_100_20260714,Favorita,28,lightgbm_tuned_cov,190819932,336,77399.0,36307.32471179962,108.05751402321316,55.20521861661092,0.46909294321373174
source_b_v1_13_tuned_lightgbm_cov_100,favorita_top_volume_100_20260714,Favorita,28,lightgbm_tuned_cov,201463992,336,92876.0,26578.890701293945,79.10384137289864,28.72246402097982,0.286176091792217
source_b_v1_13_tuned_lightgbm_cov_100,favorita_top_volume_100_20260714,Favorita,28,lightgbm_tuned_cov,230583985,336,12469.941967964172,7513.246850535274,22.36085372183117,100.98888668590138,0.602508565784599
source_b_v1_13_tuned_lightgbm_cov_100,favorita_top_volume_100_20260714,Favorita,28,lightgbm_tuned_cov,231084365,336,68294.02824401855,44570.54168577492,132.65042168385395,146.17943370559226,0.6526272183934116
source_b_v1_13_tuned_lightgbm_cov_100,favorita_top_volume_100_20260714,Favorita,28,lightgbm_tuned_cov,240257847,336,48982.0,17236.24263575673,51.29834117784741,56.262314266318825,0.35188931925516986
source_b_v1_13_tuned_lightgbm_cov_100,favorita_top_volume_100_20260714,Favorita,28,lightgbm_tuned_cov,241503844,336,79591.33407306671,16189.2602186203,48.182322079227085,22.59124966761473,0.2034048104251925
source_b_v1_13_tuned_lightgbm_cov_100,favorita_top_volume_100_20260714,Favorita,28,lightgbm_tuned_cov,311167614,336,74961.0,24379.49828338623,72.55803060531616,32.45103547325069,0.3252290962418622
source_b_v1_13_tuned_lightgbm_cov_100,favorita_top_volume_100_20260714,Favorita,28,lightgbm_tuned_cov,351167614,336,58615.0,26406.99213409424,78.59223849432809,44.86905913668775,0.4505159453057108
source_b_v1_13_tuned_lightgbm_cov_100,favorita_top_volume_100_20260714,Favorita,28,lightgbm_tuned_cov,371503844,336,65680.43591976166,11975.390225410461,35.64104233753113,20.051634161901358,0.18232811731091686
source_b_v1_13_tuned_lightgbm_cov_100,favorita_top_volume_100_20260714,Favorita,28,lightgbm_tuned_cov,391167614,336,149581.0,64809.49491119385,192.88540152141027,47.31346597252717,0.4332735769328581
source_b_v1_13_tuned_lightgbm_cov_100,favorita_top_volume_100_20260714,Favorita,28,lightgbm_tuned_cov,391463864,336,100418.0,26688.696258544922,79.43064362662179,30.275683822346895,0.2657760188267534
source_b_v1_13_tuned_lightgbm_cov_100,favorita_top_volume_100_20260714,Favorita,28,lightgbm_tuned_cov,430807493,336,25500.0,12610.40943479538,37.53098046070053,55.78620054650509,0.4945258601880541
source_b_v1_13_tuned_lightgbm_cov_100,favorita_top_volume_100_20260714,Favorita,28,lightgbm_tuned_cov,431143685,336,22646.0,12882.473699569702,38.340695534433635,60.37550915928838,0.5688630972167139
source_b_v1_13_tuned_lightgbm_cov_100,favorita_top_volume_100_20260714,Favorita,28,lightgbm_tuned_cov,431430040,336,75646.0,33501.712000608444,99.70747619228703,48.5884197368534,0.44287486450847957
source_b_v1_13_tuned_lightgbm_cov_100,favorita_top_volume_100_20260714,Favorita,28,lightgbm_tuned_cov,440819932,336,65672.0,33693.81256747246,100.27920406985851,62.59076359253706,0.5130620746661052
source_b_v1_13_tuned_lightgbm_cov_100,favorita_top_volume_100_20260714,Favorita,28,lightgbm_tuned_cov,441037857,336,26526.0,18176.27290543914,54.09605031380696,79.64907736742332,0.6852247947462542
source_b_v1_13_tuned_lightgbm_cov_100,favorita_top_volume_100_20260714,Favorita,28,lightgbm_tuned_cov,441047679,336,127506.0,41483.782653808594,123.46363885062081,31.098707686787318,0.32534769072677827
source_b_v1_13_tuned_lightgbm_cov_100,favorita_top_volume_100_20260714,Favorita,28,lightgbm_tuned_cov,441047690,336,33974.0,9988.642059326172,29.72810136704218,27.919848676982866,0.29400841994837734
source_b_v1_13_tuned_lightgbm_cov_100,favorita_top_volume_100_20260714,Favorita,28,lightgbm_tuned_cov,441430040,336,110659.0,57095.367988586426,169.9266904422215,57.22546869633439,0.5159577439574407
source_b_v1_13_tuned_lightgbm_cov_100,favorita_top_volume_100_20260714,Favorita,28,lightgbm_tuned_cov,441473410,336,60555.434147417545,14860.192552030087,44.22676354770859,28.00210439420209,0.2453981671711591
source_b_v1_13_tuned_lightgbm_cov_100,favorita_top_volume_100_20260714,Favorita,28,lightgbm_tuned_cov,441473474,336,161569.7039642334,29446.3829498291,87.638044493539,18.058192504499402,0.18225188403110296
source_b_v1_13_tuned_lightgbm_cov_100,favorita_top_volume_100_20260714,Favorita,28,lightgbm_tuned_cov,441502392,336,71587.98893737793,18561.738731384277,55.24327003388178,27.238685973042532,0.25928565681068766
source_b_v1_13_tuned_lightgbm_cov_100,favorita_top_volume_100_20260714,Favorita,28,lightgbm_tuned_cov,441503844,336,240006.25012922287,41559.290825366974,123.68836555168743,18.059984766722508,0.1731592023249013
source_b_v1_13_tuned_lightgbm_cov_100,favorita_top_volume_100_20260714,Favorita,28,lightgbm_tuned_cov,441695835,336,71396.3309249878,20138.981910705566,59.93744616281418,28.683145921915372,0.2820730652372667
source_b_v1_13_tuned_lightgbm_cov_100,favorita_top_volume_100_20260714,Favorita,28,lightgbm_tuned_cov,450265559,336,38409.0,10213.07946395874,30.396069833210536,26.816675530668704,0.2659032899570085
source_b_v1_13_tuned_lightgbm_cov_100,favorita_top_volume_100_20260714,Favorita,28,lightgbm_tuned_cov,450314384,336,40907.0,9030.22640991211,26.875673839024135,22.233678666737735,0.2207501505833258
source_b_v1_13_tuned_lightgbm_cov_100,favorita_top_volume_100_20260714,Favorita,28,lightgbm_tuned_cov,450364606,336,40823.0,10901.119228363037,32.443807227270945,19.064214885124414,0.26703376107495863
source_b_v1_13_tuned_lightgbm_cov_100,favorita_top_volume_100_20260714,Favorita,28,lightgbm_tuned_cov,450364738,336,58977.0,22184.34462738037,66.02483520053681,36.82422336311576,0.3761524768533559
source_b_v1_13_tuned_lightgbm_cov_100,favorita_top_volume_100_20260714,Favorita,28,lightgbm_tuned_cov,450584028,336,55816.6309800148,14404.71698141098,42.87118149229458,27.09332557890678,0.25807213241817845
source_b_v1_13_tuned_lightgbm_cov_100,favorita_top_volume_100_20260714,Favorita,28,lightgbm_tuned_cov,451047679,336,58833.0,23830.261114120483,70.92339617297763,41.7632189580364,0.40504922601465987
source_b_v1_13_tuned_lightgbm_cov_100,favorita_top_volume_100_20260714,Favorita,28,lightgbm_tuned_cov,451463992,336,103241.0,21571.97895050049,64.20231830506097,21.604694831923236,0.20894779157990032
source_b_v1_13_tuned_lightgbm_cov_100,favorita_top_volume_100_20260714,Favorita,28,lightgbm_tuned_cov,451463993,336,106690.0,20159.4630279541,59.99840186891102,19.288141514382918,0.18895363228000844
source_b_v1_13_tuned_lightgbm_cov_100,favorita_top_volume_100_20260714,Favorita,28,lightgbm_tuned_cov,451473474,336,115135.57293128967,19342.95239830017,57.5683107092267,17.73011091423252,0.16800152989939618
source_b_v1_13_tuned_lightgbm_cov_100,favorita_top_volume_100_20260714,Favorita,28,lightgbm_tuned_cov,451503844,336,155174.49281215668,25470.786576271057,75.80591242937814,17.030043292705884,0.16414286984075532
source_b_v1_13_tuned_lightgbm_cov_100,favorita_top_volume_100_20260714,Favorita,28,lightgbm_tuned_cov,451686656,336,66133.0,15335.801300048828,45.64226577395485,24.579421893530544,0.23189332557193576
source_b_v1_13_tuned_lightgbm_cov_100,favorita_top_volume_100_20260714,Favorita,28,lightgbm_tuned_cov,460159156,336,36659.13201189041,17139.57802337408,51.01064887908952,68.55105130325336,0.467539111886633
source_b_v1_13_tuned_lightgbm_cov_100,favorita_top_volume_100_20260714,Favorita,28,lightgbm_tuned_cov,460265559,336,42994.0,12725.453342437744,37.873373042969476,29.42005105238185,0.2959820752299796
source_b_v1_13_tuned_lightgbm_cov_100,favorita_top_volume_100_20260714,Favorita,28,lightgbm_tuned_cov,460320682,336,32557.0,8091.984973907471,24.083288612819853,24.055974674517707,0.24854823767261944
source_b_v1_13_tuned_lightgbm_cov_100,favorita_top_volume_100_20260714,Favorita,28,lightgbm_tuned_cov,460582864,336,39571.47597503662,8155.290710449219,24.271698543003627,20.47544241919228,0.2060901320838759
source_b_v1_13_tuned_lightgbm_cov_100,favorita_top_volume_100_20260714,Favorita,28,lightgbm_tuned_cov,460583985,336,56362.90319824219,26233.61568582058,78.0762371601803,80.25033352124031,0.46544117135965307
source_b_v1_13_tuned_lightgbm_cov_100,favorita_top_volume_100_20260714,Favorita,28,lightgbm_tuned_cov,460584028,336,53102.20799827576,15110.25897026062,44.97100884006137,30.491364061155696,0.2845504836776515
source_b_v1_13_tuned_lightgbm_cov_100,favorita_top_volume_100_20260714,Favorita,28,lightgbm_tuned_cov,460807493,336,13381.0,8969.140920221806,26.693871786374423,90.69411923567748,0.6702892848233918
source_b_v1_13_tuned_lightgbm_cov_100,favorita_top_volume_100_20260714,Favorita,28,lightgbm_tuned_cov,460903284,336,44653.990087628365,20251.179136157036,60.271366476657846,50.977040547150885,0.4535133164229312
source_b_v1_13_tuned_lightgbm_cov_100,favorita_top_volume_100_20260714,Favorita,28,lightgbm_tuned_cov,461047679,336,42613.0,17071.853359222412,50.80908737863813,41.92360477024713,0.4006254748368435
source_b_v1_13_tuned_lightgbm_cov_100,favorita_top_volume_100_20260714,Favorita,28,lightgbm_tuned_cov,461143685,336,22833.0,13394.952442497015,39.865929888383974,68.2081858868703,0.5866488171723827
source_b_v1_13_tuned_lightgbm_cov_100,favorita_top_volume_100_20260714,Favorita,28,lightgbm_tuned_cov,461463992,336,94141.0,21993.338012695312,65.45636313302177,23.276394233478946,0.23362124911245166
source_b_v1_13_tuned_lightgbm_cov_100,favorita_top_volume_100_20260714,Favorita,28,lightgbm_tuned_cov,461463993,336,82056.0,21087.483337402344,62.76036707560221,26.676667144582716,0.25698892631132814
source_b_v1_13_tuned_lightgbm_cov_100,favorita_top_volume_100_20260714,Favorita,28,lightgbm_tuned_cov,470364738,336,66782.0,29141.704475402832,86.73126331965129,38.56533673176849,0.4363706459136119
source_b_v1_13_tuned_lightgbm_cov_100,favorita_top_volume_100_20260714,Favorita,28,lightgbm_tuned_cov,470584028,336,40728.31797218323,10949.744226455688,32.58852448349907,26.29992157758269,0.2688484271296002
source_b_v1_13_tuned_lightgbm_cov_100,favorita_top_volume_100_20260714,Favorita,28,lightgbm_tuned_cov,470807493,336,15427.0,11609.012017965317,34.550631005849155,86.31084539231753,0.752512608930143
source_b_v1_13_tuned_lightgbm_cov_100,favorita_top_volume_100_20260714,Favorita,28,lightgbm_tuned_cov,470903285,336,53312.443910360336,19413.176302194595,57.7773104231982,40.25328090311047,0.36413968068760744
source_b_v1_13_tuned_lightgbm_cov_100,favorita_top_volume_100_20260714,Favorita,28,lightgbm_tuned_cov,471047679,336,65494.0,26754.02172088623,79.62506464549473,38.16549890876064,0.4084957663432716
source_b_v1_13_tuned_lightgbm_cov_100,favorita_top_volume_100_20260714,Favorita,28,lightgbm_tuned_cov,471143685,336,22812.0,15050.452766001225,44.79301418452745,71.61416475552119,0.6597603351745233
source_b_v1_13_tuned_lightgbm_cov_100,favorita_top_volume_100_20260714,Favorita,28,lightgbm_tuned_cov,471463992,336,81131.0,20509.167266845703,61.03918829418364,26.140450645565753,0.2527907614456336
source_b_v1_13_tuned_lightgbm_cov_100,favorita_top_volume_100_20260714,Favorita,28,lightgbm_tuned_cov,471463993,336,86114.0,21033.29473876953,62.59909148443313,25.85004336851579,0.2442494221470322
source_b_v1_13_tuned_lightgbm_cov_100,favorita_top_volume_100_20260714,Favorita,28,lightgbm_tuned_cov,471473474,336,82299.29704284668,15856.787162780762,47.1928189368475,19.41358144888337,0.19267220659886558
source_b_v1_13_tuned_lightgbm_cov_100,favorita_top_volume_100_20260714,Favorita,28,lightgbm_tuned_cov,471503844,336,119533.05811691284,25072.82530593872,74.62150388672238,21.713760970370334,0.20975641133029077
source_b_v1_13_tuned_lightgbm_cov_100,favorita_top_volume_100_20260714,Favorita,28,lightgbm_tuned_cov,471642399,336,91023.63522148132,28313.196794509888,84.26546665032704,31.657573847423365,0.3110532415632204
source_b_v1_13_tuned_lightgbm_cov_100,favorita_top_volume_100_20260714,Favorita,28,lightgbm_tuned_cov,480265559,336,42158.0,13511.864112854004,40.21388128825596,32.41138003594863,0.3205053397422554
source_b_v1_13_tuned_lightgbm_cov_100,favorita_top_volume_100_20260714,Favorita,28,lightgbm_tuned_cov,480584028,336,78883.58391571045,20265.323028564453,60.313461394537065,27.03687474808189,0.2569016520625962
source_b_v1_13_tuned_lightgbm_cov_100,favorita_top_volume_100_20260714,Favorita,28,lightgbm_tuned_cov,481143685,336,23027.0,12234.751873016357,36.41295200302487,57.781314718094855,0.5313220077741937
source_b_v1_13_tuned_lightgbm_cov_100,favorita_top_volume_100_20260714,Favorita,28,lightgbm_tuned_cov,481463992,336,104652.0,31310.85026550293,93.18705436161586,30.467284922472054,0.29919017568228923
source_b_v1_13_tuned_lightgbm_cov_100,favorita_top_volume_100_20260714,Favorita,28,lightgbm_tuned_cov,490364738,336,53215.0,18787.08744430542,55.91395072709946,34.50031839668865,0.35304119974265563
source_b_v1_13_tuned_lightgbm_cov_100,favorita_top_volume_100_20260714,Favorita,28,lightgbm_tuned_cov,491473474,336,102771.42575073242,16123.759658813477,47.98737993694487,16.06068843712655,0.15688952002982762
source_b_v1_13_tuned_lightgbm_cov_100,favorita_top_volume_100_20260714,Favorita,28,lightgbm_tuned_cov,491503844,336,188745.82846546173,36540.95208263397,108.75283357926777,20.71240060897261,0.1935987268154143
source_b_v1_13_tuned_lightgbm_cov_100,favorita_top_volume_100_20260714,Favorita,28,lightgbm_tuned_cov,491642399,336,88456.82216262817,19116.456386566162,56.89421543620882,22.58031900221597,0.21611059406385288
source_b_v1_13_tuned_lightgbm_cov_100,favorita_top_volume_100_20260714,Favorita,28,lightgbm_tuned_cov,491695835,336,86648.78703308105,18118.837173461914,53.92511063530331,21.413781501020367,0.20910664527299666
source_b_v1_13_tuned_lightgbm_cov_100,favorita_top_volume_100_20260714,Favorita,28,lightgbm_tuned_cov,500584028,336,46354.22006523609,12803.48075568676,38.105597487162974,29.423511846702166,0.2762096037354943
source_b_v1_13_tuned_lightgbm_cov_100,favorita_top_volume_100_20260714,Favorita,28,lightgbm_tuned_cov,510257847,336,40000.0,16815.797399759293,50.04701607071218,63.876180979188945,0.42039493499398234
source_b_v1_13_tuned_lightgbm_cov_100,favorita_top_volume_100_20260714,Favorita,28,lightgbm_tuned_cov,511239986,336,123141.51953125,113371.93316981196,337.4164677672975,191.93018469456646,0.9206637501418944
source_b_v1_13_tuned_lightgbm_cov_100,favorita_top_volume_100_20260714,Favorita,28,lightgbm_tuned_cov,511473474,336,80121.23680877686,12956.443733215332,38.56084444409325,16.30817937504047,0.1617104808820927
source_b_v1_13_tuned_lightgbm_cov_100,favorita_top_volume_100_20260714,Favorita,28,lightgbm_tuned_cov,511503844,336,115486.46313071251,25406.875965356827,75.6157022778477,25.756928112796935,0.21999873644584855
source_b_v1_13_tuned_lightgbm_cov_100,favorita_top_volume_100_20260714,Favorita,28,lightgbm_tuned_cov,511695835,336,76979.18010139465,15045.225187301636,44.7774559145882,20.28589459974143,0.19544538104308878
