run_id,panel_id,dataset,horizon,model_name,series_id,n_predictions,abs_y,abs_error,MAE,sMAPE,WAPE
source_b_v1_13_tuned_lightgbm_direct_100,m5_top_volume_100_20260714,M5,7,lightgbm_tuned_direct,FOODS_1_218_TX_2_validation,378,5582.0,2278.076742172241,6.0266580480747125,45.36490396601193,0.4081112042587319
source_b_v1_13_tuned_lightgbm_direct_100,m5_top_volume_100_20260714,M5,7,lightgbm_tuned_direct,FOODS_2_197_CA_1_validation,378,6349.0,2118.5785970687866,5.604705283250758,36.20881135431207,0.3336869738649845
source_b_v1_13_tuned_lightgbm_direct_100,m5_top_volume_100_20260714,M5,7,lightgbm_tuned_direct,FOODS_2_197_CA_3_validation,378,5223.0,1668.0935068130493,4.412945785219708,33.30973522020578,0.3193745944501339
source_b_v1_13_tuned_lightgbm_direct_100,m5_top_volume_100_20260714,M5,7,lightgbm_tuned_direct,FOODS_2_276_CA_3_validation,378,3143.0,1816.99121427536,4.806855064220529,54.95485122556529,0.5781072905744067
source_b_v1_13_tuned_lightgbm_direct_100,m5_top_volume_100_20260714,M5,7,lightgbm_tuned_direct,FOODS_2_360_CA_3_validation,378,4857.0,2178.2044911384583,5.762445743752535,78.23427634867677,0.4484670560301541
source_b_v1_13_tuned_lightgbm_direct_100,m5_top_volume_100_20260714,M5,7,lightgbm_tuned_direct,FOODS_2_360_TX_3_validation,378,3979.0,1916.6436454486102,5.070485834520133,101.1032703499234,0.4816897827214401
source_b_v1_13_tuned_lightgbm_direct_100,m5_top_volume_100_20260714,M5,7,lightgbm_tuned_direct,FOODS_2_360_WI_2_validation,378,10631.0,5570.2147925216705,14.736017969634048,112.3138820067673,0.5239596268010225
source_b_v1_13_tuned_lightgbm_direct_100,m5_top_volume_100_20260714,M5,7,lightgbm_tuned_direct,FOODS_3_007_WI_2_validation,378,8464.0,8218.826210975647,21.742926484062558,132.06626310453132,0.9710333425065746
source_b_v1_13_tuned_lightgbm_direct_100,m5_top_volume_100_20260714,M5,7,lightgbm_tuned_direct,FOODS_3_030_TX_2_validation,378,5036.0,1715.9888143818825,4.539652948100218,74.44452713678464,0.3407444031735271
source_b_v1_13_tuned_lightgbm_direct_100,m5_top_volume_100_20260714,M5,7,lightgbm_tuned_direct,FOODS_3_030_TX_3_validation,378,5820.0,2010.4537794124335,5.318660792096385,78.03448624487879,0.3454387937134765
source_b_v1_13_tuned_lightgbm_direct_100,m5_top_volume_100_20260714,M5,7,lightgbm_tuned_direct,FOODS_3_080_CA_1_validation,378,6869.0,1990.7186346054077,5.26645141430002,29.502310047366986,0.2898120009616258
source_b_v1_13_tuned_lightgbm_direct_100,m5_top_volume_100_20260714,M5,7,lightgbm_tuned_direct,FOODS_3_080_TX_2_validation,378,6590.0,1524.5708179473877,4.033256132135946,23.740560999102907,0.23134610287517263
source_b_v1_13_tuned_lightgbm_direct_100,m5_top_volume_100_20260714,M5,7,lightgbm_tuned_direct,FOODS_3_090_CA_1_validation,378,18773.0,6080.3565147817135,16.08559924545427,59.56710299525623,0.32388837771169837
source_b_v1_13_tuned_lightgbm_direct_100,m5_top_volume_100_20260714,M5,7,lightgbm_tuned_direct,FOODS_3_090_CA_2_validation,378,14152.0,4910.419824168086,12.990528635365306,62.265194571102334,0.34697709328491283
source_b_v1_13_tuned_lightgbm_direct_100,m5_top_volume_100_20260714,M5,7,lightgbm_tuned_direct,FOODS_3_090_CA_3_validation,378,36819.0,10014.449604064226,26.49325292080483,48.64515724081643,0.27199135240132066
source_b_v1_13_tuned_lightgbm_direct_100,m5_top_volume_100_20260714,M5,7,lightgbm_tuned_direct,FOODS_3_090_CA_4_validation,378,9660.0,3242.7076204568148,8.578591588510092,58.61396297659076,0.3356840186808297
source_b_v1_13_tuned_lightgbm_direct_100,m5_top_volume_100_20260714,M5,7,lightgbm_tuned_direct,FOODS_3_090_TX_1_validation,378,16993.0,4857.270272046328,12.849921354619914,55.85637425525133,0.28583947931773834
source_b_v1_13_tuned_lightgbm_direct_100,m5_top_volume_100_20260714,M5,7,lightgbm_tuned_direct,FOODS_3_090_TX_2_validation,378,19339.0,6118.203582711518,16.185723763787085,59.857022237127374,0.3163660780139365
source_b_v1_13_tuned_lightgbm_direct_100,m5_top_volume_100_20260714,M5,7,lightgbm_tuned_direct,FOODS_3_090_TX_3_validation,378,21770.0,6779.531452409923,17.935268392618845,60.5233361853735,0.31141623575608285
source_b_v1_13_tuned_lightgbm_direct_100,m5_top_volume_100_20260714,M5,7,lightgbm_tuned_direct,FOODS_3_090_WI_3_validation,378,23889.0,8092.727386184037,21.409331709481577,62.68530995116568,0.3387637567995327
source_b_v1_13_tuned_lightgbm_direct_100,m5_top_volume_100_20260714,M5,7,lightgbm_tuned_direct,FOODS_3_099_TX_2_validation,378,5210.0,2466.1595241725445,6.524231545430012,78.30538324878366,0.4733511562711218
source_b_v1_13_tuned_lightgbm_direct_100,m5_top_volume_100_20260714,M5,7,lightgbm_tuned_direct,FOODS_3_120_CA_1_validation,378,15279.0,6511.841748714447,17.22709457331864,63.569339430320326,0.4261955460903493
source_b_v1_13_tuned_lightgbm_direct_100,m5_top_volume_100_20260714,M5,7,lightgbm_tuned_direct,FOODS_3_120_CA_3_validation,378,31365.0,8791.63886320591,23.258303870915107,36.06390509074916,0.28030093617745605
source_b_v1_13_tuned_lightgbm_direct_100,m5_top_volume_100_20260714,M5,7,lightgbm_tuned_direct,FOODS_3_120_WI_3_validation,378,12400.0,4541.626181006432,12.01488407673659,46.52664339519543,0.36626017588761545
source_b_v1_13_tuned_lightgbm_direct_100,m5_top_volume_100_20260714,M5,7,lightgbm_tuned_direct,FOODS_3_202_CA_3_validation,378,7882.0,2550.0382187366486,6.746132853800658,49.308100568727106,0.3235267976067811
source_b_v1_13_tuned_lightgbm_direct_100,m5_top_volume_100_20260714,M5,7,lightgbm_tuned_direct,FOODS_3_202_TX_1_validation,378,8044.0,2848.9468392580748,7.536896400153637,63.68145413908285,0.35417041761040213
source_b_v1_13_tuned_lightgbm_direct_100,m5_top_volume_100_20260714,M5,7,lightgbm_tuned_direct,FOODS_3_202_TX_2_validation,378,7798.0,3480.3758773356676,9.2073435908351,70.35775167873891,0.4463164756778235
source_b_v1_13_tuned_lightgbm_direct_100,m5_top_volume_100_20260714,M5,7,lightgbm_tuned_direct,FOODS_3_202_TX_3_validation,378,9826.0,3084.578318849206,8.160260102775677,60.02399196345757,0.3139200405912076
source_b_v1_13_tuned_lightgbm_direct_100,m5_top_volume_100_20260714,M5,7,lightgbm_tuned_direct,FOODS_3_226_WI_1_validation,378,14808.0,2619.219373703003,6.929151782283077,18.16381042954449,0.17687867191403314
source_b_v1_13_tuned_lightgbm_direct_100,m5_top_volume_100_20260714,M5,7,lightgbm_tuned_direct,FOODS_3_226_WI_2_validation,378,14519.0,3146.040735244751,8.322859087949077,22.94080622873548,0.21668439529201397
source_b_v1_13_tuned_lightgbm_direct_100,m5_top_volume_100_20260714,M5,7,lightgbm_tuned_direct,FOODS_3_226_WI_3_validation,378,18132.0,3383.5468559265137,8.951182158535751,18.806662929189017,0.186606378553194
source_b_v1_13_tuned_lightgbm_direct_100,m5_top_volume_100_20260714,M5,7,lightgbm_tuned_direct,FOODS_3_234_CA_3_validation,378,7146.0,4586.823416471481,12.134453482728787,66.82429730216202,0.6418728542501373
source_b_v1_13_tuned_lightgbm_direct_100,m5_top_volume_100_20260714,M5,7,lightgbm_tuned_direct,FOODS_3_234_WI_2_validation,378,8932.0,9545.16559484601,25.251760832925953,146.8820895927252,1.068648185719437
source_b_v1_13_tuned_lightgbm_direct_100,m5_top_volume_100_20260714,M5,7,lightgbm_tuned_direct,FOODS_3_234_WI_3_validation,378,7749.0,4597.295795574784,12.162158189351281,75.31653621582556,0.5932760092366479
source_b_v1_13_tuned_lightgbm_direct_100,m5_top_volume_100_20260714,M5,7,lightgbm_tuned_direct,FOODS_3_252_CA_1_validation,378,14668.0,3077.7778520584106,8.142269449889975,22.29873064792657,0.20982941451175421
source_b_v1_13_tuned_lightgbm_direct_100,m5_top_volume_100_20260714,M5,7,lightgbm_tuned_direct,FOODS_3_252_CA_2_validation,378,14731.0,3356.698046684265,8.880153562656787,25.467135082297926,0.22786627158266684
source_b_v1_13_tuned_lightgbm_direct_100,m5_top_volume_100_20260714,M5,7,lightgbm_tuned_direct,FOODS_3_252_CA_3_validation,378,17274.0,3814.2985858917236,10.090736999713554,22.414186382246477,0.22081154254322818
source_b_v1_13_tuned_lightgbm_direct_100,m5_top_volume_100_20260714,M5,7,lightgbm_tuned_direct,FOODS_3_252_TX_1_validation,378,11801.0,3036.049964904785,8.031878214033823,27.88110895775618,0.2572705673167346
source_b_v1_13_tuned_lightgbm_direct_100,m5_top_volume_100_20260714,M5,7,lightgbm_tuned_direct,FOODS_3_252_TX_2_validation,378,21934.0,4808.268857955933,12.720287984010405,22.26213341977473,0.21921532132561014
source_b_v1_13_tuned_lightgbm_direct_100,m5_top_volume_100_20260714,M5,7,lightgbm_tuned_direct,FOODS_3_252_TX_3_validation,378,17754.0,4186.855223655701,11.076336570517727,25.014939147481265,0.23582602363724797
source_b_v1_13_tuned_lightgbm_direct_100,m5_top_volume_100_20260714,M5,7,lightgbm_tuned_direct,FOODS_3_252_WI_3_validation,378,6826.0,2328.5242438316345,6.160117047173636,34.853821639052526,0.3411257315897501
source_b_v1_13_tuned_lightgbm_direct_100,m5_top_volume_100_20260714,M5,7,lightgbm_tuned_direct,FOODS_3_281_CA_3_validation,378,3821.0,2127.6527675390244,5.628711025235514,77.22732200209808,0.5568313968958452
source_b_v1_13_tuned_lightgbm_direct_100,m5_top_volume_100_20260714,M5,7,lightgbm_tuned_direct,FOODS_3_282_CA_3_validation,378,13394.0,3559.8288316726685,9.417536591726636,37.085792632023626,0.2657778730530587
source_b_v1_13_tuned_lightgbm_direct_100,m5_top_volume_100_20260714,M5,7,lightgbm_tuned_direct,FOODS_3_288_CA_3_validation,378,12500.0,3984.4111689329147,10.540770288182314,44.82988540156707,0.31875289351463315
source_b_v1_13_tuned_lightgbm_direct_100,m5_top_volume_100_20260714,M5,7,lightgbm_tuned_direct,FOODS_3_318_CA_3_validation,378,5296.0,2748.074377283454,7.270038035141413,96.61367620711029,0.5188962192755766
source_b_v1_13_tuned_lightgbm_direct_100,m5_top_volume_100_20260714,M5,7,lightgbm_tuned_direct,FOODS_3_318_WI_3_validation,378,5628.0,2750.2132590934634,7.27569645262821,93.81010501709522,0.4886661796541335
source_b_v1_13_tuned_lightgbm_direct_100,m5_top_volume_100_20260714,M5,7,lightgbm_tuned_direct,FOODS_3_319_CA_3_validation,378,4783.0,2655.1427854262292,7.024187263032353,110.60473140505935,0.55512079979641
source_b_v1_13_tuned_lightgbm_direct_100,m5_top_volume_100_20260714,M5,7,lightgbm_tuned_direct,FOODS_3_376_WI_2_validation,378,8991.0,4403.914734840393,11.650568081588341,52.47514245315209,0.48981367309981017
source_b_v1_13_tuned_lightgbm_direct_100,m5_top_volume_100_20260714,M5,7,lightgbm_tuned_direct,FOODS_3_377_TX_2_validation,378,11838.0,2151.0226039886475,5.690535989387956,18.608475286335775,0.18170489981319882
source_b_v1_13_tuned_lightgbm_direct_100,m5_top_volume_100_20260714,M5,7,lightgbm_tuned_direct,FOODS_3_377_TX_3_validation,378,15919.0,3021.3623962402344,7.993022212275752,19.31043782615635,0.18979599197438496
source_b_v1_13_tuned_lightgbm_direct_100,m5_top_volume_100_20260714,M5,7,lightgbm_tuned_direct,FOODS_3_412_WI_2_validation,378,7130.0,7026.741828918457,18.589264097667876,129.8633269179504,0.9855177880671048
source_b_v1_13_tuned_lightgbm_direct_100,m5_top_volume_100_20260714,M5,7,lightgbm_tuned_direct,FOODS_3_462_WI_2_validation,378,8298.0,3834.403525352478,10.143924670244651,53.27250567940429,0.46208767478337887
source_b_v1_13_tuned_lightgbm_direct_100,m5_top_volume_100_20260714,M5,7,lightgbm_tuned_direct,FOODS_3_501_CA_3_validation,378,4934.0,2209.093865804374,5.8441636661491385,67.58028925367756,0.44772879323153103
source_b_v1_13_tuned_lightgbm_direct_100,m5_top_volume_100_20260714,M5,7,lightgbm_tuned_direct,FOODS_3_541_CA_3_validation,378,7136.0,3745.8844439536333,9.909747206226543,113.1140693368486,0.524927752796193
source_b_v1_13_tuned_lightgbm_direct_100,m5_top_volume_100_20260714,M5,7,lightgbm_tuned_direct,FOODS_3_547_WI_2_validation,378,6199.0,6323.410528510809,16.728599281774628,137.00361649829335,1.0200694512842086
source_b_v1_13_tuned_lightgbm_direct_100,m5_top_volume_100_20260714,M5,7,lightgbm_tuned_direct,FOODS_3_555_CA_1_validation,378,6830.0,1589.2252492904663,4.20429960129753,24.6868332814028,0.2326830526047535
source_b_v1_13_tuned_lightgbm_direct_100,m5_top_volume_100_20260714,M5,7,lightgbm_tuned_direct,FOODS_3_555_CA_3_validation,378,11167.0,2288.840666770935,6.055134039076548,21.46827271416823,0.20496468763060222
source_b_v1_13_tuned_lightgbm_direct_100,m5_top_volume_100_20260714,M5,7,lightgbm_tuned_direct,FOODS_3_555_TX_1_validation,378,9228.0,2103.49129486084,5.564791785346137,23.59902216624725,0.22794660759220198
source_b_v1_13_tuned_lightgbm_direct_100,m5_top_volume_100_20260714,M5,7,lightgbm_tuned_direct,FOODS_3_555_TX_2_validation,378,16845.0,3578.8125324249268,9.467758022288166,21.95147730862862,0.2124554783273925
source_b_v1_13_tuned_lightgbm_direct_100,m5_top_volume_100_20260714,M5,7,lightgbm_tuned_direct,FOODS_3_555_TX_3_validation,378,12158.0,2965.2073650360107,7.844463928666695,26.17846127023462,0.24388940327652664
source_b_v1_13_tuned_lightgbm_direct_100,m5_top_volume_100_20260714,M5,7,lightgbm_tuned_direct,FOODS_3_555_WI_3_validation,378,8320.0,2120.0104751586914,5.608493320525638,26.520665385569885,0.25480895134118886
source_b_v1_13_tuned_lightgbm_direct_100,m5_top_volume_100_20260714,M5,7,lightgbm_tuned_direct,FOODS_3_586_CA_1_validation,378,16440.0,3165.75697517395,8.375018452841138,20.21425516271302,0.1925642928937926
source_b_v1_13_tuned_lightgbm_direct_100,m5_top_volume_100_20260714,M5,7,lightgbm_tuned_direct,FOODS_3_586_CA_2_validation,378,14229.0,2835.6060066223145,7.501603192122525,22.408426221349192,0.19928357626131946
source_b_v1_13_tuned_lightgbm_direct_100,m5_top_volume_100_20260714,M5,7,lightgbm_tuned_direct,FOODS_3_586_CA_3_validation,378,27702.0,4548.96826171875,12.034307570684524,17.005679103437632,0.1642108245512508
source_b_v1_13_tuned_lightgbm_direct_100,m5_top_volume_100_20260714,M5,7,lightgbm_tuned_direct,FOODS_3_586_TX_1_validation,378,19685.0,3553.7457160949707,9.401443693372938,18.55378747582723,0.1805306434389114
source_b_v1_13_tuned_lightgbm_direct_100,m5_top_volume_100_20260714,M5,7,lightgbm_tuned_direct,FOODS_3_586_TX_2_validation,378,34848.0,5827.96964263916,15.417909107511006,17.149993440659962,0.16723971655874542
source_b_v1_13_tuned_lightgbm_direct_100,m5_top_volume_100_20260714,M5,7,lightgbm_tuned_direct,FOODS_3_586_TX_3_validation,378,27768.0,5042.758792877197,13.340631727188352,19.076505217015516,0.1816032408843704
source_b_v1_13_tuned_lightgbm_direct_100,m5_top_volume_100_20260714,M5,7,lightgbm_tuned_direct,FOODS_3_586_WI_3_validation,378,12341.0,2527.1154317855835,6.685490560279321,21.783482341221127,0.20477395930520895
source_b_v1_13_tuned_lightgbm_direct_100,m5_top_volume_100_20260714,M5,7,lightgbm_tuned_direct,FOODS_3_587_CA_1_validation,378,10362.0,2775.781674385071,7.3433377629234675,28.001196332312585,0.26788087959709234
source_b_v1_13_tuned_lightgbm_direct_100,m5_top_volume_100_20260714,M5,7,lightgbm_tuned_direct,FOODS_3_587_CA_3_validation,378,12820.0,2652.7702827453613,7.017910800913654,22.743233022922578,0.20692435902849932
source_b_v1_13_tuned_lightgbm_direct_100,m5_top_volume_100_20260714,M5,7,lightgbm_tuned_direct,FOODS_3_587_TX_1_validation,378,10602.0,2698.76801609993,7.139597926190291,28.386530052663765,0.2545527274193482
source_b_v1_13_tuned_lightgbm_direct_100,m5_top_volume_100_20260714,M5,7,lightgbm_tuned_direct,FOODS_3_587_TX_2_validation,378,11359.0,2761.9977054595947,7.306872236665595,26.152310424935788,0.24315500532261597
source_b_v1_13_tuned_lightgbm_direct_100,m5_top_volume_100_20260714,M5,7,lightgbm_tuned_direct,FOODS_3_587_TX_3_validation,378,11748.0,2680.4834117889404,7.091225957113599,23.465322080773003,0.22816508442193909
source_b_v1_13_tuned_lightgbm_direct_100,m5_top_volume_100_20260714,M5,7,lightgbm_tuned_direct,FOODS_3_587_WI_3_validation,378,11072.0,2750.9156180024147,7.2775545449799335,31.542670709703835,0.24845697416929324
source_b_v1_13_tuned_lightgbm_direct_100,m5_top_volume_100_20260714,M5,7,lightgbm_tuned_direct,FOODS_3_607_CA_3_validation,378,7937.0,3036.9910538196564,8.034367867247768,44.98734238870353,0.38263714927802145
source_b_v1_13_tuned_lightgbm_direct_100,m5_top_volume_100_20260714,M5,7,lightgbm_tuned_direct,FOODS_3_635_CA_3_validation,378,6861.0,3366.0109226219356,8.904790800587131,106.22675234146458,0.4906006300279749
source_b_v1_13_tuned_lightgbm_direct_100,m5_top_volume_100_20260714,M5,7,lightgbm_tuned_direct,FOODS_3_681_CA_3_validation,378,14755.0,5847.175294876099,15.468717711312431,42.94863065751676,0.39628433038807853
source_b_v1_13_tuned_lightgbm_direct_100,m5_top_volume_100_20260714,M5,7,lightgbm_tuned_direct,FOODS_3_681_WI_3_validation,378,12789.0,4837.690731525421,12.79812362837413,46.58673870037951,0.37826966389283145
source_b_v1_13_tuned_lightgbm_direct_100,m5_top_volume_100_20260714,M5,7,lightgbm_tuned_direct,FOODS_3_694_CA_3_validation,378,6591.0,1602.4333610534668,4.2392416959086425,24.849434781603424,0.24312446685684522
source_b_v1_13_tuned_lightgbm_direct_100,m5_top_volume_100_20260714,M5,7,lightgbm_tuned_direct,FOODS_3_694_TX_1_validation,378,6424.0,1743.630702495575,4.6127796362316795,28.387000456384836,0.27142445555659633
source_b_v1_13_tuned_lightgbm_direct_100,m5_top_volume_100_20260714,M5,7,lightgbm_tuned_direct,FOODS_3_694_WI_1_validation,378,7117.0,1638.0921869277954,4.333577214094697,23.96062170626059,0.2301661074789652
source_b_v1_13_tuned_lightgbm_direct_100,m5_top_volume_100_20260714,M5,7,lightgbm_tuned_direct,FOODS_3_694_WI_2_validation,378,11714.0,2368.116912841797,6.264859557782532,20.801222643814576,0.20216125259021656
source_b_v1_13_tuned_lightgbm_direct_100,m5_top_volume_100_20260714,M5,7,lightgbm_tuned_direct,FOODS_3_694_WI_3_validation,378,16615.0,3221.7789573669434,8.523224754939003,19.9573097355471,0.1939078517825425
source_b_v1_13_tuned_lightgbm_direct_100,m5_top_volume_100_20260714,M5,7,lightgbm_tuned_direct,FOODS_3_711_CA_3_validation,378,5232.0,4064.790581021458,10.753414235506503,91.27192027750326,0.7769095147212267
source_b_v1_13_tuned_lightgbm_direct_100,m5_top_volume_100_20260714,M5,7,lightgbm_tuned_direct,FOODS_3_711_WI_2_validation,378,7949.0,7104.639593213797,18.79534283918994,117.94877979991398,0.8937777825152593
source_b_v1_13_tuned_lightgbm_direct_100,m5_top_volume_100_20260714,M5,7,lightgbm_tuned_direct,FOODS_3_714_CA_1_validation,378,8737.0,2480.3388051986694,6.561742870895951,30.488306106831804,0.28388907006966574
source_b_v1_13_tuned_lightgbm_direct_100,m5_top_volume_100_20260714,M5,7,lightgbm_tuned_direct,FOODS_3_714_CA_3_validation,378,11479.0,2561.3530769348145,6.776066341097393,23.448856013981143,0.22313381626751586
source_b_v1_13_tuned_lightgbm_direct_100,m5_top_volume_100_20260714,M5,7,lightgbm_tuned_direct,FOODS_3_714_TX_1_validation,378,5659.0,1861.006335258484,4.923297183223502,34.98480076990862,0.32885780796226965
source_b_v1_13_tuned_lightgbm_direct_100,m5_top_volume_100_20260714,M5,7,lightgbm_tuned_direct,FOODS_3_714_TX_2_validation,378,8856.0,2332.9274759292603,6.171765809336668,27.465194800952165,0.26342902844729676
source_b_v1_13_tuned_lightgbm_direct_100,m5_top_volume_100_20260714,M5,7,lightgbm_tuned_direct,FOODS_3_714_TX_3_validation,378,6863.0,2378.4307055473328,6.292144723670193,36.46847739737223,0.34655845920841216
source_b_v1_13_tuned_lightgbm_direct_100,m5_top_volume_100_20260714,M5,7,lightgbm_tuned_direct,FOODS_3_714_WI_3_validation,378,8435.0,2424.365348815918,6.413664943957455,29.637279469619752,0.2874173501856453
source_b_v1_13_tuned_lightgbm_direct_100,m5_top_volume_100_20260714,M5,7,lightgbm_tuned_direct,FOODS_3_723_CA_3_validation,378,8460.0,3442.5445132255554,9.107260616998824,59.217729753042484,0.40692015522760705
source_b_v1_13_tuned_lightgbm_direct_100,m5_top_volume_100_20260714,M5,7,lightgbm_tuned_direct,FOODS_3_723_WI_3_validation,378,8049.0,3284.708982542157,8.68970630302158,63.96756147428064,0.40808907721979837
source_b_v1_13_tuned_lightgbm_direct_100,m5_top_volume_100_20260714,M5,7,lightgbm_tuned_direct,FOODS_3_752_CA_3_validation,378,6697.0,5065.595482349396,13.401046249601576,71.36536148616919,0.7563977127593543
source_b_v1_13_tuned_lightgbm_direct_100,m5_top_volume_100_20260714,M5,7,lightgbm_tuned_direct,FOODS_3_804_CA_3_validation,378,8100.0,3789.267435014248,10.024517023847217,59.75191614774475,0.46781079444620344
source_b_v1_13_tuned_lightgbm_direct_100,m5_top_volume_100_20260714,M5,7,lightgbm_tuned_direct,FOODS_3_808_CA_1_validation,378,2395.0,2836.192202027887,7.503153973618749,140.99180329171304,1.1842138630596606
source_b_v1_13_tuned_lightgbm_direct_100,m5_top_volume_100_20260714,M5,7,lightgbm_tuned_direct,FOODS_3_808_CA_3_validation,378,8869.0,4314.047700934112,11.412824605645799,105.17590258839873,0.4864187282595684
source_b_v1_13_tuned_lightgbm_direct_100,m5_top_volume_100_20260714,M5,7,lightgbm_tuned_direct,HOUSEHOLD_1_118_CA_3_validation,378,7935.0,2558.902183532715,6.769582496118293,33.987178419282884,0.3224829468850302
source_b_v1_13_tuned_lightgbm_direct_100,m5_top_volume_100_20260714,M5,7,lightgbm_tuned_direct,HOUSEHOLD_1_334_CA_3_validation,378,7215.0,2590.673584461212,6.853633821325958,40.0924855367082,0.3590677178740419
source_b_v1_13_tuned_lightgbm_direct_100,m5_top_volume_100_20260714,M5,7,lightgbm_tuned_direct,HOUSEHOLD_1_459_CA_3_validation,378,8248.0,2786.9443855285645,7.3728687447845624,35.64318347941903,0.33789335421054373
source_b_v1_13_tuned_lightgbm_direct_100,m5_top_volume_100_20260714,M5,14,lightgbm_tuned_direct,FOODS_1_218_TX_2_validation,378,5582.0,2399.647601008415,6.3482740767418395,48.27972331649503,0.4298902903992145
source_b_v1_13_tuned_lightgbm_direct_100,m5_top_volume_100_20260714,M5,14,lightgbm_tuned_direct,FOODS_2_197_CA_1_validation,378,6349.0,2131.8263745307922,5.639752313573524,36.4581858013407,0.33577356662951524
source_b_v1_13_tuned_lightgbm_direct_100,m5_top_volume_100_20260714,M5,14,lightgbm_tuned_direct,FOODS_2_197_CA_3_validation,378,5223.0,1693.4075360298157,4.479914116480994,33.810492939659184,0.3242212399061489
source_b_v1_13_tuned_lightgbm_direct_100,m5_top_volume_100_20260714,M5,14,lightgbm_tuned_direct,FOODS_2_276_CA_3_validation,378,3143.0,2063.4334964752197,5.4588187737439675,58.35561672470659,0.6565171799157555
source_b_v1_13_tuned_lightgbm_direct_100,m5_top_volume_100_20260714,M5,14,lightgbm_tuned_direct,FOODS_2_360_CA_3_validation,378,4857.0,2249.992322474718,5.952360641467508,80.33981488366831,0.46324733837239407
source_b_v1_13_tuned_lightgbm_direct_100,m5_top_volume_100_20260714,M5,14,lightgbm_tuned_direct,FOODS_2_360_TX_3_validation,378,3979.0,2086.0656787906773,5.518692271933009,103.20839020239121,0.5242688310607382
source_b_v1_13_tuned_lightgbm_direct_100,m5_top_volume_100_20260714,M5,14,lightgbm_tuned_direct,FOODS_2_360_WI_2_validation,378,10631.0,5866.4285769821145,15.519652320058503,115.79006158599907,0.5518228367022965
source_b_v1_13_tuned_lightgbm_direct_100,m5_top_volume_100_20260714,M5,14,lightgbm_tuned_direct,FOODS_3_007_WI_2_validation,378,8464.0,8234.63493835181,21.784748514158228,130.25970876416292,0.9729011033024351
source_b_v1_13_tuned_lightgbm_direct_100,m5_top_volume_100_20260714,M5,14,lightgbm_tuned_direct,FOODS_3_030_TX_2_validation,378,5036.0,1810.4446920785122,4.789536222429926,75.54040069073798,0.3595005345668213
source_b_v1_13_tuned_lightgbm_direct_100,m5_top_volume_100_20260714,M5,14,lightgbm_tuned_direct,FOODS_3_030_TX_3_validation,378,5820.0,2103.8588837976567,5.5657642428509435,77.46346110944324,0.3614877807212469
source_b_v1_13_tuned_lightgbm_direct_100,m5_top_volume_100_20260714,M5,14,lightgbm_tuned_direct,FOODS_3_080_CA_1_validation,378,6869.0,2038.3510975837708,5.392463221121087,30.25486034514591,0.2967464110618388
source_b_v1_13_tuned_lightgbm_direct_100,m5_top_volume_100_20260714,M5,14,lightgbm_tuned_direct,FOODS_3_080_TX_2_validation,378,6590.0,1544.5631017684937,4.086145771874322,24.04426870292444,0.23437983334878507
source_b_v1_13_tuned_lightgbm_direct_100,m5_top_volume_100_20260714,M5,14,lightgbm_tuned_direct,FOODS_3_090_CA_1_validation,378,18773.0,6115.419362681918,16.178358102333117,59.955767456168815,0.32575610518733916
source_b_v1_13_tuned_lightgbm_direct_100,m5_top_volume_100_20260714,M5,14,lightgbm_tuned_direct,FOODS_3_090_CA_2_validation,378,14152.0,5210.539153597318,13.784495115336819,62.630325460533534,0.36818394245317393
source_b_v1_13_tuned_lightgbm_direct_100,m5_top_volume_100_20260714,M5,14,lightgbm_tuned_direct,FOODS_3_090_CA_3_validation,378,36819.0,10756.996113881469,28.457661676935103,52.06953072189393,0.2921588341313308
source_b_v1_13_tuned_lightgbm_direct_100,m5_top_volume_100_20260714,M5,14,lightgbm_tuned_direct,FOODS_3_090_CA_4_validation,378,9660.0,3457.2225749259815,9.146091468058152,58.86363793254484,0.3578905357066233
source_b_v1_13_tuned_lightgbm_direct_100,m5_top_volume_100_20260714,M5,14,lightgbm_tuned_direct,FOODS_3_090_TX_1_validation,378,16993.0,5185.085255808197,13.717156761397346,57.00115700109956,0.3051306570828104
source_b_v1_13_tuned_lightgbm_direct_100,m5_top_volume_100_20260714,M5,14,lightgbm_tuned_direct,FOODS_3_090_TX_2_validation,378,19339.0,5933.002311731689,15.695773311459494,58.36947993404969,0.3067895088542163
source_b_v1_13_tuned_lightgbm_direct_100,m5_top_volume_100_20260714,M5,14,lightgbm_tuned_direct,FOODS_3_090_TX_3_validation,378,21770.0,6370.543325482868,16.853289220854148,57.54711251420899,0.2926294591402328
source_b_v1_13_tuned_lightgbm_direct_100,m5_top_volume_100_20260714,M5,14,lightgbm_tuned_direct,FOODS_3_090_WI_3_validation,378,23889.0,8635.244873619406,22.844563157723297,65.58436867461084,0.3614736855297168
source_b_v1_13_tuned_lightgbm_direct_100,m5_top_volume_100_20260714,M5,14,lightgbm_tuned_direct,FOODS_3_099_TX_2_validation,378,5210.0,2485.1733765061945,6.57453274207988,78.4073254138567,0.47700064808180315
source_b_v1_13_tuned_lightgbm_direct_100,m5_top_volume_100_20260714,M5,14,lightgbm_tuned_direct,FOODS_3_120_CA_1_validation,378,15279.0,7051.237639158964,18.654067828462868,65.39756834422786,0.4614986346723584
source_b_v1_13_tuned_lightgbm_direct_100,m5_top_volume_100_20260714,M5,14,lightgbm_tuned_direct,FOODS_3_120_CA_3_validation,378,31365.0,8639.338614583015,22.855393160272527,35.88431038061941,0.27544519734044365
source_b_v1_13_tuned_lightgbm_direct_100,m5_top_volume_100_20260714,M5,14,lightgbm_tuned_direct,FOODS_3_120_WI_3_validation,378,12400.0,4770.972222805023,12.621619637050326,48.99394695369221,0.3847558244197599
source_b_v1_13_tuned_lightgbm_direct_100,m5_top_volume_100_20260714,M5,14,lightgbm_tuned_direct,FOODS_3_202_CA_3_validation,378,7882.0,2581.465230703354,6.829273097098819,49.26780513075515,0.3275139851184159
source_b_v1_13_tuned_lightgbm_direct_100,m5_top_volume_100_20260714,M5,14,lightgbm_tuned_direct,FOODS_3_202_TX_1_validation,378,8044.0,3130.7597751114517,8.282433267490614,65.53363558652852,0.3892043479750686
source_b_v1_13_tuned_lightgbm_direct_100,m5_top_volume_100_20260714,M5,14,lightgbm_tuned_direct,FOODS_3_202_TX_2_validation,378,7798.0,3578.292132809758,9.466381303729518,69.87693135142814,0.45887306140161044
source_b_v1_13_tuned_lightgbm_direct_100,m5_top_volume_100_20260714,M5,14,lightgbm_tuned_direct,FOODS_3_202_TX_3_validation,378,9826.0,3338.8322005737573,8.832889419507294,60.71348077699948,0.33979566462179495
source_b_v1_13_tuned_lightgbm_direct_100,m5_top_volume_100_20260714,M5,14,lightgbm_tuned_direct,FOODS_3_226_WI_1_validation,378,14808.0,2682.449789047241,7.09642801335249,18.632030995335008,0.18114868915770133
source_b_v1_13_tuned_lightgbm_direct_100,m5_top_volume_100_20260714,M5,14,lightgbm_tuned_direct,FOODS_3_226_WI_2_validation,378,14519.0,3270.788863182068,8.652880590428751,23.976195174152963,0.22527645589793152
source_b_v1_13_tuned_lightgbm_direct_100,m5_top_volume_100_20260714,M5,14,lightgbm_tuned_direct,FOODS_3_226_WI_3_validation,378,18132.0,3437.990252494812,9.095212308187334,19.262117967515376,0.18960899252673794
source_b_v1_13_tuned_lightgbm_direct_100,m5_top_volume_100_20260714,M5,14,lightgbm_tuned_direct,FOODS_3_234_CA_3_validation,378,7146.0,4826.431414365768,12.768337075041716,68.90050423761951,0.6754032205941461
source_b_v1_13_tuned_lightgbm_direct_100,m5_top_volume_100_20260714,M5,14,lightgbm_tuned_direct,FOODS_3_234_WI_2_validation,378,8932.0,9803.527261871845,25.93525730653927,146.40488185489272,1.0975735850729786
source_b_v1_13_tuned_lightgbm_direct_100,m5_top_volume_100_20260714,M5,14,lightgbm_tuned_direct,FOODS_3_234_WI_3_validation,378,7749.0,4652.341923117638,12.307782865390577,74.87528636104818,0.600379651970272
source_b_v1_13_tuned_lightgbm_direct_100,m5_top_volume_100_20260714,M5,14,lightgbm_tuned_direct,FOODS_3_252_CA_1_validation,378,14668.0,3363.5290784835815,8.898225075353391,24.39439316417475,0.2293106816528212
source_b_v1_13_tuned_lightgbm_direct_100,m5_top_volume_100_20260714,M5,14,lightgbm_tuned_direct,FOODS_3_252_CA_2_validation,378,14731.0,3515.5095291137695,9.300289759560236,26.934515446136043,0.23864703883740204
source_b_v1_13_tuned_lightgbm_direct_100,m5_top_volume_100_20260714,M5,14,lightgbm_tuned_direct,FOODS_3_252_CA_3_validation,378,17274.0,3792.8971405029297,10.03411941931992,22.385026281272648,0.21957260278470125
source_b_v1_13_tuned_lightgbm_direct_100,m5_top_volume_100_20260714,M5,14,lightgbm_tuned_direct,FOODS_3_252_TX_1_validation,378,11801.0,3278.458004951477,8.673169325268457,30.045048582270734,0.2778118807687041
source_b_v1_13_tuned_lightgbm_direct_100,m5_top_volume_100_20260714,M5,14,lightgbm_tuned_direct,FOODS_3_252_TX_2_validation,378,21934.0,4967.292043685913,13.140984242555326,23.03212644584489,0.22646539818026412
source_b_v1_13_tuned_lightgbm_direct_100,m5_top_volume_100_20260714,M5,14,lightgbm_tuned_direct,FOODS_3_252_TX_3_validation,378,17754.0,4324.224733352661,11.439747971832437,25.904620353768955,0.24356340730836212
source_b_v1_13_tuned_lightgbm_direct_100,m5_top_volume_100_20260714,M5,14,lightgbm_tuned_direct,FOODS_3_252_WI_3_validation,378,6826.0,2336.9060497283936,6.182291136847602,35.19991745030527,0.34235365510231375
source_b_v1_13_tuned_lightgbm_direct_100,m5_top_volume_100_20260714,M5,14,lightgbm_tuned_direct,FOODS_3_281_CA_3_validation,378,3821.0,2340.5917516052723,6.192041670913419,80.54690099150939,0.6125599978030024
source_b_v1_13_tuned_lightgbm_direct_100,m5_top_volume_100_20260714,M5,14,lightgbm_tuned_direct,FOODS_3_282_CA_3_validation,378,13394.0,3929.4915838241577,10.39548038048719,38.3807805434468,0.2933770034212452
source_b_v1_13_tuned_lightgbm_direct_100,m5_top_volume_100_20260714,M5,14,lightgbm_tuned_direct,FOODS_3_288_CA_3_validation,378,12500.0,4115.012695103884,10.886276971174295,46.3373146882879,0.3292010156083107
source_b_v1_13_tuned_lightgbm_direct_100,m5_top_volume_100_20260714,M5,14,lightgbm_tuned_direct,FOODS_3_318_CA_3_validation,378,5296.0,3374.69429328572,8.927762680650053,99.12828986588099,0.6372156898198111
source_b_v1_13_tuned_lightgbm_direct_100,m5_top_volume_100_20260714,M5,14,lightgbm_tuned_direct,FOODS_3_318_WI_3_validation,378,5628.0,3434.981199336238,9.087251850095868,96.32776279791779,0.6103378108273344
source_b_v1_13_tuned_lightgbm_direct_100,m5_top_volume_100_20260714,M5,14,lightgbm_tuned_direct,FOODS_3_319_CA_3_validation,378,4783.0,2763.832479469478,7.31172613616264,112.02779098022732,0.5778449674826422
source_b_v1_13_tuned_lightgbm_direct_100,m5_top_volume_100_20260714,M5,14,lightgbm_tuned_direct,FOODS_3_376_WI_2_validation,378,8991.0,4605.42991733551,12.183677029988122,56.535660524091334,0.5122266619214225
source_b_v1_13_tuned_lightgbm_direct_100,m5_top_volume_100_20260714,M5,14,lightgbm_tuned_direct,FOODS_3_377_TX_2_validation,378,11838.0,2212.3780040740967,5.852851862629885,19.17577260823601,0.18688781923247988
source_b_v1_13_tuned_lightgbm_direct_100,m5_top_volume_100_20260714,M5,14,lightgbm_tuned_direct,FOODS_3_377_TX_3_validation,378,15919.0,3180.301956176758,8.41349723856285,20.366885310146134,0.19978025982641862
source_b_v1_13_tuned_lightgbm_direct_100,m5_top_volume_100_20260714,M5,14,lightgbm_tuned_direct,FOODS_3_412_WI_2_validation,378,7130.0,7201.548679450527,19.051716083202454,130.22366824553217,1.0100348779032997
source_b_v1_13_tuned_lightgbm_direct_100,m5_top_volume_100_20260714,M5,14,lightgbm_tuned_direct,FOODS_3_462_WI_2_validation,378,8298.0,4229.970922231674,11.19039926516316,57.56309752132156,0.5097578840963695
source_b_v1_13_tuned_lightgbm_direct_100,m5_top_volume_100_20260714,M5,14,lightgbm_tuned_direct,FOODS_3_501_CA_3_validation,378,4934.0,2228.9487302452326,5.8966897625535255,68.24098983405695,0.4517528841194229
source_b_v1_13_tuned_lightgbm_direct_100,m5_top_volume_100_20260714,M5,14,lightgbm_tuned_direct,FOODS_3_541_CA_3_validation,378,7136.0,3861.2957615153864,10.215068152157107,113.55617346397979,0.5411008634410576
source_b_v1_13_tuned_lightgbm_direct_100,m5_top_volume_100_20260714,M5,14,lightgbm_tuned_direct,FOODS_3_547_WI_2_validation,378,6199.0,6620.792689457536,17.515324575284485,135.94472612577326,1.068042053469517
source_b_v1_13_tuned_lightgbm_direct_100,m5_top_volume_100_20260714,M5,14,lightgbm_tuned_direct,FOODS_3_555_CA_1_validation,378,6830.0,1614.327546596527,4.270707795228907,25.199683164591647,0.23635835235673897
source_b_v1_13_tuned_lightgbm_direct_100,m5_top_volume_100_20260714,M5,14,lightgbm_tuned_direct,FOODS_3_555_CA_3_validation,378,11167.0,2249.4843425750732,5.9510167792991355,21.09004652744256,0.20144034589192022
source_b_v1_13_tuned_lightgbm_direct_100,m5_top_volume_100_20260714,M5,14,lightgbm_tuned_direct,FOODS_3_555_TX_1_validation,378,9228.0,2269.7693462371826,6.004680810151277,25.38663735539189,0.24596546881633968
source_b_v1_13_tuned_lightgbm_direct_100,m5_top_volume_100_20260714,M5,14,lightgbm_tuned_direct,FOODS_3_555_TX_2_validation,378,16845.0,3641.2507104873657,9.632938387532713,22.374835583779117,0.21616210807286232
source_b_v1_13_tuned_lightgbm_direct_100,m5_top_volume_100_20260714,M5,14,lightgbm_tuned_direct,FOODS_3_555_TX_3_validation,378,12158.0,3020.9992809295654,7.992061589760755,26.576120718252998,0.2484783090088473
source_b_v1_13_tuned_lightgbm_direct_100,m5_top_volume_100_20260714,M5,14,lightgbm_tuned_direct,FOODS_3_555_WI_3_validation,378,8320.0,2129.594585418701,5.633848109573283,26.67235749005566,0.25596088767051695
source_b_v1_13_tuned_lightgbm_direct_100,m5_top_volume_100_20260714,M5,14,lightgbm_tuned_direct,FOODS_3_586_CA_1_validation,378,16440.0,3252.931282043457,8.605638312284277,20.894399740702493,0.19786686630434652
source_b_v1_13_tuned_lightgbm_direct_100,m5_top_volume_100_20260714,M5,14,lightgbm_tuned_direct,FOODS_3_586_CA_2_validation,378,14229.0,2841.659959793091,7.517618941251563,22.894785099742762,0.19970904208258422
source_b_v1_13_tuned_lightgbm_direct_100,m5_top_volume_100_20260714,M5,14,lightgbm_tuned_direct,FOODS_3_586_CA_3_validation,378,27702.0,4423.871023178101,11.70336249518016,16.725877784481277,0.15969500480752655
source_b_v1_13_tuned_lightgbm_direct_100,m5_top_volume_100_20260714,M5,14,lightgbm_tuned_direct,FOODS_3_586_TX_1_validation,378,19685.0,3754.3848266601562,9.932234991164435,19.647153237069137,0.1907231306405972
source_b_v1_13_tuned_lightgbm_direct_100,m5_top_volume_100_20260714,M5,14,lightgbm_tuned_direct,FOODS_3_586_TX_2_validation,378,34848.0,5982.6980628967285,15.827243552636848,17.742022146704414,0.1716798112631063
source_b_v1_13_tuned_lightgbm_direct_100,m5_top_volume_100_20260714,M5,14,lightgbm_tuned_direct,FOODS_3_586_TX_3_validation,378,27768.0,5227.265773773193,13.828745433262416,19.885879094129294,0.18824783109237947
source_b_v1_13_tuned_lightgbm_direct_100,m5_top_volume_100_20260714,M5,14,lightgbm_tuned_direct,FOODS_3_586_WI_3_validation,378,12341.0,2499.5027532577515,6.612441146184528,21.56245610985877,0.20253648434144328
source_b_v1_13_tuned_lightgbm_direct_100,m5_top_volume_100_20260714,M5,14,lightgbm_tuned_direct,FOODS_3_587_CA_1_validation,378,10362.0,2855.8299622535706,7.555105720247541,28.973301397643304,0.2756060569632861
source_b_v1_13_tuned_lightgbm_direct_100,m5_top_volume_100_20260714,M5,14,lightgbm_tuned_direct,FOODS_3_587_CA_3_validation,378,12820.0,2848.8302793502808,7.5365880406092085,24.521016342064165,0.2222176504953417
source_b_v1_13_tuned_lightgbm_direct_100,m5_top_volume_100_20260714,M5,14,lightgbm_tuned_direct,FOODS_3_587_TX_1_validation,378,10602.0,2953.6383957862854,7.813858189910808,30.026863647684817,0.2785925670426604
source_b_v1_13_tuned_lightgbm_direct_100,m5_top_volume_100_20260714,M5,14,lightgbm_tuned_direct,FOODS_3_587_TX_2_validation,378,11359.0,3043.308087825775,8.051079597422685,28.814590669462515,0.26792042326135884
source_b_v1_13_tuned_lightgbm_direct_100,m5_top_volume_100_20260714,M5,14,lightgbm_tuned_direct,FOODS_3_587_TX_3_validation,378,11748.0,3019.740361213684,7.988731114321916,26.297791753842937,0.25704293166612907
source_b_v1_13_tuned_lightgbm_direct_100,m5_top_volume_100_20260714,M5,14,lightgbm_tuned_direct,FOODS_3_587_WI_3_validation,378,11072.0,3321.7148534804583,8.787605432487984,35.797211786765025,0.30001037332735353
source_b_v1_13_tuned_lightgbm_direct_100,m5_top_volume_100_20260714,M5,14,lightgbm_tuned_direct,FOODS_3_607_CA_3_validation,378,7937.0,3193.2566418647766,8.447768893822161,46.03860561986617,0.4023253927006144
source_b_v1_13_tuned_lightgbm_direct_100,m5_top_volume_100_20260714,M5,14,lightgbm_tuned_direct,FOODS_3_635_CA_3_validation,378,6861.0,3618.901009488851,9.57381219441495,108.14475897237395,0.5274597011352355
source_b_v1_13_tuned_lightgbm_direct_100,m5_top_volume_100_20260714,M5,14,lightgbm_tuned_direct,FOODS_3_681_CA_3_validation,378,14755.0,6256.94366312027,16.552761013545688,45.808806776755354,0.42405582264454555
source_b_v1_13_tuned_lightgbm_direct_100,m5_top_volume_100_20260714,M5,14,lightgbm_tuned_direct,FOODS_3_681_WI_3_validation,378,12789.0,4972.443884849548,13.154613451982932,47.985102957055126,0.3888063089256039
source_b_v1_13_tuned_lightgbm_direct_100,m5_top_volume_100_20260714,M5,14,lightgbm_tuned_direct,FOODS_3_694_CA_3_validation,378,6591.0,1585.4740409851074,4.194375769801871,24.7777335999624,0.24055136413064898
source_b_v1_13_tuned_lightgbm_direct_100,m5_top_volume_100_20260714,M5,14,lightgbm_tuned_direct,FOODS_3_694_TX_1_validation,378,6424.0,1766.928743839264,4.6744146662414385,28.7370926642902,0.27505117432118054
source_b_v1_13_tuned_lightgbm_direct_100,m5_top_volume_100_20260714,M5,14,lightgbm_tuned_direct,FOODS_3_694_WI_1_validation,378,7117.0,1721.3112530708313,4.553733473732358,25.11921450059332,0.24185910539143338
source_b_v1_13_tuned_lightgbm_direct_100,m5_top_volume_100_20260714,M5,14,lightgbm_tuned_direct,FOODS_3_694_WI_2_validation,378,11714.0,2363.2771129608154,6.252055854393691,21.1429501333208,0.20174808886467607
source_b_v1_13_tuned_lightgbm_direct_100,m5_top_volume_100_20260714,M5,14,lightgbm_tuned_direct,FOODS_3_694_WI_3_validation,378,16615.0,3164.184391975403,8.370858179829108,19.66753782088653,0.1904414319575927
source_b_v1_13_tuned_lightgbm_direct_100,m5_top_volume_100_20260714,M5,14,lightgbm_tuned_direct,FOODS_3_711_CA_3_validation,378,5232.0,4008.139823835343,10.603544507500908,89.96269649907592,0.7660817706107307
source_b_v1_13_tuned_lightgbm_direct_100,m5_top_volume_100_20260714,M5,14,lightgbm_tuned_direct,FOODS_3_711_WI_2_validation,378,7949.0,7066.711175352335,18.69500310939771,118.41477426311064,0.8890063121590559
source_b_v1_13_tuned_lightgbm_direct_100,m5_top_volume_100_20260714,M5,14,lightgbm_tuned_direct,FOODS_3_714_CA_1_validation,378,8737.0,2490.5897035598755,6.5888616496293,30.807277067919646,0.2850623444614714
source_b_v1_13_tuned_lightgbm_direct_100,m5_top_volume_100_20260714,M5,14,lightgbm_tuned_direct,FOODS_3_714_CA_3_validation,378,11479.0,2603.1232676506042,6.886569491139165,23.92386534083057,0.22677265159426815
source_b_v1_13_tuned_lightgbm_direct_100,m5_top_volume_100_20260714,M5,14,lightgbm_tuned_direct,FOODS_3_714_TX_1_validation,378,5659.0,1939.0076241493225,5.129649799336832,36.330825629890036,0.3426413896712003
source_b_v1_13_tuned_lightgbm_direct_100,m5_top_volume_100_20260714,M5,14,lightgbm_tuned_direct,FOODS_3_714_TX_2_validation,378,8856.0,2378.737401485443,6.292956088585829,28.402447141300343,0.2686017842689073
source_b_v1_13_tuned_lightgbm_direct_100,m5_top_volume_100_20260714,M5,14,lightgbm_tuned_direct,FOODS_3_714_TX_3_validation,378,6863.0,2381.8922476768494,6.301302242531348,36.79396735919819,0.3470628366132667
source_b_v1_13_tuned_lightgbm_direct_100,m5_top_volume_100_20260714,M5,14,lightgbm_tuned_direct,FOODS_3_714_WI_3_validation,378,8435.0,2469.5189361572266,6.533118878722822,30.31394156529068,0.29277047257347083
source_b_v1_13_tuned_lightgbm_direct_100,m5_top_volume_100_20260714,M5,14,lightgbm_tuned_direct,FOODS_3_723_CA_3_validation,378,8460.0,3697.819712460041,9.78259183190487,60.75311662656587,0.4370945286595793
source_b_v1_13_tuned_lightgbm_direct_100,m5_top_volume_100_20260714,M5,14,lightgbm_tuned_direct,FOODS_3_723_WI_3_validation,378,8049.0,3364.406350634061,8.900545901148309,62.95225597761092,0.41799060139570887
source_b_v1_13_tuned_lightgbm_direct_100,m5_top_volume_100_20260714,M5,14,lightgbm_tuned_direct,FOODS_3_752_CA_3_validation,378,6697.0,4909.046010971069,12.986894208918173,71.89923700784247,0.7330216531239464
source_b_v1_13_tuned_lightgbm_direct_100,m5_top_volume_100_20260714,M5,14,lightgbm_tuned_direct,FOODS_3_804_CA_3_validation,378,8100.0,3652.527663230896,9.66277159584893,56.636163762227476,0.4509293411396168
source_b_v1_13_tuned_lightgbm_direct_100,m5_top_volume_100_20260714,M5,14,lightgbm_tuned_direct,FOODS_3_808_CA_1_validation,378,2395.0,3526.719941620715,9.329946935504537,141.06413220140516,1.4725344223886074
source_b_v1_13_tuned_lightgbm_direct_100,m5_top_volume_100_20260714,M5,14,lightgbm_tuned_direct,FOODS_3_808_CA_3_validation,378,8869.0,4668.4058692781255,12.35028007745536,107.60220261763405,0.5263734208228803
source_b_v1_13_tuned_lightgbm_direct_100,m5_top_volume_100_20260714,M5,14,lightgbm_tuned_direct,HOUSEHOLD_1_118_CA_3_validation,378,7935.0,2505.740719795227,6.628943703161976,33.46074976364571,0.3157833295268087
source_b_v1_13_tuned_lightgbm_direct_100,m5_top_volume_100_20260714,M5,14,lightgbm_tuned_direct,HOUSEHOLD_1_334_CA_3_validation,378,7215.0,2606.214091658592,6.89474627422908,40.839531568926375,0.3612216343255152
source_b_v1_13_tuned_lightgbm_direct_100,m5_top_volume_100_20260714,M5,14,lightgbm_tuned_direct,HOUSEHOLD_1_459_CA_3_validation,378,8248.0,2719.4883918762207,7.194413735122277,35.149502814664665,0.32971488747286865
source_b_v1_13_tuned_lightgbm_direct_100,m5_top_volume_100_20260714,M5,28,lightgbm_tuned_direct,FOODS_1_218_TX_2_validation,364,5401.0,2413.2611408233643,6.629838298965287,51.197932440440105,0.44681746728816224
source_b_v1_13_tuned_lightgbm_direct_100,m5_top_volume_100_20260714,M5,28,lightgbm_tuned_direct,FOODS_2_197_CA_1_validation,364,6045.0,1986.0743684768677,5.45624826504634,35.83820372727464,0.32854828262644625
source_b_v1_13_tuned_lightgbm_direct_100,m5_top_volume_100_20260714,M5,28,lightgbm_tuned_direct,FOODS_2_197_CA_3_validation,364,5076.0,1544.9284439086914,4.244308911837065,32.225313417028296,0.3043594255139266
source_b_v1_13_tuned_lightgbm_direct_100,m5_top_volume_100_20260714,M5,28,lightgbm_tuned_direct,FOODS_2_276_CA_3_validation,364,3023.0,2683.878504753113,7.373292595475585,68.5308049714778,0.8878195516880956
source_b_v1_13_tuned_lightgbm_direct_100,m5_top_volume_100_20260714,M5,28,lightgbm_tuned_direct,FOODS_2_360_CA_3_validation,364,4556.0,2407.117411106825,6.612959920623145,81.62629119458073,0.5283400814545269
source_b_v1_13_tuned_lightgbm_direct_100,m5_top_volume_100_20260714,M5,28,lightgbm_tuned_direct,FOODS_2_360_TX_3_validation,364,3695.0,2162.744144693017,5.941604793112684,104.9934943252427,0.5853164126368111
source_b_v1_13_tuned_lightgbm_direct_100,m5_top_volume_100_20260714,M5,28,lightgbm_tuned_direct,FOODS_2_360_WI_2_validation,364,9519.0,5623.302407443523,15.448632987482208,118.15247192192962,0.5907450790464884
source_b_v1_13_tuned_lightgbm_direct_100,m5_top_volume_100_20260714,M5,28,lightgbm_tuned_direct,FOODS_3_007_WI_2_validation,364,7734.0,7607.6220989227295,20.90006071132618,131.05571239711784,0.983659438702189
source_b_v1_13_tuned_lightgbm_direct_100,m5_top_volume_100_20260714,M5,28,lightgbm_tuned_direct,FOODS_3_030_TX_2_validation,364,4773.0,2593.819718942046,7.125878348741885,80.92479900371262,0.5434359352487003
source_b_v1_13_tuned_lightgbm_direct_100,m5_top_volume_100_20260714,M5,28,lightgbm_tuned_direct,FOODS_3_030_TX_3_validation,364,5556.0,2842.3256975263357,7.808587081116307,81.24648778483753,0.5115776993387934
source_b_v1_13_tuned_lightgbm_direct_100,m5_top_volume_100_20260714,M5,28,lightgbm_tuned_direct,FOODS_3_080_CA_1_validation,364,6633.0,1952.9889526367188,5.365354265485491,30.06405484317966,0.2944352408618602
source_b_v1_13_tuned_lightgbm_direct_100,m5_top_volume_100_20260714,M5,28,lightgbm_tuned_direct,FOODS_3_080_TX_2_validation,364,6351.0,1519.7241382598877,4.17506631390079,24.537350863211344,0.23928895264680958
source_b_v1_13_tuned_lightgbm_direct_100,m5_top_volume_100_20260714,M5,28,lightgbm_tuned_direct,FOODS_3_090_CA_1_validation,364,18027.0,6532.03451448679,17.945149765073598,60.80144754132708,0.3623472854322289
source_b_v1_13_tuned_lightgbm_direct_100,m5_top_volume_100_20260714,M5,28,lightgbm_tuned_direct,FOODS_3_090_CA_2_validation,364,13416.0,5405.998367071152,14.851643865580087,64.04166171937679,0.40295157774829693
source_b_v1_13_tuned_lightgbm_direct_100,m5_top_volume_100_20260714,M5,28,lightgbm_tuned_direct,FOODS_3_090_CA_3_validation,364,35186.0,11668.278083443642,32.05570902044956,55.730007444808294,0.33161706597634405
source_b_v1_13_tuned_lightgbm_direct_100,m5_top_volume_100_20260714,M5,28,lightgbm_tuned_direct,FOODS_3_090_CA_4_validation,364,9265.0,3856.6201639175415,10.595110340432806,61.7562714057668,0.41625689842607033
source_b_v1_13_tuned_lightgbm_direct_100,m5_top_volume_100_20260714,M5,28,lightgbm_tuned_direct,FOODS_3_090_TX_1_validation,364,16266.0,5839.588963657618,16.042826823235213,59.66756848354138,0.3590058381690408
source_b_v1_13_tuned_lightgbm_direct_100,m5_top_volume_100_20260714,M5,28,lightgbm_tuned_direct,FOODS_3_090_TX_2_validation,364,18445.0,6362.157381117344,17.478454343728966,60.005861274155414,0.34492585422159633
source_b_v1_13_tuned_lightgbm_direct_100,m5_top_volume_100_20260714,M5,28,lightgbm_tuned_direct,FOODS_3_090_TX_3_validation,364,20844.0,7012.102858901024,19.264018843134682,60.50942100638763,0.33640869597490997
source_b_v1_13_tuned_lightgbm_direct_100,m5_top_volume_100_20260714,M5,28,lightgbm_tuned_direct,FOODS_3_090_WI_3_validation,364,22744.0,9486.463738575578,26.061713567515323,72.21148752772878,0.41709742079561984
source_b_v1_13_tuned_lightgbm_direct_100,m5_top_volume_100_20260714,M5,28,lightgbm_tuned_direct,FOODS_3_099_TX_2_validation,364,4993.0,3250.2007174491882,8.929122850135132,76.30251851864756,0.6509514755556155
source_b_v1_13_tuned_lightgbm_direct_100,m5_top_volume_100_20260714,M5,28,lightgbm_tuned_direct,FOODS_3_120_CA_1_validation,364,14909.0,6964.166637182236,19.132325926324825,62.35706739801684,0.46711158610116277
source_b_v1_13_tuned_lightgbm_direct_100,m5_top_volume_100_20260714,M5,28,lightgbm_tuned_direct,FOODS_3_120_CA_3_validation,364,30361.0,8867.370604753494,24.360908254817293,37.89042035076594,0.2920645105481866
source_b_v1_13_tuned_lightgbm_direct_100,m5_top_volume_100_20260714,M5,28,lightgbm_tuned_direct,FOODS_3_120_WI_3_validation,364,11888.0,4610.123590230942,12.665174698436653,48.46982473853829,0.3877963989090631
source_b_v1_13_tuned_lightgbm_direct_100,m5_top_volume_100_20260714,M5,28,lightgbm_tuned_direct,FOODS_3_202_CA_3_validation,364,7485.0,2599.5704474449158,7.141677053420098,50.398471656439625,0.3473040009946447
source_b_v1_13_tuned_lightgbm_direct_100,m5_top_volume_100_20260714,M5,28,lightgbm_tuned_direct,FOODS_3_202_TX_1_validation,364,7637.0,3110.831969857216,8.546241675431911,61.03521667021795,0.4073369084532167
source_b_v1_13_tuned_lightgbm_direct_100,m5_top_volume_100_20260714,M5,28,lightgbm_tuned_direct,FOODS_3_202_TX_2_validation,364,7507.0,3833.5709403455257,10.531788297652543,69.64953263773972,0.5106661702871355
source_b_v1_13_tuned_lightgbm_direct_100,m5_top_volume_100_20260714,M5,28,lightgbm_tuned_direct,FOODS_3_202_TX_3_validation,364,9390.0,3487.0631309747696,9.579843766414202,57.874398424733066,0.3713592258759073
source_b_v1_13_tuned_lightgbm_direct_100,m5_top_volume_100_20260714,M5,28,lightgbm_tuned_direct,FOODS_3_226_WI_1_validation,364,14269.0,2661.510540008545,7.311842142880618,18.988586731520403,0.18652397084648853
source_b_v1_13_tuned_lightgbm_direct_100,m5_top_volume_100_20260714,M5,28,lightgbm_tuned_direct,FOODS_3_226_WI_2_validation,364,13849.0,3163.741968154907,8.691598813612382,23.91942902195165,0.22844551723264547
source_b_v1_13_tuned_lightgbm_direct_100,m5_top_volume_100_20260714,M5,28,lightgbm_tuned_direct,FOODS_3_226_WI_3_validation,364,17486.0,3604.950283050537,9.903709568820156,21.10517631369865,0.2061620887024212
source_b_v1_13_tuned_lightgbm_direct_100,m5_top_volume_100_20260714,M5,28,lightgbm_tuned_direct,FOODS_3_234_CA_3_validation,364,6927.0,4648.9738512039185,12.77190618462615,66.44462187330095,0.6711381335648793
source_b_v1_13_tuned_lightgbm_direct_100,m5_top_volume_100_20260714,M5,28,lightgbm_tuned_direct,FOODS_3_234_WI_2_validation,364,8873.0,10209.960083723068,28.04934088934909,142.11912189932505,1.1506773451733425
source_b_v1_13_tuned_lightgbm_direct_100,m5_top_volume_100_20260714,M5,28,lightgbm_tuned_direct,FOODS_3_234_WI_3_validation,364,7337.0,4564.453167676926,12.539706504606938,74.93709724573593,0.6221143747685601
source_b_v1_13_tuned_lightgbm_direct_100,m5_top_volume_100_20260714,M5,28,lightgbm_tuned_direct,FOODS_3_252_CA_1_validation,364,14143.0,3184.562255859375,8.748797406207075,23.732433264825737,0.22516879416385313
source_b_v1_13_tuned_lightgbm_direct_100,m5_top_volume_100_20260714,M5,28,lightgbm_tuned_direct,FOODS_3_252_CA_2_validation,364,14244.0,3352.5566759109497,9.210320538216894,26.13687831059977,0.23536623672500348
source_b_v1_13_tuned_lightgbm_direct_100,m5_top_volume_100_20260714,M5,28,lightgbm_tuned_direct,FOODS_3_252_CA_3_validation,364,16554.0,3829.8443660736084,10.521550456246176,23.598453307912305,0.23135461919014186
source_b_v1_13_tuned_lightgbm_direct_100,m5_top_volume_100_20260714,M5,28,lightgbm_tuned_direct,FOODS_3_252_TX_1_validation,364,11375.0,3411.373116493225,9.371904166190179,32.438243169796706,0.2999009333180857
source_b_v1_13_tuned_lightgbm_direct_100,m5_top_volume_100_20260714,M5,28,lightgbm_tuned_direct,FOODS_3_252_TX_2_validation,364,21287.0,5077.772504806519,13.949924463754172,24.093880956492505,0.23853866232003187
source_b_v1_13_tuned_lightgbm_direct_100,m5_top_volume_100_20260714,M5,28,lightgbm_tuned_direct,FOODS_3_252_TX_3_validation,364,17267.0,4400.998191833496,12.090654373168945,26.578311359078178,0.2548791447172929
source_b_v1_13_tuned_lightgbm_direct_100,m5_top_volume_100_20260714,M5,28,lightgbm_tuned_direct,FOODS_3_252_WI_3_validation,364,6563.0,2172.555157661438,5.968558125443511,34.58440578658653,0.331030802630114
source_b_v1_13_tuned_lightgbm_direct_100,m5_top_volume_100_20260714,M5,28,lightgbm_tuned_direct,FOODS_3_281_CA_3_validation,364,3618.0,2952.027443289757,8.109965503543288,84.31103811074577,0.8159279832199439
source_b_v1_13_tuned_lightgbm_direct_100,m5_top_volume_100_20260714,M5,28,lightgbm_tuned_direct,FOODS_3_282_CA_3_validation,364,12762.0,4228.13832950592,11.615764641499782,41.70195856765309,0.33130687427565586
source_b_v1_13_tuned_lightgbm_direct_100,m5_top_volume_100_20260714,M5,28,lightgbm_tuned_direct,FOODS_3_288_CA_3_validation,364,12018.0,4364.342229604721,11.989951180232751,46.05598618533032,0.36315046011022806
source_b_v1_13_tuned_lightgbm_direct_100,m5_top_volume_100_20260714,M5,28,lightgbm_tuned_direct,FOODS_3_318_CA_3_validation,364,4989.0,4185.63239967078,11.498990108985659,100.7416844903992,0.8389722188155502
source_b_v1_13_tuned_lightgbm_direct_100,m5_top_volume_100_20260714,M5,28,lightgbm_tuned_direct,FOODS_3_318_WI_3_validation,364,5294.0,4142.9639674425125,11.381769141325584,97.54145376736054,0.7825772511224995
source_b_v1_13_tuned_lightgbm_direct_100,m5_top_volume_100_20260714,M5,28,lightgbm_tuned_direct,FOODS_3_319_CA_3_validation,364,4781.0,2896.2381059527397,7.956698093276757,107.11916959859724,0.6057808211572349
source_b_v1_13_tuned_lightgbm_direct_100,m5_top_volume_100_20260714,M5,28,lightgbm_tuned_direct,FOODS_3_376_WI_2_validation,364,8342.0,4243.834373474121,11.65888564141242,56.253938346773126,0.5087310445305827
source_b_v1_13_tuned_lightgbm_direct_100,m5_top_volume_100_20260714,M5,28,lightgbm_tuned_direct,FOODS_3_377_TX_2_validation,364,11468.0,2161.6602115631104,5.93862695484371,19.419293459222338,0.1884949608966786
source_b_v1_13_tuned_lightgbm_direct_100,m5_top_volume_100_20260714,M5,28,lightgbm_tuned_direct,FOODS_3_377_TX_3_validation,364,15335.0,3268.9815921783447,8.980718659830618,21.712800032500773,0.21317128087240592
source_b_v1_13_tuned_lightgbm_direct_100,m5_top_volume_100_20260714,M5,28,lightgbm_tuned_direct,FOODS_3_412_WI_2_validation,364,6820.0,7084.7169969677925,19.463508233428,125.55654808365063,1.038814808939559
source_b_v1_13_tuned_lightgbm_direct_100,m5_top_volume_100_20260714,M5,28,lightgbm_tuned_direct,FOODS_3_462_WI_2_validation,364,7852.0,4015.570014476776,11.031785754057077,57.25810680144385,0.5114072866119175
source_b_v1_13_tuned_lightgbm_direct_100,m5_top_volume_100_20260714,M5,28,lightgbm_tuned_direct,FOODS_3_501_CA_3_validation,364,4692.0,2506.8321496397257,6.886901509999246,74.15379106818509,0.5342779517561222
source_b_v1_13_tuned_lightgbm_direct_100,m5_top_volume_100_20260714,M5,28,lightgbm_tuned_direct,FOODS_3_541_CA_3_validation,364,7136.0,4209.1025402620435,11.563468517203416,109.5504427346855,0.5898406026151967
source_b_v1_13_tuned_lightgbm_direct_100,m5_top_volume_100_20260714,M5,28,lightgbm_tuned_direct,FOODS_3_547_WI_2_validation,364,6138.0,6990.027067661285,19.20337106500353,135.17117554991012,1.1388118389803332
source_b_v1_13_tuned_lightgbm_direct_100,m5_top_volume_100_20260714,M5,28,lightgbm_tuned_direct,FOODS_3_555_CA_1_validation,364,6566.0,1540.5399627685547,4.232252644968557,25.001080594723074,0.23462381400678567
source_b_v1_13_tuned_lightgbm_direct_100,m5_top_volume_100_20260714,M5,28,lightgbm_tuned_direct,FOODS_3_555_CA_3_validation,364,10701.0,2218.8744678497314,6.095808977609153,21.578975735188294,0.20735206689559213
source_b_v1_13_tuned_lightgbm_direct_100,m5_top_volume_100_20260714,M5,28,lightgbm_tuned_direct,FOODS_3_555_TX_1_validation,364,8816.0,2184.505567550659,6.00138892184247,25.6426489021698,0.24778874405066462
source_b_v1_13_tuned_lightgbm_direct_100,m5_top_volume_100_20260714,M5,28,lightgbm_tuned_direct,FOODS_3_555_TX_2_validation,364,16252.0,3646.683246612549,10.018360567616892,23.07933343048621,0.22438366026412435
source_b_v1_13_tuned_lightgbm_direct_100,m5_top_volume_100_20260714,M5,28,lightgbm_tuned_direct,FOODS_3_555_TX_3_validation,364,11786.0,3073.3946590423584,8.44339192044604,27.345144399495474,0.26076655854762926
source_b_v1_13_tuned_lightgbm_direct_100,m5_top_volume_100_20260714,M5,28,lightgbm_tuned_direct,FOODS_3_555_WI_3_validation,364,7929.0,2018.7315378189087,5.54596576323876,26.793850326453335,0.25460102633609644
source_b_v1_13_tuned_lightgbm_direct_100,m5_top_volume_100_20260714,M5,28,lightgbm_tuned_direct,FOODS_3_586_CA_1_validation,364,15898.0,3373.683437347412,9.26836109161377,22.067749153936052,0.21220804109620153
source_b_v1_13_tuned_lightgbm_direct_100,m5_top_volume_100_20260714,M5,28,lightgbm_tuned_direct,FOODS_3_586_CA_2_validation,364,13764.0,2878.1619834899902,7.907038416181292,24.050034892779774,0.2091079616020045
source_b_v1_13_tuned_lightgbm_direct_100,m5_top_volume_100_20260714,M5,28,lightgbm_tuned_direct,FOODS_3_586_CA_3_validation,364,26695.0,4411.519882202148,12.119560115939969,17.153002635983846,0.1652564106462689
source_b_v1_13_tuned_lightgbm_direct_100,m5_top_volume_100_20260714,M5,28,lightgbm_tuned_direct,FOODS_3_586_TX_1_validation,364,18896.0,3692.00807762146,10.14287933412489,20.023858947692023,0.19538569420096635
source_b_v1_13_tuned_lightgbm_direct_100,m5_top_volume_100_20260714,M5,28,lightgbm_tuned_direct,FOODS_3_586_TX_2_validation,364,33765.0,6532.797962188721,17.94724714887011,19.93067638808641,0.19347839366766537
source_b_v1_13_tuned_lightgbm_direct_100,m5_top_volume_100_20260714,M5,28,lightgbm_tuned_direct,FOODS_3_586_TX_3_validation,364,26936.0,5564.344879150391,15.286661755907666,21.637497245271643,0.20657651021496848
source_b_v1_13_tuned_lightgbm_direct_100,m5_top_volume_100_20260714,M5,28,lightgbm_tuned_direct,FOODS_3_586_WI_3_validation,364,11889.0,2510.4951400756836,6.896964670537592,22.29719510839375,0.21116116915431773
source_b_v1_13_tuned_lightgbm_direct_100,m5_top_volume_100_20260714,M5,28,lightgbm_tuned_direct,FOODS_3_587_CA_1_validation,364,10034.0,2757.251852989197,7.574867727992299,28.951102224126434,0.27479089625166403
source_b_v1_13_tuned_lightgbm_direct_100,m5_top_volume_100_20260714,M5,28,lightgbm_tuned_direct,FOODS_3_587_CA_3_validation,364,12312.0,3042.62464427948,8.358858912855714,27.23548266814998,0.2471267579824139
source_b_v1_13_tuned_lightgbm_direct_100,m5_top_volume_100_20260714,M5,28,lightgbm_tuned_direct,FOODS_3_587_TX_1_validation,364,10234.0,2969.9395627975464,8.159174623070182,31.887748028098784,0.2902032013677493
source_b_v1_13_tuned_lightgbm_direct_100,m5_top_volume_100_20260714,M5,28,lightgbm_tuned_direct,FOODS_3_587_TX_2_validation,364,10946.0,3025.5098276138306,8.311840185752281,30.228260222884725,0.276403236580836
source_b_v1_13_tuned_lightgbm_direct_100,m5_top_volume_100_20260714,M5,28,lightgbm_tuned_direct,FOODS_3_587_TX_3_validation,364,11441.0,3073.3569259643555,8.443288258143834,27.71583425182971,0.2686265995948217
source_b_v1_13_tuned_lightgbm_direct_100,m5_top_volume_100_20260714,M5,28,lightgbm_tuned_direct,FOODS_3_587_WI_3_validation,364,10622.0,3414.0911623239517,9.3793713250658,38.68185433175953,0.32141698007192165
source_b_v1_13_tuned_lightgbm_direct_100,m5_top_volume_100_20260714,M5,28,lightgbm_tuned_direct,FOODS_3_607_CA_3_validation,364,7751.0,3290.1330456733704,9.038827048553216,47.98928705896323,0.4244785247933648
source_b_v1_13_tuned_lightgbm_direct_100,m5_top_volume_100_20260714,M5,28,lightgbm_tuned_direct,FOODS_3_635_CA_3_validation,364,6861.0,3507.9635585546494,9.637262523501784,100.67215780788952,0.5112904180957075
source_b_v1_13_tuned_lightgbm_direct_100,m5_top_volume_100_20260714,M5,28,lightgbm_tuned_direct,FOODS_3_681_CA_3_validation,364,14222.0,6350.745477676392,17.447102960649428,48.69270917958778,0.4465437686455064
source_b_v1_13_tuned_lightgbm_direct_100,m5_top_volume_100_20260714,M5,28,lightgbm_tuned_direct,FOODS_3_681_WI_3_validation,364,12084.0,4894.2952127456665,13.4458659690815,47.3713173591709,0.40502277497067746
source_b_v1_13_tuned_lightgbm_direct_100,m5_top_volume_100_20260714,M5,28,lightgbm_tuned_direct,FOODS_3_694_CA_3_validation,364,6317.0,1573.7951822280884,4.323613137989254,25.438023862836296,0.2491364860262923
source_b_v1_13_tuned_lightgbm_direct_100,m5_top_volume_100_20260714,M5,28,lightgbm_tuned_direct,FOODS_3_694_TX_1_validation,364,6148.0,1675.9965524673462,4.60438613315205,28.277738591098107,0.27260841777282796
source_b_v1_13_tuned_lightgbm_direct_100,m5_top_volume_100_20260714,M5,28,lightgbm_tuned_direct,FOODS_3_694_WI_1_validation,364,6821.0,1598.0305395126343,4.390193789869874,24.41994066312148,0.23428097632497205
source_b_v1_13_tuned_lightgbm_direct_100,m5_top_volume_100_20260714,M5,28,lightgbm_tuned_direct,FOODS_3_694_WI_2_validation,364,11167.0,2386.1655111312866,6.555399755855183,22.06681701324927,0.21368008517339362
source_b_v1_13_tuned_lightgbm_direct_100,m5_top_volume_100_20260714,M5,28,lightgbm_tuned_direct,FOODS_3_694_WI_3_validation,364,15958.0,3162.7273120880127,8.68881129694509,20.592627923232936,0.19819070761298488
source_b_v1_13_tuned_lightgbm_direct_100,m5_top_volume_100_20260714,M5,28,lightgbm_tuned_direct,FOODS_3_711_CA_3_validation,364,5052.0,4252.888343006372,11.68375918408344,91.2215584638918,0.8418227123923936
source_b_v1_13_tuned_lightgbm_direct_100,m5_top_volume_100_20260714,M5,28,lightgbm_tuned_direct,FOODS_3_711_WI_2_validation,364,7860.0,7448.480174362659,20.46285762187544,118.04584525800124,0.9476437880868523
source_b_v1_13_tuned_lightgbm_direct_100,m5_top_volume_100_20260714,M5,28,lightgbm_tuned_direct,FOODS_3_714_CA_1_validation,364,8484.0,2406.045223236084,6.610014349549681,30.436338636708122,0.2835979753932206
source_b_v1_13_tuned_lightgbm_direct_100,m5_top_volume_100_20260714,M5,28,lightgbm_tuned_direct,FOODS_3_714_CA_3_validation,364,11041.0,2539.345621109009,6.976224233815958,24.185334505046512,0.22999235767675108
source_b_v1_13_tuned_lightgbm_direct_100,m5_top_volume_100_20260714,M5,28,lightgbm_tuned_direct,FOODS_3_714_TX_1_validation,364,5367.0,2037.310718536377,5.59700746850653,39.28315196334463,0.37959953764419174
source_b_v1_13_tuned_lightgbm_direct_100,m5_top_volume_100_20260714,M5,28,lightgbm_tuned_direct,FOODS_3_714_TX_2_validation,364,8563.0,2447.944890975952,6.725123326857012,30.049406309890436,0.2858746807165657
source_b_v1_13_tuned_lightgbm_direct_100,m5_top_volume_100_20260714,M5,28,lightgbm_tuned_direct,FOODS_3_714_TX_3_validation,364,6553.0,2297.8532094955444,6.312783542570177,37.19755512727264,0.350656677780489
source_b_v1_13_tuned_lightgbm_direct_100,m5_top_volume_100_20260714,M5,28,lightgbm_tuned_direct,FOODS_3_714_WI_3_validation,364,8159.0,2360.055591583252,6.4836692076462965,29.909833874663626,0.2892579472463846
source_b_v1_13_tuned_lightgbm_direct_100,m5_top_volume_100_20260714,M5,28,lightgbm_tuned_direct,FOODS_3_723_CA_3_validation,364,8114.0,4175.493224799633,11.471135232966025,64.71135107788702,0.5146035524771547
source_b_v1_13_tuned_lightgbm_direct_100,m5_top_volume_100_20260714,M5,28,lightgbm_tuned_direct,FOODS_3_723_WI_3_validation,364,7665.0,3709.2846390604973,10.190342415001366,66.26732842330973,0.4839249366028046
source_b_v1_13_tuned_lightgbm_direct_100,m5_top_volume_100_20260714,M5,28,lightgbm_tuned_direct,FOODS_3_752_CA_3_validation,364,6402.0,4985.208904266357,13.695628857874608,72.55395956293953,0.7786955489325769
source_b_v1_13_tuned_lightgbm_direct_100,m5_top_volume_100_20260714,M5,28,lightgbm_tuned_direct,FOODS_3_804_CA_3_validation,364,8021.0,3609.761824607849,9.916928089582003,53.98986452541119,0.4500388760264118
source_b_v1_13_tuned_lightgbm_direct_100,m5_top_volume_100_20260714,M5,28,lightgbm_tuned_direct,FOODS_3_808_CA_1_validation,364,2395.0,4210.993486583233,11.568663424679212,141.0814118372523,1.7582436269658592
source_b_v1_13_tuned_lightgbm_direct_100,m5_top_volume_100_20260714,M5,28,lightgbm_tuned_direct,FOODS_3_808_CA_3_validation,364,8863.0,5305.72168135643,14.576158465264918,104.20961971939494,0.5986372200560115
source_b_v1_13_tuned_lightgbm_direct_100,m5_top_volume_100_20260714,M5,28,lightgbm_tuned_direct,HOUSEHOLD_1_118_CA_3_validation,364,7647.0,2406.886206626892,6.612324743480473,33.29586487489469,0.31474907893643156
source_b_v1_13_tuned_lightgbm_direct_100,m5_top_volume_100_20260714,M5,28,lightgbm_tuned_direct,HOUSEHOLD_1_334_CA_3_validation,364,6882.0,2489.8989329338074,6.840381683884086,40.47981339949501,0.3617987406181063
source_b_v1_13_tuned_lightgbm_direct_100,m5_top_volume_100_20260714,M5,28,lightgbm_tuned_direct,HOUSEHOLD_1_459_CA_3_validation,364,7840.0,2660.108458518982,7.307990270656544,36.01006666889982,0.33929954828048237
source_b_v1_13_tuned_lightgbm_direct_100,rohlik_top_volume_100_20260714,Rohlik,7,lightgbm_tuned_direct,80,280,65024.250061035156,12108.091217041016,43.243182918003626,18.232044863234485,0.18620885601411363
source_b_v1_13_tuned_lightgbm_direct_100,rohlik_top_volume_100_20260714,Rohlik,7,lightgbm_tuned_direct,139,280,704992.3494262695,130830.69732666016,467.2524904523577,18.615166988832456,0.18557747106494363
source_b_v1_13_tuned_lightgbm_direct_100,rohlik_top_volume_100_20260714,Rohlik,7,lightgbm_tuned_direct,393,280,347206.3200683594,133700.65850830078,477.50235181535993,34.86036629261944,0.38507553227135166
source_b_v1_13_tuned_lightgbm_direct_100,rohlik_top_volume_100_20260714,Rohlik,7,lightgbm_tuned_direct,394,280,239137.44957733154,96207.59591293335,343.59855683190483,40.35097055489864,0.4023108721907734
source_b_v1_13_tuned_lightgbm_direct_100,rohlik_top_volume_100_20260714,Rohlik,7,lightgbm_tuned_direct,524,280,267690.19955444336,40399.19610595703,144.28284323556082,14.547212375013732,0.15091772568887254
source_b_v1_13_tuned_lightgbm_direct_100,rohlik_top_volume_100_20260714,Rohlik,7,lightgbm_tuned_direct,525,280,531616.6622314453,79974.04077148438,285.6215741838728,14.526854356544156,0.15043554209869137
source_b_v1_13_tuned_lightgbm_direct_100,rohlik_top_volume_100_20260714,Rohlik,7,lightgbm_tuned_direct,526,280,338197.9295654297,45743.298828125,163.36892438616073,13.676695441236442,0.13525599901484683
source_b_v1_13_tuned_lightgbm_direct_100,rohlik_top_volume_100_20260714,Rohlik,7,lightgbm_tuned_direct,539,280,193128.92993927002,32199.47191619873,114.99811398642403,17.114240570049898,0.16672526444548702
source_b_v1_13_tuned_lightgbm_direct_100,rohlik_top_volume_100_20260714,Rohlik,7,lightgbm_tuned_direct,619,280,111035.18016052246,53420.23807607591,190.78656455741398,101.27408753273303,0.48111092357257224
source_b_v1_13_tuned_lightgbm_direct_100,rohlik_top_volume_100_20260714,Rohlik,7,lightgbm_tuned_direct,652,280,906449.6130943298,248728.4561805725,888.3159149306161,27.355179843857037,0.27439854635879085
source_b_v1_13_tuned_lightgbm_direct_100,rohlik_top_volume_100_20260714,Rohlik,7,lightgbm_tuned_direct,653,280,742757.7571563721,235810.3983001709,842.1799939291818,32.6815367289141,0.31747954972959774
source_b_v1_13_tuned_lightgbm_direct_100,rohlik_top_volume_100_20260714,Rohlik,7,lightgbm_tuned_direct,654,280,465967.79803466797,148730.86688232422,531.1816674368722,30.5386822263997,0.31918700714863274
source_b_v1_13_tuned_lightgbm_direct_100,rohlik_top_volume_100_20260714,Rohlik,7,lightgbm_tuned_direct,655,280,569343.7183532715,155671.62530517578,555.9700903756278,27.369105796565513,0.27342292588285527
source_b_v1_13_tuned_lightgbm_direct_100,rohlik_top_volume_100_20260714,Rohlik,7,lightgbm_tuned_direct,888,280,161351.10961914062,45284.142269179225,161.72907953278295,35.7478342617789,0.28065590857149764
source_b_v1_13_tuned_lightgbm_direct_100,rohlik_top_volume_100_20260714,Rohlik,7,lightgbm_tuned_direct,890,280,151037.71043395996,45782.425170326605,163.50866132259503,45.09025843060055,0.303119168310914
source_b_v1_13_tuned_lightgbm_direct_100,rohlik_top_volume_100_20260714,Rohlik,7,lightgbm_tuned_direct,912,280,138695.33001708984,57318.18166351318,204.70779165540424,41.31540007406061,0.41326684652216134
source_b_v1_13_tuned_lightgbm_direct_100,rohlik_top_volume_100_20260714,Rohlik,7,lightgbm_tuned_direct,1032,280,313453.1592102051,43076.11251831055,153.84325899396623,14.876175118364255,0.13742440059257224
source_b_v1_13_tuned_lightgbm_direct_100,rohlik_top_volume_100_20260714,Rohlik,7,lightgbm_tuned_direct,1266,280,151124.2797088623,25081.455184936523,89.57662566048758,15.381546329067975,0.16596575502795058
source_b_v1_13_tuned_lightgbm_direct_100,rohlik_top_volume_100_20260714,Rohlik,7,lightgbm_tuned_direct,1269,280,140353.15000152588,27258.51848602295,97.35185173579625,18.50611800774606,0.19421379916109188
source_b_v1_13_tuned_lightgbm_direct_100,rohlik_top_volume_100_20260714,Rohlik,7,lightgbm_tuned_direct,1270,280,132543.56005859375,33124.521476745605,118.3018624169486,24.385514427918366,0.24991422791195736
source_b_v1_13_tuned_lightgbm_direct_100,rohlik_top_volume_100_20260714,Rohlik,7,lightgbm_tuned_direct,1391,280,221225.1198425293,35090.518005371094,125.32327859061105,15.765716681648328,0.15861904846225847
source_b_v1_13_tuned_lightgbm_direct_100,rohlik_top_volume_100_20260714,Rohlik,7,lightgbm_tuned_direct,1405,280,126042.9401473999,51717.57384490967,184.70562087467738,36.540634787919544,0.4103171013341086
source_b_v1_13_tuned_lightgbm_direct_100,rohlik_top_volume_100_20260714,Rohlik,7,lightgbm_tuned_direct,1408,280,207613.20947265625,61005.13296508789,217.8754748753139,26.974821975109037,0.29384032509319974
source_b_v1_13_tuned_lightgbm_direct_100,rohlik_top_volume_100_20260714,Rohlik,7,lightgbm_tuned_direct,1413,280,289053.51054000854,65936.8526802063,235.48875957216535,23.24366245189092,0.22811296274182366
source_b_v1_13_tuned_lightgbm_direct_100,rohlik_top_volume_100_20260714,Rohlik,7,lightgbm_tuned_direct,1640,280,120672.08973693848,46086.14628601074,164.5933795928955,36.83558124488025,0.38191222499317906
source_b_v1_13_tuned_lightgbm_direct_100,rohlik_top_volume_100_20260714,Rohlik,7,lightgbm_tuned_direct,1671,280,141476.37020874023,33821.39461326599,120.79069504737853,26.62088027199833,0.2390603785166701
source_b_v1_13_tuned_lightgbm_direct_100,rohlik_top_volume_100_20260714,Rohlik,7,lightgbm_tuned_direct,1672,280,151003.13999176025,39439.90599822998,140.85680713653565,25.119935954438244,0.2611859991810905
source_b_v1_13_tuned_lightgbm_direct_100,rohlik_top_volume_100_20260714,Rohlik,7,lightgbm_tuned_direct,1925,280,145504.06002807617,28869.586599381117,103.10566642636113,126.92239977120725,0.19841086629342508
source_b_v1_13_tuned_lightgbm_direct_100,rohlik_top_volume_100_20260714,Rohlik,7,lightgbm_tuned_direct,1927,280,138158.75009334087,23872.446392178535,85.25873711492333,42.09906410076295,0.17278997078397257
source_b_v1_13_tuned_lightgbm_direct_100,rohlik_top_volume_100_20260714,Rohlik,7,lightgbm_tuned_direct,2127,280,224514.65948486328,102136.62634277344,364.77366550990513,42.52417032489078,0.4549218593437078
source_b_v1_13_tuned_lightgbm_direct_100,rohlik_top_volume_100_20260714,Rohlik,7,lightgbm_tuned_direct,2129,280,201146.12992095947,101306.00974845886,361.8071776730674,51.635700323048916,0.5036438423561375
source_b_v1_13_tuned_lightgbm_direct_100,rohlik_top_volume_100_20260714,Rohlik,7,lightgbm_tuned_direct,2159,280,205632.91958618164,27282.855010986328,97.43876789637974,13.994829796315623,0.13267746752752768
source_b_v1_13_tuned_lightgbm_direct_100,rohlik_top_volume_100_20260714,Rohlik,7,lightgbm_tuned_direct,2160,280,155848.88995361328,20402.022705078125,72.86436680385044,13.52724771717902,0.13090900237499647
source_b_v1_13_tuned_lightgbm_direct_100,rohlik_top_volume_100_20260714,Rohlik,7,lightgbm_tuned_direct,2161,280,119318.8002319336,17840.543434143066,63.71622655051095,15.351273616579789,0.14951997002538042
source_b_v1_13_tuned_lightgbm_direct_100,rohlik_top_volume_100_20260714,Rohlik,7,lightgbm_tuned_direct,2216,280,279236.34016418457,34541.569564819336,123.36274844578334,12.94792383921802,0.12370012278670349
source_b_v1_13_tuned_lightgbm_direct_100,rohlik_top_volume_100_20260714,Rohlik,7,lightgbm_tuned_direct,2217,280,274926.85957336426,27810.50730895996,99.32324038914271,10.455595522387318,0.10115602146737039
source_b_v1_13_tuned_lightgbm_direct_100,rohlik_top_volume_100_20260714,Rohlik,7,lightgbm_tuned_direct,2218,280,126590.24021148682,22827.363319396973,81.5262975692749,17.197179965367784,0.18032482821156393
source_b_v1_13_tuned_lightgbm_direct_100,rohlik_top_volume_100_20260714,Rohlik,7,lightgbm_tuned_direct,2274,280,151934.1999359131,51997.147689819336,185.7040988922119,46.420115954161204,0.34223464968224465
source_b_v1_13_tuned_lightgbm_direct_100,rohlik_top_volume_100_20260714,Rohlik,7,lightgbm_tuned_direct,2275,280,108671.41033172607,36773.25372302532,131.33304901080473,47.341261690369954,0.3383894035309999
source_b_v1_13_tuned_lightgbm_direct_100,rohlik_top_volume_100_20260714,Rohlik,7,lightgbm_tuned_direct,2325,280,218676.69919586182,40794.48542022705,145.69459078652517,19.949935252087577,0.1865515876645308
source_b_v1_13_tuned_lightgbm_direct_100,rohlik_top_volume_100_20260714,Rohlik,7,lightgbm_tuned_direct,2467,280,124018.61987304688,34775.63686490059,124.19870308893067,66.76624961803387,0.28040657846780653
source_b_v1_13_tuned_lightgbm_direct_100,rohlik_top_volume_100_20260714,Rohlik,7,lightgbm_tuned_direct,2468,280,207317.14988708496,110533.37409133743,394.7620503262051,71.60453884528832,0.5331607836184286
source_b_v1_13_tuned_lightgbm_direct_100,rohlik_top_volume_100_20260714,Rohlik,7,lightgbm_tuned_direct,2470,280,261642.5806427002,117256.860640781,418.7745022885036,61.48672990103569,0.44815664313029874
source_b_v1_13_tuned_lightgbm_direct_100,rohlik_top_volume_100_20260714,Rohlik,7,lightgbm_tuned_direct,2560,280,273117.1798400879,59631.998291015625,212.97142246791296,22.01542586276147,0.21833851069321453
source_b_v1_13_tuned_lightgbm_direct_100,rohlik_top_volume_100_20260714,Rohlik,7,lightgbm_tuned_direct,2561,280,551515.4985351562,129181.57800292969,461.36277858189175,25.399383991961333,0.23423018636110918
source_b_v1_13_tuned_lightgbm_direct_100,rohlik_top_volume_100_20260714,Rohlik,7,lightgbm_tuned_direct,2562,280,501021.64096069336,105437.84658813477,376.563737814767,21.51639334617447,0.21044569329572468
source_b_v1_13_tuned_lightgbm_direct_100,rohlik_top_volume_100_20260714,Rohlik,7,lightgbm_tuned_direct,2563,280,249795.21975708008,57900.184661865234,206.78637379237583,23.660408908933096,0.23179060319157344
source_b_v1_13_tuned_lightgbm_direct_100,rohlik_top_volume_100_20260714,Rohlik,7,lightgbm_tuned_direct,2565,280,173654.3897781372,47564.93437957764,169.87476564134872,25.361781734521028,0.2739057414001865
source_b_v1_13_tuned_lightgbm_direct_100,rohlik_top_volume_100_20260714,Rohlik,7,lightgbm_tuned_direct,2566,280,138404.21014404297,50065.18983459473,178.80424940926687,31.920680629665405,0.3617316971968542
source_b_v1_13_tuned_lightgbm_direct_100,rohlik_top_volume_100_20260714,Rohlik,7,lightgbm_tuned_direct,2694,280,220327.10961914062,30221.00747680664,107.93216956002372,14.843845187436102,0.13716427147365995
source_b_v1_13_tuned_lightgbm_direct_100,rohlik_top_volume_100_20260714,Rohlik,7,lightgbm_tuned_direct,2840,280,275601.7402648926,56841.72445678711,203.00615877423968,20.770383943745856,0.2062458836513663
source_b_v1_13_tuned_lightgbm_direct_100,rohlik_top_volume_100_20260714,Rohlik,7,lightgbm_tuned_direct,2935,280,193093.2696838379,36936.26055908203,131.91521628243584,18.443153370968318,0.19128714646325984
source_b_v1_13_tuned_lightgbm_direct_100,rohlik_top_volume_100_20260714,Rohlik,7,lightgbm_tuned_direct,2936,280,169590.96995544434,23097.984115600586,82.49280041285924,13.648500844207218,0.13619819570386907
source_b_v1_13_tuned_lightgbm_direct_100,rohlik_top_volume_100_20260714,Rohlik,7,lightgbm_tuned_direct,2937,280,280813.5494995117,38138.49621582031,136.20891505650113,13.585691187013776,0.13581430199430825
source_b_v1_13_tuned_lightgbm_direct_100,rohlik_top_volume_100_20260714,Rohlik,7,lightgbm_tuned_direct,2938,280,168716.07014465332,20685.44744873047,73.87659803118025,12.255623304420991,0.12260508101566873
source_b_v1_13_tuned_lightgbm_direct_100,rohlik_top_volume_100_20260714,Rohlik,7,lightgbm_tuned_direct,3144,280,503970.9108886719,53007.791442871094,189.31354086739677,10.863361033684598,0.10518026000627766
source_b_v1_13_tuned_lightgbm_direct_100,rohlik_top_volume_100_20260714,Rohlik,7,lightgbm_tuned_direct,3145,280,338092.6397705078,33954.92794799805,121.26759981427874,10.321739960060473,0.10043084040825656
source_b_v1_13_tuned_lightgbm_direct_100,rohlik_top_volume_100_20260714,Rohlik,7,lightgbm_tuned_direct,3146,280,0.0,1.6743176092859358,0.005979705747449771,200.0,
source_b_v1_13_tuned_lightgbm_direct_100,rohlik_top_volume_100_20260714,Rohlik,7,lightgbm_tuned_direct,3147,280,297310.9501647949,25784.016662597656,92.08577379499162,8.906254890561751,0.08672407339287695
source_b_v1_13_tuned_lightgbm_direct_100,rohlik_top_volume_100_20260714,Rohlik,7,lightgbm_tuned_direct,3152,280,129612.94994354248,59390.15158081055,212.10768421718052,44.97009462453622,0.45821155684428166
source_b_v1_13_tuned_lightgbm_direct_100,rohlik_top_volume_100_20260714,Rohlik,7,lightgbm_tuned_direct,3155,280,105009.38983726501,55775.10553920269,199.19680549715247,56.272556794709196,0.5311439827013412
source_b_v1_13_tuned_lightgbm_direct_100,rohlik_top_volume_100_20260714,Rohlik,7,lightgbm_tuned_direct,3184,280,248360.49018859863,29040.88771057129,103.71745610918317,12.614445130592452,0.11693038489543316
source_b_v1_13_tuned_lightgbm_direct_100,rohlik_top_volume_100_20260714,Rohlik,7,lightgbm_tuned_direct,3224,280,81147.24968624115,53104.21904993057,189.65792517832347,63.498243404157726,0.6544179778767611
source_b_v1_13_tuned_lightgbm_direct_100,rohlik_top_volume_100_20260714,Rohlik,7,lightgbm_tuned_direct,3225,280,75168.05016422272,52142.39301109314,186.22283218247549,91.30831581510667,0.6936776050087173
source_b_v1_13_tuned_lightgbm_direct_100,rohlik_top_volume_100_20260714,Rohlik,7,lightgbm_tuned_direct,3336,280,575708.1196289062,57459.946228027344,205.21409367152623,10.194961503597646,0.09980742718213746
source_b_v1_13_tuned_lightgbm_direct_100,rohlik_top_volume_100_20260714,Rohlik,7,lightgbm_tuned_direct,3456,280,256175.78985595703,32153.218963623047,114.83292487008231,13.672813385112411,0.12551232488324604
source_b_v1_13_tuned_lightgbm_direct_100,rohlik_top_volume_100_20260714,Rohlik,7,lightgbm_tuned_direct,3616,280,318439.2596435547,40038.37463378906,142.99419512067522,13.192294794323342,0.12573316078741692
source_b_v1_13_tuned_lightgbm_direct_100,rohlik_top_volume_100_20260714,Rohlik,7,lightgbm_tuned_direct,3617,280,187647.49993896484,23431.906784057617,83.68538137163435,13.210273680214213,0.12487193696520975
source_b_v1_13_tuned_lightgbm_direct_100,rohlik_top_volume_100_20260714,Rohlik,7,lightgbm_tuned_direct,3618,280,151499.94006347656,19863.598747253418,70.94142409733364,13.494442958495886,0.13111291488914661
source_b_v1_13_tuned_lightgbm_direct_100,rohlik_top_volume_100_20260714,Rohlik,7,lightgbm_tuned_direct,3685,280,112072.23987579346,32210.375430107117,115.03705510752542,28.747415629674332,0.2874072604045835
source_b_v1_13_tuned_lightgbm_direct_100,rohlik_top_volume_100_20260714,Rohlik,7,lightgbm_tuned_direct,3686,280,139290.15993404388,37436.436636924744,133.70155941758836,25.6667166023674,0.2687658385535022
source_b_v1_13_tuned_lightgbm_direct_100,rohlik_top_volume_100_20260714,Rohlik,7,lightgbm_tuned_direct,3871,280,143374.5302658081,37620.45057296753,134.35875204631262,24.74005551431969,0.2623928427400696
source_b_v1_13_tuned_lightgbm_direct_100,rohlik_top_volume_100_20260714,Rohlik,7,lightgbm_tuned_direct,4172,280,260753.42961120605,60202.26119053364,215.00807568047728,74.35762744672486,0.23087811838293998
source_b_v1_13_tuned_lightgbm_direct_100,rohlik_top_volume_100_20260714,Rohlik,7,lightgbm_tuned_direct,4227,280,112724.54960632324,41599.667011260986,148.5702393259321,42.371367789799294,0.3690382188843757
source_b_v1_13_tuned_lightgbm_direct_100,rohlik_top_volume_100_20260714,Rohlik,7,lightgbm_tuned_direct,4228,280,206421.50966644287,69913.65749073029,249.69163389546532,42.41546204725375,0.338693664258652
source_b_v1_13_tuned_lightgbm_direct_100,rohlik_top_volume_100_20260714,Rohlik,7,lightgbm_tuned_direct,4229,280,121289.81995391846,44077.84536361694,157.42087629863195,45.09949723787348,0.3634092735924862
source_b_v1_13_tuned_lightgbm_direct_100,rohlik_top_volume_100_20260714,Rohlik,7,lightgbm_tuned_direct,4230,280,193655.57107543945,79349.60751342773,283.39145540509907,49.436673553463976,0.409746061385018
source_b_v1_13_tuned_lightgbm_direct_100,rohlik_top_volume_100_20260714,Rohlik,7,lightgbm_tuned_direct,4523,280,171175.77983093262,20912.93051147461,74.68903754098075,11.775852138134805,0.12217225200977587
source_b_v1_13_tuned_lightgbm_direct_100,rohlik_top_volume_100_20260714,Rohlik,7,lightgbm_tuned_direct,4720,280,4037897.0986328125,468676.58544921875,1673.844948032924,11.921762011297062,0.11606947230228018
source_b_v1_13_tuned_lightgbm_direct_100,rohlik_top_volume_100_20260714,Rohlik,7,lightgbm_tuned_direct,4793,280,575034.4410400391,80538.40368652344,287.637156023298,14.18458711742999,0.14005839987750512
source_b_v1_13_tuned_lightgbm_direct_100,rohlik_top_volume_100_20260714,Rohlik,7,lightgbm_tuned_direct,4877,280,279479.92053222656,37793.13885498047,134.97549591064453,14.252293614532716,0.13522666953321455
source_b_v1_13_tuned_lightgbm_direct_100,rohlik_top_volume_100_20260714,Rohlik,7,lightgbm_tuned_direct,4878,280,173437.76989746094,26008.35855102539,92.88699482509068,15.568092570146677,0.14995786999799368
source_b_v1_13_tuned_lightgbm_direct_100,rohlik_top_volume_100_20260714,Rohlik,7,lightgbm_tuned_direct,4879,280,637516.419921875,86007.3369140625,307.1690604073661,14.30347169257264,0.13490999482743102
source_b_v1_13_tuned_lightgbm_direct_100,rohlik_top_volume_100_20260714,Rohlik,7,lightgbm_tuned_direct,4883,280,1313540.4802246094,149287.4345703125,533.1694091796875,11.367644153196252,0.11365270946563065
source_b_v1_13_tuned_lightgbm_direct_100,rohlik_top_volume_100_20260714,Rohlik,7,lightgbm_tuned_direct,4884,280,1460296.7197265625,170396.701171875,608.5596470424107,11.762985880360096,0.11668635481409656
source_b_v1_13_tuned_lightgbm_direct_100,rohlik_top_volume_100_20260714,Rohlik,7,lightgbm_tuned_direct,4885,280,2587560.158203125,358494.5517578125,1280.3376848493303,13.778965737940238,0.13854539791908113
source_b_v1_13_tuned_lightgbm_direct_100,rohlik_top_volume_100_20260714,Rohlik,7,lightgbm_tuned_direct,4965,280,209354.80053710938,63795.5202331543,227.84114368983677,26.94295996103586,0.3047244203117576
source_b_v1_13_tuned_lightgbm_direct_100,rohlik_top_volume_100_20260714,Rohlik,7,lightgbm_tuned_direct,4966,280,114273.84986877441,45097.57914733887,161.0627826690674,32.49534815552892,0.3946447870543117
source_b_v1_13_tuned_lightgbm_direct_100,rohlik_top_volume_100_20260714,Rohlik,7,lightgbm_tuned_direct,4967,280,217679.2293624878,66276.48989105225,236.7017496109009,28.824852342391203,0.3044685985206521
source_b_v1_13_tuned_lightgbm_direct_100,rohlik_top_volume_100_20260714,Rohlik,7,lightgbm_tuned_direct,4968,280,132231.52013397217,42452.98386383057,151.61779951368058,28.61905462546278,0.3210504108310844
source_b_v1_13_tuned_lightgbm_direct_100,rohlik_top_volume_100_20260714,Rohlik,7,lightgbm_tuned_direct,5164,280,145507.20980644226,36527.98047828674,130.45707313673836,35.81740455804437,0.25103897275521453
source_b_v1_13_tuned_lightgbm_direct_100,rohlik_top_volume_100_20260714,Rohlik,7,lightgbm_tuned_direct,5166,280,112630.67004394531,35583.78446632624,127.0849445225937,48.52890350454294,0.3159333461520068
source_b_v1_13_tuned_lightgbm_direct_100,rohlik_top_volume_100_20260714,Rohlik,7,lightgbm_tuned_direct,5277,280,151712.34029006958,46501.10503768921,166.07537513460431,31.410616295955702,0.3065083891579317
source_b_v1_13_tuned_lightgbm_direct_100,rohlik_top_volume_100_20260714,Rohlik,7,lightgbm_tuned_direct,5278,280,174989.42964935303,48256.114738464355,172.343266923087,32.48630305940198,0.27576588388887735
source_b_v1_13_tuned_lightgbm_direct_100,rohlik_top_volume_100_20260714,Rohlik,7,lightgbm_tuned_direct,5293,280,239707.89004516602,37639.075439453125,134.4252694266183,15.043957052412274,0.15702059465944626
source_b_v1_13_tuned_lightgbm_direct_100,rohlik_top_volume_100_20260714,Rohlik,7,lightgbm_tuned_direct,5294,280,224627.77935791016,41494.117919921875,148.19327828543527,16.862700239626577,0.18472389318245147
source_b_v1_13_tuned_lightgbm_direct_100,rohlik_top_volume_100_20260714,Rohlik,7,lightgbm_tuned_direct,5295,280,163282.1696624756,21038.85903930664,75.138782283238,12.526110828633266,0.12884970283526095
source_b_v1_13_tuned_lightgbm_direct_100,rohlik_top_volume_100_20260714,Rohlik,7,lightgbm_tuned_direct,5296,280,156334.580368042,23169.588836669922,82.74853155953544,14.238619749690901,0.14820514298323637
source_b_v1_13_tuned_lightgbm_direct_100,rohlik_top_volume_100_20260714,Rohlik,7,lightgbm_tuned_direct,5347,280,131796.05020141602,45227.0729675293,161.5252605983189,34.93934932961618,0.3431595476375162
source_b_v1_13_tuned_lightgbm_direct_100,rohlik_top_volume_100_20260714,Rohlik,7,lightgbm_tuned_direct,5350,280,186111.16989898682,52567.58368682861,187.74137031010218,30.01297145079189,0.2824525992467838
source_b_v1_13_tuned_lightgbm_direct_100,rohlik_top_volume_100_20260714,Rohlik,14,lightgbm_tuned_direct,80,280,65024.250061035156,12275.490249633789,43.84103660583496,18.544608223019452,0.18878326529120093
source_b_v1_13_tuned_lightgbm_direct_100,rohlik_top_volume_100_20260714,Rohlik,14,lightgbm_tuned_direct,139,280,704992.3494262695,126371.0034790039,451.32501242501394,17.89595626468347,0.17925159554120837
source_b_v1_13_tuned_lightgbm_direct_100,rohlik_top_volume_100_20260714,Rohlik,14,lightgbm_tuned_direct,393,280,347206.3200683594,142320.2596435547,508.28664158412386,36.054379574094256,0.4099011205082157
source_b_v1_13_tuned_lightgbm_direct_100,rohlik_top_volume_100_20260714,Rohlik,14,lightgbm_tuned_direct,394,280,239137.44957733154,100535.57479858398,359.05562428065707,41.37463387363547,0.4204091620792882
source_b_v1_13_tuned_lightgbm_direct_100,rohlik_top_volume_100_20260714,Rohlik,14,lightgbm_tuned_direct,524,280,267690.19955444336,46710.84762573242,166.82445580618722,16.75510867837928,0.17449591992340488
source_b_v1_13_tuned_lightgbm_direct_100,rohlik_top_volume_100_20260714,Rohlik,14,lightgbm_tuned_direct,525,280,531616.6622314453,88218.64361572266,315.06658434186664,16.008385366470772,0.16594409070142288
source_b_v1_13_tuned_lightgbm_direct_100,rohlik_top_volume_100_20260714,Rohlik,14,lightgbm_tuned_direct,526,280,338197.9295654297,48437.48278808594,172.9910099574498,14.63577154513523,0.1432222924910454
source_b_v1_13_tuned_lightgbm_direct_100,rohlik_top_volume_100_20260714,Rohlik,14,lightgbm_tuned_direct,539,280,193128.92993927002,32782.14894866943,117.07910338810512,17.211745500482962,0.1697423009539683
source_b_v1_13_tuned_lightgbm_direct_100,rohlik_top_volume_100_20260714,Rohlik,14,lightgbm_tuned_direct,619,280,111035.18016052246,58277.46512448788,208.13380401602814,101.74245157983306,0.5248558613606672
source_b_v1_13_tuned_lightgbm_direct_100,rohlik_top_volume_100_20260714,Rohlik,14,lightgbm_tuned_direct,652,280,906449.6130943298,260819.62775039673,931.4986705371311,28.178171611943664,0.28773759068641636
source_b_v1_13_tuned_lightgbm_direct_100,rohlik_top_volume_100_20260714,Rohlik,14,lightgbm_tuned_direct,653,280,742757.7571563721,234963.07707214355,839.153846686227,32.85677557590305,0.3163387723767347
source_b_v1_13_tuned_lightgbm_direct_100,rohlik_top_volume_100_20260714,Rohlik,14,lightgbm_tuned_direct,654,280,465967.79803466797,157577.47412109375,562.7766932896205,32.00379344882989,0.33817245480420516
source_b_v1_13_tuned_lightgbm_direct_100,rohlik_top_volume_100_20260714,Rohlik,14,lightgbm_tuned_direct,655,280,569343.7183532715,171469.5212097168,612.39114717756,29.200264418049166,0.3011704804712043
source_b_v1_13_tuned_lightgbm_direct_100,rohlik_top_volume_100_20260714,Rohlik,14,lightgbm_tuned_direct,888,280,161351.10961914062,45012.59481430054,160.7592671939305,35.080900194466686,0.2789729486245865
source_b_v1_13_tuned_lightgbm_direct_100,rohlik_top_volume_100_20260714,Rohlik,14,lightgbm_tuned_direct,890,280,151037.71043395996,43760.647485256195,156.28802673305785,43.824010672816726,0.28973325508923276
source_b_v1_13_tuned_lightgbm_direct_100,rohlik_top_volume_100_20260714,Rohlik,14,lightgbm_tuned_direct,912,280,138695.33001708984,57781.42212677002,206.3622218813215,41.93661506476711,0.4166068325418763
source_b_v1_13_tuned_lightgbm_direct_100,rohlik_top_volume_100_20260714,Rohlik,14,lightgbm_tuned_direct,1032,280,313453.1592102051,43628.48374938965,155.8160133906773,15.234503417277345,0.13918661358947068
source_b_v1_13_tuned_lightgbm_direct_100,rohlik_top_volume_100_20260714,Rohlik,14,lightgbm_tuned_direct,1266,280,151124.2797088623,26386.827590942383,94.23866996765136,15.986127901573951,0.17460349615413248
source_b_v1_13_tuned_lightgbm_direct_100,rohlik_top_volume_100_20260714,Rohlik,14,lightgbm_tuned_direct,1269,280,140353.15000152588,24936.499198913574,89.05892571040562,17.305492555431147,0.17766967965195274
source_b_v1_13_tuned_lightgbm_direct_100,rohlik_top_volume_100_20260714,Rohlik,14,lightgbm_tuned_direct,1270,280,132543.56005859375,36169.11749267578,129.17541961669923,26.38706455075074,0.2728847593703266
source_b_v1_13_tuned_lightgbm_direct_100,rohlik_top_volume_100_20260714,Rohlik,14,lightgbm_tuned_direct,1391,280,221225.1198425293,36673.20746612549,130.97574095044817,16.793356538252137,0.16577325166432239
source_b_v1_13_tuned_lightgbm_direct_100,rohlik_top_volume_100_20260714,Rohlik,14,lightgbm_tuned_direct,1405,280,126042.9401473999,56316.73847198486,201.13120882851737,39.196226036317434,0.446805972679832
source_b_v1_13_tuned_lightgbm_direct_100,rohlik_top_volume_100_20260714,Rohlik,14,lightgbm_tuned_direct,1408,280,207613.20947265625,68103.05172729492,243.22518474033902,29.571170173195572,0.3280285098442373
source_b_v1_13_tuned_lightgbm_direct_100,rohlik_top_volume_100_20260714,Rohlik,14,lightgbm_tuned_direct,1413,280,289053.51054000854,70463.26475906372,251.65451699665616,24.575110085106747,0.24377238881279992
source_b_v1_13_tuned_lightgbm_direct_100,rohlik_top_volume_100_20260714,Rohlik,14,lightgbm_tuned_direct,1640,280,120672.08973693848,51122.19136047363,182.5792548588344,39.53676889442042,0.423645529566269
source_b_v1_13_tuned_lightgbm_direct_100,rohlik_top_volume_100_20260714,Rohlik,14,lightgbm_tuned_direct,1671,280,141476.37020874023,39517.30991744995,141.1332497051784,29.877077362535765,0.2793209202296075
source_b_v1_13_tuned_lightgbm_direct_100,rohlik_top_volume_100_20260714,Rohlik,14,lightgbm_tuned_direct,1672,280,151003.13999176025,40895.56188201904,146.05557815006802,25.58963078714936,0.27082590391332645
source_b_v1_13_tuned_lightgbm_direct_100,rohlik_top_volume_100_20260714,Rohlik,14,lightgbm_tuned_direct,1925,280,145504.06002807617,32139.10076541314,114.78250273361836,127.09367715101305,0.22088112702292734
source_b_v1_13_tuned_lightgbm_direct_100,rohlik_top_volume_100_20260714,Rohlik,14,lightgbm_tuned_direct,1927,280,138158.75009334087,25802.105686306953,92.15037745109626,42.454232601306344,0.18675694206031032
source_b_v1_13_tuned_lightgbm_direct_100,rohlik_top_volume_100_20260714,Rohlik,14,lightgbm_tuned_direct,2127,280,224514.65948486328,97427.42692184448,347.95509614944456,40.90950481395308,0.43394683957558244
source_b_v1_13_tuned_lightgbm_direct_100,rohlik_top_volume_100_20260714,Rohlik,14,lightgbm_tuned_direct,2129,280,201146.12992095947,100079.15886497498,357.4255673749106,51.61256804005022,0.4975445408982075
source_b_v1_13_tuned_lightgbm_direct_100,rohlik_top_volume_100_20260714,Rohlik,14,lightgbm_tuned_direct,2159,280,205632.91958618164,27753.197025299072,99.11856080463954,14.435341448972538,0.1349647570104532
source_b_v1_13_tuned_lightgbm_direct_100,rohlik_top_volume_100_20260714,Rohlik,14,lightgbm_tuned_direct,2160,280,155848.88995361328,20710.923831939697,73.96758511407035,13.929303700283882,0.1328910577297283
source_b_v1_13_tuned_lightgbm_direct_100,rohlik_top_volume_100_20260714,Rohlik,14,lightgbm_tuned_direct,2161,280,119318.8002319336,17143.358234405518,61.22627940859113,14.871748145526102,0.14367692434957452
source_b_v1_13_tuned_lightgbm_direct_100,rohlik_top_volume_100_20260714,Rohlik,14,lightgbm_tuned_direct,2216,280,279236.34016418457,37506.234115600586,133.95083612714495,14.076543528378163,0.13431716693302806
source_b_v1_13_tuned_lightgbm_direct_100,rohlik_top_volume_100_20260714,Rohlik,14,lightgbm_tuned_direct,2217,280,274926.85957336426,30313.44416809082,108.26230060032435,11.271381988432676,0.11026003139573809
source_b_v1_13_tuned_lightgbm_direct_100,rohlik_top_volume_100_20260714,Rohlik,14,lightgbm_tuned_direct,2218,280,126590.24021148682,23309.64005279541,83.24871447426932,17.390582281846857,0.18413457478122622
source_b_v1_13_tuned_lightgbm_direct_100,rohlik_top_volume_100_20260714,Rohlik,14,lightgbm_tuned_direct,2274,280,151934.1999359131,49631.40636444092,177.25502273014612,44.824153882080005,0.32666382147913897
source_b_v1_13_tuned_lightgbm_direct_100,rohlik_top_volume_100_20260714,Rohlik,14,lightgbm_tuned_direct,2275,280,108671.41033172607,37972.01858139038,135.61435207639423,48.054224150005496,0.34942050043777373
source_b_v1_13_tuned_lightgbm_direct_100,rohlik_top_volume_100_20260714,Rohlik,14,lightgbm_tuned_direct,2325,280,218676.69919586182,44923.545722961426,160.44123472486223,21.446481399419365,0.20543361907399574
source_b_v1_13_tuned_lightgbm_direct_100,rohlik_top_volume_100_20260714,Rohlik,14,lightgbm_tuned_direct,2467,280,124018.61987304688,35101.54552876949,125.36266260274819,67.3117624730573,0.2830344795378436
source_b_v1_13_tuned_lightgbm_direct_100,rohlik_top_volume_100_20260714,Rohlik,14,lightgbm_tuned_direct,2468,280,207317.14988708496,113421.46984944493,405.07667803373187,69.98172485843631,0.5470915932966463
source_b_v1_13_tuned_lightgbm_direct_100,rohlik_top_volume_100_20260714,Rohlik,14,lightgbm_tuned_direct,2470,280,261642.5806427002,120973.14408510923,432.0469431611044,59.85090512394004,0.46236030766838554
source_b_v1_13_tuned_lightgbm_direct_100,rohlik_top_volume_100_20260714,Rohlik,14,lightgbm_tuned_direct,2560,280,273117.1798400879,55830.46513366699,199.39451833452497,20.08962654223506,0.20441945529152042
source_b_v1_13_tuned_lightgbm_direct_100,rohlik_top_volume_100_20260714,Rohlik,14,lightgbm_tuned_direct,2561,280,551515.4985351562,120873.36120605469,431.6905757359096,23.04173122283966,0.219165846702583
source_b_v1_13_tuned_lightgbm_direct_100,rohlik_top_volume_100_20260714,Rohlik,14,lightgbm_tuned_direct,2562,280,501021.64096069336,102233.57037353516,365.119894191197,20.405359187064896,0.20405020864469142
source_b_v1_13_tuned_lightgbm_direct_100,rohlik_top_volume_100_20260714,Rohlik,14,lightgbm_tuned_direct,2563,280,249795.21975708008,53984.12901306152,192.80046076093402,22.131844303578482,0.216113539184456
source_b_v1_13_tuned_lightgbm_direct_100,rohlik_top_volume_100_20260714,Rohlik,14,lightgbm_tuned_direct,2565,280,173654.3897781372,48923.99069976807,174.72853821345737,25.751803243030214,0.2817319548459092
source_b_v1_13_tuned_lightgbm_direct_100,rohlik_top_volume_100_20260714,Rohlik,14,lightgbm_tuned_direct,2566,280,138404.21014404297,50325.12480163574,179.73258857727052,31.957017096250567,0.36360978289071055
source_b_v1_13_tuned_lightgbm_direct_100,rohlik_top_volume_100_20260714,Rohlik,14,lightgbm_tuned_direct,2694,280,220327.10961914062,31707.177947998047,113.23992124285017,15.497175751827719,0.14390956248101902
source_b_v1_13_tuned_lightgbm_direct_100,rohlik_top_volume_100_20260714,Rohlik,14,lightgbm_tuned_direct,2840,280,275601.7402648926,63106.886154174805,225.38173626491002,22.654660847055315,0.22897854742687795
source_b_v1_13_tuned_lightgbm_direct_100,rohlik_top_volume_100_20260714,Rohlik,14,lightgbm_tuned_direct,2935,280,193093.2696838379,39032.18081665039,139.4006457737514,19.6119507653424,0.2021415913696003
source_b_v1_13_tuned_lightgbm_direct_100,rohlik_top_volume_100_20260714,Rohlik,14,lightgbm_tuned_direct,2936,280,169590.96995544434,23608.075775146484,84.31455633980887,13.94933608882622,0.13920597176458688
source_b_v1_13_tuned_lightgbm_direct_100,rohlik_top_volume_100_20260714,Rohlik,14,lightgbm_tuned_direct,2937,280,280813.5494995117,40978.19918823242,146.35071138654436,14.566429276686804,0.14592671636132598
source_b_v1_13_tuned_lightgbm_direct_100,rohlik_top_volume_100_20260714,Rohlik,14,lightgbm_tuned_direct,2938,280,168716.07014465332,20886.083953857422,74.59315697806223,12.354392011350479,0.12379427718977908
source_b_v1_13_tuned_lightgbm_direct_100,rohlik_top_volume_100_20260714,Rohlik,14,lightgbm_tuned_direct,3144,280,503970.9108886719,54464.36831665039,194.51560113089425,11.043384327888711,0.10807046029821683
source_b_v1_13_tuned_lightgbm_direct_100,rohlik_top_volume_100_20260714,Rohlik,14,lightgbm_tuned_direct,3145,280,338092.6397705078,34296.41101074219,122.4871821812221,10.353420509308647,0.10144086849693644
source_b_v1_13_tuned_lightgbm_direct_100,rohlik_top_volume_100_20260714,Rohlik,14,lightgbm_tuned_direct,3146,280,0.0,10.409577609971166,0.037177062892754166,200.0,
source_b_v1_13_tuned_lightgbm_direct_100,rohlik_top_volume_100_20260714,Rohlik,14,lightgbm_tuned_direct,3147,280,297310.9501647949,27230.001953125,97.25000697544642,9.40194244124099,0.09158761874741521
source_b_v1_13_tuned_lightgbm_direct_100,rohlik_top_volume_100_20260714,Rohlik,14,lightgbm_tuned_direct,3152,280,129612.94994354248,66935.09282493591,239.05390294619968,49.97037904530371,0.5164228794583555
source_b_v1_13_tuned_lightgbm_direct_100,rohlik_top_volume_100_20260714,Rohlik,14,lightgbm_tuned_direct,3155,280,105009.38983726501,59265.05343532562,211.66090512616293,59.34298174915129,0.5643786096383359
source_b_v1_13_tuned_lightgbm_direct_100,rohlik_top_volume_100_20260714,Rohlik,14,lightgbm_tuned_direct,3184,280,248360.49018859863,28736.426628112793,102.63009510040283,12.453314402233122,0.11570450117203056
source_b_v1_13_tuned_lightgbm_direct_100,rohlik_top_volume_100_20260714,Rohlik,14,lightgbm_tuned_direct,3224,280,81147.24968624115,49440.656907081604,176.5737746681486,60.762988779480324,0.6092708883941937
source_b_v1_13_tuned_lightgbm_direct_100,rohlik_top_volume_100_20260714,Rohlik,14,lightgbm_tuned_direct,3225,280,75168.05016422272,48060.05692458153,171.64306044493404,90.80960041380125,0.6393681467003967
source_b_v1_13_tuned_lightgbm_direct_100,rohlik_top_volume_100_20260714,Rohlik,14,lightgbm_tuned_direct,3336,280,575708.1196289062,56274.051513671875,200.978755405971,9.958813064982355,0.0977475383705642
source_b_v1_13_tuned_lightgbm_direct_100,rohlik_top_volume_100_20260714,Rohlik,14,lightgbm_tuned_direct,3456,280,256175.78985595703,32240.036010742188,115.14298575265067,13.793570730868288,0.12585122126048745
source_b_v1_13_tuned_lightgbm_direct_100,rohlik_top_volume_100_20260714,Rohlik,14,lightgbm_tuned_direct,3616,280,318439.2596435547,41897.0149307251,149.63219618116105,13.982235919269852,0.1315698792216216
source_b_v1_13_tuned_lightgbm_direct_100,rohlik_top_volume_100_20260714,Rohlik,14,lightgbm_tuned_direct,3617,280,187647.49993896484,23420.30198287964,83.64393565314157,13.438190687577226,0.12481009334255688
source_b_v1_13_tuned_lightgbm_direct_100,rohlik_top_volume_100_20260714,Rohlik,14,lightgbm_tuned_direct,3618,280,151499.94006347656,19785.489715576172,70.6624632699149,13.722346133001473,0.13059734351898952
source_b_v1_13_tuned_lightgbm_direct_100,rohlik_top_volume_100_20260714,Rohlik,14,lightgbm_tuned_direct,3685,280,112072.23987579346,32015.660890579224,114.34164603778294,29.026492287617483,0.2856698583526241
source_b_v1_13_tuned_lightgbm_direct_100,rohlik_top_volume_100_20260714,Rohlik,14,lightgbm_tuned_direct,3686,280,139290.15993404388,36093.98008823395,128.90707174369268,25.452523956566274,0.2591279965887398
source_b_v1_13_tuned_lightgbm_direct_100,rohlik_top_volume_100_20260714,Rohlik,14,lightgbm_tuned_direct,3871,280,143374.5302658081,35451.86598587036,126.61380709239415,23.349738695282248,0.24726753015437714
source_b_v1_13_tuned_lightgbm_direct_100,rohlik_top_volume_100_20260714,Rohlik,14,lightgbm_tuned_direct,4172,280,260753.42961120605,69173.44370007515,247.04801321455412,75.66646907454663,0.2652829679103955
source_b_v1_13_tuned_lightgbm_direct_100,rohlik_top_volume_100_20260714,Rohlik,14,lightgbm_tuned_direct,4227,280,112724.54960632324,39901.16225814819,142.50415092195783,41.24788360900127,0.353970474022723
source_b_v1_13_tuned_lightgbm_direct_100,rohlik_top_volume_100_20260714,Rohlik,14,lightgbm_tuned_direct,4228,280,206421.50966644287,71912.3337366581,256.8297633452075,42.080570245812474,0.34837616415489575
source_b_v1_13_tuned_lightgbm_direct_100,rohlik_top_volume_100_20260714,Rohlik,14,lightgbm_tuned_direct,4229,280,121289.81995391846,43457.07661533356,155.2038450547627,43.80826915639286,0.35829121217134435
source_b_v1_13_tuned_lightgbm_direct_100,rohlik_top_volume_100_20260714,Rohlik,14,lightgbm_tuned_direct,4230,280,193655.57107543945,78153.78440999985,279.12065860714233,48.3130426577923,0.40357106163268947
source_b_v1_13_tuned_lightgbm_direct_100,rohlik_top_volume_100_20260714,Rohlik,14,lightgbm_tuned_direct,4523,280,171175.77983093262,19696.916763305664,70.34613129752023,11.367106081241555,0.11506836295859128
source_b_v1_13_tuned_lightgbm_direct_100,rohlik_top_volume_100_20260714,Rohlik,14,lightgbm_tuned_direct,4720,280,4037897.0986328125,488990.5439453125,1746.3947998046874,12.621402842170479,0.1211002984971755
source_b_v1_13_tuned_lightgbm_direct_100,rohlik_top_volume_100_20260714,Rohlik,14,lightgbm_tuned_direct,4793,280,575034.4410400391,87951.73852539062,314.1133518763951,15.241806863801674,0.15295038392190258
source_b_v1_13_tuned_lightgbm_direct_100,rohlik_top_volume_100_20260714,Rohlik,14,lightgbm_tuned_direct,4877,280,279479.92053222656,38791.44409942627,138.54087178366524,14.829793607045879,0.13879868015403013
source_b_v1_13_tuned_lightgbm_direct_100,rohlik_top_volume_100_20260714,Rohlik,14,lightgbm_tuned_direct,4878,280,173437.76989746094,27381.77018737793,97.7920363834926,16.56317919382748,0.157876627470282
source_b_v1_13_tuned_lightgbm_direct_100,rohlik_top_volume_100_20260714,Rohlik,14,lightgbm_tuned_direct,4879,280,637516.419921875,93071.60827636719,332.39860098702565,15.382212728475853,0.14599091939902148
source_b_v1_13_tuned_lightgbm_direct_100,rohlik_top_volume_100_20260714,Rohlik,14,lightgbm_tuned_direct,4883,280,1313540.4802246094,151953.4727783203,542.6909742082868,11.776766640880766,0.1156823676666112
source_b_v1_13_tuned_lightgbm_direct_100,rohlik_top_volume_100_20260714,Rohlik,14,lightgbm_tuned_direct,4884,280,1460296.7197265625,180817.3641357422,645.7763004847935,12.590268184878594,0.12382234493384321
source_b_v1_13_tuned_lightgbm_direct_100,rohlik_top_volume_100_20260714,Rohlik,14,lightgbm_tuned_direct,4885,280,2587560.158203125,357792.5241699219,1277.8304434640067,13.886790091004544,0.1382740892170728
source_b_v1_13_tuned_lightgbm_direct_100,rohlik_top_volume_100_20260714,Rohlik,14,lightgbm_tuned_direct,4965,280,209354.80053710938,64253.32684326172,229.47616729736328,26.175581464765223,0.3069111703119148
source_b_v1_13_tuned_lightgbm_direct_100,rohlik_top_volume_100_20260714,Rohlik,14,lightgbm_tuned_direct,4966,280,114273.84986877441,43580.27592468262,155.6438425881522,32.38289067755969,0.38136700544111996
source_b_v1_13_tuned_lightgbm_direct_100,rohlik_top_volume_100_20260714,Rohlik,14,lightgbm_tuned_direct,4967,280,217679.2293624878,67420.06186676025,240.7859352384295,28.5429426112239,0.30972207161984106
source_b_v1_13_tuned_lightgbm_direct_100,rohlik_top_volume_100_20260714,Rohlik,14,lightgbm_tuned_direct,4968,280,132231.52013397217,41314.34677886963,147.55123849596296,28.113426179461428,0.3124394753763054
source_b_v1_13_tuned_lightgbm_direct_100,rohlik_top_volume_100_20260714,Rohlik,14,lightgbm_tuned_direct,5164,280,145507.20980644226,37946.428285598755,135.5229581628527,36.77563367624245,0.26078727188897477
source_b_v1_13_tuned_lightgbm_direct_100,rohlik_top_volume_100_20260714,Rohlik,14,lightgbm_tuned_direct,5166,280,112630.67004394531,34740.14904212952,124.07196086474828,47.704474314127076,0.30844306465170535
source_b_v1_13_tuned_lightgbm_direct_100,rohlik_top_volume_100_20260714,Rohlik,14,lightgbm_tuned_direct,5277,280,151712.34029006958,51987.48544692993,185.66959088189262,34.306059865923814,0.34267143560986124
source_b_v1_13_tuned_lightgbm_direct_100,rohlik_top_volume_100_20260714,Rohlik,14,lightgbm_tuned_direct,5278,280,174989.42964935303,48878.74864578247,174.5669594492231,32.72738485947052,0.27932400684845127
source_b_v1_13_tuned_lightgbm_direct_100,rohlik_top_volume_100_20260714,Rohlik,14,lightgbm_tuned_direct,5293,280,239707.89004516602,40037.664627075195,142.9916593824114,15.881067797158648,0.16702689519118982
source_b_v1_13_tuned_lightgbm_direct_100,rohlik_top_volume_100_20260714,Rohlik,14,lightgbm_tuned_direct,5294,280,224627.77935791016,44299.99035644531,158.21425127301896,18.34239762914742,0.19721510172550843
source_b_v1_13_tuned_lightgbm_direct_100,rohlik_top_volume_100_20260714,Rohlik,14,lightgbm_tuned_direct,5295,280,163282.1696624756,20615.4388961792,73.62656748635429,12.45037630055385,0.12625652230610274
source_b_v1_13_tuned_lightgbm_direct_100,rohlik_top_volume_100_20260714,Rohlik,14,lightgbm_tuned_direct,5296,280,156334.580368042,25341.712112426758,90.50611468723842,15.546445574333202,0.16209921088966653
source_b_v1_13_tuned_lightgbm_direct_100,rohlik_top_volume_100_20260714,Rohlik,14,lightgbm_tuned_direct,5347,280,131796.05020141602,47536.57693481445,169.77348905290876,36.34649581223756,0.36068286463947247
source_b_v1_13_tuned_lightgbm_direct_100,rohlik_top_volume_100_20260714,Rohlik,14,lightgbm_tuned_direct,5350,280,186111.16989898682,51767.330711364746,184.88332396915982,29.188223513649813,0.27815273387116873
source_b_v1_13_tuned_lightgbm_direct_100,rohlik_top_volume_100_20260714,Rohlik,28,lightgbm_tuned_direct,80,280,65024.250061035156,12453.705421447754,44.47751936231341,18.63271329720718,0.19152401465234978
source_b_v1_13_tuned_lightgbm_direct_100,rohlik_top_volume_100_20260714,Rohlik,28,lightgbm_tuned_direct,139,280,704992.3494262695,167608.8837890625,598.603156389509,24.85709266022633,0.23774567756013867
source_b_v1_13_tuned_lightgbm_direct_100,rohlik_top_volume_100_20260714,Rohlik,28,lightgbm_tuned_direct,393,280,347206.3200683594,149721.5210571289,534.7197180611747,38.61859098238982,0.43121772964170446
source_b_v1_13_tuned_lightgbm_direct_100,rohlik_top_volume_100_20260714,Rohlik,28,lightgbm_tuned_direct,394,280,239137.44957733154,102499.38299942017,366.06922499792915,42.41368850312243,0.4286212100220389
source_b_v1_13_tuned_lightgbm_direct_100,rohlik_top_volume_100_20260714,Rohlik,28,lightgbm_tuned_direct,524,280,267690.19955444336,58142.74967956543,207.6526774270194,19.79246406615461,0.21720163747623583
source_b_v1_13_tuned_lightgbm_direct_100,rohlik_top_volume_100_20260714,Rohlik,28,lightgbm_tuned_direct,525,280,531616.6622314453,102077.83276367188,364.56368844168526,17.90462879845627,0.19201398303657974
source_b_v1_13_tuned_lightgbm_direct_100,rohlik_top_volume_100_20260714,Rohlik,28,lightgbm_tuned_direct,526,280,338197.9295654297,56283.12333679199,201.0111547742571,16.617459526094805,0.1664206620339559
source_b_v1_13_tuned_lightgbm_direct_100,rohlik_top_volume_100_20260714,Rohlik,28,lightgbm_tuned_direct,539,280,193128.92993927002,37594.083976745605,134.2645856312343,19.698378420206268,0.19465796237035632
source_b_v1_13_tuned_lightgbm_direct_100,rohlik_top_volume_100_20260714,Rohlik,28,lightgbm_tuned_direct,619,280,111035.18016052246,61840.98870152235,220.8606739340084,99.05978422278034,0.5569495056622544
source_b_v1_13_tuned_lightgbm_direct_100,rohlik_top_volume_100_20260714,Rohlik,28,lightgbm_tuned_direct,652,280,906449.6130943298,271649.15100479126,970.1755393028259,29.377972204869412,0.29968477792987047
source_b_v1_13_tuned_lightgbm_direct_100,rohlik_top_volume_100_20260714,Rohlik,28,lightgbm_tuned_direct,653,280,742757.7571563721,222190.1334991455,793.5361910683769,30.854632958155783,0.29914212454649336
source_b_v1_13_tuned_lightgbm_direct_100,rohlik_top_volume_100_20260714,Rohlik,28,lightgbm_tuned_direct,654,280,465967.79803466797,147151.1577758789,525.5398491995675,29.79161519173395,0.3157968391732745
source_b_v1_13_tuned_lightgbm_direct_100,rohlik_top_volume_100_20260714,Rohlik,28,lightgbm_tuned_direct,655,280,569343.7183532715,159080.8433227539,568.1458690098353,27.68617211129355,0.2794109045110181
source_b_v1_13_tuned_lightgbm_direct_100,rohlik_top_volume_100_20260714,Rohlik,28,lightgbm_tuned_direct,888,280,161351.10961914062,46316.36483049393,165.41558868033545,35.929947756756505,0.28705327741359116
source_b_v1_13_tuned_lightgbm_direct_100,rohlik_top_volume_100_20260714,Rohlik,28,lightgbm_tuned_direct,890,280,151037.71043395996,45429.65041255951,162.2487514734268,44.91225862564276,0.30078349494329276
source_b_v1_13_tuned_lightgbm_direct_100,rohlik_top_volume_100_20260714,Rohlik,28,lightgbm_tuned_direct,912,280,138695.33001708984,61149.30660820007,218.39038074357168,43.78635231685236,0.4408894416319954
source_b_v1_13_tuned_lightgbm_direct_100,rohlik_top_volume_100_20260714,Rohlik,28,lightgbm_tuned_direct,1032,280,313453.1592102051,45873.64602279663,163.83445008141655,16.108569930547212,0.14634928592961882
source_b_v1_13_tuned_lightgbm_direct_100,rohlik_top_volume_100_20260714,Rohlik,28,lightgbm_tuned_direct,1266,280,151124.2797088623,26797.497451782227,95.70534804207938,16.34745859318042,0.17732092753994946
source_b_v1_13_tuned_lightgbm_direct_100,rohlik_top_volume_100_20260714,Rohlik,28,lightgbm_tuned_direct,1269,280,140353.15000152588,27760.16153717041,99.14343406132289,18.647500810581548,0.19778794802160557
source_b_v1_13_tuned_lightgbm_direct_100,rohlik_top_volume_100_20260714,Rohlik,28,lightgbm_tuned_direct,1270,280,132543.56005859375,38236.032583236694,136.55725922584534,27.451893620592937,0.2884789918599865
source_b_v1_13_tuned_lightgbm_direct_100,rohlik_top_volume_100_20260714,Rohlik,28,lightgbm_tuned_direct,1391,280,221225.1198425293,36382.54971885681,129.93767756734576,16.680285816268146,0.16445939658549782
source_b_v1_13_tuned_lightgbm_direct_100,rohlik_top_volume_100_20260714,Rohlik,28,lightgbm_tuned_direct,1405,280,126042.9401473999,54308.98282623291,193.96065295083181,38.904809562247365,0.43087683263117876
source_b_v1_13_tuned_lightgbm_direct_100,rohlik_top_volume_100_20260714,Rohlik,28,lightgbm_tuned_direct,1408,280,207613.20947265625,66719.39707946777,238.2835609980992,28.83470689364545,0.32136393078714515
source_b_v1_13_tuned_lightgbm_direct_100,rohlik_top_volume_100_20260714,Rohlik,28,lightgbm_tuned_direct,1413,280,289053.51054000854,70865.61867141724,253.09149525506155,24.86579443889595,0.2451643591493713
source_b_v1_13_tuned_lightgbm_direct_100,rohlik_top_volume_100_20260714,Rohlik,28,lightgbm_tuned_direct,1640,280,120672.08973693848,60083.727087020874,214.5847395965031,44.198741401258204,0.4979090626341318
source_b_v1_13_tuned_lightgbm_direct_100,rohlik_top_volume_100_20260714,Rohlik,28,lightgbm_tuned_direct,1671,280,141476.37020874023,35105.57897377014,125.3770677634648,27.311294055750608,0.24813740218224345
source_b_v1_13_tuned_lightgbm_direct_100,rohlik_top_volume_100_20260714,Rohlik,28,lightgbm_tuned_direct,1672,280,151003.13999176025,41402.92111968994,147.8675754274641,25.311163887250963,0.27418582899633187
source_b_v1_13_tuned_lightgbm_direct_100,rohlik_top_volume_100_20260714,Rohlik,28,lightgbm_tuned_direct,1925,280,145504.06002807617,46428.94099856168,165.81764642343458,135.97453004277662,0.31909034696078475
source_b_v1_13_tuned_lightgbm_direct_100,rohlik_top_volume_100_20260714,Rohlik,28,lightgbm_tuned_direct,1927,280,138158.75009334087,25404.231826901436,90.72939938179084,42.07919687961072,0.18387711100265589
source_b_v1_13_tuned_lightgbm_direct_100,rohlik_top_volume_100_20260714,Rohlik,28,lightgbm_tuned_direct,2127,280,224514.65948486328,104846.67502975464,374.4524108205523,44.69700483887851,0.46699255750301405
source_b_v1_13_tuned_lightgbm_direct_100,rohlik_top_volume_100_20260714,Rohlik,28,lightgbm_tuned_direct,2129,280,201146.12992095947,109314.03994750977,390.4072855268206,55.80617403461922,0.5434558447158034
source_b_v1_13_tuned_lightgbm_direct_100,rohlik_top_volume_100_20260714,Rohlik,28,lightgbm_tuned_direct,2159,280,205632.91958618164,26015.62313079834,92.91293975285122,13.651270829354278,0.126514875065493
source_b_v1_13_tuned_lightgbm_direct_100,rohlik_top_volume_100_20260714,Rohlik,28,lightgbm_tuned_direct,2160,280,155848.88995361328,19488.117497444153,69.60041963372912,13.19072540774046,0.12504495542601926
source_b_v1_13_tuned_lightgbm_direct_100,rohlik_top_volume_100_20260714,Rohlik,28,lightgbm_tuned_direct,2161,280,119318.8002319336,15771.721042633057,56.32757515226092,13.791778288906285,0.1321813579417138
source_b_v1_13_tuned_lightgbm_direct_100,rohlik_top_volume_100_20260714,Rohlik,28,lightgbm_tuned_direct,2216,280,279236.34016418457,36553.331939697266,130.54761407034738,13.634720401745188,0.1309046376922314
source_b_v1_13_tuned_lightgbm_direct_100,rohlik_top_volume_100_20260714,Rohlik,28,lightgbm_tuned_direct,2217,280,274926.85957336426,27617.05989074707,98.6323567526681,10.398508270585227,0.10045238916853613
source_b_v1_13_tuned_lightgbm_direct_100,rohlik_top_volume_100_20260714,Rohlik,28,lightgbm_tuned_direct,2218,280,126590.24021148682,23059.77547454834,82.35634098052978,17.116154684850944,0.18216076876087556
source_b_v1_13_tuned_lightgbm_direct_100,rohlik_top_volume_100_20260714,Rohlik,28,lightgbm_tuned_direct,2274,280,151934.1999359131,56972.504366874695,203.47322988169535,48.312194124830384,0.3749814353246741
source_b_v1_13_tuned_lightgbm_direct_100,rohlik_top_volume_100_20260714,Rohlik,28,lightgbm_tuned_direct,2275,280,108671.41033172607,44101.824424505234,157.5065158018044,54.107359172359004,0.4058272943167089
source_b_v1_13_tuned_lightgbm_direct_100,rohlik_top_volume_100_20260714,Rohlik,28,lightgbm_tuned_direct,2325,280,218676.69919586182,47911.88059234619,171.11385925837925,22.900185836210746,0.21909915765388902
source_b_v1_13_tuned_lightgbm_direct_100,rohlik_top_volume_100_20260714,Rohlik,28,lightgbm_tuned_direct,2467,280,124018.61987304688,37655.682249069214,134.48457946096147,69.69458534880849,0.3036292637961614
source_b_v1_13_tuned_lightgbm_direct_100,rohlik_top_volume_100_20260714,Rohlik,28,lightgbm_tuned_direct,2468,280,207317.14988708496,112714.09946253523,402.5503552233401,70.61109932171225,0.5436795726929723
source_b_v1_13_tuned_lightgbm_direct_100,rohlik_top_volume_100_20260714,Rohlik,28,lightgbm_tuned_direct,2470,280,261642.5806427002,113827.34662881494,406.5262379600533,58.76320434343617,0.43504901361700704
source_b_v1_13_tuned_lightgbm_direct_100,rohlik_top_volume_100_20260714,Rohlik,28,lightgbm_tuned_direct,2560,280,273117.1798400879,62796.24053955078,224.2722876412528,23.492781834293357,0.22992416872610666
source_b_v1_13_tuned_lightgbm_direct_100,rohlik_top_volume_100_20260714,Rohlik,28,lightgbm_tuned_direct,2561,280,551515.4985351562,138719.8713684082,495.4281120300293,27.28835507524492,0.25152488322966965
source_b_v1_13_tuned_lightgbm_direct_100,rohlik_top_volume_100_20260714,Rohlik,28,lightgbm_tuned_direct,2562,280,501021.64096069336,99171.7691040039,354.1848896571568,19.850997518026954,0.1979390928380761
source_b_v1_13_tuned_lightgbm_direct_100,rohlik_top_volume_100_20260714,Rohlik,28,lightgbm_tuned_direct,2563,280,249795.21975708008,52567.53633117676,187.74120118277415,21.901139809421434,0.21044252320880055
source_b_v1_13_tuned_lightgbm_direct_100,rohlik_top_volume_100_20260714,Rohlik,28,lightgbm_tuned_direct,2565,280,173654.3897781372,49392.85753631592,176.40306262969972,26.341640563748037,0.28443195475461797
source_b_v1_13_tuned_lightgbm_direct_100,rohlik_top_volume_100_20260714,Rohlik,28,lightgbm_tuned_direct,2566,280,138404.21014404297,47343.58824920654,169.08424374716623,30.248637500941445,0.34206754404316253
source_b_v1_13_tuned_lightgbm_direct_100,rohlik_top_volume_100_20260714,Rohlik,28,lightgbm_tuned_direct,2694,280,220327.10961914062,32575.694004058838,116.34176430021013,15.811456340533942,0.1478515016167074
source_b_v1_13_tuned_lightgbm_direct_100,rohlik_top_volume_100_20260714,Rohlik,28,lightgbm_tuned_direct,2840,280,275601.7402648926,69976.52966308594,249.91617736816406,24.79862662522108,0.25390452758327475
source_b_v1_13_tuned_lightgbm_direct_100,rohlik_top_volume_100_20260714,Rohlik,28,lightgbm_tuned_direct,2935,280,193093.2696838379,43653.96896362305,155.90703201293945,21.880961413982714,0.22607711307131556
source_b_v1_13_tuned_lightgbm_direct_100,rohlik_top_volume_100_20260714,Rohlik,28,lightgbm_tuned_direct,2936,280,169590.96995544434,23196.668975830078,82.84524634225028,13.93820535874215,0.13678009496569543
source_b_v1_13_tuned_lightgbm_direct_100,rohlik_top_volume_100_20260714,Rohlik,28,lightgbm_tuned_direct,2937,280,280813.5494995117,41287.57954406738,147.45564122881208,14.71369066075024,0.14702844509338456
source_b_v1_13_tuned_lightgbm_direct_100,rohlik_top_volume_100_20260714,Rohlik,28,lightgbm_tuned_direct,2938,280,168716.07014465332,21788.330596923828,77.8154664175851,12.892536821835812,0.1291419992075622
source_b_v1_13_tuned_lightgbm_direct_100,rohlik_top_volume_100_20260714,Rohlik,28,lightgbm_tuned_direct,3144,280,503970.9108886719,56681.96905517578,202.43560376848492,11.35559180159419,0.11247071573084688
source_b_v1_13_tuned_lightgbm_direct_100,rohlik_top_volume_100_20260714,Rohlik,28,lightgbm_tuned_direct,3145,280,338092.6397705078,37673.93949890137,134.54978392464773,11.530747562169871,0.11143081826470363
source_b_v1_13_tuned_lightgbm_direct_100,rohlik_top_volume_100_20260714,Rohlik,28,lightgbm_tuned_direct,3146,280,0.0,96.85917187482119,0.3459256138386471,200.0,
source_b_v1_13_tuned_lightgbm_direct_100,rohlik_top_volume_100_20260714,Rohlik,28,lightgbm_tuned_direct,3147,280,297310.9501647949,26881.388565063477,96.00495916094098,9.214517408830568,0.09041506392604623
source_b_v1_13_tuned_lightgbm_direct_100,rohlik_top_volume_100_20260714,Rohlik,28,lightgbm_tuned_direct,3152,280,129612.94994354248,71475.60681152344,255.27002432686942,52.312301513991066,0.5514542091871003
source_b_v1_13_tuned_lightgbm_direct_100,rohlik_top_volume_100_20260714,Rohlik,28,lightgbm_tuned_direct,3155,280,105009.38983726501,62537.0680475235,223.3466715982982,61.231113940350276,0.5955378670844421
source_b_v1_13_tuned_lightgbm_direct_100,rohlik_top_volume_100_20260714,Rohlik,28,lightgbm_tuned_direct,3184,280,248360.49018859863,30658.541200637817,109.49479000227792,13.145778245637207,0.1234437135204416
source_b_v1_13_tuned_lightgbm_direct_100,rohlik_top_volume_100_20260714,Rohlik,28,lightgbm_tuned_direct,3224,280,81147.24968624115,55048.084770679474,196.6003027524267,66.61056395407944,0.678372772749846
source_b_v1_13_tuned_lightgbm_direct_100,rohlik_top_volume_100_20260714,Rohlik,28,lightgbm_tuned_direct,3225,280,75168.05016422272,47226.71969270706,168.66685604538236,88.18585759345231,0.6282818243858782
source_b_v1_13_tuned_lightgbm_direct_100,rohlik_top_volume_100_20260714,Rohlik,28,lightgbm_tuned_direct,3336,280,575708.1196289062,63951.64276123047,228.39872414725167,11.421792323747084,0.11108344763741189
source_b_v1_13_tuned_lightgbm_direct_100,rohlik_top_volume_100_20260714,Rohlik,28,lightgbm_tuned_direct,3456,280,256175.78985595703,32686.04719543457,116.73588284083775,14.207733174444318,0.1275922569178506
source_b_v1_13_tuned_lightgbm_direct_100,rohlik_top_volume_100_20260714,Rohlik,28,lightgbm_tuned_direct,3616,280,318439.2596435547,43220.88176727295,154.36029202597481,14.400785256999454,0.13572723983736268
source_b_v1_13_tuned_lightgbm_direct_100,rohlik_top_volume_100_20260714,Rohlik,28,lightgbm_tuned_direct,3617,280,187647.49993896484,25036.555253982544,89.41626876422337,14.319420248200224,0.13342333504110665
source_b_v1_13_tuned_lightgbm_direct_100,rohlik_top_volume_100_20260714,Rohlik,28,lightgbm_tuned_direct,3618,280,151499.94006347656,19520.243091583252,69.71515389851162,13.512082626157609,0.12884654002770243
source_b_v1_13_tuned_lightgbm_direct_100,rohlik_top_volume_100_20260714,Rohlik,28,lightgbm_tuned_direct,3685,280,112072.23987579346,32580.171959877014,116.35775699956076,30.027624632891204,0.29070688687925494
source_b_v1_13_tuned_lightgbm_direct_100,rohlik_top_volume_100_20260714,Rohlik,28,lightgbm_tuned_direct,3686,280,139290.15993404388,37599.41912937164,134.28363974775587,26.210957956596488,0.26993593192207954
source_b_v1_13_tuned_lightgbm_direct_100,rohlik_top_volume_100_20260714,Rohlik,28,lightgbm_tuned_direct,3871,280,143374.5302658081,43024.20209121704,153.65786461148943,27.08882308775367,0.300082601919969
source_b_v1_13_tuned_lightgbm_direct_100,rohlik_top_volume_100_20260714,Rohlik,28,lightgbm_tuned_direct,4172,280,260753.42961120605,76157.080011487,271.98957146959646,78.58201688086675,0.2920654969909324
source_b_v1_13_tuned_lightgbm_direct_100,rohlik_top_volume_100_20260714,Rohlik,28,lightgbm_tuned_direct,4227,280,112724.54960632324,43407.085644721985,155.0253058740071,44.434185543545574,0.3850721586053432
source_b_v1_13_tuned_lightgbm_direct_100,rohlik_top_volume_100_20260714,Rohlik,28,lightgbm_tuned_direct,4228,280,206421.50966644287,81921.22412896156,292.575800460577,47.68109777679555,0.39686379709817216
source_b_v1_13_tuned_lightgbm_direct_100,rohlik_top_volume_100_20260714,Rohlik,28,lightgbm_tuned_direct,4229,280,121289.81995391846,44165.799706697464,157.73499895249094,46.40437200760228,0.3641344320857046
source_b_v1_13_tuned_lightgbm_direct_100,rohlik_top_volume_100_20260714,Rohlik,28,lightgbm_tuned_direct,4230,280,193655.57107543945,97896.28361463547,349.62958433798383,57.836697675282444,0.5055175178848819
source_b_v1_13_tuned_lightgbm_direct_100,rohlik_top_volume_100_20260714,Rohlik,28,lightgbm_tuned_direct,4523,280,171175.77983093262,27553.404960632324,98.40501771654401,14.939929229243498,0.16096555825740272
source_b_v1_13_tuned_lightgbm_direct_100,rohlik_top_volume_100_20260714,Rohlik,28,lightgbm_tuned_direct,4720,280,4037897.0986328125,504839.9001464844,1802.9996433803014,13.081230232177635,0.12502544958795944
source_b_v1_13_tuned_lightgbm_direct_100,rohlik_top_volume_100_20260714,Rohlik,28,lightgbm_tuned_direct,4793,280,575034.4410400391,92783.38946533203,331.36924809047156,16.271876794404687,0.16135275184129644
source_b_v1_13_tuned_lightgbm_direct_100,rohlik_top_volume_100_20260714,Rohlik,28,lightgbm_tuned_direct,4877,280,279479.92053222656,39241.93208312988,140.14975743974958,14.944935713454385,0.1404105597582812
source_b_v1_13_tuned_lightgbm_direct_100,rohlik_top_volume_100_20260714,Rohlik,28,lightgbm_tuned_direct,4878,280,173437.76989746094,27887.249843597412,99.59732086999075,16.98569180732226,0.16079110023200124
source_b_v1_13_tuned_lightgbm_direct_100,rohlik_top_volume_100_20260714,Rohlik,28,lightgbm_tuned_direct,4879,280,637516.419921875,98416.7751159668,351.48848255702427,16.42739877741344,0.15437527887991867
source_b_v1_13_tuned_lightgbm_direct_100,rohlik_top_volume_100_20260714,Rohlik,28,lightgbm_tuned_direct,4883,280,1313540.4802246094,186481.12844848633,666.0040301731655,14.125960877502596,0.14196831483762032
source_b_v1_13_tuned_lightgbm_direct_100,rohlik_top_volume_100_20260714,Rohlik,28,lightgbm_tuned_direct,4884,280,1460296.7197265625,173236.75604248047,618.7027001517159,12.163494181290671,0.11863120261950509
source_b_v1_13_tuned_lightgbm_direct_100,rohlik_top_volume_100_20260714,Rohlik,28,lightgbm_tuned_direct,4885,280,2587560.158203125,449353.4041748047,1604.8335863385882,17.124476116024905,0.17365911387615754
source_b_v1_13_tuned_lightgbm_direct_100,rohlik_top_volume_100_20260714,Rohlik,28,lightgbm_tuned_direct,4965,280,209354.80053710938,56735.01369476318,202.62504890986853,24.163869097895574,0.27099934441057427
source_b_v1_13_tuned_lightgbm_direct_100,rohlik_top_volume_100_20260714,Rohlik,28,lightgbm_tuned_direct,4966,280,114273.84986877441,50227.70323944092,179.3846544265747,36.038286381278134,0.4395380333918876
source_b_v1_13_tuned_lightgbm_direct_100,rohlik_top_volume_100_20260714,Rohlik,28,lightgbm_tuned_direct,4967,280,217679.2293624878,61413.14379119873,219.33265639713832,27.439263943864255,0.2821267971733362
source_b_v1_13_tuned_lightgbm_direct_100,rohlik_top_volume_100_20260714,Rohlik,28,lightgbm_tuned_direct,4968,280,132231.52013397217,41613.02362251282,148.61794150897435,29.545926191212065,0.3146982170389633
source_b_v1_13_tuned_lightgbm_direct_100,rohlik_top_volume_100_20260714,Rohlik,28,lightgbm_tuned_direct,5164,280,145507.20980644226,36185.60621738434,129.2343079192298,37.139797264787454,0.2486860016456878
source_b_v1_13_tuned_lightgbm_direct_100,rohlik_top_volume_100_20260714,Rohlik,28,lightgbm_tuned_direct,5166,280,112630.67004394531,38443.57562184334,137.2984843637262,53.34060989360832,0.34132422018659514
source_b_v1_13_tuned_lightgbm_direct_100,rohlik_top_volume_100_20260714,Rohlik,28,lightgbm_tuned_direct,5277,280,151712.34029006958,46877.82424354553,167.42080086980548,31.977830298084015,0.3089915042765572
source_b_v1_13_tuned_lightgbm_direct_100,rohlik_top_volume_100_20260714,Rohlik,28,lightgbm_tuned_direct,5278,280,174989.42964935303,50635.613023757935,180.84147508484978,33.50991882645566,0.2893638382913899
source_b_v1_13_tuned_lightgbm_direct_100,rohlik_top_volume_100_20260714,Rohlik,28,lightgbm_tuned_direct,5293,280,239707.89004516602,39771.69639587402,142.04177284240723,15.948963101522198,0.16591734376528114
source_b_v1_13_tuned_lightgbm_direct_100,rohlik_top_volume_100_20260714,Rohlik,28,lightgbm_tuned_direct,5294,280,224627.77935791016,49049.74465942383,175.17765949794224,20.23793284242309,0.21836010131796982
source_b_v1_13_tuned_lightgbm_direct_100,rohlik_top_volume_100_20260714,Rohlik,28,lightgbm_tuned_direct,5295,280,163282.1696624756,20467.07762145996,73.09670579092843,12.456760821088187,0.12534790334895682
source_b_v1_13_tuned_lightgbm_direct_100,rohlik_top_volume_100_20260714,Rohlik,28,lightgbm_tuned_direct,5296,280,156334.580368042,25399.75178527832,90.71339923313685,16.062853005101918,0.16247046383136968
source_b_v1_13_tuned_lightgbm_direct_100,rohlik_top_volume_100_20260714,Rohlik,28,lightgbm_tuned_direct,5347,280,131796.05020141602,54669.18991470337,195.24710683822633,40.49172331517661,0.4148014286555304
source_b_v1_13_tuned_lightgbm_direct_100,rohlik_top_volume_100_20260714,Rohlik,28,lightgbm_tuned_direct,5350,280,186111.16989898682,56145.13061141968,200.51832361221312,31.654506582706297,0.30167523336666385
source_b_v1_13_tuned_lightgbm_direct_100,favorita_top_volume_100_20260714,Favorita,7,lightgbm_tuned_direct,20582864,336,62179.15570354462,43057.16571521759,128.1463265333857,68.78618796771335,0.6924694494165197
source_b_v1_13_tuned_lightgbm_direct_100,favorita_top_volume_100_20260714,Favorita,7,lightgbm_tuned_direct,30364738,336,60684.0,20124.873428344727,59.895456631978355,32.48208878921143,0.33163393033327937
source_b_v1_13_tuned_lightgbm_direct_100,favorita_top_volume_100_20260714,Favorita,7,lightgbm_tuned_direct,30819932,336,44266.0,20844.5908203125,62.03747267950149,53.097779295405644,0.47089393259640583
source_b_v1_13_tuned_lightgbm_direct_100,favorita_top_volume_100_20260714,Favorita,7,lightgbm_tuned_direct,31047679,336,125142.0,30398.744857788086,90.47245493389312,24.47236780619496,0.2429140085485935
source_b_v1_13_tuned_lightgbm_direct_100,favorita_top_volume_100_20260714,Favorita,7,lightgbm_tuned_direct,31430040,336,122391.0,34468.91780090332,102.58606488364083,30.31910781999076,0.28162951361540733
source_b_v1_13_tuned_lightgbm_direct_100,favorita_top_volume_100_20260714,Favorita,7,lightgbm_tuned_direct,31463993,336,95667.0,16182.395492553711,48.161891346886044,17.15373955078253,0.16915337046791173
source_b_v1_13_tuned_lightgbm_direct_100,favorita_top_volume_100_20260714,Favorita,7,lightgbm_tuned_direct,31473404,336,71985.0,13155.988479614258,39.154727617899574,18.926966933215546,0.1827601372454575
source_b_v1_13_tuned_lightgbm_direct_100,favorita_top_volume_100_20260714,Favorita,7,lightgbm_tuned_direct,31473474,336,120521.74017333984,14785.387191772461,44.00412854694185,12.330553703937335,0.12267817549354536
source_b_v1_13_tuned_lightgbm_direct_100,favorita_top_volume_100_20260714,Favorita,7,lightgbm_tuned_direct,31503844,336,178326.49873435497,28349.92942726612,84.37478996210154,16.9173010774169,0.1589776596774759
source_b_v1_13_tuned_lightgbm_direct_100,favorita_top_volume_100_20260714,Favorita,7,lightgbm_tuned_direct,71047679,336,65556.0,18518.92700958252,55.11585419518607,28.67789834183373,0.2824901917380944
source_b_v1_13_tuned_lightgbm_direct_100,favorita_top_volume_100_20260714,Favorita,7,lightgbm_tuned_direct,71473474,336,73308.13996124268,11278.633201599121,33.567360719045006,15.512935685759894,0.1538523990318405
source_b_v1_13_tuned_lightgbm_direct_100,favorita_top_volume_100_20260714,Favorita,7,lightgbm_tuned_direct,71503844,336,131404.38612121344,21453.927050173283,63.85097336361096,17.716516700251255,0.1632664455384556
source_b_v1_13_tuned_lightgbm_direct_100,favorita_top_volume_100_20260714,Favorita,7,lightgbm_tuned_direct,81047679,336,68685.0,18597.729988098145,55.350386869339715,27.737532422422294,0.2707684354385695
source_b_v1_13_tuned_lightgbm_direct_100,favorita_top_volume_100_20260714,Favorita,7,lightgbm_tuned_direct,81430040,336,78297.0,28080.76211166382,83.57369676090423,41.01042742622993,0.35864416403775135
source_b_v1_13_tuned_lightgbm_direct_100,favorita_top_volume_100_20260714,Favorita,7,lightgbm_tuned_direct,81473474,336,68700.30795288086,9946.255180358887,29.601949941544305,14.498204041784247,0.14477744680825413
source_b_v1_13_tuned_lightgbm_direct_100,favorita_top_volume_100_20260714,Favorita,7,lightgbm_tuned_direct,81503844,336,134077.01923525333,22167.4680236578,65.97460721326726,17.083295040261316,0.16533383685061243
source_b_v1_13_tuned_lightgbm_direct_100,favorita_top_volume_100_20260714,Favorita,7,lightgbm_tuned_direct,90457928,336,21455.09001350403,8669.129364013672,25.80098025004069,44.17723508425747,0.4040593331725592
source_b_v1_13_tuned_lightgbm_direct_100,favorita_top_volume_100_20260714,Favorita,7,lightgbm_tuned_direct,91463992,336,102244.0,21210.428314208984,63.126274744669594,20.739602638175977,0.20744912478198216
source_b_v1_13_tuned_lightgbm_direct_100,favorita_top_volume_100_20260714,Favorita,7,lightgbm_tuned_direct,110320682,336,42424.0,10788.83292388916,32.109621797289165,25.278525341541467,0.254309657832575
source_b_v1_13_tuned_lightgbm_direct_100,favorita_top_volume_100_20260714,Favorita,7,lightgbm_tuned_direct,110584126,336,128286.72693824768,27736.34612083435,82.54864916914985,22.3952060848376,0.21620589115338149
source_b_v1_13_tuned_lightgbm_direct_100,favorita_top_volume_100_20260714,Favorita,7,lightgbm_tuned_direct,110807493,336,32910.0,13647.9428358078,40.618877487523214,44.28400261809601,0.41470503907042844
source_b_v1_13_tuned_lightgbm_direct_100,favorita_top_volume_100_20260714,Favorita,7,lightgbm_tuned_direct,110819932,336,70807.0,34258.64041519165,101.96023933092754,53.38632662664462,0.483831265484933
source_b_v1_13_tuned_lightgbm_direct_100,favorita_top_volume_100_20260714,Favorita,7,lightgbm_tuned_direct,110968432,336,35446.0,16329.038888692856,48.5983300258716,92.24565469693512,0.46067366948859834
source_b_v1_13_tuned_lightgbm_direct_100,favorita_top_volume_100_20260714,Favorita,7,lightgbm_tuned_direct,111047679,336,57507.0,21791.623893737793,64.85602349326724,38.08210398036525,0.37893863170984043
source_b_v1_13_tuned_lightgbm_direct_100,favorita_top_volume_100_20260714,Favorita,7,lightgbm_tuned_direct,111146786,336,43770.0,16328.031586647034,48.59533210311617,40.26835072570876,0.3730416172411934
source_b_v1_13_tuned_lightgbm_direct_100,favorita_top_volume_100_20260714,Favorita,7,lightgbm_tuned_direct,140584126,336,54653.09191584587,17268.837039232254,51.395348331048375,37.94340390752121,0.31597182215825204
source_b_v1_13_tuned_lightgbm_direct_100,favorita_top_volume_100_20260714,Favorita,7,lightgbm_tuned_direct,171463992,336,71476.0,18005.285301208496,53.5871586345491,26.106235947679018,0.2519067281494277
source_b_v1_13_tuned_lightgbm_direct_100,favorita_top_volume_100_20260714,Favorita,7,lightgbm_tuned_direct,190819932,336,77399.0,33054.19557762146,98.37558207625435,47.741134242360566,0.4270623080094247
source_b_v1_13_tuned_lightgbm_direct_100,favorita_top_volume_100_20260714,Favorita,7,lightgbm_tuned_direct,201463992,336,92876.0,22960.719207763672,68.33547383262997,24.885830964339714,0.24721907928596917
source_b_v1_13_tuned_lightgbm_direct_100,favorita_top_volume_100_20260714,Favorita,7,lightgbm_tuned_direct,230583985,336,12469.941967964172,8467.010421991348,25.199435779736156,102.22551997974546,0.6789935705990829
source_b_v1_13_tuned_lightgbm_direct_100,favorita_top_volume_100_20260714,Favorita,7,lightgbm_tuned_direct,231084365,336,68294.02824401855,31691.721030414104,94.32059830480388,127.55537930814262,0.46404820224072496
source_b_v1_13_tuned_lightgbm_direct_100,favorita_top_volume_100_20260714,Favorita,7,lightgbm_tuned_direct,240257847,336,48982.0,17409.274181246758,51.81331601561535,54.18692265289565,0.3554218729583675
source_b_v1_13_tuned_lightgbm_direct_100,favorita_top_volume_100_20260714,Favorita,7,lightgbm_tuned_direct,241503844,336,79591.33407306671,14377.342425346375,42.789709599245164,19.60979849897055,0.1806395456589236
source_b_v1_13_tuned_lightgbm_direct_100,favorita_top_volume_100_20260714,Favorita,7,lightgbm_tuned_direct,311167614,336,74961.0,25263.78067779541,75.18982344581967,33.187746905817136,0.3370256623817106
source_b_v1_13_tuned_lightgbm_direct_100,favorita_top_volume_100_20260714,Favorita,7,lightgbm_tuned_direct,351167614,336,58615.0,26837.99388885498,79.8749818120684,45.16262340411054,0.45786904186394234
source_b_v1_13_tuned_lightgbm_direct_100,favorita_top_volume_100_20260714,Favorita,7,lightgbm_tuned_direct,371503844,336,65680.43591976166,11812.70035457611,35.156846293381285,19.670600255420677,0.17985112597314468
source_b_v1_13_tuned_lightgbm_direct_100,favorita_top_volume_100_20260714,Favorita,7,lightgbm_tuned_direct,391167614,336,149581.0,78026.71208190918,232.22235738663446,54.51612447030365,0.5216351814863464
source_b_v1_13_tuned_lightgbm_direct_100,favorita_top_volume_100_20260714,Favorita,7,lightgbm_tuned_direct,391463864,336,100418.0,24463.514282226562,72.80807822091239,27.73873872427422,0.24361682449587288
source_b_v1_13_tuned_lightgbm_direct_100,favorita_top_volume_100_20260714,Favorita,7,lightgbm_tuned_direct,430807493,336,25500.0,11551.561774253845,34.379648137660254,51.44131600736205,0.45300242251975864
source_b_v1_13_tuned_lightgbm_direct_100,favorita_top_volume_100_20260714,Favorita,7,lightgbm_tuned_direct,431143685,336,22646.0,11606.214631080627,34.54230544964472,55.225410010302966,0.5125061658165074
source_b_v1_13_tuned_lightgbm_direct_100,favorita_top_volume_100_20260714,Favorita,7,lightgbm_tuned_direct,431430040,336,75646.0,31689.624210357666,94.31435776892162,45.61700162773313,0.41892002498952574
source_b_v1_13_tuned_lightgbm_direct_100,favorita_top_volume_100_20260714,Favorita,7,lightgbm_tuned_direct,440819932,336,65672.0,28095.243688583374,83.61679669221242,48.432833422767274,0.4278116044674043
source_b_v1_13_tuned_lightgbm_direct_100,favorita_top_volume_100_20260714,Favorita,7,lightgbm_tuned_direct,441037857,336,26526.0,17475.94968470931,52.011755014015804,67.67335882041165,0.6588234066466603
source_b_v1_13_tuned_lightgbm_direct_100,favorita_top_volume_100_20260714,Favorita,7,lightgbm_tuned_direct,441047679,336,127506.0,35453.713623046875,105.51700483049665,28.09522912325773,0.2780552571882647
source_b_v1_13_tuned_lightgbm_direct_100,favorita_top_volume_100_20260714,Favorita,7,lightgbm_tuned_direct,441047690,336,33974.0,9282.646495819092,27.626924094699678,26.51180189721393,0.27322795360626045
source_b_v1_13_tuned_lightgbm_direct_100,favorita_top_volume_100_20260714,Favorita,7,lightgbm_tuned_direct,441430040,336,110659.0,49310.557273864746,146.75761093412126,50.87702709572971,0.4456081952110967
source_b_v1_13_tuned_lightgbm_direct_100,favorita_top_volume_100_20260714,Favorita,7,lightgbm_tuned_direct,441473410,336,60555.434147417545,14190.166444242,42.232638226910716,26.538894141238735,0.23433349366626838
source_b_v1_13_tuned_lightgbm_direct_100,favorita_top_volume_100_20260714,Favorita,7,lightgbm_tuned_direct,441473474,336,161569.7039642334,20143.140243530273,59.94982215336391,12.937392567052447,0.12467151792262583
source_b_v1_13_tuned_lightgbm_direct_100,favorita_top_volume_100_20260714,Favorita,7,lightgbm_tuned_direct,441502392,336,71587.98893737793,16476.802528381348,49.038102763039724,24.104755301637937,0.2301615504633681
source_b_v1_13_tuned_lightgbm_direct_100,favorita_top_volume_100_20260714,Favorita,7,lightgbm_tuned_direct,441503844,336,240006.25012922287,40392.30754899979,120.21520103868984,17.695997246810094,0.1682968986318147
source_b_v1_13_tuned_lightgbm_direct_100,favorita_top_volume_100_20260714,Favorita,7,lightgbm_tuned_direct,441695835,336,71396.3309249878,18131.957725524902,53.96415989739554,26.193948248609146,0.25396203825341046
source_b_v1_13_tuned_lightgbm_direct_100,favorita_top_volume_100_20260714,Favorita,7,lightgbm_tuned_direct,450265559,336,38409.0,9739.277088165283,28.98594371477763,25.55990368303342,0.25356757760330345
source_b_v1_13_tuned_lightgbm_direct_100,favorita_top_volume_100_20260714,Favorita,7,lightgbm_tuned_direct,450314384,336,40907.0,9009.5993309021,26.814283722922916,21.51453551218654,0.22024590732398122
source_b_v1_13_tuned_lightgbm_direct_100,favorita_top_volume_100_20260714,Favorita,7,lightgbm_tuned_direct,450364606,336,40823.0,12413.462482452393,36.9448288168226,21.056064267458137,0.30408011372149013
source_b_v1_13_tuned_lightgbm_direct_100,favorita_top_volume_100_20260714,Favorita,7,lightgbm_tuned_direct,450364738,336,58977.0,20944.26165008545,62.33411205382574,35.554848787074285,0.35512592451439456
source_b_v1_13_tuned_lightgbm_direct_100,favorita_top_volume_100_20260714,Favorita,7,lightgbm_tuned_direct,450584028,336,55816.6309800148,13789.019692897797,41.038749086005346,25.575471309641713,0.24704141849469505
source_b_v1_13_tuned_lightgbm_direct_100,favorita_top_volume_100_20260714,Favorita,7,lightgbm_tuned_direct,451047679,336,58833.0,21198.85467529297,63.091829390752885,36.22156515564126,0.36032251755465416
source_b_v1_13_tuned_lightgbm_direct_100,favorita_top_volume_100_20260714,Favorita,7,lightgbm_tuned_direct,451463992,336,103241.0,18524.066177368164,55.13114933740525,18.010056836496467,0.17942548190513619
source_b_v1_13_tuned_lightgbm_direct_100,favorita_top_volume_100_20260714,Favorita,7,lightgbm_tuned_direct,451463993,336,106690.0,17789.741912841797,52.9456604548863,16.688033676455973,0.1667423555426169
source_b_v1_13_tuned_lightgbm_direct_100,favorita_top_volume_100_20260714,Favorita,7,lightgbm_tuned_direct,451473474,336,115135.57293128967,15201.26442527771,45.24185840856461,14.022800359740028,0.13202925940490592
source_b_v1_13_tuned_lightgbm_direct_100,favorita_top_volume_100_20260714,Favorita,7,lightgbm_tuned_direct,451503844,336,155174.49281215668,24277.59040927887,72.25473336094902,16.19267831590833,0.1564534864545529
source_b_v1_13_tuned_lightgbm_direct_100,favorita_top_volume_100_20260714,Favorita,7,lightgbm_tuned_direct,451686656,336,66133.0,13967.229209899902,41.56913455327352,22.035397732575795,0.21119908683864186
source_b_v1_13_tuned_lightgbm_direct_100,favorita_top_volume_100_20260714,Favorita,7,lightgbm_tuned_direct,460159156,336,36659.13201189041,18121.406559228897,53.93275761675267,70.24179560430147,0.4943217573550625
source_b_v1_13_tuned_lightgbm_direct_100,favorita_top_volume_100_20260714,Favorita,7,lightgbm_tuned_direct,460265559,336,42994.0,11062.201976776123,32.923220168976556,25.1977371510156,0.2572964129128744
source_b_v1_13_tuned_lightgbm_direct_100,favorita_top_volume_100_20260714,Favorita,7,lightgbm_tuned_direct,460320682,336,32557.0,7565.270210266113,22.515685149601527,22.385251981631832,0.23237000369401706
source_b_v1_13_tuned_lightgbm_direct_100,favorita_top_volume_100_20260714,Favorita,7,lightgbm_tuned_direct,460582864,336,39571.47597503662,8257.55675125122,24.576061759676254,20.448987964855707,0.2086744693693114
source_b_v1_13_tuned_lightgbm_direct_100,favorita_top_volume_100_20260714,Favorita,7,lightgbm_tuned_direct,460583985,336,56362.90319824219,29011.587591171265,86.34401068800972,75.53847067976648,0.5147284107976194
source_b_v1_13_tuned_lightgbm_direct_100,favorita_top_volume_100_20260714,Favorita,7,lightgbm_tuned_direct,460584028,336,53102.20799827576,14503.91004371643,43.16639893963223,28.89575547686272,0.2731319579816225
source_b_v1_13_tuned_lightgbm_direct_100,favorita_top_volume_100_20260714,Favorita,7,lightgbm_tuned_direct,460807493,336,13381.0,6715.14479637146,19.985549989200774,50.08868111793671,0.5018417753808728
source_b_v1_13_tuned_lightgbm_direct_100,favorita_top_volume_100_20260714,Favorita,7,lightgbm_tuned_direct,460903284,336,44653.990087628365,19553.932470202446,58.19622758988823,49.93526714359551,0.43789888500064794
source_b_v1_13_tuned_lightgbm_direct_100,favorita_top_volume_100_20260714,Favorita,7,lightgbm_tuned_direct,461047679,336,42613.0,16716.014461517334,49.75004304023016,40.98247795123969,0.39227499733690036
source_b_v1_13_tuned_lightgbm_direct_100,favorita_top_volume_100_20260714,Favorita,7,lightgbm_tuned_direct,461143685,336,22833.0,10424.281038284302,31.024645947274706,51.093389163831006,0.45654452057479533
source_b_v1_13_tuned_lightgbm_direct_100,favorita_top_volume_100_20260714,Favorita,7,lightgbm_tuned_direct,461463992,336,94141.0,19688.789596557617,58.59758808499291,20.553422810159493,0.2091414962296727
source_b_v1_13_tuned_lightgbm_direct_100,favorita_top_volume_100_20260714,Favorita,7,lightgbm_tuned_direct,461463993,336,82056.0,17009.12191772461,50.62238665989467,20.915882308310042,0.2072867543838916
source_b_v1_13_tuned_lightgbm_direct_100,favorita_top_volume_100_20260714,Favorita,7,lightgbm_tuned_direct,470364738,336,66782.0,29419.98867034912,87.55949009032477,38.00621900998682,0.44053769983452307
source_b_v1_13_tuned_lightgbm_direct_100,favorita_top_volume_100_20260714,Favorita,7,lightgbm_tuned_direct,470584028,336,40728.31797218323,10748.860731124878,31.99065693787166,26.054394385993458,0.26391614646266937
source_b_v1_13_tuned_lightgbm_direct_100,favorita_top_volume_100_20260714,Favorita,7,lightgbm_tuned_direct,470807493,336,15427.0,8308.56048488617,24.727858585970743,53.929134351085416,0.5385726638287528
source_b_v1_13_tuned_lightgbm_direct_100,favorita_top_volume_100_20260714,Favorita,7,lightgbm_tuned_direct,470903285,336,53312.443910360336,18903.060024499893,56.25910721577349,39.97669297234543,0.35457125275073753
source_b_v1_13_tuned_lightgbm_direct_100,favorita_top_volume_100_20260714,Favorita,7,lightgbm_tuned_direct,471047679,336,65494.0,20895.993225097656,62.19045602707636,32.41654611908773,0.3190520234692896
source_b_v1_13_tuned_lightgbm_direct_100,favorita_top_volume_100_20260714,Favorita,7,lightgbm_tuned_direct,471143685,336,22812.0,11249.370546340942,33.480269483157564,53.49876749960658,0.493133900856608
source_b_v1_13_tuned_lightgbm_direct_100,favorita_top_volume_100_20260714,Favorita,7,lightgbm_tuned_direct,471463992,336,81131.0,17470.601516723633,51.99583784739176,21.051777076661665,0.21533817550287354
source_b_v1_13_tuned_lightgbm_direct_100,favorita_top_volume_100_20260714,Favorita,7,lightgbm_tuned_direct,471463993,336,86114.0,17409.806045532227,51.81489894503639,20.585379348697817,0.20217161025538502
source_b_v1_13_tuned_lightgbm_direct_100,favorita_top_volume_100_20260714,Favorita,7,lightgbm_tuned_direct,471473474,336,82299.29704284668,12470.918106079102,37.11582769666399,15.124372136657858,0.15153128342744518
source_b_v1_13_tuned_lightgbm_direct_100,favorita_top_volume_100_20260714,Favorita,7,lightgbm_tuned_direct,471503844,336,119533.05811691284,23818.908252716064,70.88960789498829,20.881549172819337,0.19926628355328513
source_b_v1_13_tuned_lightgbm_direct_100,favorita_top_volume_100_20260714,Favorita,7,lightgbm_tuned_direct,471642399,336,91023.63522148132,21981.01224708557,65.4196793068023,25.35490421766231,0.2414868643028895
source_b_v1_13_tuned_lightgbm_direct_100,favorita_top_volume_100_20260714,Favorita,7,lightgbm_tuned_direct,480265559,336,42158.0,12375.595287322998,36.83212883131845,29.3279550189954,0.2935527133005123
source_b_v1_13_tuned_lightgbm_direct_100,favorita_top_volume_100_20260714,Favorita,7,lightgbm_tuned_direct,480584028,336,78883.58391571045,17944.146224975586,53.40519709814163,22.783955948584868,0.22747630538883049
source_b_v1_13_tuned_lightgbm_direct_100,favorita_top_volume_100_20260714,Favorita,7,lightgbm_tuned_direct,481143685,336,23027.0,11936.283648490906,35.524653715746744,57.92740049634282,0.5183603443128026
source_b_v1_13_tuned_lightgbm_direct_100,favorita_top_volume_100_20260714,Favorita,7,lightgbm_tuned_direct,481463992,336,104652.0,28325.509567260742,84.30211180732364,27.79616068791686,0.27066381499886044
source_b_v1_13_tuned_lightgbm_direct_100,favorita_top_volume_100_20260714,Favorita,7,lightgbm_tuned_direct,490364738,336,53215.0,17739.291999816895,52.79551190421695,32.26724958474221,0.33335134830060875
source_b_v1_13_tuned_lightgbm_direct_100,favorita_top_volume_100_20260714,Favorita,7,lightgbm_tuned_direct,491473474,336,102771.42575073242,14278.301620483398,42.49494529905773,14.04621134109243,0.13893260228883844
source_b_v1_13_tuned_lightgbm_direct_100,favorita_top_volume_100_20260714,Favorita,7,lightgbm_tuned_direct,491503844,336,188745.82846546173,32301.615443229675,96.13576024770737,18.34860340066306,0.1711381687523785
source_b_v1_13_tuned_lightgbm_direct_100,favorita_top_volume_100_20260714,Favorita,7,lightgbm_tuned_direct,491642399,336,88456.82216262817,16390.159618377686,48.7802369594574,19.287041253458735,0.18528994392591133
source_b_v1_13_tuned_lightgbm_direct_100,favorita_top_volume_100_20260714,Favorita,7,lightgbm_tuned_direct,491695835,336,86648.78703308105,15915.205337524414,47.36668255215599,18.39922897008794,0.1836748774272888
source_b_v1_13_tuned_lightgbm_direct_100,favorita_top_volume_100_20260714,Favorita,7,lightgbm_tuned_direct,500584028,336,46354.22006523609,11310.007023692131,33.660735189559915,25.42136348885316,0.24399088168833646
source_b_v1_13_tuned_lightgbm_direct_100,favorita_top_volume_100_20260714,Favorita,7,lightgbm_tuned_direct,510257847,336,40000.0,16224.634879112244,48.28760380688168,62.645084176743694,0.4056158719778061
source_b_v1_13_tuned_lightgbm_direct_100,favorita_top_volume_100_20260714,Favorita,7,lightgbm_tuned_direct,511239986,336,123141.51953125,150480.16447472572,447.85763236525514,196.71932875074046,1.222009969079015
source_b_v1_13_tuned_lightgbm_direct_100,favorita_top_volume_100_20260714,Favorita,7,lightgbm_tuned_direct,511473474,336,80121.23680877686,10651.96363067627,31.70227271034604,13.690945598006376,0.1329480678899031
source_b_v1_13_tuned_lightgbm_direct_100,favorita_top_volume_100_20260714,Favorita,7,lightgbm_tuned_direct,511503844,336,115486.46313071251,26262.984256982803,78.16364362197262,26.072399156661064,0.22741179827506913
source_b_v1_13_tuned_lightgbm_direct_100,favorita_top_volume_100_20260714,Favorita,7,lightgbm_tuned_direct,511695835,336,76979.18010139465,15484.592641830444,46.0850971483049,20.672309943778114,0.20115299515316487
source_b_v1_13_tuned_lightgbm_direct_100,favorita_top_volume_100_20260714,Favorita,14,lightgbm_tuned_direct,20582864,336,62179.15570354462,45549.95855426788,135.565352840083,72.46096999423472,0.7325599397238396
source_b_v1_13_tuned_lightgbm_direct_100,favorita_top_volume_100_20260714,Favorita,14,lightgbm_tuned_direct,30364738,336,60684.0,21195.599166870117,63.08214037758963,34.096522781632714,0.3492782144695491
source_b_v1_13_tuned_lightgbm_direct_100,favorita_top_volume_100_20260714,Favorita,14,lightgbm_tuned_direct,30819932,336,44266.0,21360.3699798584,63.57252970195952,51.87821145310186,0.4825457457158632
source_b_v1_13_tuned_lightgbm_direct_100,favorita_top_volume_100_20260714,Favorita,14,lightgbm_tuned_direct,31047679,336,125142.0,33432.95161437988,99.50283218565441,26.641832163185992,0.26716011901983255
source_b_v1_13_tuned_lightgbm_direct_100,favorita_top_volume_100_20260714,Favorita,14,lightgbm_tuned_direct,31430040,336,122391.0,34753.32229614258,103.43250683375767,30.622549175341618,0.28395325061599774
source_b_v1_13_tuned_lightgbm_direct_100,favorita_top_volume_100_20260714,Favorita,14,lightgbm_tuned_direct,31463993,336,95667.0,15473.717803955078,46.05273155939011,16.46855072762647,0.16174561556184555
source_b_v1_13_tuned_lightgbm_direct_100,favorita_top_volume_100_20260714,Favorita,14,lightgbm_tuned_direct,31473404,336,71985.0,13203.263046264648,39.295425732930504,18.72880118418874,0.18341686526727302
source_b_v1_13_tuned_lightgbm_direct_100,favorita_top_volume_100_20260714,Favorita,14,lightgbm_tuned_direct,31473474,336,120521.74017333984,15072.614013671875,44.85897027878534,12.450237500575422,0.125061370604123
source_b_v1_13_tuned_lightgbm_direct_100,favorita_top_volume_100_20260714,Favorita,14,lightgbm_tuned_direct,31503844,336,178326.49873435497,28733.988722920418,85.5178235801203,17.05997554328213,0.1611313457442136
source_b_v1_13_tuned_lightgbm_direct_100,favorita_top_volume_100_20260714,Favorita,14,lightgbm_tuned_direct,71047679,336,65556.0,19426.473037719727,57.81688404083252,29.67879045422152,0.29633402034473927
source_b_v1_13_tuned_lightgbm_direct_100,favorita_top_volume_100_20260714,Favorita,14,lightgbm_tuned_direct,71473474,336,73308.13996124268,11467.33438873291,34.12897139503842,15.648189277965487,0.15642648135385215
source_b_v1_13_tuned_lightgbm_direct_100,favorita_top_volume_100_20260714,Favorita,14,lightgbm_tuned_direct,71503844,336,131404.38612121344,21356.486391603947,63.560971403583174,17.720312532751066,0.1625249127673999
source_b_v1_13_tuned_lightgbm_direct_100,favorita_top_volume_100_20260714,Favorita,14,lightgbm_tuned_direct,81047679,336,68685.0,18195.530479431152,54.153364522116526,27.07294766690068,0.2649127244584866
source_b_v1_13_tuned_lightgbm_direct_100,favorita_top_volume_100_20260714,Favorita,14,lightgbm_tuned_direct,81430040,336,78297.0,27864.131721496582,82.92896345683506,39.97616734643061,0.3558773863812992
source_b_v1_13_tuned_lightgbm_direct_100,favorita_top_volume_100_20260714,Favorita,14,lightgbm_tuned_direct,81473474,336,68700.30795288086,9647.203491210938,28.711915152413503,14.317238455416485,0.14042445774519113
source_b_v1_13_tuned_lightgbm_direct_100,favorita_top_volume_100_20260714,Favorita,14,lightgbm_tuned_direct,81503844,336,134077.01923525333,20885.15877377987,62.15821063624961,16.128673966828234,0.1557698619264088
source_b_v1_13_tuned_lightgbm_direct_100,favorita_top_volume_100_20260714,Favorita,14,lightgbm_tuned_direct,90457928,336,21455.09001350403,9307.197397232056,27.69999225366683,45.76199096374927,0.43379903749525267
source_b_v1_13_tuned_lightgbm_direct_100,favorita_top_volume_100_20260714,Favorita,14,lightgbm_tuned_direct,91463992,336,102244.0,20934.066040039062,62.30376797630673,20.804897662761775,0.20474615664527074
source_b_v1_13_tuned_lightgbm_direct_100,favorita_top_volume_100_20260714,Favorita,14,lightgbm_tuned_direct,110320682,336,42424.0,11410.538223266602,33.95993518829346,26.39122038727638,0.2689642236297049
source_b_v1_13_tuned_lightgbm_direct_100,favorita_top_volume_100_20260714,Favorita,14,lightgbm_tuned_direct,110584126,336,128286.72693824768,27696.467123031616,82.42996167568933,22.487985492850886,0.21589503282255876
source_b_v1_13_tuned_lightgbm_direct_100,favorita_top_volume_100_20260714,Favorita,14,lightgbm_tuned_direct,110807493,336,32910.0,13927.966388702393,41.45228091875712,44.83774221778777,0.42321380701010003
source_b_v1_13_tuned_lightgbm_direct_100,favorita_top_volume_100_20260714,Favorita,14,lightgbm_tuned_direct,110819932,336,70807.0,34444.97798538208,102.51481543268476,52.47682874592583,0.4864628918804932
source_b_v1_13_tuned_lightgbm_direct_100,favorita_top_volume_100_20260714,Favorita,14,lightgbm_tuned_direct,110968432,336,35446.0,16105.188694953918,47.932109211172374,89.04190704422497,0.45435842393934206
source_b_v1_13_tuned_lightgbm_direct_100,favorita_top_volume_100_20260714,Favorita,14,lightgbm_tuned_direct,111047679,336,57507.0,22750.92876434326,67.71109751292637,39.10593609284565,0.39562016388167115
source_b_v1_13_tuned_lightgbm_direct_100,favorita_top_volume_100_20260714,Favorita,14,lightgbm_tuned_direct,111146786,336,43770.0,16901.119119644165,50.30094976084573,41.33778720534176,0.3861347754088226
source_b_v1_13_tuned_lightgbm_direct_100,favorita_top_volume_100_20260714,Favorita,14,lightgbm_tuned_direct,140584126,336,54653.09191584587,18100.55559849739,53.87070118600414,39.05247926605478,0.33118996499536374
source_b_v1_13_tuned_lightgbm_direct_100,favorita_top_volume_100_20260714,Favorita,14,lightgbm_tuned_direct,171463992,336,71476.0,17752.501388549805,52.83482556116013,25.787091228518612,0.24837010169217366
source_b_v1_13_tuned_lightgbm_direct_100,favorita_top_volume_100_20260714,Favorita,14,lightgbm_tuned_direct,190819932,336,77399.0,34323.22773170471,102.15246348721641,46.311878338666354,0.44345828410838267
source_b_v1_13_tuned_lightgbm_direct_100,favorita_top_volume_100_20260714,Favorita,14,lightgbm_tuned_direct,201463992,336,92876.0,22786.148895263672,67.81591933114188,25.057663323907793,0.2453394730098591
source_b_v1_13_tuned_lightgbm_direct_100,favorita_top_volume_100_20260714,Favorita,14,lightgbm_tuned_direct,230583985,336,12469.941967964172,9804.10445022583,29.17888229233878,102.64294903752625,0.7862189315245415
source_b_v1_13_tuned_lightgbm_direct_100,favorita_top_volume_100_20260714,Favorita,14,lightgbm_tuned_direct,231084365,336,68294.02824401855,40676.39270544052,121.06069257571583,128.10987186317848,0.5956068744415162
source_b_v1_13_tuned_lightgbm_direct_100,favorita_top_volume_100_20260714,Favorita,14,lightgbm_tuned_direct,240257847,336,48982.0,19086.525381088257,56.805135062762666,53.42837427779299,0.38966406804720627
source_b_v1_13_tuned_lightgbm_direct_100,favorita_top_volume_100_20260714,Favorita,14,lightgbm_tuned_direct,241503844,336,79591.33407306671,14181.203280448914,42.205962144193194,19.11094149644584,0.1781752177621528
source_b_v1_13_tuned_lightgbm_direct_100,favorita_top_volume_100_20260714,Favorita,14,lightgbm_tuned_direct,311167614,336,74961.0,25025.04606628418,74.47930376870292,33.07865243096902,0.33384087814042207
source_b_v1_13_tuned_lightgbm_direct_100,favorita_top_volume_100_20260714,Favorita,14,lightgbm_tuned_direct,351167614,336,58615.0,26886.701904296875,80.0199461437407,45.83443391803239,0.45870002395797793
source_b_v1_13_tuned_lightgbm_direct_100,favorita_top_volume_100_20260714,Favorita,14,lightgbm_tuned_direct,371503844,336,65680.43591976166,11013.634369850159,32.77867371979214,18.311181298338617,0.16768515944846862
source_b_v1_13_tuned_lightgbm_direct_100,favorita_top_volume_100_20260714,Favorita,14,lightgbm_tuned_direct,391167614,336,149581.0,80664.8757019043,240.0740348270961,55.30691291378205,0.5392722050387703
source_b_v1_13_tuned_lightgbm_direct_100,favorita_top_volume_100_20260714,Favorita,14,lightgbm_tuned_direct,391463864,336,100418.0,24035.25951385498,71.53351045790173,26.63485498802648,0.23935210334656118
source_b_v1_13_tuned_lightgbm_direct_100,favorita_top_volume_100_20260714,Favorita,14,lightgbm_tuned_direct,430807493,336,25500.0,11690.218181610107,34.792316016696745,50.9821174551632,0.45843992869059247
source_b_v1_13_tuned_lightgbm_direct_100,favorita_top_volume_100_20260714,Favorita,14,lightgbm_tuned_direct,431143685,336,22646.0,11455.400302886963,34.093453282401676,54.89757623289726,0.5058465204842781
source_b_v1_13_tuned_lightgbm_direct_100,favorita_top_volume_100_20260714,Favorita,14,lightgbm_tuned_direct,431430040,336,75646.0,32509.35183906555,96.75402333055224,46.119091259454564,0.4297563894861004
source_b_v1_13_tuned_lightgbm_direct_100,favorita_top_volume_100_20260714,Favorita,14,lightgbm_tuned_direct,440819932,336,65672.0,29549.09684753418,87.94374061766125,48.995944721563326,0.4499497022708944
source_b_v1_13_tuned_lightgbm_direct_100,favorita_top_volume_100_20260714,Favorita,14,lightgbm_tuned_direct,441037857,336,26526.0,19429.42013525963,57.82565516446318,71.05075448608052,0.7324670185953264
source_b_v1_13_tuned_lightgbm_direct_100,favorita_top_volume_100_20260714,Favorita,14,lightgbm_tuned_direct,441047679,336,127506.0,36166.399841308594,107.63809476579938,28.52625065479275,0.2836446899856367
source_b_v1_13_tuned_lightgbm_direct_100,favorita_top_volume_100_20260714,Favorita,14,lightgbm_tuned_direct,441047690,336,33974.0,10266.304542541504,30.554477805183048,29.350972354475847,0.3021812133555514
source_b_v1_13_tuned_lightgbm_direct_100,favorita_top_volume_100_20260714,Favorita,14,lightgbm_tuned_direct,441430040,336,110659.0,49596.90209197998,147.60982765470231,52.423534226620546,0.44819582765052984
source_b_v1_13_tuned_lightgbm_direct_100,favorita_top_volume_100_20260714,Favorita,14,lightgbm_tuned_direct,441473410,336,60555.434147417545,13196.943110883236,39.276616401438204,24.045269676910628,0.21793160757061528
source_b_v1_13_tuned_lightgbm_direct_100,favorita_top_volume_100_20260714,Favorita,14,lightgbm_tuned_direct,441473474,336,161569.7039642334,22048.793563842773,65.62140941619873,14.172737449917364,0.13646613828495782
source_b_v1_13_tuned_lightgbm_direct_100,favorita_top_volume_100_20260714,Favorita,14,lightgbm_tuned_direct,441502392,336,71587.98893737793,16386.925842285156,48.77061262584868,23.80776759851279,0.22890607887616077
source_b_v1_13_tuned_lightgbm_direct_100,favorita_top_volume_100_20260714,Favorita,14,lightgbm_tuned_direct,441503844,336,240006.25012922287,39061.6309132576,116.25485390850476,17.269239062926097,0.16275255703643654
source_b_v1_13_tuned_lightgbm_direct_100,favorita_top_volume_100_20260714,Favorita,14,lightgbm_tuned_direct,441695835,336,71396.3309249878,16882.970275878906,50.2469353448777,24.3103540929261,0.23646831786940029
source_b_v1_13_tuned_lightgbm_direct_100,favorita_top_volume_100_20260714,Favorita,14,lightgbm_tuned_direct,450265559,336,38409.0,9968.242080688477,29.66738714490618,26.52947473932264,0.25952881045297915
source_b_v1_13_tuned_lightgbm_direct_100,favorita_top_volume_100_20260714,Favorita,14,lightgbm_tuned_direct,450314384,336,40907.0,8749.639213562012,26.040592897505988,20.98302291066041,0.2138910018716115
source_b_v1_13_tuned_lightgbm_direct_100,favorita_top_volume_100_20260714,Favorita,14,lightgbm_tuned_direct,450364606,336,40823.0,12040.558418273926,35.83499529248192,20.262987682292273,0.2949454576653829
source_b_v1_13_tuned_lightgbm_direct_100,favorita_top_volume_100_20260714,Favorita,14,lightgbm_tuned_direct,450364738,336,58977.0,20645.744148254395,61.445667107899986,35.650936856319746,0.35006433267637205
source_b_v1_13_tuned_lightgbm_direct_100,favorita_top_volume_100_20260714,Favorita,14,lightgbm_tuned_direct,450584028,336,55816.6309800148,13329.655190944672,39.67159283019247,24.73065955419375,0.2388115326365249
source_b_v1_13_tuned_lightgbm_direct_100,favorita_top_volume_100_20260714,Favorita,14,lightgbm_tuned_direct,451047679,336,58833.0,22262.472274780273,66.25735796065558,37.136269764932564,0.37840110609318367
source_b_v1_13_tuned_lightgbm_direct_100,favorita_top_volume_100_20260714,Favorita,14,lightgbm_tuned_direct,451463992,336,103241.0,17997.630249023438,53.564375741141184,17.751582149735874,0.1743263843727147
source_b_v1_13_tuned_lightgbm_direct_100,favorita_top_volume_100_20260714,Favorita,14,lightgbm_tuned_direct,451463993,336,106690.0,16373.007934570312,48.72919028145926,15.53021308185899,0.15346337927238085
source_b_v1_13_tuned_lightgbm_direct_100,favorita_top_volume_100_20260714,Favorita,14,lightgbm_tuned_direct,451473474,336,115135.57293128967,15890.418798446655,47.292913090615045,14.603493087900985,0.13801484974526249
source_b_v1_13_tuned_lightgbm_direct_100,favorita_top_volume_100_20260714,Favorita,14,lightgbm_tuned_direct,451503844,336,155174.49281215668,23854.005204200745,70.99406310774032,15.995602225994052,0.15372375170625965
source_b_v1_13_tuned_lightgbm_direct_100,favorita_top_volume_100_20260714,Favorita,14,lightgbm_tuned_direct,451686656,336,66133.0,12550.40843963623,37.35240607034592,19.59774486921418,0.18977527769247168
source_b_v1_13_tuned_lightgbm_direct_100,favorita_top_volume_100_20260714,Favorita,14,lightgbm_tuned_direct,460159156,336,36659.13201189041,20967.05467939377,62.40194845057669,73.91369102547225,0.5719462935618086
source_b_v1_13_tuned_lightgbm_direct_100,favorita_top_volume_100_20260714,Favorita,14,lightgbm_tuned_direct,460265559,336,42994.0,10833.377227783203,32.242194130307155,25.206207112196566,0.2519741644830256
source_b_v1_13_tuned_lightgbm_direct_100,favorita_top_volume_100_20260714,Favorita,14,lightgbm_tuned_direct,460320682,336,32557.0,8080.879177093506,24.050235646111624,23.65001250642479,0.24820711911704108
source_b_v1_13_tuned_lightgbm_direct_100,favorita_top_volume_100_20260714,Favorita,14,lightgbm_tuned_direct,460582864,336,39571.47597503662,8375.66421508789,24.92757206871396,20.442791787874423,0.2116591309450175
source_b_v1_13_tuned_lightgbm_direct_100,favorita_top_volume_100_20260714,Favorita,14,lightgbm_tuned_direct,460583985,336,56362.90319824219,30984.768694877625,92.21657349665959,75.37319648961879,0.5497369180202903
source_b_v1_13_tuned_lightgbm_direct_100,favorita_top_volume_100_20260714,Favorita,14,lightgbm_tuned_direct,460584028,336,53102.20799827576,14612.795175552368,43.490461832001095,29.223785701117528,0.2751824401732382
source_b_v1_13_tuned_lightgbm_direct_100,favorita_top_volume_100_20260714,Favorita,14,lightgbm_tuned_direct,460807493,336,13381.0,7714.25252532959,22.959084896814254,54.3164177415369,0.576507923572946
source_b_v1_13_tuned_lightgbm_direct_100,favorita_top_volume_100_20260714,Favorita,14,lightgbm_tuned_direct,460903284,336,44653.990087628365,19633.85844218731,58.43410250650985,49.763683738772066,0.43968878041263726
source_b_v1_13_tuned_lightgbm_direct_100,favorita_top_volume_100_20260714,Favorita,14,lightgbm_tuned_direct,461047679,336,42613.0,17526.008392333984,52.160739262898765,42.47388489858096,0.4112831387683098
source_b_v1_13_tuned_lightgbm_direct_100,favorita_top_volume_100_20260714,Favorita,14,lightgbm_tuned_direct,461143685,336,22833.0,12444.080572128296,37.03595408371517,58.32218312396505,0.5450041857017605
source_b_v1_13_tuned_lightgbm_direct_100,favorita_top_volume_100_20260714,Favorita,14,lightgbm_tuned_direct,461463992,336,94141.0,19427.853591918945,57.8209928330921,20.915524986596626,0.2063697389226686
source_b_v1_13_tuned_lightgbm_direct_100,favorita_top_volume_100_20260714,Favorita,14,lightgbm_tuned_direct,461463993,336,82056.0,15902.935897827148,47.3301663625808,20.172415098174426,0.19380588741624194
source_b_v1_13_tuned_lightgbm_direct_100,favorita_top_volume_100_20260714,Favorita,14,lightgbm_tuned_direct,470364738,336,66782.0,30930.62184906006,92.0554221698216,40.15089349587022,0.46315806428468836
source_b_v1_13_tuned_lightgbm_direct_100,favorita_top_volume_100_20260714,Favorita,14,lightgbm_tuned_direct,470584028,336,40728.31797218323,10918.979703903198,32.4969634044738,25.462126338761603,0.26809306761356266
source_b_v1_13_tuned_lightgbm_direct_100,favorita_top_volume_100_20260714,Favorita,14,lightgbm_tuned_direct,470807493,336,15427.0,8977.929967880249,26.720029666310264,56.1293272794673,0.5819621422104264
source_b_v1_13_tuned_lightgbm_direct_100,favorita_top_volume_100_20260714,Favorita,14,lightgbm_tuned_direct,470903285,336,53312.443910360336,18344.37851548195,54.59636462941056,38.37611845674357,0.3440918699267703
source_b_v1_13_tuned_lightgbm_direct_100,favorita_top_volume_100_20260714,Favorita,14,lightgbm_tuned_direct,471047679,336,65494.0,19478.239463806152,57.97095078513736,30.118587539228287,0.29740494493856157
source_b_v1_13_tuned_lightgbm_direct_100,favorita_top_volume_100_20260714,Favorita,14,lightgbm_tuned_direct,471143685,336,22812.0,12714.507703781128,37.84079673744383,57.90644473525669,0.5573604990260007
source_b_v1_13_tuned_lightgbm_direct_100,favorita_top_volume_100_20260714,Favorita,14,lightgbm_tuned_direct,471463992,336,81131.0,17030.48487854004,50.68596690041678,20.736734575169656,0.20991341014581405
source_b_v1_13_tuned_lightgbm_direct_100,favorita_top_volume_100_20260714,Favorita,14,lightgbm_tuned_direct,471463993,336,86114.0,15444.647323608398,45.96621227264404,18.78096597148421,0.17935117778303641
source_b_v1_13_tuned_lightgbm_direct_100,favorita_top_volume_100_20260714,Favorita,14,lightgbm_tuned_direct,471473474,336,82299.29704284668,11883.136535644531,35.36647778465634,14.505969707334657,0.14438928353735428
source_b_v1_13_tuned_lightgbm_direct_100,favorita_top_volume_100_20260714,Favorita,14,lightgbm_tuned_direct,471503844,336,119533.05811691284,23185.067310333252,69.00317651884896,20.191399346403465,0.19396364215543127
source_b_v1_13_tuned_lightgbm_direct_100,favorita_top_volume_100_20260714,Favorita,14,lightgbm_tuned_direct,471642399,336,91023.63522148132,23517.575944900513,69.99278555029915,26.530868193812207,0.25836779521798786
source_b_v1_13_tuned_lightgbm_direct_100,favorita_top_volume_100_20260714,Favorita,14,lightgbm_tuned_direct,480265559,336,42158.0,12670.064125061035,37.708524181729274,30.160221491299037,0.3005375996266672
source_b_v1_13_tuned_lightgbm_direct_100,favorita_top_volume_100_20260714,Favorita,14,lightgbm_tuned_direct,480584028,336,78883.58391571045,18686.240364074707,55.6138106073652,23.798479587428847,0.23688376511951503
source_b_v1_13_tuned_lightgbm_direct_100,favorita_top_volume_100_20260714,Favorita,14,lightgbm_tuned_direct,481143685,336,23027.0,12939.281688690186,38.50976693062555,60.04004772747567,0.5619178220649753
source_b_v1_13_tuned_lightgbm_direct_100,favorita_top_volume_100_20260714,Favorita,14,lightgbm_tuned_direct,481463992,336,104652.0,29190.66291809082,86.87697297050839,28.5712517415144,0.2789307697711541
source_b_v1_13_tuned_lightgbm_direct_100,favorita_top_volume_100_20260714,Favorita,14,lightgbm_tuned_direct,490364738,336,53215.0,18795.08656311035,55.93775762830462,33.61564101095758,0.35319151673607724
source_b_v1_13_tuned_lightgbm_direct_100,favorita_top_volume_100_20260714,Favorita,14,lightgbm_tuned_direct,491473474,336,102771.42575073242,14073.056045532227,41.88409537360782,13.701584112593798,0.13693549488810056
source_b_v1_13_tuned_lightgbm_direct_100,favorita_top_volume_100_20260714,Favorita,14,lightgbm_tuned_direct,491503844,336,188745.82846546173,32514.9565076828,96.7707038919131,18.399160740469338,0.17226847751833974
source_b_v1_13_tuned_lightgbm_direct_100,favorita_top_volume_100_20260714,Favorita,14,lightgbm_tuned_direct,491642399,336,88456.82216262817,16090.55001449585,47.888541709809076,18.773930954185637,0.1819028721709369
source_b_v1_13_tuned_lightgbm_direct_100,favorita_top_volume_100_20260714,Favorita,14,lightgbm_tuned_direct,491695835,336,86648.78703308105,16266.175003051758,48.41123512813023,18.82443872956007,0.18772536304335807
source_b_v1_13_tuned_lightgbm_direct_100,favorita_top_volume_100_20260714,Favorita,14,lightgbm_tuned_direct,500584028,336,46354.22006523609,11238.28739631176,33.447283917594525,25.31729997895774,0.24244367353168023
source_b_v1_13_tuned_lightgbm_direct_100,favorita_top_volume_100_20260714,Favorita,14,lightgbm_tuned_direct,510257847,336,40000.0,16917.311054229736,50.349140042350406,62.707178471796446,0.4229327763557434
source_b_v1_13_tuned_lightgbm_direct_100,favorita_top_volume_100_20260714,Favorita,14,lightgbm_tuned_direct,511239986,336,123141.51953125,187399.66816091537,557.737107621772,195.08705111836147,1.5218235804972213
source_b_v1_13_tuned_lightgbm_direct_100,favorita_top_volume_100_20260714,Favorita,14,lightgbm_tuned_direct,511473474,336,80121.23680877686,10809.906959533691,32.17234214146932,13.789121695250955,0.1349193720677752
source_b_v1_13_tuned_lightgbm_direct_100,favorita_top_volume_100_20260714,Favorita,14,lightgbm_tuned_direct,511503844,336,115486.46313071251,23789.062824487686,70.80078221573716,23.86119514809113,0.20599005441496818
source_b_v1_13_tuned_lightgbm_direct_100,favorita_top_volume_100_20260714,Favorita,14,lightgbm_tuned_direct,511695835,336,76979.18010139465,15866.815061569214,47.2226638737179,21.319249930381012,0.20611826523314386
source_b_v1_13_tuned_lightgbm_direct_100,favorita_top_volume_100_20260714,Favorita,28,lightgbm_tuned_direct,20582864,336,62179.15570354462,44024.073506355286,131.02402829272407,71.04462679232383,0.7080198019453909
source_b_v1_13_tuned_lightgbm_direct_100,favorita_top_volume_100_20260714,Favorita,28,lightgbm_tuned_direct,30364738,336,60684.0,19713.409637451172,58.67086201622372,31.89903003650658,0.32485349742026187
source_b_v1_13_tuned_lightgbm_direct_100,favorita_top_volume_100_20260714,Favorita,28,lightgbm_tuned_direct,30819932,336,44266.0,21677.145652532578,64.51531444206124,56.46913267667764,0.4897019304326702
source_b_v1_13_tuned_lightgbm_direct_100,favorita_top_volume_100_20260714,Favorita,28,lightgbm_tuned_direct,31047679,336,125142.0,35740.293853759766,106.36992218380882,27.906026109035263,0.2855979116024977
source_b_v1_13_tuned_lightgbm_direct_100,favorita_top_volume_100_20260714,Favorita,28,lightgbm_tuned_direct,31430040,336,122391.0,36861.96437072754,109.70822729383197,31.91378865387588,0.30118198536434493
source_b_v1_13_tuned_lightgbm_direct_100,favorita_top_volume_100_20260714,Favorita,28,lightgbm_tuned_direct,31463993,336,95667.0,15989.068634033203,47.58651379176548,17.09614353855286,0.16713253926676078
source_b_v1_13_tuned_lightgbm_direct_100,favorita_top_volume_100_20260714,Favorita,28,lightgbm_tuned_direct,31473404,336,71985.0,12859.945281982422,38.273646672566734,18.019885050644056,0.17864756938226606
source_b_v1_13_tuned_lightgbm_direct_100,favorita_top_volume_100_20260714,Favorita,28,lightgbm_tuned_direct,31473474,336,120521.74017333984,16023.645233154297,47.68942033676874,13.296873246975242,0.1329523222126428
source_b_v1_13_tuned_lightgbm_direct_100,favorita_top_volume_100_20260714,Favorita,28,lightgbm_tuned_direct,31503844,336,178326.49873435497,30782.271926045418,91.61390454180184,18.345223982062937,0.17261748615330802
source_b_v1_13_tuned_lightgbm_direct_100,favorita_top_volume_100_20260714,Favorita,28,lightgbm_tuned_direct,71047679,336,65556.0,19286.757888793945,57.40106514522007,29.754067287898465,0.29420278675931943
source_b_v1_13_tuned_lightgbm_direct_100,favorita_top_volume_100_20260714,Favorita,28,lightgbm_tuned_direct,71473474,336,73308.13996124268,11894.9527053833,35.40164495649792,16.078996275996577,0.16225964417692293
source_b_v1_13_tuned_lightgbm_direct_100,favorita_top_volume_100_20260714,Favorita,28,lightgbm_tuned_direct,71503844,336,131404.38612121344,22989.767183840275,68.42192614238176,18.93628959036529,0.17495433647575095
source_b_v1_13_tuned_lightgbm_direct_100,favorita_top_volume_100_20260714,Favorita,28,lightgbm_tuned_direct,81047679,336,68685.0,19279.474411010742,57.37938812800816,28.754331994109112,0.2806941022204374
source_b_v1_13_tuned_lightgbm_direct_100,favorita_top_volume_100_20260714,Favorita,28,lightgbm_tuned_direct,81430040,336,78297.0,27908.957962036133,83.0623748870123,40.52544918271116,0.35644990181023706
source_b_v1_13_tuned_lightgbm_direct_100,favorita_top_volume_100_20260714,Favorita,28,lightgbm_tuned_direct,81473474,336,68700.30795288086,10455.377098083496,31.11719374429612,15.35566293543916,0.152188212973579
source_b_v1_13_tuned_lightgbm_direct_100,favorita_top_volume_100_20260714,Favorita,28,lightgbm_tuned_direct,81503844,336,134077.01923525333,22442.93562924862,66.79445127752565,17.23438497239221,0.16738838435742626
source_b_v1_13_tuned_lightgbm_direct_100,favorita_top_volume_100_20260714,Favorita,28,lightgbm_tuned_direct,90457928,336,21455.09001350403,10258.77115535736,30.532057009992144,48.87890410070552,0.4781509259061788
source_b_v1_13_tuned_lightgbm_direct_100,favorita_top_volume_100_20260714,Favorita,28,lightgbm_tuned_direct,91463992,336,102244.0,21099.11538696289,62.79498627072289,20.966711162520728,0.20636042591216003
source_b_v1_13_tuned_lightgbm_direct_100,favorita_top_volume_100_20260714,Favorita,28,lightgbm_tuned_direct,110320682,336,42424.0,12567.817920684814,37.40422000203814,29.037480442984094,0.29624311523394337
source_b_v1_13_tuned_lightgbm_direct_100,favorita_top_volume_100_20260714,Favorita,28,lightgbm_tuned_direct,110584126,336,128286.72693824768,27812.524160385132,82.77536952495575,22.338828957384077,0.21679970191906928
source_b_v1_13_tuned_lightgbm_direct_100,favorita_top_volume_100_20260714,Favorita,28,lightgbm_tuned_direct,110807493,336,32910.0,13522.537422657013,40.24564709124111,44.129907847811786,0.4108944826088427
source_b_v1_13_tuned_lightgbm_direct_100,favorita_top_volume_100_20260714,Favorita,28,lightgbm_tuned_direct,110819932,336,70807.0,32870.781438827515,97.82970666317712,52.029073219666536,0.46423067548162633
source_b_v1_13_tuned_lightgbm_direct_100,favorita_top_volume_100_20260714,Favorita,28,lightgbm_tuned_direct,110968432,336,35446.0,17808.59614658635,53.00177424579271,95.27667037347281,0.5024148323248421
source_b_v1_13_tuned_lightgbm_direct_100,favorita_top_volume_100_20260714,Favorita,28,lightgbm_tuned_direct,111047679,336,57507.0,25711.13129425049,76.52122409003121,43.08428554622413,0.44709568042586967
source_b_v1_13_tuned_lightgbm_direct_100,favorita_top_volume_100_20260714,Favorita,28,lightgbm_tuned_direct,111146786,336,43770.0,16254.200147628784,48.37559567746662,39.26549884482809,0.3713548126028966
source_b_v1_13_tuned_lightgbm_direct_100,favorita_top_volume_100_20260714,Favorita,28,lightgbm_tuned_direct,140584126,336,54653.09191584587,18065.01021885872,53.764911365650946,39.690236078676286,0.33053958313419834
source_b_v1_13_tuned_lightgbm_direct_100,favorita_top_volume_100_20260714,Favorita,28,lightgbm_tuned_direct,171463992,336,71476.0,17371.42128753662,51.70065859385899,25.467423437921095,0.24303852044793528
source_b_v1_13_tuned_lightgbm_direct_100,favorita_top_volume_100_20260714,Favorita,28,lightgbm_tuned_direct,190819932,336,77399.0,34804.424683094025,103.58459727111317,49.574758865413784,0.449675379308441
source_b_v1_13_tuned_lightgbm_direct_100,favorita_top_volume_100_20260714,Favorita,28,lightgbm_tuned_direct,201463992,336,92876.0,23570.600158691406,70.15059571039109,25.697776330578698,0.2537856944602632
source_b_v1_13_tuned_lightgbm_direct_100,favorita_top_volume_100_20260714,Favorita,28,lightgbm_tuned_direct,230583985,336,12469.941967964172,7670.131520271301,22.827772381759825,100.0813437505731,0.6150895922351688
source_b_v1_13_tuned_lightgbm_direct_100,favorita_top_volume_100_20260714,Favorita,28,lightgbm_tuned_direct,231084365,336,68294.02824401855,32046.333646550775,95.37599299568683,130.5275585036168,0.46924064183250913
source_b_v1_13_tuned_lightgbm_direct_100,favorita_top_volume_100_20260714,Favorita,28,lightgbm_tuned_direct,240257847,336,48982.0,16921.984480008483,50.363049047644296,53.48579993683741,0.34547353068491454
source_b_v1_13_tuned_lightgbm_direct_100,favorita_top_volume_100_20260714,Favorita,28,lightgbm_tuned_direct,241503844,336,79591.33407306671,14417.313158988953,42.90867011603855,19.352059162047418,0.18114174522760884
source_b_v1_13_tuned_lightgbm_direct_100,favorita_top_volume_100_20260714,Favorita,28,lightgbm_tuned_direct,311167614,336,74961.0,25766.658935546875,76.68648492722284,33.91765100750299,0.3437341942549709
source_b_v1_13_tuned_lightgbm_direct_100,favorita_top_volume_100_20260714,Favorita,28,lightgbm_tuned_direct,351167614,336,58615.0,25704.68663406372,76.50204355376107,45.71169498631428,0.4385342767903049
source_b_v1_13_tuned_lightgbm_direct_100,favorita_top_volume_100_20260714,Favorita,28,lightgbm_tuned_direct,371503844,336,65680.43591976166,11219.0570230484,33.39005066383453,18.86898425646496,0.17081276739323312
source_b_v1_13_tuned_lightgbm_direct_100,favorita_top_volume_100_20260714,Favorita,28,lightgbm_tuned_direct,391167614,336,149581.0,82413.41566467285,245.27802281152634,57.28156154722066,0.5509617910341076
source_b_v1_13_tuned_lightgbm_direct_100,favorita_top_volume_100_20260714,Favorita,28,lightgbm_tuned_direct,391463864,336,100418.0,23846.684008598328,70.97227383511407,27.1043937552719,0.23747419793859992
source_b_v1_13_tuned_lightgbm_direct_100,favorita_top_volume_100_20260714,Favorita,28,lightgbm_tuned_direct,430807493,336,25500.0,11900.739314079285,35.41886700618835,52.59992801642641,0.4666956593756582
source_b_v1_13_tuned_lightgbm_direct_100,favorita_top_volume_100_20260714,Favorita,28,lightgbm_tuned_direct,431143685,336,22646.0,11257.748721122742,33.505204527151015,56.100650312567936,0.49711863998599054
source_b_v1_13_tuned_lightgbm_direct_100,favorita_top_volume_100_20260714,Favorita,28,lightgbm_tuned_direct,431430040,336,75646.0,32264.896256923676,96.02647695513,46.677848271582654,0.4265248163408994
source_b_v1_13_tuned_lightgbm_direct_100,favorita_top_volume_100_20260714,Favorita,28,lightgbm_tuned_direct,440819932,336,65672.0,30046.486862182617,89.42406804221017,54.411030639596326,0.4575235543638479
source_b_v1_13_tuned_lightgbm_direct_100,favorita_top_volume_100_20260714,Favorita,28,lightgbm_tuned_direct,441037857,336,26526.0,18865.68118238449,56.1478606618586,70.77717415108403,0.7112147018918982
source_b_v1_13_tuned_lightgbm_direct_100,favorita_top_volume_100_20260714,Favorita,28,lightgbm_tuned_direct,441047679,336,127506.0,34913.831130981445,103.91021169934955,27.837373906591207,0.27382108395668786
source_b_v1_13_tuned_lightgbm_direct_100,favorita_top_volume_100_20260714,Favorita,28,lightgbm_tuned_direct,441047690,336,33974.0,9100.193939208984,27.083910533360072,26.619395147993885,0.267857595196591
source_b_v1_13_tuned_lightgbm_direct_100,favorita_top_volume_100_20260714,Favorita,28,lightgbm_tuned_direct,441430040,336,110659.0,47878.5620803833,142.49572047733125,50.82771636083274,0.4326675831191616
source_b_v1_13_tuned_lightgbm_direct_100,favorita_top_volume_100_20260714,Favorita,28,lightgbm_tuned_direct,441473410,336,60555.434147417545,14655.03861373663,43.616186350406636,28.361176699123785,0.24201029717762515
source_b_v1_13_tuned_lightgbm_direct_100,favorita_top_volume_100_20260714,Favorita,28,lightgbm_tuned_direct,441473474,336,161569.7039642334,24375.38752746582,72.54579621269589,15.459056153465411,0.15086607779427377
source_b_v1_13_tuned_lightgbm_direct_100,favorita_top_volume_100_20260714,Favorita,28,lightgbm_tuned_direct,441502392,336,71587.98893737793,17021.816917419434,50.660169397081646,24.823528052094485,0.23777476040442178
source_b_v1_13_tuned_lightgbm_direct_100,favorita_top_volume_100_20260714,Favorita,28,lightgbm_tuned_direct,441503844,336,240006.25012922287,42284.69664812088,125.84731145274071,18.466334078158788,0.176181647875229
source_b_v1_13_tuned_lightgbm_direct_100,favorita_top_volume_100_20260714,Favorita,28,lightgbm_tuned_direct,441695835,336,71396.3309249878,17352.325355529785,51.64382546288626,24.728905557730194,0.24304225624368458
source_b_v1_13_tuned_lightgbm_direct_100,favorita_top_volume_100_20260714,Favorita,28,lightgbm_tuned_direct,450265559,336,38409.0,10094.320304870605,30.04261995497204,26.87852026266263,0.26281132820095826
source_b_v1_13_tuned_lightgbm_direct_100,favorita_top_volume_100_20260714,Favorita,28,lightgbm_tuned_direct,450314384,336,40907.0,9139.306228637695,27.200316156659806,22.10027153606575,0.22341668244157956
source_b_v1_13_tuned_lightgbm_direct_100,favorita_top_volume_100_20260714,Favorita,28,lightgbm_tuned_direct,450364606,336,40823.0,13243.527378082275,39.4152600538163,22.565556565007267,0.32441337917552054
source_b_v1_13_tuned_lightgbm_direct_100,favorita_top_volume_100_20260714,Favorita,28,lightgbm_tuned_direct,450364738,336,58977.0,20289.07785797119,60.384160291580926,35.16727064726462,0.34401678379658496
source_b_v1_13_tuned_lightgbm_direct_100,favorita_top_volume_100_20260714,Favorita,28,lightgbm_tuned_direct,450584028,336,55816.6309800148,13052.40121603012,38.846432190565835,24.39044875411278,0.23384430387250613
source_b_v1_13_tuned_lightgbm_direct_100,favorita_top_volume_100_20260714,Favorita,28,lightgbm_tuned_direct,451047679,336,58833.0,23744.600439071655,70.66845368771325,41.52458761643747,0.4035932289543565
source_b_v1_13_tuned_lightgbm_direct_100,favorita_top_volume_100_20260714,Favorita,28,lightgbm_tuned_direct,451463992,336,103241.0,18242.241165161133,54.29238442012242,17.856417417728462,0.17669570388858238
source_b_v1_13_tuned_lightgbm_direct_100,favorita_top_volume_100_20260714,Favorita,28,lightgbm_tuned_direct,451463993,336,106690.0,17201.001251220703,51.19345610482352,16.435135266632287,0.16122411895417288
source_b_v1_13_tuned_lightgbm_direct_100,favorita_top_volume_100_20260714,Favorita,28,lightgbm_tuned_direct,451473474,336,115135.57293128967,17314.949209213257,51.53258693218231,15.763097008162,0.15038748467032365
source_b_v1_13_tuned_lightgbm_direct_100,favorita_top_volume_100_20260714,Favorita,28,lightgbm_tuned_direct,451503844,336,155174.49281215668,23826.19294834137,70.91128853673027,15.871504213317348,0.1535445195698734
source_b_v1_13_tuned_lightgbm_direct_100,favorita_top_volume_100_20260714,Favorita,28,lightgbm_tuned_direct,451686656,336,66133.0,13364.85294342041,39.776348045894075,20.685529961531675,0.20209052883462733
source_b_v1_13_tuned_lightgbm_direct_100,favorita_top_volume_100_20260714,Favorita,28,lightgbm_tuned_direct,460159156,336,36659.13201189041,21431.46418905258,63.78411961027554,75.77130039059942,0.5846146106814879
source_b_v1_13_tuned_lightgbm_direct_100,favorita_top_volume_100_20260714,Favorita,28,lightgbm_tuned_direct,460265559,336,42994.0,11260.092208862305,33.51217919304257,26.123556368194933,0.26189915357636656
source_b_v1_13_tuned_lightgbm_direct_100,favorita_top_volume_100_20260714,Favorita,28,lightgbm_tuned_direct,460320682,336,32557.0,8761.542274475098,26.07601867403303,25.34253883550757,0.26911393170363046
source_b_v1_13_tuned_lightgbm_direct_100,favorita_top_volume_100_20260714,Favorita,28,lightgbm_tuned_direct,460582864,336,39571.47597503662,8039.129978179932,23.925982077916462,20.37882933196157,0.2031546658318067
source_b_v1_13_tuned_lightgbm_direct_100,favorita_top_volume_100_20260714,Favorita,28,lightgbm_tuned_direct,460583985,336,56362.90319824219,28262.103964209557,84.11340465538558,75.97667126337991,0.5014309476714638
source_b_v1_13_tuned_lightgbm_direct_100,favorita_top_volume_100_20260714,Favorita,28,lightgbm_tuned_direct,460584028,336,53102.20799827576,14750.469957351685,43.900208206403825,29.405629386196964,0.27777507778641963
source_b_v1_13_tuned_lightgbm_direct_100,favorita_top_volume_100_20260714,Favorita,28,lightgbm_tuned_direct,460807493,336,13381.0,6423.09592628479,19.116356923466636,49.268026915213945,0.4800161367823623
source_b_v1_13_tuned_lightgbm_direct_100,favorita_top_volume_100_20260714,Favorita,28,lightgbm_tuned_direct,460903284,336,44653.990087628365,20324.99887263775,60.49106807332663,51.21787564614695,0.45516646626096025
source_b_v1_13_tuned_lightgbm_direct_100,favorita_top_volume_100_20260714,Favorita,28,lightgbm_tuned_direct,461047679,336,42613.0,16919.23754119873,50.35487363452003,42.10944169634751,0.39704403682441347
source_b_v1_13_tuned_lightgbm_direct_100,favorita_top_volume_100_20260714,Favorita,28,lightgbm_tuned_direct,461143685,336,22833.0,11863.237893342972,35.30725563494932,56.496090748419626,0.5195654488390913
source_b_v1_13_tuned_lightgbm_direct_100,favorita_top_volume_100_20260714,Favorita,28,lightgbm_tuned_direct,461463992,336,94141.0,19472.102279663086,57.95268535614014,20.849668736645302,0.20683976460482772
source_b_v1_13_tuned_lightgbm_direct_100,favorita_top_volume_100_20260714,Favorita,28,lightgbm_tuned_direct,461463993,336,82056.0,15946.55239868164,47.45997737702869,20.280897042463934,0.1943374329565375
source_b_v1_13_tuned_lightgbm_direct_100,favorita_top_volume_100_20260714,Favorita,28,lightgbm_tuned_direct,470364738,336,66782.0,30199.965644836426,89.88085013344174,38.84626332443282,0.4522171490047681
source_b_v1_13_tuned_lightgbm_direct_100,favorita_top_volume_100_20260714,Favorita,28,lightgbm_tuned_direct,470584028,336,40728.31797218323,10143.257326126099,30.18826585156577,24.88472495619156,0.24904680161488074
source_b_v1_13_tuned_lightgbm_direct_100,favorita_top_volume_100_20260714,Favorita,28,lightgbm_tuned_direct,470807493,336,15427.0,8996.076865196228,26.77403828927449,56.008598315569394,0.5831384498085324
source_b_v1_13_tuned_lightgbm_direct_100,favorita_top_volume_100_20260714,Favorita,28,lightgbm_tuned_direct,470903285,336,53312.443910360336,18401.40642476082,54.76609054988339,39.12531323264251,0.34516156219926786
source_b_v1_13_tuned_lightgbm_direct_100,favorita_top_volume_100_20260714,Favorita,28,lightgbm_tuned_direct,471047679,336,65494.0,21632.080627441406,64.38119234357562,33.30540216491312,0.33029102860477916
source_b_v1_13_tuned_lightgbm_direct_100,favorita_top_volume_100_20260714,Favorita,28,lightgbm_tuned_direct,471143685,336,22812.0,11999.203036308289,35.71191379853657,57.25472343390696,0.5260039907201599
source_b_v1_13_tuned_lightgbm_direct_100,favorita_top_volume_100_20260714,Favorita,28,lightgbm_tuned_direct,471463992,336,81131.0,16945.46875,50.432942708333336,20.692030377992022,0.20886552304297987
source_b_v1_13_tuned_lightgbm_direct_100,favorita_top_volume_100_20260714,Favorita,28,lightgbm_tuned_direct,471463993,336,86114.0,15850.427154541016,47.17389034089588,19.19546348138801,0.18406330160648693
source_b_v1_13_tuned_lightgbm_direct_100,favorita_top_volume_100_20260714,Favorita,28,lightgbm_tuned_direct,471473474,336,82299.29704284668,12709.911651611328,37.827118010748,15.251455332288419,0.15443523952573118
source_b_v1_13_tuned_lightgbm_direct_100,favorita_top_volume_100_20260714,Favorita,28,lightgbm_tuned_direct,471503844,336,119533.05811691284,22137.793643951416,65.88629060699826,19.314453458310187,0.18520226950354515
source_b_v1_13_tuned_lightgbm_direct_100,favorita_top_volume_100_20260714,Favorita,28,lightgbm_tuned_direct,471642399,336,91023.63522148132,26751.795000076294,79.61843750022706,29.272262101209513,0.29389943540469526
source_b_v1_13_tuned_lightgbm_direct_100,favorita_top_volume_100_20260714,Favorita,28,lightgbm_tuned_direct,480265559,336,42158.0,12705.559783935547,37.8141660236177,30.10791601328322,0.3013795669608508
source_b_v1_13_tuned_lightgbm_direct_100,favorita_top_volume_100_20260714,Favorita,28,lightgbm_tuned_direct,480584028,336,78883.58391571045,17252.458992004395,51.34660414287022,22.345812689200223,0.21870784941058435
source_b_v1_13_tuned_lightgbm_direct_100,favorita_top_volume_100_20260714,Favorita,28,lightgbm_tuned_direct,481143685,336,23027.0,12618.878341674805,37.55618554069882,59.5537182094823,0.5480035758750512
source_b_v1_13_tuned_lightgbm_direct_100,favorita_top_volume_100_20260714,Favorita,28,lightgbm_tuned_direct,481463992,336,104652.0,28266.209869384766,84.12562461126419,27.548132643987266,0.2700971779744751
source_b_v1_13_tuned_lightgbm_direct_100,favorita_top_volume_100_20260714,Favorita,28,lightgbm_tuned_direct,490364738,336,53215.0,17502.022033691406,52.08935129074823,32.24194308926647,0.32889264368488974
source_b_v1_13_tuned_lightgbm_direct_100,favorita_top_volume_100_20260714,Favorita,28,lightgbm_tuned_direct,491473474,336,102771.42575073242,14920.41323852539,44.40599178132557,14.531313219607103,0.14518056093445855
source_b_v1_13_tuned_lightgbm_direct_100,favorita_top_volume_100_20260714,Favorita,28,lightgbm_tuned_direct,491503844,336,188745.82846546173,34061.09475231171,101.37230581045151,19.308432579440332,0.18046011945924667
source_b_v1_13_tuned_lightgbm_direct_100,favorita_top_volume_100_20260714,Favorita,28,lightgbm_tuned_direct,491642399,336,88456.82216262817,17232.340938568115,51.286728983833676,19.824017917916397,0.19481076210138318
source_b_v1_13_tuned_lightgbm_direct_100,favorita_top_volume_100_20260714,Favorita,28,lightgbm_tuned_direct,491695835,336,86648.78703308105,17059.53970336914,50.77243959336054,19.598632726824075,0.1968814600584783
source_b_v1_13_tuned_lightgbm_direct_100,favorita_top_volume_100_20260714,Favorita,28,lightgbm_tuned_direct,500584028,336,46354.22006523609,11489.67751777172,34.19546880289202,26.060669693506643,0.24786691484835366
source_b_v1_13_tuned_lightgbm_direct_100,favorita_top_volume_100_20260714,Favorita,28,lightgbm_tuned_direct,510257847,336,40000.0,16300.460199385881,48.51327440293417,62.749018461738025,0.40751150498464705
source_b_v1_13_tuned_lightgbm_direct_100,favorita_top_volume_100_20260714,Favorita,28,lightgbm_tuned_direct,511239986,336,123141.51953125,133730.9988745898,398.0089252219935,196.81421527801407,1.0859943858387462
source_b_v1_13_tuned_lightgbm_direct_100,favorita_top_volume_100_20260714,Favorita,28,lightgbm_tuned_direct,511473474,336,80121.23680877686,11308.16771697998,33.65526106244042,14.191020184551265,0.14113820713937394
source_b_v1_13_tuned_lightgbm_direct_100,favorita_top_volume_100_20260714,Favorita,28,lightgbm_tuned_direct,511503844,336,115486.46313071251,24015.796726465225,71.47558549543221,24.312395545303918,0.20795334860401016
source_b_v1_13_tuned_lightgbm_direct_100,favorita_top_volume_100_20260714,Favorita,28,lightgbm_tuned_direct,511695835,336,76979.18010139465,16488.052869796753,49.071585922014144,21.816306764581757,0.21418847080573197
