run_id,panel_id,dataset,horizon,model_name,series_id,n_predictions,abs_y,abs_error,MAE,sMAPE,WAPE
source_b_repair_fm_moirai2_m5_rohlik_100,m5_top_volume_100_20260714,M5,7,moirai2,FOODS_1_218_TX_2_validation,378,5582.0,2185.847092628479,5.782664266212907,44.2290144427019,0.3915885153401073
source_b_repair_fm_moirai2_m5_rohlik_100,m5_top_volume_100_20260714,M5,7,moirai2,FOODS_2_197_CA_1_validation,378,6349.0,2019.3007345199585,5.342065435237985,35.06406773290293,0.3180502023184688
source_b_repair_fm_moirai2_m5_rohlik_100,m5_top_volume_100_20260714,M5,7,moirai2,FOODS_2_197_CA_3_validation,378,5223.0,1419.573673248291,3.7554859080642617,29.411880398791467,0.2717927768041913
source_b_repair_fm_moirai2_m5_rohlik_100,m5_top_volume_100_20260714,M5,7,moirai2,FOODS_2_276_CA_3_validation,378,3143.0,1289.6612467765808,3.411802240149685,46.59041337818537,0.4103281090603184
source_b_repair_fm_moirai2_m5_rohlik_100,m5_top_volume_100_20260714,M5,7,moirai2,FOODS_2_360_CA_3_validation,378,4857.0,2155.164936542511,5.701494541117754,89.20502659296268,0.44372347880224644
source_b_repair_fm_moirai2_m5_rohlik_100,m5_top_volume_100_20260714,M5,7,moirai2,FOODS_2_360_TX_3_validation,378,3979.0,1739.172878742218,4.600986451698989,100.25101413585658,0.43708793132501084
source_b_repair_fm_moirai2_m5_rohlik_100,m5_top_volume_100_20260714,M5,7,moirai2,FOODS_2_360_WI_2_validation,378,10631.0,4765.242547988892,12.60646176716638,107.50959781178646,0.448240292351509
source_b_repair_fm_moirai2_m5_rohlik_100,m5_top_volume_100_20260714,M5,7,moirai2,FOODS_3_007_WI_2_validation,378,8464.0,7260.499606132507,19.207670915694464,137.25644005886298,0.8578094997793605
source_b_repair_fm_moirai2_m5_rohlik_100,m5_top_volume_100_20260714,M5,7,moirai2,FOODS_3_030_TX_2_validation,378,5036.0,1642.3542113304138,4.344852410927021,78.98090031643767,0.3261227584055627
source_b_repair_fm_moirai2_m5_rohlik_100,m5_top_volume_100_20260714,M5,7,moirai2,FOODS_3_030_TX_3_validation,378,5820.0,1814.7070755958557,4.800812369301205,79.76687270655137,0.31180533944945976
source_b_repair_fm_moirai2_m5_rohlik_100,m5_top_volume_100_20260714,M5,7,moirai2,FOODS_3_080_CA_1_validation,378,6869.0,1890.6841640472412,5.001809957796935,28.10176518823015,0.2752488228340721
source_b_repair_fm_moirai2_m5_rohlik_100,m5_top_volume_100_20260714,M5,7,moirai2,FOODS_3_080_TX_2_validation,378,6590.0,1503.0517320632935,3.9763273335007763,23.618330021697123,0.22808068771825393
source_b_repair_fm_moirai2_m5_rohlik_100,m5_top_volume_100_20260714,M5,7,moirai2,FOODS_3_090_CA_1_validation,378,18773.0,5885.855575561523,15.571046496194507,60.18487211521657,0.31352770338046787
source_b_repair_fm_moirai2_m5_rohlik_100,m5_top_volume_100_20260714,M5,7,moirai2,FOODS_3_090_CA_2_validation,378,14152.0,4825.992795944214,12.767176708847126,63.28350435020512,0.3410113620650236
source_b_repair_fm_moirai2_m5_rohlik_100,m5_top_volume_100_20260714,M5,7,moirai2,FOODS_3_090_CA_3_validation,378,36819.0,10144.2250289917,26.836574150771693,52.846657257939626,0.2755160387026182
source_b_repair_fm_moirai2_m5_rohlik_100,m5_top_volume_100_20260714,M5,7,moirai2,FOODS_3_090_CA_4_validation,378,9660.0,3030.2020807266235,8.016407620969904,60.94991535714524,0.31368551560317015
source_b_repair_fm_moirai2_m5_rohlik_100,m5_top_volume_100_20260714,M5,7,moirai2,FOODS_3_090_TX_1_validation,378,16993.0,4896.575704574585,12.953903980356046,58.09552452675767,0.28815251601098013
source_b_repair_fm_moirai2_m5_rohlik_100,m5_top_volume_100_20260714,M5,7,moirai2,FOODS_3_090_TX_2_validation,378,19339.0,5797.421663284302,15.337094347312968,59.06237008849791,0.2997787715644191
source_b_repair_fm_moirai2_m5_rohlik_100,m5_top_volume_100_20260714,M5,7,moirai2,FOODS_3_090_TX_3_validation,378,21770.0,6586.145139694214,17.423664390725435,60.70196785268814,0.3025330794531104
source_b_repair_fm_moirai2_m5_rohlik_100,m5_top_volume_100_20260714,M5,7,moirai2,FOODS_3_090_WI_3_validation,378,23889.0,6901.890695571899,18.258970094105553,57.358153353429046,0.2889150109076102
source_b_repair_fm_moirai2_m5_rohlik_100,m5_top_volume_100_20260714,M5,7,moirai2,FOODS_3_099_TX_2_validation,378,5210.0,1701.338641166687,4.500895876102347,77.20959765632928,0.32655252229686893
source_b_repair_fm_moirai2_m5_rohlik_100,m5_top_volume_100_20260714,M5,7,moirai2,FOODS_3_120_CA_1_validation,378,15279.0,6538.690697669983,17.298123538809477,64.877628152354,0.4279527912605526
source_b_repair_fm_moirai2_m5_rohlik_100,m5_top_volume_100_20260714,M5,7,moirai2,FOODS_3_120_CA_3_validation,378,31365.0,6867.799312591553,18.1687812502422,29.34992288804234,0.21896379125112556
source_b_repair_fm_moirai2_m5_rohlik_100,m5_top_volume_100_20260714,M5,7,moirai2,FOODS_3_120_WI_3_validation,378,12400.0,4041.4368324279785,10.691631831820049,42.846249317543325,0.3259223251958047
source_b_repair_fm_moirai2_m5_rohlik_100,m5_top_volume_100_20260714,M5,7,moirai2,FOODS_3_202_CA_3_validation,378,7882.0,2387.5428352355957,6.316250886866655,51.148698209376285,0.3029107885353458
source_b_repair_fm_moirai2_m5_rohlik_100,m5_top_volume_100_20260714,M5,7,moirai2,FOODS_3_202_TX_1_validation,378,8044.0,2730.2855405807495,7.222977620583993,66.11951926014189,0.3394188886848271
source_b_repair_fm_moirai2_m5_rohlik_100,m5_top_volume_100_20260714,M5,7,moirai2,FOODS_3_202_TX_2_validation,378,7798.0,3415.6438817977905,9.03609492539098,75.57302900235264,0.43801537340315344
source_b_repair_fm_moirai2_m5_rohlik_100,m5_top_volume_100_20260714,M5,7,moirai2,FOODS_3_202_TX_3_validation,378,9826.0,2998.4797706604004,7.932486165768255,60.975202619428316,0.3051577214187259
source_b_repair_fm_moirai2_m5_rohlik_100,m5_top_volume_100_20260714,M5,7,moirai2,FOODS_3_226_WI_1_validation,378,14808.0,2467.81809425354,6.528619296967038,16.986194509843877,0.16665438237800784
source_b_repair_fm_moirai2_m5_rohlik_100,m5_top_volume_100_20260714,M5,7,moirai2,FOODS_3_226_WI_2_validation,378,14519.0,2928.808525085449,7.748170701284257,21.588830759685713,0.20172246883982706
source_b_repair_fm_moirai2_m5_rohlik_100,m5_top_volume_100_20260714,M5,7,moirai2,FOODS_3_226_WI_3_validation,378,18132.0,3175.4202308654785,8.400582621337245,17.67301680800165,0.17512796331709016
source_b_repair_fm_moirai2_m5_rohlik_100,m5_top_volume_100_20260714,M5,7,moirai2,FOODS_3_234_CA_3_validation,378,7146.0,4186.010746002197,11.074102502651316,64.1393955715123,0.5857837595860897
source_b_repair_fm_moirai2_m5_rohlik_100,m5_top_volume_100_20260714,M5,7,moirai2,FOODS_3_234_WI_2_validation,378,8932.0,8573.879160881042,22.6822200023308,155.18808393614609,0.9599058621676044
source_b_repair_fm_moirai2_m5_rohlik_100,m5_top_volume_100_20260714,M5,7,moirai2,FOODS_3_234_WI_3_validation,378,7749.0,4503.735503196716,11.914644188351101,81.49512356673783,0.581202155529322
source_b_repair_fm_moirai2_m5_rohlik_100,m5_top_volume_100_20260714,M5,7,moirai2,FOODS_3_252_CA_1_validation,378,14668.0,2853.5916843414307,7.549184350109605,20.69490987795997,0.19454538344296637
source_b_repair_fm_moirai2_m5_rohlik_100,m5_top_volume_100_20260714,M5,7,moirai2,FOODS_3_252_CA_2_validation,378,14731.0,3347.014941215515,8.854536881522527,25.40976985260151,0.22720894312779277
source_b_repair_fm_moirai2_m5_rohlik_100,m5_top_volume_100_20260714,M5,7,moirai2,FOODS_3_252_CA_3_validation,378,17274.0,3738.2885551452637,9.889652262289058,22.07410803089662,0.21641128604522772
source_b_repair_fm_moirai2_m5_rohlik_100,m5_top_volume_100_20260714,M5,7,moirai2,FOODS_3_252_TX_1_validation,378,11801.0,3083.704973220825,8.157949664605358,28.017053444485306,0.2613087851216698
source_b_repair_fm_moirai2_m5_rohlik_100,m5_top_volume_100_20260714,M5,7,moirai2,FOODS_3_252_TX_2_validation,378,21934.0,4579.083156585693,12.113976604724057,21.251733450535447,0.20876644280959666
source_b_repair_fm_moirai2_m5_rohlik_100,m5_top_volume_100_20260714,M5,7,moirai2,FOODS_3_252_TX_3_validation,378,17754.0,4278.189073562622,11.317960512070428,25.52551558356161,0.24097043334249307
source_b_repair_fm_moirai2_m5_rohlik_100,m5_top_volume_100_20260714,M5,7,moirai2,FOODS_3_252_WI_3_validation,378,6826.0,2191.6529302597046,5.798023625025674,33.12162512923008,0.3210742646146652
source_b_repair_fm_moirai2_m5_rohlik_100,m5_top_volume_100_20260714,M5,7,moirai2,FOODS_3_281_CA_3_validation,378,3821.0,1703.1673564910889,4.505733747330923,86.32495167369675,0.44573864341562125
source_b_repair_fm_moirai2_m5_rohlik_100,m5_top_volume_100_20260714,M5,7,moirai2,FOODS_3_282_CA_3_validation,378,13394.0,3602.150827407837,9.529499543406976,39.27988565756151,0.26893764576734636
source_b_repair_fm_moirai2_m5_rohlik_100,m5_top_volume_100_20260714,M5,7,moirai2,FOODS_3_288_CA_3_validation,378,12500.0,3560.2290000915527,9.41859523833744,44.451295185465284,0.2848183200073242
source_b_repair_fm_moirai2_m5_rohlik_100,m5_top_volume_100_20260714,M5,7,moirai2,FOODS_3_318_CA_3_validation,378,5296.0,2250.8832511901855,5.954717595741232,100.46009460749073,0.4250157196356091
source_b_repair_fm_moirai2_m5_rohlik_100,m5_top_volume_100_20260714,M5,7,moirai2,FOODS_3_318_WI_3_validation,378,5628.0,2321.454204559326,6.141413239574937,96.45438219844209,0.4124829787774211
source_b_repair_fm_moirai2_m5_rohlik_100,m5_top_volume_100_20260714,M5,7,moirai2,FOODS_3_319_CA_3_validation,378,4783.0,2268.854386806488,6.002260282556847,112.24562474691659,0.47435801522192933
source_b_repair_fm_moirai2_m5_rohlik_100,m5_top_volume_100_20260714,M5,7,moirai2,FOODS_3_376_WI_2_validation,378,8991.0,3915.5730628967285,10.358658896552193,48.67926899829773,0.4354991728280201
source_b_repair_fm_moirai2_m5_rohlik_100,m5_top_volume_100_20260714,M5,7,moirai2,FOODS_3_377_TX_2_validation,378,11838.0,2039.634677886963,5.395858936208897,17.630739851601692,0.17229554636652838
source_b_repair_fm_moirai2_m5_rohlik_100,m5_top_volume_100_20260714,M5,7,moirai2,FOODS_3_377_TX_3_validation,378,15919.0,3001.7597675323486,7.941163406170235,19.107824276539972,0.18856459372651227
source_b_repair_fm_moirai2_m5_rohlik_100,m5_top_volume_100_20260714,M5,7,moirai2,FOODS_3_412_WI_2_validation,378,7130.0,6212.702251434326,16.43572024188975,137.72345282503093,0.8713467393316026
source_b_repair_fm_moirai2_m5_rohlik_100,m5_top_volume_100_20260714,M5,7,moirai2,FOODS_3_462_WI_2_validation,378,8298.0,3590.063974380493,9.497523741747337,50.44792033777811,0.43264207934206955
source_b_repair_fm_moirai2_m5_rohlik_100,m5_top_volume_100_20260714,M5,7,moirai2,FOODS_3_501_CA_3_validation,378,4934.0,1873.4518575668335,4.956221845414904,64.21415325209384,0.3797024437711458
source_b_repair_fm_moirai2_m5_rohlik_100,m5_top_volume_100_20260714,M5,7,moirai2,FOODS_3_541_CA_3_validation,378,7136.0,3472.307460784912,9.185998573505058,116.61661969873313,0.48659017107411884
source_b_repair_fm_moirai2_m5_rohlik_100,m5_top_volume_100_20260714,M5,7,moirai2,FOODS_3_547_WI_2_validation,378,6199.0,5735.5468101501465,15.173404259656472,145.80385839297122,0.9252374270285766
source_b_repair_fm_moirai2_m5_rohlik_100,m5_top_volume_100_20260714,M5,7,moirai2,FOODS_3_555_CA_1_validation,378,6830.0,1524.0869398117065,4.0319760312479005,23.82098733060963,0.22314596483333918
source_b_repair_fm_moirai2_m5_rohlik_100,m5_top_volume_100_20260714,M5,7,moirai2,FOODS_3_555_CA_3_validation,378,11167.0,2212.9636154174805,5.854401098988044,20.601385685663626,0.19816993063647179
source_b_repair_fm_moirai2_m5_rohlik_100,m5_top_volume_100_20260714,M5,7,moirai2,FOODS_3_555_TX_1_validation,378,9228.0,2111.2228746414185,5.5852457001095726,23.79870806599819,0.22878444675351306
source_b_repair_fm_moirai2_m5_rohlik_100,m5_top_volume_100_20260714,M5,7,moirai2,FOODS_3_555_TX_2_validation,378,16845.0,3398.3498363494873,8.99034348240605,20.888951636601945,0.20174234706734862
source_b_repair_fm_moirai2_m5_rohlik_100,m5_top_volume_100_20260714,M5,7,moirai2,FOODS_3_555_TX_3_validation,378,12158.0,2914.179485321045,7.7094695378863625,25.55517921796521,0.23969234128319172
source_b_repair_fm_moirai2_m5_rohlik_100,m5_top_volume_100_20260714,M5,7,moirai2,FOODS_3_555_WI_3_validation,378,8320.0,2071.365309715271,5.479802406654156,25.897062110959578,0.24896217664847006
source_b_repair_fm_moirai2_m5_rohlik_100,m5_top_volume_100_20260714,M5,7,moirai2,FOODS_3_586_CA_1_validation,378,16440.0,2992.947406768799,7.91785028245714,19.070991951330388,0.18205276196890505
source_b_repair_fm_moirai2_m5_rohlik_100,m5_top_volume_100_20260714,M5,7,moirai2,FOODS_3_586_CA_2_validation,378,14229.0,2766.3818740844727,7.3184705663610385,21.863893826826097,0.1944185729204071
source_b_repair_fm_moirai2_m5_rohlik_100,m5_top_volume_100_20260714,M5,7,moirai2,FOODS_3_586_CA_3_validation,378,27702.0,4092.858596801758,10.827668245507295,15.182718579410025,0.14774596046501184
source_b_repair_fm_moirai2_m5_rohlik_100,m5_top_volume_100_20260714,M5,7,moirai2,FOODS_3_586_TX_1_validation,378,19685.0,3518.2751808166504,9.307606298456747,18.259588053642307,0.17872873664295913
source_b_repair_fm_moirai2_m5_rohlik_100,m5_top_volume_100_20260714,M5,7,moirai2,FOODS_3_586_TX_2_validation,378,34848.0,5180.111930847168,13.703999817056,15.198196631344096,0.14864875834616528
source_b_repair_fm_moirai2_m5_rohlik_100,m5_top_volume_100_20260714,M5,7,moirai2,FOODS_3_586_TX_3_validation,378,27768.0,4847.762062072754,12.82476735998083,18.217859942381565,0.1745808867067399
source_b_repair_fm_moirai2_m5_rohlik_100,m5_top_volume_100_20260714,M5,7,moirai2,FOODS_3_586_WI_3_validation,378,12341.0,2557.7244300842285,6.766466746254573,21.777961420859008,0.20725422818930625
source_b_repair_fm_moirai2_m5_rohlik_100,m5_top_volume_100_20260714,M5,7,moirai2,FOODS_3_587_CA_1_validation,378,10362.0,2604.7393369674683,6.890844806792244,26.621328167518936,0.2513741880879626
source_b_repair_fm_moirai2_m5_rohlik_100,m5_top_volume_100_20260714,M5,7,moirai2,FOODS_3_587_CA_3_validation,378,12820.0,2679.5627422332764,7.088790323368456,23.120534362351687,0.20901425446437413
source_b_repair_fm_moirai2_m5_rohlik_100,m5_top_volume_100_20260714,M5,7,moirai2,FOODS_3_587_TX_1_validation,378,10602.0,2732.886255264282,7.229857818159477,29.50998248542385,0.2577708220396418
source_b_repair_fm_moirai2_m5_rohlik_100,m5_top_volume_100_20260714,M5,7,moirai2,FOODS_3_587_TX_2_validation,378,11359.0,2664.587184906006,7.049172446841285,25.29976900465833,0.2345793806590374
source_b_repair_fm_moirai2_m5_rohlik_100,m5_top_volume_100_20260714,M5,7,moirai2,FOODS_3_587_TX_3_validation,378,11748.0,2682.3270931243896,7.096103420963994,23.411793618133512,0.22832202018423473
source_b_repair_fm_moirai2_m5_rohlik_100,m5_top_volume_100_20260714,M5,7,moirai2,FOODS_3_587_WI_3_validation,378,11072.0,2669.957040786743,7.063378414779744,31.355975110914702,0.24114496394388937
source_b_repair_fm_moirai2_m5_rohlik_100,m5_top_volume_100_20260714,M5,7,moirai2,FOODS_3_607_CA_3_validation,378,7937.0,2855.105273246765,7.553188553562871,43.26096312221919,0.35972096172946516
source_b_repair_fm_moirai2_m5_rohlik_100,m5_top_volume_100_20260714,M5,7,moirai2,FOODS_3_635_CA_3_validation,378,6861.0,3204.9520511627197,8.478709130060105,109.46205660109622,0.46712608237322834
source_b_repair_fm_moirai2_m5_rohlik_100,m5_top_volume_100_20260714,M5,7,moirai2,FOODS_3_681_CA_3_validation,378,14755.0,5594.595845222473,14.800518109054162,42.111179830148366,0.37916610269213646
source_b_repair_fm_moirai2_m5_rohlik_100,m5_top_volume_100_20260714,M5,7,moirai2,FOODS_3_681_WI_3_validation,378,12789.0,4257.343707561493,11.262814041167971,41.94667757020415,0.33289105540397945
source_b_repair_fm_moirai2_m5_rohlik_100,m5_top_volume_100_20260714,M5,7,moirai2,FOODS_3_694_CA_3_validation,378,6591.0,1549.898591041565,4.100260822861283,24.42426648571946,0.23515378410583598
source_b_repair_fm_moirai2_m5_rohlik_100,m5_top_volume_100_20260714,M5,7,moirai2,FOODS_3_694_TX_1_validation,378,6424.0,1651.776494026184,4.369779084725355,27.260621038534545,0.257125855234462
source_b_repair_fm_moirai2_m5_rohlik_100,m5_top_volume_100_20260714,M5,7,moirai2,FOODS_3_694_WI_1_validation,378,7117.0,1581.6860857009888,4.18435472407669,23.11725808603937,0.2222405628356033
source_b_repair_fm_moirai2_m5_rohlik_100,m5_top_volume_100_20260714,M5,7,moirai2,FOODS_3_694_WI_2_validation,378,11714.0,2193.4250621795654,5.802711804707845,19.39790931524092,0.18724816989752138
source_b_repair_fm_moirai2_m5_rohlik_100,m5_top_volume_100_20260714,M5,7,moirai2,FOODS_3_694_WI_3_validation,378,16615.0,3060.180595397949,8.095715860841135,18.951825815337177,0.18418179930171227
source_b_repair_fm_moirai2_m5_rohlik_100,m5_top_volume_100_20260714,M5,7,moirai2,FOODS_3_711_CA_3_validation,378,5232.0,3261.12305021286,8.627309656647778,92.54236759343712,0.6233033352853325
source_b_repair_fm_moirai2_m5_rohlik_100,m5_top_volume_100_20260714,M5,7,moirai2,FOODS_3_711_WI_2_validation,378,7949.0,6655.242066383362,17.606460493077677,122.70962911313197,0.837242680385377
source_b_repair_fm_moirai2_m5_rohlik_100,m5_top_volume_100_20260714,M5,7,moirai2,FOODS_3_714_CA_1_validation,378,8737.0,2112.399109840393,5.588357433440193,26.290330873955263,0.2417762515554988
source_b_repair_fm_moirai2_m5_rohlik_100,m5_top_volume_100_20260714,M5,7,moirai2,FOODS_3_714_CA_3_validation,378,11479.0,2490.96315574646,6.589849618376878,22.992337687140942,0.21700175587999476
source_b_repair_fm_moirai2_m5_rohlik_100,m5_top_volume_100_20260714,M5,7,moirai2,FOODS_3_714_TX_1_validation,378,5659.0,1810.0351305007935,4.788452726192575,34.048365160115324,0.3198507033929658
source_b_repair_fm_moirai2_m5_rohlik_100,m5_top_volume_100_20260714,M5,7,moirai2,FOODS_3_714_TX_2_validation,378,8856.0,2202.905337333679,5.827791897708146,26.176430522498872,0.2487472151460794
source_b_repair_fm_moirai2_m5_rohlik_100,m5_top_volume_100_20260714,M5,7,moirai2,FOODS_3_714_TX_3_validation,378,6863.0,2381.0836725234985,6.29916315482407,37.276496319429214,0.34694502003839406
source_b_repair_fm_moirai2_m5_rohlik_100,m5_top_volume_100_20260714,M5,7,moirai2,FOODS_3_714_WI_3_validation,378,8435.0,2235.310215950012,5.913519089814847,27.729955448793902,0.26500417497925455
source_b_repair_fm_moirai2_m5_rohlik_100,m5_top_volume_100_20260714,M5,7,moirai2,FOODS_3_723_CA_3_validation,378,8460.0,3247.299168586731,8.590738541234739,64.35912021410492,0.3838415092892117
source_b_repair_fm_moirai2_m5_rohlik_100,m5_top_volume_100_20260714,M5,7,moirai2,FOODS_3_723_WI_3_validation,378,8049.0,3014.801731109619,7.975665955316453,64.0154238167435,0.3745560605180295
source_b_repair_fm_moirai2_m5_rohlik_100,m5_top_volume_100_20260714,M5,7,moirai2,FOODS_3_752_CA_3_validation,378,6697.0,4210.985334396362,11.14017284231842,66.72293851962002,0.6287868201278726
source_b_repair_fm_moirai2_m5_rohlik_100,m5_top_volume_100_20260714,M5,7,moirai2,FOODS_3_804_CA_3_validation,378,8100.0,3624.839451789856,9.589522359232424,58.39947685124832,0.4475110434308464
source_b_repair_fm_moirai2_m5_rohlik_100,m5_top_volume_100_20260714,M5,7,moirai2,FOODS_3_808_CA_1_validation,378,2395.0,1667.4634838104248,4.411279057699536,142.71940468450293,0.6962269243467327
source_b_repair_fm_moirai2_m5_rohlik_100,m5_top_volume_100_20260714,M5,7,moirai2,FOODS_3_808_CA_3_validation,378,8869.0,3798.1814222335815,10.04809900061794,108.443583191213,0.42825362749279305
source_b_repair_fm_moirai2_m5_rohlik_100,m5_top_volume_100_20260714,M5,7,moirai2,HOUSEHOLD_1_118_CA_3_validation,378,7935.0,2409.49613571167,6.374328401353624,32.23449285233356,0.3036542073990762
source_b_repair_fm_moirai2_m5_rohlik_100,m5_top_volume_100_20260714,M5,7,moirai2,HOUSEHOLD_1_334_CA_3_validation,378,7215.0,2538.3910961151123,6.71532036009289,39.78055704477212,0.3518213577429123
source_b_repair_fm_moirai2_m5_rohlik_100,m5_top_volume_100_20260714,M5,7,moirai2,HOUSEHOLD_1_459_CA_3_validation,378,8248.0,2829.2021837234497,7.484661861702248,36.21053308591352,0.34301675360371603
source_b_repair_fm_moirai2_m5_rohlik_100,m5_top_volume_100_20260714,M5,14,moirai2,FOODS_1_218_TX_2_validation,378,5582.0,2257.5450315475464,5.972341353300387,45.237053337992464,0.4044330045767729
source_b_repair_fm_moirai2_m5_rohlik_100,m5_top_volume_100_20260714,M5,14,moirai2,FOODS_2_197_CA_1_validation,378,6349.0,2037.3491344451904,5.389812524987276,35.19469813978425,0.3208929176949426
source_b_repair_fm_moirai2_m5_rohlik_100,m5_top_volume_100_20260714,M5,14,moirai2,FOODS_2_197_CA_3_validation,378,5223.0,1444.7810521125793,3.822172095535924,29.886822776242745,0.27661900289346725
source_b_repair_fm_moirai2_m5_rohlik_100,m5_top_volume_100_20260714,M5,14,moirai2,FOODS_2_276_CA_3_validation,378,3143.0,1339.1895232200623,3.542829426508101,47.385599330710654,0.4260863898250278
source_b_repair_fm_moirai2_m5_rohlik_100,m5_top_volume_100_20260714,M5,14,moirai2,FOODS_2_360_CA_3_validation,378,4857.0,2145.18443107605,5.675091087502778,88.59594082830394,0.44166860841590483
source_b_repair_fm_moirai2_m5_rohlik_100,m5_top_volume_100_20260714,M5,14,moirai2,FOODS_2_360_TX_3_validation,378,3979.0,1765.9671034812927,4.671870644130404,100.6221981965779,0.44382184053312207
source_b_repair_fm_moirai2_m5_rohlik_100,m5_top_volume_100_20260714,M5,14,moirai2,FOODS_2_360_WI_2_validation,378,10631.0,4799.51309967041,12.697124602302672,108.03751856661128,0.45146393562885995
source_b_repair_fm_moirai2_m5_rohlik_100,m5_top_volume_100_20260714,M5,14,moirai2,FOODS_3_007_WI_2_validation,378,8464.0,7171.490468978882,18.97219700788064,138.21530775264418,0.8472932973746315
source_b_repair_fm_moirai2_m5_rohlik_100,m5_top_volume_100_20260714,M5,14,moirai2,FOODS_3_030_TX_2_validation,378,5036.0,1674.6571235656738,4.430309850702841,81.07424587094614,0.33253715718142846
source_b_repair_fm_moirai2_m5_rohlik_100,m5_top_volume_100_20260714,M5,14,moirai2,FOODS_3_030_TX_3_validation,378,5820.0,1970.9050798416138,5.214034602755592,82.06659429512784,0.33864348450886833
source_b_repair_fm_moirai2_m5_rohlik_100,m5_top_volume_100_20260714,M5,14,moirai2,FOODS_3_080_CA_1_validation,378,6869.0,1908.1263055801392,5.0479531893654475,28.377960378766666,0.2777880776794496
source_b_repair_fm_moirai2_m5_rohlik_100,m5_top_volume_100_20260714,M5,14,moirai2,FOODS_3_080_TX_2_validation,378,6590.0,1501.4444065093994,3.972075149495766,23.65407572927279,0.2278367839923216
source_b_repair_fm_moirai2_m5_rohlik_100,m5_top_volume_100_20260714,M5,14,moirai2,FOODS_3_090_CA_1_validation,378,18773.0,6046.415571212769,15.995808389451769,62.21734665139236,0.3220804118261742
source_b_repair_fm_moirai2_m5_rohlik_100,m5_top_volume_100_20260714,M5,14,moirai2,FOODS_3_090_CA_2_validation,378,14152.0,5265.902715682983,13.930959565298897,67.86660200357869,0.37209600873961163
source_b_repair_fm_moirai2_m5_rohlik_100,m5_top_volume_100_20260714,M5,14,moirai2,FOODS_3_090_CA_3_validation,378,36819.0,11021.838790893555,29.15830367961258,58.02145287752206,0.29935193217886297
source_b_repair_fm_moirai2_m5_rohlik_100,m5_top_volume_100_20260714,M5,14,moirai2,FOODS_3_090_CA_4_validation,378,9660.0,3264.1583404541016,8.635339525010851,64.32573623693001,0.3379045901091202
source_b_repair_fm_moirai2_m5_rohlik_100,m5_top_volume_100_20260714,M5,14,moirai2,FOODS_3_090_TX_1_validation,378,16993.0,4896.358842849731,12.953330272089236,59.72135420212844,0.28813975418406
source_b_repair_fm_moirai2_m5_rohlik_100,m5_top_volume_100_20260714,M5,14,moirai2,FOODS_3_090_TX_2_validation,378,19339.0,6114.206336975098,16.17514903961666,61.90126788706928,0.31615938450670134
source_b_repair_fm_moirai2_m5_rohlik_100,m5_top_volume_100_20260714,M5,14,moirai2,FOODS_3_090_TX_3_validation,378,21770.0,6397.660095214844,16.925026706917578,60.46119724790171,0.29387506179213796
source_b_repair_fm_moirai2_m5_rohlik_100,m5_top_volume_100_20260714,M5,14,moirai2,FOODS_3_090_WI_3_validation,378,23889.0,7617.50764465332,20.152136626066984,61.24795618590421,0.3188709299113952
source_b_repair_fm_moirai2_m5_rohlik_100,m5_top_volume_100_20260714,M5,14,moirai2,FOODS_3_099_TX_2_validation,378,5210.0,1700.8463888168335,4.499593621208554,76.63429750269894,0.32645804008000645
source_b_repair_fm_moirai2_m5_rohlik_100,m5_top_volume_100_20260714,M5,14,moirai2,FOODS_3_120_CA_1_validation,378,15279.0,7010.8345947265625,18.54718146753059,66.23077832995648,0.45885428331216455
source_b_repair_fm_moirai2_m5_rohlik_100,m5_top_volume_100_20260714,M5,14,moirai2,FOODS_3_120_CA_3_validation,378,31365.0,8202.109607696533,21.698702665863845,34.38694120952619,0.26150516842647964
source_b_repair_fm_moirai2_m5_rohlik_100,m5_top_volume_100_20260714,M5,14,moirai2,FOODS_3_120_WI_3_validation,378,12400.0,4488.381591796875,11.874025375124008,45.74232605680087,0.3619662574029738
source_b_repair_fm_moirai2_m5_rohlik_100,m5_top_volume_100_20260714,M5,14,moirai2,FOODS_3_202_CA_3_validation,378,7882.0,2394.643557548523,6.335035866530484,52.295731358494336,0.303811666778549
source_b_repair_fm_moirai2_m5_rohlik_100,m5_top_volume_100_20260714,M5,14,moirai2,FOODS_3_202_TX_1_validation,378,8044.0,2912.3626022338867,7.704662968872716,70.64493677967806,0.3620540281245508
source_b_repair_fm_moirai2_m5_rohlik_100,m5_top_volume_100_20260714,M5,14,moirai2,FOODS_3_202_TX_2_validation,378,7798.0,3509.1950311660767,9.283584738534595,78.91777964590713,0.4500121866076015
source_b_repair_fm_moirai2_m5_rohlik_100,m5_top_volume_100_20260714,M5,14,moirai2,FOODS_3_202_TX_3_validation,378,9826.0,3269.6660470962524,8.649910177503314,66.38248999106679,0.3327565690104063
source_b_repair_fm_moirai2_m5_rohlik_100,m5_top_volume_100_20260714,M5,14,moirai2,FOODS_3_226_WI_1_validation,378,14808.0,2583.6625804901123,6.835086191772784,17.761338793842253,0.17447748382564238
source_b_repair_fm_moirai2_m5_rohlik_100,m5_top_volume_100_20260714,M5,14,moirai2,FOODS_3_226_WI_2_validation,378,14519.0,2944.331708908081,7.789237325153653,21.860141658164697,0.20279163226861913
source_b_repair_fm_moirai2_m5_rohlik_100,m5_top_volume_100_20260714,M5,14,moirai2,FOODS_3_226_WI_3_validation,378,18132.0,3231.545608520508,8.54906245640346,18.042442398504726,0.17822334042138252
source_b_repair_fm_moirai2_m5_rohlik_100,m5_top_volume_100_20260714,M5,14,moirai2,FOODS_3_234_CA_3_validation,378,7146.0,4215.1698961257935,11.151243111443899,64.42876362094863,0.5898642451897276
source_b_repair_fm_moirai2_m5_rohlik_100,m5_top_volume_100_20260714,M5,14,moirai2,FOODS_3_234_WI_2_validation,378,8932.0,8589.691586494446,22.724051816122874,157.04949841458006,0.9616761740365479
source_b_repair_fm_moirai2_m5_rohlik_100,m5_top_volume_100_20260714,M5,14,moirai2,FOODS_3_234_WI_3_validation,378,7749.0,4446.851713657379,11.76415797263857,79.39281143380266,0.5738613645189546
source_b_repair_fm_moirai2_m5_rohlik_100,m5_top_volume_100_20260714,M5,14,moirai2,FOODS_3_252_CA_1_validation,378,14668.0,2870.73716545105,7.594542765743518,20.935236821131518,0.19571428725463932
source_b_repair_fm_moirai2_m5_rohlik_100,m5_top_volume_100_20260714,M5,14,moirai2,FOODS_3_252_CA_2_validation,378,14731.0,3461.6682596206665,9.157852538679013,26.469957861938802,0.23499207518978119
source_b_repair_fm_moirai2_m5_rohlik_100,m5_top_volume_100_20260714,M5,14,moirai2,FOODS_3_252_CA_3_validation,378,17274.0,3736.948474884033,9.886107076412786,22.1591018390977,0.21633370816742117
source_b_repair_fm_moirai2_m5_rohlik_100,m5_top_volume_100_20260714,M5,14,moirai2,FOODS_3_252_TX_1_validation,378,11801.0,3251.3952112197876,8.60157463285658,29.563973283829544,0.2755186180170992
source_b_repair_fm_moirai2_m5_rohlik_100,m5_top_volume_100_20260714,M5,14,moirai2,FOODS_3_252_TX_2_validation,378,21934.0,4665.388906478882,12.342298694388576,21.626948600405427,0.21270123582013686
source_b_repair_fm_moirai2_m5_rohlik_100,m5_top_volume_100_20260714,M5,14,moirai2,FOODS_3_252_TX_3_validation,378,17754.0,4361.653085708618,11.538764777006927,25.979014001653834,0.2456715717983901
source_b_repair_fm_moirai2_m5_rohlik_100,m5_top_volume_100_20260714,M5,14,moirai2,FOODS_3_252_WI_3_validation,378,6826.0,2207.887089729309,5.840971136850024,33.51742734515331,0.32345254757241565
source_b_repair_fm_moirai2_m5_rohlik_100,m5_top_volume_100_20260714,M5,14,moirai2,FOODS_3_281_CA_3_validation,378,3821.0,1780.9338054656982,4.711465093824598,88.80718015015833,0.4660910247227684
source_b_repair_fm_moirai2_m5_rohlik_100,m5_top_volume_100_20260714,M5,14,moirai2,FOODS_3_282_CA_3_validation,378,13394.0,3863.200096130371,10.220106074418972,38.887276169243755,0.28842766135063247
source_b_repair_fm_moirai2_m5_rohlik_100,m5_top_volume_100_20260714,M5,14,moirai2,FOODS_3_288_CA_3_validation,378,12500.0,3842.5035610198975,10.165353336031474,46.57571589136844,0.3074002848815918
source_b_repair_fm_moirai2_m5_rohlik_100,m5_top_volume_100_20260714,M5,14,moirai2,FOODS_3_318_CA_3_validation,378,5296.0,2579.2918796539307,6.823523491147965,103.39234467610329,0.4870264123213615
source_b_repair_fm_moirai2_m5_rohlik_100,m5_top_volume_100_20260714,M5,14,moirai2,FOODS_3_318_WI_3_validation,378,5628.0,2654.120714187622,7.021483370866725,99.49965518345451,0.4715921667000039
source_b_repair_fm_moirai2_m5_rohlik_100,m5_top_volume_100_20260714,M5,14,moirai2,FOODS_3_319_CA_3_validation,378,4783.0,2339.301281452179,6.188627728709468,113.09810736356873,0.48908661539874115
source_b_repair_fm_moirai2_m5_rohlik_100,m5_top_volume_100_20260714,M5,14,moirai2,FOODS_3_376_WI_2_validation,378,8991.0,4177.909943580627,11.052671808414358,52.893290449297034,0.4646768928462493
source_b_repair_fm_moirai2_m5_rohlik_100,m5_top_volume_100_20260714,M5,14,moirai2,FOODS_3_377_TX_2_validation,378,11838.0,2069.5725898742676,5.475059761572137,17.933602915117884,0.17482451342070177
source_b_repair_fm_moirai2_m5_rohlik_100,m5_top_volume_100_20260714,M5,14,moirai2,FOODS_3_377_TX_3_validation,378,15919.0,3051.881244659424,8.073759906506412,19.495835914756583,0.19171312548900207
source_b_repair_fm_moirai2_m5_rohlik_100,m5_top_volume_100_20260714,M5,14,moirai2,FOODS_3_412_WI_2_validation,378,7130.0,6526.782441139221,17.266620214654026,142.7020801287277,0.9153972568217702
source_b_repair_fm_moirai2_m5_rohlik_100,m5_top_volume_100_20260714,M5,14,moirai2,FOODS_3_462_WI_2_validation,378,8298.0,3876.66619682312,10.255730679426243,54.49981012176418,0.46718079016909136
source_b_repair_fm_moirai2_m5_rohlik_100,m5_top_volume_100_20260714,M5,14,moirai2,FOODS_3_501_CA_3_validation,378,4934.0,1894.2437601089478,5.0112268785950995,64.7126765413658,0.38391644915057715
source_b_repair_fm_moirai2_m5_rohlik_100,m5_top_volume_100_20260714,M5,14,moirai2,FOODS_3_541_CA_3_validation,378,7136.0,3495.1577529907227,9.24644908198604,119.1022364449301,0.4897922860132739
source_b_repair_fm_moirai2_m5_rohlik_100,m5_top_volume_100_20260714,M5,14,moirai2,FOODS_3_547_WI_2_validation,378,6199.0,6404.168637275696,16.942245072157924,151.1216780254016,1.0330970539241322
source_b_repair_fm_moirai2_m5_rohlik_100,m5_top_volume_100_20260714,M5,14,moirai2,FOODS_3_555_CA_1_validation,378,6830.0,1546.0594005584717,4.090104234281671,24.216088494611164,0.2263630161871847
source_b_repair_fm_moirai2_m5_rohlik_100,m5_top_volume_100_20260714,M5,14,moirai2,FOODS_3_555_CA_3_validation,378,11167.0,2231.481979370117,5.903391479815125,20.802425557173766,0.1998282420856199
source_b_repair_fm_moirai2_m5_rohlik_100,m5_top_volume_100_20260714,M5,14,moirai2,FOODS_3_555_TX_1_validation,378,9228.0,2168.9226694107056,5.7378906598166814,24.399368205004084,0.23503713365959097
source_b_repair_fm_moirai2_m5_rohlik_100,m5_top_volume_100_20260714,M5,14,moirai2,FOODS_3_555_TX_2_validation,378,16845.0,3459.4741249084473,9.152047949493246,21.238797341745038,0.20537097802959023
source_b_repair_fm_moirai2_m5_rohlik_100,m5_top_volume_100_20260714,M5,14,moirai2,FOODS_3_555_TX_3_validation,378,12158.0,2925.1584339141846,7.738514375434351,25.607705366222383,0.24059536386857908
source_b_repair_fm_moirai2_m5_rohlik_100,m5_top_volume_100_20260714,M5,14,moirai2,FOODS_3_555_WI_3_validation,378,8320.0,2108.4597902297974,5.577935952988882,26.435312053183697,0.25342064786415835
source_b_repair_fm_moirai2_m5_rohlik_100,m5_top_volume_100_20260714,M5,14,moirai2,FOODS_3_586_CA_1_validation,378,16440.0,3092.400867462158,8.180954675825815,19.69617979244366,0.18810224254636
source_b_repair_fm_moirai2_m5_rohlik_100,m5_top_volume_100_20260714,M5,14,moirai2,FOODS_3_586_CA_2_validation,378,14229.0,2843.7383518218994,7.523117332862168,22.761545184232507,0.19985510941189819
source_b_repair_fm_moirai2_m5_rohlik_100,m5_top_volume_100_20260714,M5,14,moirai2,FOODS_3_586_CA_3_validation,378,27702.0,4095.0893936157227,10.833569824380218,15.293536653749069,0.14782648883169888
source_b_repair_fm_moirai2_m5_rohlik_100,m5_top_volume_100_20260714,M5,14,moirai2,FOODS_3_586_TX_1_validation,378,19685.0,3636.1539993286133,9.61945502467887,18.78679627477431,0.18471699259987875
source_b_repair_fm_moirai2_m5_rohlik_100,m5_top_volume_100_20260714,M5,14,moirai2,FOODS_3_586_TX_2_validation,378,34848.0,5409.125709533691,14.309856374427754,15.882365084852418,0.15522054951600353
source_b_repair_fm_moirai2_m5_rohlik_100,m5_top_volume_100_20260714,M5,14,moirai2,FOODS_3_586_TX_3_validation,378,27768.0,5056.277976989746,13.376396764523138,18.937703957977202,0.18209010288784738
source_b_repair_fm_moirai2_m5_rohlik_100,m5_top_volume_100_20260714,M5,14,moirai2,FOODS_3_586_WI_3_validation,378,12341.0,2593.450662612915,6.860980588923056,22.04485723542518,0.21014915019957175
source_b_repair_fm_moirai2_m5_rohlik_100,m5_top_volume_100_20260714,M5,14,moirai2,FOODS_3_587_CA_1_validation,378,10362.0,2612.3904571533203,6.911085865484974,26.645513907474523,0.25211257065752946
source_b_repair_fm_moirai2_m5_rohlik_100,m5_top_volume_100_20260714,M5,14,moirai2,FOODS_3_587_CA_3_validation,378,12820.0,2820.531545639038,7.461723665711741,24.44285012571463,0.22001026097028378
source_b_repair_fm_moirai2_m5_rohlik_100,m5_top_volume_100_20260714,M5,14,moirai2,FOODS_3_587_TX_1_validation,378,10602.0,2834.792718887329,7.499451637268066,29.381002293101492,0.26738282577695993
source_b_repair_fm_moirai2_m5_rohlik_100,m5_top_volume_100_20260714,M5,14,moirai2,FOODS_3_587_TX_2_validation,378,11359.0,2860.9020614624023,7.568523972122757,27.117078651303363,0.2518621411622856
source_b_repair_fm_moirai2_m5_rohlik_100,m5_top_volume_100_20260714,M5,14,moirai2,FOODS_3_587_TX_3_validation,378,11748.0,2853.651689529419,7.549343093993172,24.8468386635391,0.24290531916321237
source_b_repair_fm_moirai2_m5_rohlik_100,m5_top_volume_100_20260714,M5,14,moirai2,FOODS_3_587_WI_3_validation,378,11072.0,3232.6127433776855,8.551885564491231,35.11316160755871,0.2919628561576667
source_b_repair_fm_moirai2_m5_rohlik_100,m5_top_volume_100_20260714,M5,14,moirai2,FOODS_3_607_CA_3_validation,378,7937.0,2985.146472930908,7.897212891351609,44.34561385312338,0.37610513707079607
source_b_repair_fm_moirai2_m5_rohlik_100,m5_top_volume_100_20260714,M5,14,moirai2,FOODS_3_635_CA_3_validation,378,6861.0,3238.530598640442,8.567541266244556,108.99614351664108,0.4720202009387031
source_b_repair_fm_moirai2_m5_rohlik_100,m5_top_volume_100_20260714,M5,14,moirai2,FOODS_3_681_CA_3_validation,378,14755.0,6030.782823562622,15.954451914186832,45.009620671232796,0.40872808021434237
source_b_repair_fm_moirai2_m5_rohlik_100,m5_top_volume_100_20260714,M5,14,moirai2,FOODS_3_681_WI_3_validation,378,12789.0,4456.319316864014,11.78920454196829,43.80734412564667,0.348449395329112
source_b_repair_fm_moirai2_m5_rohlik_100,m5_top_volume_100_20260714,M5,14,moirai2,FOODS_3_694_CA_3_validation,378,6591.0,1555.2969808578491,4.114542277401717,24.534283655016008,0.23597283884962056
source_b_repair_fm_moirai2_m5_rohlik_100,m5_top_volume_100_20260714,M5,14,moirai2,FOODS_3_694_TX_1_validation,378,6424.0,1689.3541193008423,4.46919079180117,27.82216886642077,0.262975423303369
source_b_repair_fm_moirai2_m5_rohlik_100,m5_top_volume_100_20260714,M5,14,moirai2,FOODS_3_694_WI_1_validation,378,7117.0,1601.54660987854,4.236895793329471,23.43803245745546,0.2250311381029282
source_b_repair_fm_moirai2_m5_rohlik_100,m5_top_volume_100_20260714,M5,14,moirai2,FOODS_3_694_WI_2_validation,378,11714.0,2233.233615875244,5.9080254388233975,19.785664088790696,0.1906465439538368
source_b_repair_fm_moirai2_m5_rohlik_100,m5_top_volume_100_20260714,M5,14,moirai2,FOODS_3_694_WI_3_validation,378,16615.0,3091.7258491516113,8.1791689130995,19.245561046195444,0.1860804001896847
source_b_repair_fm_moirai2_m5_rohlik_100,m5_top_volume_100_20260714,M5,14,moirai2,FOODS_3_711_CA_3_validation,378,5232.0,3277.7587175369263,8.671319358563297,92.32973870753844,0.6264829353090455
source_b_repair_fm_moirai2_m5_rohlik_100,m5_top_volume_100_20260714,M5,14,moirai2,FOODS_3_711_WI_2_validation,378,7949.0,6759.946018218994,17.883455074653423,124.81618870680038,0.8504146456433507
source_b_repair_fm_moirai2_m5_rohlik_100,m5_top_volume_100_20260714,M5,14,moirai2,FOODS_3_714_CA_1_validation,378,8737.0,2090.3488845825195,5.53002350418656,26.163432827924616,0.23925247620264617
source_b_repair_fm_moirai2_m5_rohlik_100,m5_top_volume_100_20260714,M5,14,moirai2,FOODS_3_714_CA_3_validation,378,11479.0,2453.9296445846558,6.491877366626073,22.718310359248953,0.21377555924598446
source_b_repair_fm_moirai2_m5_rohlik_100,m5_top_volume_100_20260714,M5,14,moirai2,FOODS_3_714_TX_1_validation,378,5659.0,1868.8475189208984,4.944041055346292,35.482843935117835,0.33024342090844644
source_b_repair_fm_moirai2_m5_rohlik_100,m5_top_volume_100_20260714,M5,14,moirai2,FOODS_3_714_TX_2_validation,378,8856.0,2238.1836652755737,5.921120807607338,26.699037323491797,0.252730766178362
source_b_repair_fm_moirai2_m5_rohlik_100,m5_top_volume_100_20260714,M5,14,moirai2,FOODS_3_714_TX_3_validation,378,6863.0,2435.1748275756836,6.4422614486129195,38.24256425086635,0.3548265813165793
source_b_repair_fm_moirai2_m5_rohlik_100,m5_top_volume_100_20260714,M5,14,moirai2,FOODS_3_714_WI_3_validation,378,8435.0,2236.791947364807,5.917439014192611,27.90821239221877,0.26517983964016684
source_b_repair_fm_moirai2_m5_rohlik_100,m5_top_volume_100_20260714,M5,14,moirai2,FOODS_3_723_CA_3_validation,378,8460.0,3288.5326499938965,8.69982182538068,65.6349445729268,0.3887154432616899
source_b_repair_fm_moirai2_m5_rohlik_100,m5_top_volume_100_20260714,M5,14,moirai2,FOODS_3_723_WI_3_validation,378,8049.0,3172.8914642333984,8.393892762522219,67.04673721602371,0.39419697654781943
source_b_repair_fm_moirai2_m5_rohlik_100,m5_top_volume_100_20260714,M5,14,moirai2,FOODS_3_752_CA_3_validation,378,6697.0,4225.6953592300415,11.179088251931327,67.30454406526174,0.6309833297342156
source_b_repair_fm_moirai2_m5_rohlik_100,m5_top_volume_100_20260714,M5,14,moirai2,FOODS_3_804_CA_3_validation,378,8100.0,3551.0182514190674,9.394228178357322,55.179204997331475,0.43839731499000834
source_b_repair_fm_moirai2_m5_rohlik_100,m5_top_volume_100_20260714,M5,14,moirai2,FOODS_3_808_CA_1_validation,378,2395.0,1966.093252658844,5.201304901213873,144.97910130585382,0.8209157631143399
source_b_repair_fm_moirai2_m5_rohlik_100,m5_top_volume_100_20260714,M5,14,moirai2,FOODS_3_808_CA_3_validation,378,8869.0,4310.56044960022,11.403599073016455,111.20146059422882,0.48602553270946214
source_b_repair_fm_moirai2_m5_rohlik_100,m5_top_volume_100_20260714,M5,14,moirai2,HOUSEHOLD_1_118_CA_3_validation,378,7935.0,2361.0263090133667,6.246101346596208,31.62833709569808,0.2975458486469271
source_b_repair_fm_moirai2_m5_rohlik_100,m5_top_volume_100_20260714,M5,14,moirai2,HOUSEHOLD_1_334_CA_3_validation,378,7215.0,2524.046772003174,6.677372412706809,39.99870588934751,0.34983323243287234
source_b_repair_fm_moirai2_m5_rohlik_100,m5_top_volume_100_20260714,M5,14,moirai2,HOUSEHOLD_1_459_CA_3_validation,378,8248.0,2819.2254915237427,7.458268496094558,36.2246528170553,0.3418071643457496
source_b_repair_fm_moirai2_m5_rohlik_100,m5_top_volume_100_20260714,M5,28,moirai2,FOODS_1_218_TX_2_validation,364,5401.0,2336.138807296753,6.417963756309761,47.904957873615125,0.43253819798125404
source_b_repair_fm_moirai2_m5_rohlik_100,m5_top_volume_100_20260714,M5,28,moirai2,FOODS_2_197_CA_1_validation,364,6045.0,1918.4106855392456,5.270359026206719,34.85930942682377,0.3173549521156734
source_b_repair_fm_moirai2_m5_rohlik_100,m5_top_volume_100_20260714,M5,28,moirai2,FOODS_2_197_CA_3_validation,364,5076.0,1381.0134143829346,3.793992896656414,29.523750616481514,0.2720672605167326
source_b_repair_fm_moirai2_m5_rohlik_100,m5_top_volume_100_20260714,M5,28,moirai2,FOODS_2_276_CA_3_validation,364,3023.0,1325.908390045166,3.6426054671570496,48.91369005109372,0.43860681112972744
source_b_repair_fm_moirai2_m5_rohlik_100,m5_top_volume_100_20260714,M5,28,moirai2,FOODS_2_360_CA_3_validation,364,4556.0,2156.372603416443,5.924100558836382,90.26937439780724,0.4733039076857864
source_b_repair_fm_moirai2_m5_rohlik_100,m5_top_volume_100_20260714,M5,28,moirai2,FOODS_2_360_TX_3_validation,364,3695.0,1871.3039946556091,5.140945040262663,102.87847590060623,0.5064422177687711
source_b_repair_fm_moirai2_m5_rohlik_100,m5_top_volume_100_20260714,M5,28,moirai2,FOODS_2_360_WI_2_validation,364,9519.0,4910.395824432373,13.490098418770256,111.34078914245875,0.5158520668591631
source_b_repair_fm_moirai2_m5_rohlik_100,m5_top_volume_100_20260714,M5,28,moirai2,FOODS_3_007_WI_2_validation,364,7734.0,6706.86484336853,18.425452866397062,142.4127268585195,0.8671922476556155
source_b_repair_fm_moirai2_m5_rohlik_100,m5_top_volume_100_20260714,M5,28,moirai2,FOODS_3_030_TX_2_validation,364,4773.0,1719.2819395065308,4.7233020316113485,85.74293413815629,0.36020991818699577
source_b_repair_fm_moirai2_m5_rohlik_100,m5_top_volume_100_20260714,M5,28,moirai2,FOODS_3_030_TX_3_validation,364,5556.0,2062.651801109314,5.66662582722339,86.59861838579134,0.37124762438972536
source_b_repair_fm_moirai2_m5_rohlik_100,m5_top_volume_100_20260714,M5,28,moirai2,FOODS_3_080_CA_1_validation,364,6633.0,1866.5071725845337,5.1277669576498175,28.74228820864029,0.2813971314012564
source_b_repair_fm_moirai2_m5_rohlik_100,m5_top_volume_100_20260714,M5,28,moirai2,FOODS_3_080_TX_2_validation,364,6351.0,1498.5107307434082,4.11678772182255,24.459616776009486,0.23594878456044846
source_b_repair_fm_moirai2_m5_rohlik_100,m5_top_volume_100_20260714,M5,28,moirai2,FOODS_3_090_CA_1_validation,364,18027.0,6563.3770751953125,18.031255701086025,69.7060869338914,0.3640859308368177
source_b_repair_fm_moirai2_m5_rohlik_100,m5_top_volume_100_20260714,M5,28,moirai2,FOODS_3_090_CA_2_validation,364,13416.0,5715.981501579285,15.703245883459573,74.26842602996261,0.4260570588535543
source_b_repair_fm_moirai2_m5_rohlik_100,m5_top_volume_100_20260714,M5,28,moirai2,FOODS_3_090_CA_3_validation,364,35186.0,11540.579803466797,31.70488956996373,62.50528306250672,0.32798783048561353
source_b_repair_fm_moirai2_m5_rohlik_100,m5_top_volume_100_20260714,M5,28,moirai2,FOODS_3_090_CA_4_validation,364,9265.0,3594.74907207489,9.875684263942006,70.30336442308186,0.38799234453047926
source_b_repair_fm_moirai2_m5_rohlik_100,m5_top_volume_100_20260714,M5,28,moirai2,FOODS_3_090_TX_1_validation,364,16266.0,5391.15007019043,14.8108518411825,67.34546759741608,0.33143674352578567
source_b_repair_fm_moirai2_m5_rohlik_100,m5_top_volume_100_20260714,M5,28,moirai2,FOODS_3_090_TX_2_validation,364,18445.0,6680.331600189209,18.352559341179145,66.61011655706098,0.3621757441143513
source_b_repair_fm_moirai2_m5_rohlik_100,m5_top_volume_100_20260714,M5,28,moirai2,FOODS_3_090_TX_3_validation,364,20844.0,6515.146667480469,17.8987545809903,65.25662602874843,0.31256700573212765
source_b_repair_fm_moirai2_m5_rohlik_100,m5_top_volume_100_20260714,M5,28,moirai2,FOODS_3_090_WI_3_validation,364,22744.0,8411.665445327759,23.10897100364769,69.15271658889142,0.3698410765620717
source_b_repair_fm_moirai2_m5_rohlik_100,m5_top_volume_100_20260714,M5,28,moirai2,FOODS_3_099_TX_2_validation,364,4993.0,1933.5382795333862,5.3119183503664456,79.26870563568244,0.3872498056345656
source_b_repair_fm_moirai2_m5_rohlik_100,m5_top_volume_100_20260714,M5,28,moirai2,FOODS_3_120_CA_1_validation,364,14909.0,7349.287826538086,20.19035117180793,69.59496304388183,0.4929430428961088
source_b_repair_fm_moirai2_m5_rohlik_100,m5_top_volume_100_20260714,M5,28,moirai2,FOODS_3_120_CA_3_validation,364,30361.0,9043.535144805908,24.844876771444802,42.69752151585595,0.2978668405126942
source_b_repair_fm_moirai2_m5_rohlik_100,m5_top_volume_100_20260714,M5,28,moirai2,FOODS_3_120_WI_3_validation,364,11888.0,4653.285287857056,12.783750790816088,53.023051982977385,0.3914270935276796
source_b_repair_fm_moirai2_m5_rohlik_100,m5_top_volume_100_20260714,M5,28,moirai2,FOODS_3_202_CA_3_validation,364,7485.0,2551.6869583129883,7.010129006354363,56.635551254048075,0.34090674125758025
source_b_repair_fm_moirai2_m5_rohlik_100,m5_top_volume_100_20260714,M5,28,moirai2,FOODS_3_202_TX_1_validation,364,7637.0,2877.827666282654,7.906119962314983,71.71990021131906,0.3768269826217957
source_b_repair_fm_moirai2_m5_rohlik_100,m5_top_volume_100_20260714,M5,28,moirai2,FOODS_3_202_TX_2_validation,364,7507.0,3464.22301197052,9.517096186732198,79.82548863997522,0.4614657002758119
source_b_repair_fm_moirai2_m5_rohlik_100,m5_top_volume_100_20260714,M5,28,moirai2,FOODS_3_202_TX_3_validation,364,9390.0,3328.184166908264,9.143363095901824,69.07811384342376,0.354439208403436
source_b_repair_fm_moirai2_m5_rohlik_100,m5_top_volume_100_20260714,M5,28,moirai2,FOODS_3_226_WI_1_validation,364,14269.0,2596.0244998931885,7.131935439267001,18.405930124933743,0.18193457844930888
source_b_repair_fm_moirai2_m5_rohlik_100,m5_top_volume_100_20260714,M5,28,moirai2,FOODS_3_226_WI_2_validation,364,13849.0,2874.204038619995,7.896164941263723,22.0308313007298,0.20753874204780093
source_b_repair_fm_moirai2_m5_rohlik_100,m5_top_volume_100_20260714,M5,28,moirai2,FOODS_3_226_WI_3_validation,364,17486.0,3236.558265686035,8.891643587049547,18.841040034084564,0.18509426202024679
source_b_repair_fm_moirai2_m5_rohlik_100,m5_top_volume_100_20260714,M5,28,moirai2,FOODS_3_234_CA_3_validation,364,6927.0,4034.7910385131836,11.084590765146109,62.74867509196693,0.5824730819277009
source_b_repair_fm_moirai2_m5_rohlik_100,m5_top_volume_100_20260714,M5,28,moirai2,FOODS_3_234_WI_2_validation,364,8873.0,8918.481066703796,24.501321611823617,156.15570864590103,1.00512578234011
source_b_repair_fm_moirai2_m5_rohlik_100,m5_top_volume_100_20260714,M5,28,moirai2,FOODS_3_234_WI_3_validation,364,7337.0,4453.237996578217,12.234170320269826,82.77899542966645,0.6069562486817796
source_b_repair_fm_moirai2_m5_rohlik_100,m5_top_volume_100_20260714,M5,28,moirai2,FOODS_3_252_CA_1_validation,364,14143.0,2792.809989929199,7.6725549173879095,20.922332808510255,0.1974694187887435
source_b_repair_fm_moirai2_m5_rohlik_100,m5_top_volume_100_20260714,M5,28,moirai2,FOODS_3_252_CA_2_validation,364,14244.0,3547.607485771179,9.746174411459284,27.56831407995884,0.24905977855737008
source_b_repair_fm_moirai2_m5_rohlik_100,m5_top_volume_100_20260714,M5,28,moirai2,FOODS_3_252_CA_3_validation,364,16554.0,3698.6045475006104,10.161001504122556,22.795303683478256,0.22342663691558598
source_b_repair_fm_moirai2_m5_rohlik_100,m5_top_volume_100_20260714,M5,28,moirai2,FOODS_3_252_TX_1_validation,364,11375.0,3336.6844272613525,9.166715459509211,31.460925264564914,0.29333489470429475
source_b_repair_fm_moirai2_m5_rohlik_100,m5_top_volume_100_20260714,M5,28,moirai2,FOODS_3_252_TX_2_validation,364,21287.0,4747.05623626709,13.04136328644805,22.582265583826217,0.22300259483567858
source_b_repair_fm_moirai2_m5_rohlik_100,m5_top_volume_100_20260714,M5,28,moirai2,FOODS_3_252_TX_3_validation,364,17267.0,4343.410528182983,11.932446505997207,26.439315105776195,0.25154401622650047
source_b_repair_fm_moirai2_m5_rohlik_100,m5_top_volume_100_20260714,M5,28,moirai2,FOODS_3_252_WI_3_validation,364,6563.0,2141.9519443511963,5.884483363602188,33.89870171841236,0.3263678111155259
source_b_repair_fm_moirai2_m5_rohlik_100,m5_top_volume_100_20260714,M5,28,moirai2,FOODS_3_281_CA_3_validation,364,3618.0,1760.6912503242493,4.837063874517169,92.52913246461229,0.48664766454512143
source_b_repair_fm_moirai2_m5_rohlik_100,m5_top_volume_100_20260714,M5,28,moirai2,FOODS_3_282_CA_3_validation,364,12762.0,4241.255208969116,11.65180002464043,42.13710540828038,0.33233468178726816
source_b_repair_fm_moirai2_m5_rohlik_100,m5_top_volume_100_20260714,M5,28,moirai2,FOODS_3_288_CA_3_validation,364,12018.0,4550.602304458618,12.501654682578621,56.20642859677519,0.3786488853768196
source_b_repair_fm_moirai2_m5_rohlik_100,m5_top_volume_100_20260714,M5,28,moirai2,FOODS_3_318_CA_3_validation,364,4989.0,2910.0916595458984,7.994757306444776,113.03929460947988,0.5833015954191018
source_b_repair_fm_moirai2_m5_rohlik_100,m5_top_volume_100_20260714,M5,28,moirai2,FOODS_3_318_WI_3_validation,364,5294.0,2478.7914304733276,6.809866567234416,104.16042737520348,0.46822656412416463
source_b_repair_fm_moirai2_m5_rohlik_100,m5_top_volume_100_20260714,M5,28,moirai2,FOODS_3_319_CA_3_validation,364,4781.0,2403.124131679535,6.601989372745975,109.82031462464903,0.5026404793305866
source_b_repair_fm_moirai2_m5_rohlik_100,m5_top_volume_100_20260714,M5,28,moirai2,FOODS_3_376_WI_2_validation,364,8342.0,4073.880227088928,11.191978645848703,54.71782395799468,0.4883577352060571
source_b_repair_fm_moirai2_m5_rohlik_100,m5_top_volume_100_20260714,M5,28,moirai2,FOODS_3_377_TX_2_validation,364,11468.0,2019.4701099395752,5.5479948075263055,18.084699325115476,0.17609610306414153
source_b_repair_fm_moirai2_m5_rohlik_100,m5_top_volume_100_20260714,M5,28,moirai2,FOODS_3_377_TX_3_validation,364,15335.0,3060.432643890381,8.407781988709838,20.387442684337227,0.19957174071668607
source_b_repair_fm_moirai2_m5_rohlik_100,m5_top_volume_100_20260714,M5,28,moirai2,FOODS_3_412_WI_2_validation,364,6820.0,6083.803820610046,16.71374675991771,136.2605983925892,0.8920533461305054
source_b_repair_fm_moirai2_m5_rohlik_100,m5_top_volume_100_20260714,M5,28,moirai2,FOODS_3_462_WI_2_validation,364,7852.0,3910.3787269592285,10.74279870043744,57.23436472037684,0.4980105357818681
source_b_repair_fm_moirai2_m5_rohlik_100,m5_top_volume_100_20260714,M5,28,moirai2,FOODS_3_501_CA_3_validation,364,4692.0,2328.6457500457764,6.397378434191693,74.032376902802,0.49630131075144424
source_b_repair_fm_moirai2_m5_rohlik_100,m5_top_volume_100_20260714,M5,28,moirai2,FOODS_3_541_CA_3_validation,364,7136.0,3501.7837352752686,9.620284987019968,118.17084205270652,0.4907208149208616
source_b_repair_fm_moirai2_m5_rohlik_100,m5_top_volume_100_20260714,M5,28,moirai2,FOODS_3_547_WI_2_validation,364,6138.0,6444.968247413635,17.70595672366383,155.77836454066676,1.0500111188357177
source_b_repair_fm_moirai2_m5_rohlik_100,m5_top_volume_100_20260714,M5,28,moirai2,FOODS_3_555_CA_1_validation,364,6566.0,1502.4575357437134,4.127630592702509,24.45831074740368,0.22882387081080008
source_b_repair_fm_moirai2_m5_rohlik_100,m5_top_volume_100_20260714,M5,28,moirai2,FOODS_3_555_CA_3_validation,364,10701.0,2120.847213745117,5.826503334464608,20.608982362720145,0.1981914974063281
source_b_repair_fm_moirai2_m5_rohlik_100,m5_top_volume_100_20260714,M5,28,moirai2,FOODS_3_555_TX_1_validation,364,8816.0,2153.6642332077026,5.916659981339842,25.44326300485015,0.24429040757800619
source_b_repair_fm_moirai2_m5_rohlik_100,m5_top_volume_100_20260714,M5,28,moirai2,FOODS_3_555_TX_2_validation,364,16252.0,3472.1957607269287,9.538999342656398,22.07846128966105,0.21364729022439877
source_b_repair_fm_moirai2_m5_rohlik_100,m5_top_volume_100_20260714,M5,28,moirai2,FOODS_3_555_TX_3_validation,364,11786.0,2904.8753299713135,7.9804267306904215,25.959260616446656,0.24646829543282822
source_b_repair_fm_moirai2_m5_rohlik_100,m5_top_volume_100_20260714,M5,28,moirai2,FOODS_3_555_WI_3_validation,364,7929.0,2048.6794204711914,5.628240166129647,27.09500324224669,0.258378032598208
source_b_repair_fm_moirai2_m5_rohlik_100,m5_top_volume_100_20260714,M5,28,moirai2,FOODS_3_586_CA_1_validation,364,15898.0,3193.6522941589355,8.773770038898174,20.886387154222678,0.2008839032682687
source_b_repair_fm_moirai2_m5_rohlik_100,m5_top_volume_100_20260714,M5,28,moirai2,FOODS_3_586_CA_2_validation,364,13764.0,2912.655939102173,8.001802030500475,24.03429875611635,0.2116140612541538
source_b_repair_fm_moirai2_m5_rohlik_100,m5_top_volume_100_20260714,M5,28,moirai2,FOODS_3_586_CA_3_validation,364,26695.0,4005.9507064819336,11.005359083741576,15.517124523244878,0.1500637088024699
source_b_repair_fm_moirai2_m5_rohlik_100,m5_top_volume_100_20260714,M5,28,moirai2,FOODS_3_586_TX_1_validation,364,18896.0,3606.7664222717285,9.90869896228497,19.428264237194984,0.19087459897712364
source_b_repair_fm_moirai2_m5_rohlik_100,m5_top_volume_100_20260714,M5,28,moirai2,FOODS_3_586_TX_2_validation,364,33765.0,5583.615936279297,15.33960422054752,16.829146684386593,0.16536697575238551
source_b_repair_fm_moirai2_m5_rohlik_100,m5_top_volume_100_20260714,M5,28,moirai2,FOODS_3_586_TX_3_validation,364,26936.0,4976.816524505615,13.672572869520922,19.191086801003614,0.18476449823676921
source_b_repair_fm_moirai2_m5_rohlik_100,m5_top_volume_100_20260714,M5,28,moirai2,FOODS_3_586_WI_3_validation,364,11889.0,2576.130178451538,7.077280710031698,22.667351943562387,0.216681821721889
source_b_repair_fm_moirai2_m5_rohlik_100,m5_top_volume_100_20260714,M5,28,moirai2,FOODS_3_587_CA_1_validation,364,10034.0,2626.5653190612793,7.215838788629888,27.756157680342504,0.2617665257186844
source_b_repair_fm_moirai2_m5_rohlik_100,m5_top_volume_100_20260714,M5,28,moirai2,FOODS_3_587_CA_3_validation,364,12312.0,3025.5001831054688,8.311813689850188,27.483024720164114,0.24573588231850785
source_b_repair_fm_moirai2_m5_rohlik_100,m5_top_volume_100_20260714,M5,28,moirai2,FOODS_3_587_TX_1_validation,364,10234.0,2810.434524536133,7.720973968505859,30.49053380251838,0.27461740517257505
source_b_repair_fm_moirai2_m5_rohlik_100,m5_top_volume_100_20260714,M5,28,moirai2,FOODS_3_587_TX_2_validation,364,10946.0,2866.753089904785,7.875695301936223,28.408591237886533,0.26189960624015945
source_b_repair_fm_moirai2_m5_rohlik_100,m5_top_volume_100_20260714,M5,28,moirai2,FOODS_3_587_TX_3_validation,364,11441.0,2884.9115829467773,7.925581271831806,25.92517684687752,0.25215554435335874
source_b_repair_fm_moirai2_m5_rohlik_100,m5_top_volume_100_20260714,M5,28,moirai2,FOODS_3_587_WI_3_validation,364,10622.0,3471.8218336105347,9.537972070358611,40.528340069939766,0.3268519896074689
source_b_repair_fm_moirai2_m5_rohlik_100,m5_top_volume_100_20260714,M5,28,moirai2,FOODS_3_607_CA_3_validation,364,7751.0,3063.789821624756,8.417005004463615,46.51340387005753,0.39527671547216564
source_b_repair_fm_moirai2_m5_rohlik_100,m5_top_volume_100_20260714,M5,28,moirai2,FOODS_3_635_CA_3_validation,364,6861.0,3090.416795730591,8.490156032226897,103.00646367766436,0.45043241447756754
source_b_repair_fm_moirai2_m5_rohlik_100,m5_top_volume_100_20260714,M5,28,moirai2,FOODS_3_681_CA_3_validation,364,14222.0,6327.488708496094,17.38321073762663,49.19922999043914,0.4449085015114677
source_b_repair_fm_moirai2_m5_rohlik_100,m5_top_volume_100_20260714,M5,28,moirai2,FOODS_3_681_WI_3_validation,364,12084.0,4395.7056493759155,12.076114421362405,45.34650231319907,0.3637624668467325
source_b_repair_fm_moirai2_m5_rohlik_100,m5_top_volume_100_20260714,M5,28,moirai2,FOODS_3_694_CA_3_validation,364,6317.0,1491.647569656372,4.097932883671352,24.480991434302478,0.23613227317656674
source_b_repair_fm_moirai2_m5_rohlik_100,m5_top_volume_100_20260714,M5,28,moirai2,FOODS_3_694_TX_1_validation,364,6148.0,1666.297269821167,4.577739752255953,28.51267034796094,0.2710307855922523
source_b_repair_fm_moirai2_m5_rohlik_100,m5_top_volume_100_20260714,M5,28,moirai2,FOODS_3_694_WI_1_validation,364,6821.0,1605.9375982284546,4.411916478649601,24.42053223896193,0.2354401991245352
source_b_repair_fm_moirai2_m5_rohlik_100,m5_top_volume_100_20260714,M5,28,moirai2,FOODS_3_694_WI_2_validation,364,11167.0,2235.320077896118,6.140989224989336,20.72074364104187,0.200171942141678
source_b_repair_fm_moirai2_m5_rohlik_100,m5_top_volume_100_20260714,M5,28,moirai2,FOODS_3_694_WI_3_validation,364,15958.0,3009.0313472747803,8.266569635370276,19.554997063340455,0.18855942770239253
source_b_repair_fm_moirai2_m5_rohlik_100,m5_top_volume_100_20260714,M5,28,moirai2,FOODS_3_711_CA_3_validation,364,5052.0,3468.8841462135315,9.529901500586625,101.77680582645468,0.6866358167485217
source_b_repair_fm_moirai2_m5_rohlik_100,m5_top_volume_100_20260714,M5,28,moirai2,FOODS_3_711_WI_2_validation,364,7860.0,6985.747930526733,19.19161519375476,132.89077770496922,0.888772001339279
source_b_repair_fm_moirai2_m5_rohlik_100,m5_top_volume_100_20260714,M5,28,moirai2,FOODS_3_714_CA_1_validation,364,8484.0,2098.6763734817505,5.765594432642172,26.904498792384818,0.24736873803415257
source_b_repair_fm_moirai2_m5_rohlik_100,m5_top_volume_100_20260714,M5,28,moirai2,FOODS_3_714_CA_3_validation,364,11041.0,2460.2718753814697,6.758988668630411,23.56049992812584,0.22283052942500406
source_b_repair_fm_moirai2_m5_rohlik_100,m5_top_volume_100_20260714,M5,28,moirai2,FOODS_3_714_TX_1_validation,364,5367.0,1897.7968397140503,5.213727581632006,37.47793029652939,0.35360477728974293
source_b_repair_fm_moirai2_m5_rohlik_100,m5_top_volume_100_20260714,M5,28,moirai2,FOODS_3_714_TX_2_validation,364,8563.0,2235.2146911621094,6.140699700994806,27.659715272268233,0.2610317285019397
source_b_repair_fm_moirai2_m5_rohlik_100,m5_top_volume_100_20260714,M5,28,moirai2,FOODS_3_714_TX_3_validation,364,6553.0,2397.4108924865723,6.586293660677397,39.28377232591374,0.3658493655557107
source_b_repair_fm_moirai2_m5_rohlik_100,m5_top_volume_100_20260714,M5,28,moirai2,FOODS_3_714_WI_3_validation,364,8159.0,2184.985486984253,6.00270738182487,28.17619177711226,0.26780064799414793
source_b_repair_fm_moirai2_m5_rohlik_100,m5_top_volume_100_20260714,M5,28,moirai2,FOODS_3_723_CA_3_validation,364,8114.0,3635.566285133362,9.987819464652093,75.61119031683418,0.44806091756634975
source_b_repair_fm_moirai2_m5_rohlik_100,m5_top_volume_100_20260714,M5,28,moirai2,FOODS_3_723_WI_3_validation,364,7665.0,3267.746563911438,8.977325725031424,73.24507413154403,0.42632049105172054
source_b_repair_fm_moirai2_m5_rohlik_100,m5_top_volume_100_20260714,M5,28,moirai2,FOODS_3_752_CA_3_validation,364,6402.0,4024.8426599502563,11.057260054808397,65.9718599268792,0.6286852014917613
source_b_repair_fm_moirai2_m5_rohlik_100,m5_top_volume_100_20260714,M5,28,moirai2,FOODS_3_804_CA_3_validation,364,8021.0,3423.33607006073,9.404769423243764,51.8758557906142,0.4267966675053896
source_b_repair_fm_moirai2_m5_rohlik_100,m5_top_volume_100_20260714,M5,28,moirai2,FOODS_3_808_CA_1_validation,364,2395.0,2006.8873782157898,5.513426863230192,145.7346022625552,0.8379488009251732
source_b_repair_fm_moirai2_m5_rohlik_100,m5_top_volume_100_20260714,M5,28,moirai2,FOODS_3_808_CA_3_validation,364,8863.0,4427.732316970825,12.164099771897872,108.51524030702076,0.49957489754832735
source_b_repair_fm_moirai2_m5_rohlik_100,m5_top_volume_100_20260714,M5,28,moirai2,HOUSEHOLD_1_118_CA_3_validation,364,7647.0,2275.072816848755,6.250200046287788,31.62923738504823,0.29751181075568917
source_b_repair_fm_moirai2_m5_rohlik_100,m5_top_volume_100_20260714,M5,28,moirai2,HOUSEHOLD_1_334_CA_3_validation,364,6882.0,2431.435194015503,6.679767016526107,40.423269710218825,0.3533035736726973
source_b_repair_fm_moirai2_m5_rohlik_100,m5_top_volume_100_20260714,M5,28,moirai2,HOUSEHOLD_1_459_CA_3_validation,364,7840.0,2750.224196434021,7.555560979214343,37.182569825336245,0.3507939026063802
source_b_repair_fm_moirai2_m5_rohlik_100,rohlik_top_volume_100_20260714,Rohlik,7,moirai2,80,280,65024.250061035156,11204.206314086914,40.015022550310405,17.173741838396634,0.1723081204868962
source_b_repair_fm_moirai2_m5_rohlik_100,rohlik_top_volume_100_20260714,Rohlik,7,moirai2,139,280,704992.3494262695,101318.9691772461,361.8534613473075,14.416169387725319,0.14371640948969244
source_b_repair_fm_moirai2_m5_rohlik_100,rohlik_top_volume_100_20260714,Rohlik,7,moirai2,393,280,347206.3200683594,134941.7010498047,481.9346466064453,35.42893533807582,0.3886498984904331
source_b_repair_fm_moirai2_m5_rohlik_100,rohlik_top_volume_100_20260714,Rohlik,7,moirai2,394,280,239137.44957733154,109583.35886383057,391.3691387993949,45.36113990739729,0.4582442401117682
source_b_repair_fm_moirai2_m5_rohlik_100,rohlik_top_volume_100_20260714,Rohlik,7,moirai2,524,280,267690.19955444336,34540.992584228516,123.36068780081612,12.237569671284716,0.12903345972964356
source_b_repair_fm_moirai2_m5_rohlik_100,rohlik_top_volume_100_20260714,Rohlik,7,moirai2,525,280,531616.6622314453,73036.73303222656,260.84547511509487,13.229607806752753,0.13738608704561106
source_b_repair_fm_moirai2_m5_rohlik_100,rohlik_top_volume_100_20260714,Rohlik,7,moirai2,526,280,338197.9295654297,44896.439025878906,160.34442509242467,13.263437502178984,0.13275196298087621
source_b_repair_fm_moirai2_m5_rohlik_100,rohlik_top_volume_100_20260714,Rohlik,7,moirai2,539,280,193128.92993927002,28637.288261413574,102.27602950504848,15.396961887801883,0.14828067586983812
source_b_repair_fm_moirai2_m5_rohlik_100,rohlik_top_volume_100_20260714,Rohlik,7,moirai2,619,280,111035.18016052246,74566.71438598633,266.30969423566546,105.78268876558366,0.6715593587382482
source_b_repair_fm_moirai2_m5_rohlik_100,rohlik_top_volume_100_20260714,Rohlik,7,moirai2,652,280,906449.6130943298,258723.90753555298,924.0139554841178,28.563095636589036,0.2854255810781937
source_b_repair_fm_moirai2_m5_rohlik_100,rohlik_top_volume_100_20260714,Rohlik,7,moirai2,653,280,742757.7571563721,250326.74223327637,894.0240794045585,33.8311179255591,0.3370233966881013
source_b_repair_fm_moirai2_m5_rohlik_100,rohlik_top_volume_100_20260714,Rohlik,7,moirai2,654,280,465967.79803466797,135037.67254638672,482.27740195138114,28.882645355078317,0.28980043924910864
source_b_repair_fm_moirai2_m5_rohlik_100,rohlik_top_volume_100_20260714,Rohlik,7,moirai2,655,280,569343.7183532715,170948.83981323242,610.5315707615443,30.48913858399257,0.300255951374457
source_b_repair_fm_moirai2_m5_rohlik_100,rohlik_top_volume_100_20260714,Rohlik,7,moirai2,888,280,161351.10961914062,48921.96011352539,174.72128611973355,37.42129806667811,0.30320188208809146
source_b_repair_fm_moirai2_m5_rohlik_100,rohlik_top_volume_100_20260714,Rohlik,7,moirai2,890,280,151037.71043395996,47433.200256347656,169.40428662981307,45.66379069326146,0.3140487241236846
source_b_repair_fm_moirai2_m5_rohlik_100,rohlik_top_volume_100_20260714,Rohlik,7,moirai2,912,280,138695.33001708984,57225.28689575195,204.37602462768555,43.24491771468635,0.41259707077881236
source_b_repair_fm_moirai2_m5_rohlik_100,rohlik_top_volume_100_20260714,Rohlik,7,moirai2,1032,280,313453.1592102051,39505.50833129883,141.0911011832101,13.373200067756983,0.12603321156768438
source_b_repair_fm_moirai2_m5_rohlik_100,rohlik_top_volume_100_20260714,Rohlik,7,moirai2,1266,280,151124.2797088623,23778.207260131836,84.92216878618513,14.291549924963856,0.15734207174346865
source_b_repair_fm_moirai2_m5_rohlik_100,rohlik_top_volume_100_20260714,Rohlik,7,moirai2,1269,280,140353.15000152588,20731.619316101074,74.04149755750383,14.585124597407795,0.14771039564039487
source_b_repair_fm_moirai2_m5_rohlik_100,rohlik_top_volume_100_20260714,Rohlik,7,moirai2,1270,280,132543.56005859375,29644.080337524414,105.87171549115862,21.399578476184757,0.22365538034755975
source_b_repair_fm_moirai2_m5_rohlik_100,rohlik_top_volume_100_20260714,Rohlik,7,moirai2,1391,280,221225.1198425293,29690.769256591797,106.03846163068499,13.345528757635257,0.13421065961101544
source_b_repair_fm_moirai2_m5_rohlik_100,rohlik_top_volume_100_20260714,Rohlik,7,moirai2,1405,280,126042.9401473999,46403.54041290283,165.72693004608155,32.60729955979899,0.368156600906299
source_b_repair_fm_moirai2_m5_rohlik_100,rohlik_top_volume_100_20260714,Rohlik,7,moirai2,1408,280,207613.20947265625,65384.34829711914,233.51552963256836,27.607203638114587,0.31493346913328557
source_b_repair_fm_moirai2_m5_rohlik_100,rohlik_top_volume_100_20260714,Rohlik,7,moirai2,1413,280,289053.51054000854,59984.278217315674,214.2295650618417,21.324715765571813,0.20751963228280224
source_b_repair_fm_moirai2_m5_rohlik_100,rohlik_top_volume_100_20260714,Rohlik,7,moirai2,1640,280,120672.08973693848,32058.078536987305,114.49313763209751,25.938536793610638,0.26566274444134474
source_b_repair_fm_moirai2_m5_rohlik_100,rohlik_top_volume_100_20260714,Rohlik,7,moirai2,1671,280,141476.37020874023,34436.26202392578,122.98665008544921,26.011465133231127,0.24340645701552183
source_b_repair_fm_moirai2_m5_rohlik_100,rohlik_top_volume_100_20260714,Rohlik,7,moirai2,1672,280,151003.13999176025,30613.064567565918,109.33237345559256,19.983964311500515,0.2027313112113852
source_b_repair_fm_moirai2_m5_rohlik_100,rohlik_top_volume_100_20260714,Rohlik,7,moirai2,1925,280,145504.06002807617,28385.235778808594,101.37584206717355,127.393738313982,0.19508208756052192
source_b_repair_fm_moirai2_m5_rohlik_100,rohlik_top_volume_100_20260714,Rohlik,7,moirai2,1927,280,138158.75009334087,24510.998502850533,87.53928036732333,42.008982186258926,0.17741184316078973
source_b_repair_fm_moirai2_m5_rohlik_100,rohlik_top_volume_100_20260714,Rohlik,7,moirai2,2127,280,224514.65948486328,95062.68566894531,339.5095916748047,39.32033926059975,0.4234141587327148
source_b_repair_fm_moirai2_m5_rohlik_100,rohlik_top_volume_100_20260714,Rohlik,7,moirai2,2129,280,201146.12992095947,106463.28206634521,380.22600737980434,52.3235478558811,0.5292832733504743
source_b_repair_fm_moirai2_m5_rohlik_100,rohlik_top_volume_100_20260714,Rohlik,7,moirai2,2159,280,205632.91958618164,27010.761138916016,96.4670040675572,13.68047901381063,0.13135426561696845
source_b_repair_fm_moirai2_m5_rohlik_100,rohlik_top_volume_100_20260714,Rohlik,7,moirai2,2160,280,155848.88995361328,19515.52313232422,69.69829690115792,12.846078110804429,0.12522080290807847
source_b_repair_fm_moirai2_m5_rohlik_100,rohlik_top_volume_100_20260714,Rohlik,7,moirai2,2161,280,119318.8002319336,15097.33090209961,53.91903893607003,13.113317505201907,0.12652935558146078
source_b_repair_fm_moirai2_m5_rohlik_100,rohlik_top_volume_100_20260714,Rohlik,7,moirai2,2216,280,279236.34016418457,31403.90086364746,112.15678879874093,11.823463580297425,0.11246351690894776
source_b_repair_fm_moirai2_m5_rohlik_100,rohlik_top_volume_100_20260714,Rohlik,7,moirai2,2217,280,274926.85957336426,26909.475814819336,96.10527076721192,10.096608794875559,0.09787867164589839
source_b_repair_fm_moirai2_m5_rohlik_100,rohlik_top_volume_100_20260714,Rohlik,7,moirai2,2218,280,126590.24021148682,13351.30754852295,47.68324124472482,10.993315296924253,0.10546869589802271
source_b_repair_fm_moirai2_m5_rohlik_100,rohlik_top_volume_100_20260714,Rohlik,7,moirai2,2274,280,151934.1999359131,48255.00166320801,172.3392916543143,45.06915424719053,0.3176046057014307
source_b_repair_fm_moirai2_m5_rohlik_100,rohlik_top_volume_100_20260714,Rohlik,7,moirai2,2275,280,108671.41033172607,34451.83637237549,123.04227275848389,48.31573073622391,0.31702759968982797
source_b_repair_fm_moirai2_m5_rohlik_100,rohlik_top_volume_100_20260714,Rohlik,7,moirai2,2325,280,218676.69919586182,39113.65761566162,139.69163434164864,19.34708059105443,0.178865227797447
source_b_repair_fm_moirai2_m5_rohlik_100,rohlik_top_volume_100_20260714,Rohlik,7,moirai2,2467,280,124018.61987304688,35303.63348388672,126.08440529959542,64.30774665722008,0.2846639764256827
source_b_repair_fm_moirai2_m5_rohlik_100,rohlik_top_volume_100_20260714,Rohlik,7,moirai2,2468,280,207317.14988708496,124174.03608703613,443.47870031084335,76.409451154803,0.5989568936031938
source_b_repair_fm_moirai2_m5_rohlik_100,rohlik_top_volume_100_20260714,Rohlik,7,moirai2,2470,280,261642.5806427002,138532.42124938965,494.7586473192487,66.7987520059551,0.5294720030244996
source_b_repair_fm_moirai2_m5_rohlik_100,rohlik_top_volume_100_20260714,Rohlik,7,moirai2,2560,280,273117.1798400879,56634.34799194336,202.26552854265486,20.73937963612423,0.2073628177659977
source_b_repair_fm_moirai2_m5_rohlik_100,rohlik_top_volume_100_20260714,Rohlik,7,moirai2,2561,280,551515.4985351562,116274.88842773438,415.2674586704799,21.949346922327663,0.21082796174643215
source_b_repair_fm_moirai2_m5_rohlik_100,rohlik_top_volume_100_20260714,Rohlik,7,moirai2,2562,280,501021.64096069336,94435.61575317383,337.2700562613351,18.98704621091926,0.1884861012632039
source_b_repair_fm_moirai2_m5_rohlik_100,rohlik_top_volume_100_20260714,Rohlik,7,moirai2,2563,280,249795.21975708008,52042.92092895508,185.86757474626813,21.258459884681066,0.20834234129686544
source_b_repair_fm_moirai2_m5_rohlik_100,rohlik_top_volume_100_20260714,Rohlik,7,moirai2,2565,280,173654.3897781372,45322.999351501465,161.86785482679093,23.24416544153742,0.2609954139910119
source_b_repair_fm_moirai2_m5_rohlik_100,rohlik_top_volume_100_20260714,Rohlik,7,moirai2,2566,280,138404.21014404297,44310.504150390625,158.25180053710938,28.648290494459776,0.32015286315549835
source_b_repair_fm_moirai2_m5_rohlik_100,rohlik_top_volume_100_20260714,Rohlik,7,moirai2,2694,280,220327.10961914062,28439.860473632812,101.57093026297433,13.828809917376766,0.1290801686764475
source_b_repair_fm_moirai2_m5_rohlik_100,rohlik_top_volume_100_20260714,Rohlik,7,moirai2,2840,280,275601.7402648926,59046.90786743164,210.88181381225587,21.62317253414391,0.21424722431244136
source_b_repair_fm_moirai2_m5_rohlik_100,rohlik_top_volume_100_20260714,Rohlik,7,moirai2,2935,280,193093.2696838379,38547.82305908203,137.6707966395787,19.464541063716258,0.1996331779051568
source_b_repair_fm_moirai2_m5_rohlik_100,rohlik_top_volume_100_20260714,Rohlik,7,moirai2,2936,280,169590.96995544434,23561.090621948242,84.14675222124372,14.017043171347652,0.13892892191216497
source_b_repair_fm_moirai2_m5_rohlik_100,rohlik_top_volume_100_20260714,Rohlik,7,moirai2,2937,280,280813.5494995117,40076.509521484375,143.13039114815848,14.256276075811666,0.14271572576505628
source_b_repair_fm_moirai2_m5_rohlik_100,rohlik_top_volume_100_20260714,Rohlik,7,moirai2,2938,280,168716.07014465332,20581.52992248535,73.50546400887626,12.356770291943501,0.12198914960998805
source_b_repair_fm_moirai2_m5_rohlik_100,rohlik_top_volume_100_20260714,Rohlik,7,moirai2,3144,280,503970.9108886719,48982.90222167969,174.9389365059989,10.014754380501099,0.09719390775016398
source_b_repair_fm_moirai2_m5_rohlik_100,rohlik_top_volume_100_20260714,Rohlik,7,moirai2,3145,280,338092.6397705078,30043.55450439453,107.29840894426619,9.165045251806832,0.08886190046842676
source_b_repair_fm_moirai2_m5_rohlik_100,rohlik_top_volume_100_20260714,Rohlik,7,moirai2,3146,280,0.0,4.738937803949739e-05,1.6924777871249068e-07,200.0,
source_b_repair_fm_moirai2_m5_rohlik_100,rohlik_top_volume_100_20260714,Rohlik,7,moirai2,3147,280,297310.9501647949,29848.54525756836,106.60194734845842,10.292287911407483,0.10039504176023038
source_b_repair_fm_moirai2_m5_rohlik_100,rohlik_top_volume_100_20260714,Rohlik,7,moirai2,3152,280,129612.94994354248,49054.880851745605,175.1960030419486,37.50725175632599,0.3784720652767582
source_b_repair_fm_moirai2_m5_rohlik_100,rohlik_top_volume_100_20260714,Rohlik,7,moirai2,3155,280,105009.38983726501,50586.976053237915,180.66777161870684,52.516081992581306,0.48173764395387386
source_b_repair_fm_moirai2_m5_rohlik_100,rohlik_top_volume_100_20260714,Rohlik,7,moirai2,3184,280,248360.49018859863,29589.9656829834,105.67844886779785,12.713375589111179,0.1191411953669182
source_b_repair_fm_moirai2_m5_rohlik_100,rohlik_top_volume_100_20260714,Rohlik,7,moirai2,3224,280,81147.24968624115,43934.68167972565,156.90957742759159,60.72167501454212,0.5414192329327331
source_b_repair_fm_moirai2_m5_rohlik_100,rohlik_top_volume_100_20260714,Rohlik,7,moirai2,3225,280,75168.05016422272,47800.941782951355,170.71764922482626,87.92670028250465,0.6359210020549779
source_b_repair_fm_moirai2_m5_rohlik_100,rohlik_top_volume_100_20260714,Rohlik,7,moirai2,3336,280,575708.1196289062,54592.20251464844,194.97215183803013,9.68844418723324,0.0948261812771337
source_b_repair_fm_moirai2_m5_rohlik_100,rohlik_top_volume_100_20260714,Rohlik,7,moirai2,3456,280,256175.78985595703,30194.079650878906,107.83599875313895,12.718539872988963,0.1178646884151562
source_b_repair_fm_moirai2_m5_rohlik_100,rohlik_top_volume_100_20260714,Rohlik,7,moirai2,3616,280,318439.2596435547,41474.038818359375,148.12156720842634,13.330348230966113,0.13024160043828573
source_b_repair_fm_moirai2_m5_rohlik_100,rohlik_top_volume_100_20260714,Rohlik,7,moirai2,3617,280,187647.49993896484,22602.156860351562,80.72198878696986,12.33600560739722,0.12045008256280128
source_b_repair_fm_moirai2_m5_rohlik_100,rohlik_top_volume_100_20260714,Rohlik,7,moirai2,3618,280,151499.94006347656,17996.700805664062,64.27393144880023,12.176654982786738,0.11879015132364852
source_b_repair_fm_moirai2_m5_rohlik_100,rohlik_top_volume_100_20260714,Rohlik,7,moirai2,3685,280,112072.23987579346,25154.82253265381,89.83865190233503,24.36598069976304,0.22445185855598315
source_b_repair_fm_moirai2_m5_rohlik_100,rohlik_top_volume_100_20260714,Rohlik,7,moirai2,3686,280,139290.15993404388,27259.216988563538,97.35434638772692,19.94990395042951,0.195700952611952
source_b_repair_fm_moirai2_m5_rohlik_100,rohlik_top_volume_100_20260714,Rohlik,7,moirai2,3871,280,143374.5302658081,30168.66138458252,107.74521923065186,19.268036192513183,0.21041855431820117
source_b_repair_fm_moirai2_m5_rohlik_100,rohlik_top_volume_100_20260714,Rohlik,7,moirai2,4172,280,260753.42961120605,54551.01741027832,194.82506217956544,72.93539262339763,0.2092053688099754
source_b_repair_fm_moirai2_m5_rohlik_100,rohlik_top_volume_100_20260714,Rohlik,7,moirai2,4227,280,112724.54960632324,41686.89442443848,148.881765801566,44.042125760650364,0.3698120291456021
source_b_repair_fm_moirai2_m5_rohlik_100,rohlik_top_volume_100_20260714,Rohlik,7,moirai2,4228,280,206421.50966644287,74193.21082305908,264.9757529394967,43.68653661032315,0.3594257737139318
source_b_repair_fm_moirai2_m5_rohlik_100,rohlik_top_volume_100_20260714,Rohlik,7,moirai2,4229,280,121289.81995391846,44909.50968170166,160.39110600607737,45.992099423218995,0.3702661088850168
source_b_repair_fm_moirai2_m5_rohlik_100,rohlik_top_volume_100_20260714,Rohlik,7,moirai2,4230,280,193655.57107543945,88751.58020019531,316.96992928641185,54.20424769280064,0.4582960340739266
source_b_repair_fm_moirai2_m5_rohlik_100,rohlik_top_volume_100_20260714,Rohlik,7,moirai2,4523,280,171175.77983093262,15469.074295043945,55.24669391087124,9.138421926545517,0.09036952722121368
source_b_repair_fm_moirai2_m5_rohlik_100,rohlik_top_volume_100_20260714,Rohlik,7,moirai2,4720,280,4037897.0986328125,378132.140625,1350.4719308035715,9.625948485983523,0.09364580904080774
source_b_repair_fm_moirai2_m5_rohlik_100,rohlik_top_volume_100_20260714,Rohlik,7,moirai2,4793,280,575034.4410400391,74274.88732910156,265.2674547467913,13.264006507391487,0.1291659803798254
source_b_repair_fm_moirai2_m5_rohlik_100,rohlik_top_volume_100_20260714,Rohlik,7,moirai2,4877,280,279479.92053222656,30656.21075439453,109.48646697998046,11.488143996638927,0.10969020849875186
source_b_repair_fm_moirai2_m5_rohlik_100,rohlik_top_volume_100_20260714,Rohlik,7,moirai2,4878,280,173437.76989746094,24532.36602783203,87.61559295654297,14.437903482250192,0.14144765608054083
source_b_repair_fm_moirai2_m5_rohlik_100,rohlik_top_volume_100_20260714,Rohlik,7,moirai2,4879,280,637516.419921875,70418.84106445312,251.49586094447545,11.588155588402435,0.11045808211980275
source_b_repair_fm_moirai2_m5_rohlik_100,rohlik_top_volume_100_20260714,Rohlik,7,moirai2,4883,280,1313540.4802246094,135405.24536132812,483.5901620047433,10.223623161897354,0.10308418156871302
source_b_repair_fm_moirai2_m5_rohlik_100,rohlik_top_volume_100_20260714,Rohlik,7,moirai2,4884,280,1460296.7197265625,155145.99584960938,554.0928423200335,10.37816320077712,0.1062427887112286
source_b_repair_fm_moirai2_m5_rohlik_100,rohlik_top_volume_100_20260714,Rohlik,7,moirai2,4885,280,2587560.158203125,274323.08984375,979.7253208705357,10.212612181853565,0.10601612062007003
source_b_repair_fm_moirai2_m5_rohlik_100,rohlik_top_volume_100_20260714,Rohlik,7,moirai2,4965,280,209354.80053710938,58738.60186767578,209.78072095598495,24.62239949334634,0.280569644053918
source_b_repair_fm_moirai2_m5_rohlik_100,rohlik_top_volume_100_20260714,Rohlik,7,moirai2,4966,280,114273.84986877441,33077.20945739746,118.13289091927665,24.666445466718937,0.28945563219740517
source_b_repair_fm_moirai2_m5_rohlik_100,rohlik_top_volume_100_20260714,Rohlik,7,moirai2,4967,280,217679.2293624878,67087.46747589111,239.59809812818256,28.674361681807504,0.3081941610707124
source_b_repair_fm_moirai2_m5_rohlik_100,rohlik_top_volume_100_20260714,Rohlik,7,moirai2,4968,280,132231.52013397217,39561.38132476807,141.29064758845738,26.06843313175775,0.2991826856765007
source_b_repair_fm_moirai2_m5_rohlik_100,rohlik_top_volume_100_20260714,Rohlik,7,moirai2,5164,280,145507.20980644226,46031.84817695618,164.39945777484348,40.33579130755796,0.3163544145901019
source_b_repair_fm_moirai2_m5_rohlik_100,rohlik_top_volume_100_20260714,Rohlik,7,moirai2,5166,280,112630.67004394531,41450.27113342285,148.03668261936733,49.029421315468696,0.368019395758279
source_b_repair_fm_moirai2_m5_rohlik_100,rohlik_top_volume_100_20260714,Rohlik,7,moirai2,5277,280,151712.34029006958,48212.27155685425,172.18668413162231,30.74289647854019,0.31778740914993325
source_b_repair_fm_moirai2_m5_rohlik_100,rohlik_top_volume_100_20260714,Rohlik,7,moirai2,5278,280,174989.42964935303,53122.84476470947,189.72444558824813,32.19295850026555,0.3035774496274317
source_b_repair_fm_moirai2_m5_rohlik_100,rohlik_top_volume_100_20260714,Rohlik,7,moirai2,5293,280,239707.89004516602,36697.89242553711,131.06390151977538,14.695011508999533,0.15309421987996497
source_b_repair_fm_moirai2_m5_rohlik_100,rohlik_top_volume_100_20260714,Rohlik,7,moirai2,5294,280,224627.77935791016,40619.402435302734,145.06929441179548,16.686415951221075,0.18082982679796653
source_b_repair_fm_moirai2_m5_rohlik_100,rohlik_top_volume_100_20260714,Rohlik,7,moirai2,5295,280,163282.1696624756,18605.696731567383,66.44891689845494,11.288205730939698,0.11394812287237276
source_b_repair_fm_moirai2_m5_rohlik_100,rohlik_top_volume_100_20260714,Rohlik,7,moirai2,5296,280,156334.580368042,21627.277145385742,77.2402755192348,13.376516728723049,0.13833968847116823
source_b_repair_fm_moirai2_m5_rohlik_100,rohlik_top_volume_100_20260714,Rohlik,7,moirai2,5347,280,131796.05020141602,42168.224548339844,150.60080195835658,32.32363177632458,0.3199505939965323
source_b_repair_fm_moirai2_m5_rohlik_100,rohlik_top_volume_100_20260714,Rohlik,7,moirai2,5350,280,186111.16989898682,54254.062339782715,193.76450835636683,29.66095383187652,0.29151427272865726
source_b_repair_fm_moirai2_m5_rohlik_100,rohlik_top_volume_100_20260714,Rohlik,14,moirai2,80,280,65024.250061035156,11158.835266113281,39.85298309326172,17.11062599637047,0.1716103646814691
source_b_repair_fm_moirai2_m5_rohlik_100,rohlik_top_volume_100_20260714,Rohlik,14,moirai2,139,280,704992.3494262695,119576.8931274414,427.060332598005,16.547676374392253,0.16961445500047537
source_b_repair_fm_moirai2_m5_rohlik_100,rohlik_top_volume_100_20260714,Rohlik,14,moirai2,393,280,347206.3200683594,132304.4613647461,472.51593344552174,34.896032900234324,0.38105430033271703
source_b_repair_fm_moirai2_m5_rohlik_100,rohlik_top_volume_100_20260714,Rohlik,14,moirai2,394,280,239137.44957733154,108609.15964508057,387.88985587528776,44.21388487455668,0.45417043560949605
source_b_repair_fm_moirai2_m5_rohlik_100,rohlik_top_volume_100_20260714,Rohlik,14,moirai2,524,280,267690.19955444336,40267.00698852539,143.81073924473353,14.057430307094453,0.15042391187853632
source_b_repair_fm_moirai2_m5_rohlik_100,rohlik_top_volume_100_20260714,Rohlik,14,moirai2,525,280,531616.6622314453,80895.14660644531,288.9112378801618,14.607341018966352,0.1521681925222026
source_b_repair_fm_moirai2_m5_rohlik_100,rohlik_top_volume_100_20260714,Rohlik,14,moirai2,526,280,338197.9295654297,49230.762451171875,175.82415161132812,14.667958972248135,0.14556790017736468
source_b_repair_fm_moirai2_m5_rohlik_100,rohlik_top_volume_100_20260714,Rohlik,14,moirai2,539,280,193128.92993927002,30930.434043884277,110.46583587101527,16.392247699311095,0.16015432826977524
source_b_repair_fm_moirai2_m5_rohlik_100,rohlik_top_volume_100_20260714,Rohlik,14,moirai2,619,280,111035.18016052246,82550.5924987793,294.8235446384975,115.47652249888138,0.7434633994328349
source_b_repair_fm_moirai2_m5_rohlik_100,rohlik_top_volume_100_20260714,Rohlik,14,moirai2,652,280,906449.6130943298,274421.67499160767,980.0774106843131,30.440956010196434,0.3027434410334399
source_b_repair_fm_moirai2_m5_rohlik_100,rohlik_top_volume_100_20260714,Rohlik,14,moirai2,653,280,742757.7571563721,265844.504196167,949.4446578434536,36.55207944003559,0.35791548675835505
source_b_repair_fm_moirai2_m5_rohlik_100,rohlik_top_volume_100_20260714,Rohlik,14,moirai2,654,280,465967.79803466797,139735.1704711914,499.054180254255,30.05370121376568,0.2998816035368932
source_b_repair_fm_moirai2_m5_rohlik_100,rohlik_top_volume_100_20260714,Rohlik,14,moirai2,655,280,569343.7183532715,173076.2844543457,618.1295873369489,30.730405909052028,0.3039926126785749
source_b_repair_fm_moirai2_m5_rohlik_100,rohlik_top_volume_100_20260714,Rohlik,14,moirai2,888,280,161351.10961914062,48737.828857421875,174.0636744907924,34.90503738735472,0.30206069838914973
source_b_repair_fm_moirai2_m5_rohlik_100,rohlik_top_volume_100_20260714,Rohlik,14,moirai2,890,280,151037.71043395996,47579.97471618652,169.92848112923758,46.1410966650449,0.31502049772523855
source_b_repair_fm_moirai2_m5_rohlik_100,rohlik_top_volume_100_20260714,Rohlik,14,moirai2,912,280,138695.33001708984,59783.01887512207,213.51078169686454,45.29386767715278,0.43103844136464936
source_b_repair_fm_moirai2_m5_rohlik_100,rohlik_top_volume_100_20260714,Rohlik,14,moirai2,1032,280,313453.1592102051,39544.09133911133,141.2288976396833,13.496587202185339,0.12615630175414067
source_b_repair_fm_moirai2_m5_rohlik_100,rohlik_top_volume_100_20260714,Rohlik,14,moirai2,1266,280,151124.2797088623,23005.184677124023,82.16137384687151,14.39130389385673,0.152226926880598
source_b_repair_fm_moirai2_m5_rohlik_100,rohlik_top_volume_100_20260714,Rohlik,14,moirai2,1269,280,140353.15000152588,19107.211235046387,68.24004012516566,13.82147513412838,0.1361366754849368
source_b_repair_fm_moirai2_m5_rohlik_100,rohlik_top_volume_100_20260714,Rohlik,14,moirai2,1270,280,132543.56005859375,31418.879806518555,112.21028502328055,22.674854089533923,0.2370456911873286
source_b_repair_fm_moirai2_m5_rohlik_100,rohlik_top_volume_100_20260714,Rohlik,14,moirai2,1391,280,221225.1198425293,30675.656036376953,109.55591441563197,13.885848508720708,0.13866262591794393
source_b_repair_fm_moirai2_m5_rohlik_100,rohlik_top_volume_100_20260714,Rohlik,14,moirai2,1405,280,126042.9401473999,45707.76621246338,163.2420221873692,32.44897987387068,0.36263646467633015
source_b_repair_fm_moirai2_m5_rohlik_100,rohlik_top_volume_100_20260714,Rohlik,14,moirai2,1408,280,207613.20947265625,64142.6301574707,229.0808219909668,27.148758185689424,0.3089525484452309
source_b_repair_fm_moirai2_m5_rohlik_100,rohlik_top_volume_100_20260714,Rohlik,14,moirai2,1413,280,289053.51054000854,63157.30629348755,225.56180819102696,22.385334628250988,0.21849693565560693
source_b_repair_fm_moirai2_m5_rohlik_100,rohlik_top_volume_100_20260714,Rohlik,14,moirai2,1640,280,120672.08973693848,32410.234970092773,115.75083917890277,26.511178474522907,0.26858103676455847
source_b_repair_fm_moirai2_m5_rohlik_100,rohlik_top_volume_100_20260714,Rohlik,14,moirai2,1671,280,141476.37020874023,38492.956115722656,137.47484327043807,28.44034073745535,0.27208046162711497
source_b_repair_fm_moirai2_m5_rohlik_100,rohlik_top_volume_100_20260714,Rohlik,14,moirai2,1672,280,151003.13999176025,34232.72695159912,122.259739112854,22.189664430732474,0.22670208681400325
source_b_repair_fm_moirai2_m5_rohlik_100,rohlik_top_volume_100_20260714,Rohlik,14,moirai2,1925,280,145504.06002807617,29563.229553222656,105.58296269008092,127.73212578255368,0.20317803879505628
source_b_repair_fm_moirai2_m5_rohlik_100,rohlik_top_volume_100_20260714,Rohlik,14,moirai2,1927,280,138158.75009334087,21058.226499676704,75.20795178455965,40.71241747987342,0.15242050529155513
source_b_repair_fm_moirai2_m5_rohlik_100,rohlik_top_volume_100_20260714,Rohlik,14,moirai2,2127,280,224514.65948486328,96056.3549194336,343.05841042654856,39.20346236429697,0.42784001338634053
source_b_repair_fm_moirai2_m5_rohlik_100,rohlik_top_volume_100_20260714,Rohlik,14,moirai2,2129,280,201146.12992095947,102557.28670501709,366.2760239464896,50.75784734379961,0.5098645782810589
source_b_repair_fm_moirai2_m5_rohlik_100,rohlik_top_volume_100_20260714,Rohlik,14,moirai2,2159,280,205632.91958618164,27391.302642822266,97.82608086722237,13.88477009580178,0.13320485211193267
source_b_repair_fm_moirai2_m5_rohlik_100,rohlik_top_volume_100_20260714,Rohlik,14,moirai2,2160,280,155848.88995361328,20122.55581665039,71.8662707737514,13.451648689912313,0.12911581097972305
source_b_repair_fm_moirai2_m5_rohlik_100,rohlik_top_volume_100_20260714,Rohlik,14,moirai2,2161,280,119318.8002319336,15218.717529296875,54.35256260463169,13.270667089819499,0.1275466858509683
source_b_repair_fm_moirai2_m5_rohlik_100,rohlik_top_volume_100_20260714,Rohlik,14,moirai2,2216,280,279236.34016418457,33785.26463317871,120.66165940420969,12.67453870664969,0.12099164676529477
source_b_repair_fm_moirai2_m5_rohlik_100,rohlik_top_volume_100_20260714,Rohlik,14,moirai2,2217,280,274926.85957336426,29046.486923217773,103.73745329720633,10.899551831782219,0.10565168848286617
source_b_repair_fm_moirai2_m5_rohlik_100,rohlik_top_volume_100_20260714,Rohlik,14,moirai2,2218,280,126590.24021148682,14130.163414001465,50.46486933571952,11.626598559156303,0.11162127025270699
source_b_repair_fm_moirai2_m5_rohlik_100,rohlik_top_volume_100_20260714,Rohlik,14,moirai2,2274,280,151934.1999359131,50309.184494018555,179.6756589072091,44.52310731351711,0.33112481926544074
source_b_repair_fm_moirai2_m5_rohlik_100,rohlik_top_volume_100_20260714,Rohlik,14,moirai2,2275,280,108671.41033172607,36817.13927459717,131.48978312356132,48.615973670965,0.3387932406712181
source_b_repair_fm_moirai2_m5_rohlik_100,rohlik_top_volume_100_20260714,Rohlik,14,moirai2,2325,280,218676.69919586182,43462.548027038574,155.22338581085205,21.283582996610235,0.19875253370323898
source_b_repair_fm_moirai2_m5_rohlik_100,rohlik_top_volume_100_20260714,Rohlik,14,moirai2,2467,280,124018.61987304688,38727.880432128906,138.31385868617465,69.47665168848616,0.31227472513218707
source_b_repair_fm_moirai2_m5_rohlik_100,rohlik_top_volume_100_20260714,Rohlik,14,moirai2,2468,280,207317.14988708496,117020.20779418945,417.9293135506766,73.75851072378552,0.5644502051949121
source_b_repair_fm_moirai2_m5_rohlik_100,rohlik_top_volume_100_20260714,Rohlik,14,moirai2,2470,280,261642.5806427002,131490.13499450684,469.60762498038156,63.61393726208705,0.5025563295986218
source_b_repair_fm_moirai2_m5_rohlik_100,rohlik_top_volume_100_20260714,Rohlik,14,moirai2,2560,280,273117.1798400879,58496.834381103516,208.91726564679826,21.329401255518842,0.2141821851534709
source_b_repair_fm_moirai2_m5_rohlik_100,rohlik_top_volume_100_20260714,Rohlik,14,moirai2,2561,280,551515.4985351562,121374.89562988281,433.48177010672435,22.79006497265074,0.22007522173403762
source_b_repair_fm_moirai2_m5_rohlik_100,rohlik_top_volume_100_20260714,Rohlik,14,moirai2,2562,280,501021.64096069336,99396.00503540039,354.9857322692871,19.988278390253647,0.19838665021497207
source_b_repair_fm_moirai2_m5_rohlik_100,rohlik_top_volume_100_20260714,Rohlik,14,moirai2,2563,280,249795.21975708008,52940.85397338867,189.07447847638812,21.66631933725506,0.2119370179496325
source_b_repair_fm_moirai2_m5_rohlik_100,rohlik_top_volume_100_20260714,Rohlik,14,moirai2,2565,280,173654.3897781372,46439.87438201904,165.85669422149658,23.890743001995233,0.26742701086538123
source_b_repair_fm_moirai2_m5_rohlik_100,rohlik_top_volume_100_20260714,Rohlik,14,moirai2,2566,280,138404.21014404297,45242.48010253906,161.58028608049665,29.12302049199189,0.3268865886048795
source_b_repair_fm_moirai2_m5_rohlik_100,rohlik_top_volume_100_20260714,Rohlik,14,moirai2,2694,280,220327.10961914062,29074.148559570312,103.83624485560826,14.104273713378879,0.1319590158915448
source_b_repair_fm_moirai2_m5_rohlik_100,rohlik_top_volume_100_20260714,Rohlik,14,moirai2,2840,280,275601.7402648926,60526.32632446289,216.16545115879603,22.16783765484333,0.2196151819153553
source_b_repair_fm_moirai2_m5_rohlik_100,rohlik_top_volume_100_20260714,Rohlik,14,moirai2,2935,280,193093.2696838379,40258.129974365234,143.77903562273298,20.324668308322007,0.20849059131000297
source_b_repair_fm_moirai2_m5_rohlik_100,rohlik_top_volume_100_20260714,Rohlik,14,moirai2,2936,280,169590.96995544434,24585.990310668945,87.80710825238909,14.592042173565748,0.14497228429749698
source_b_repair_fm_moirai2_m5_rohlik_100,rohlik_top_volume_100_20260714,Rohlik,14,moirai2,2937,280,280813.5494995117,41261.43182373047,147.3622565133231,14.746732182422301,0.146935330924273
source_b_repair_fm_moirai2_m5_rohlik_100,rohlik_top_volume_100_20260714,Rohlik,14,moirai2,2938,280,168716.07014465332,21633.28923034668,77.26174725123815,12.990738286088163,0.1282230507846632
source_b_repair_fm_moirai2_m5_rohlik_100,rohlik_top_volume_100_20260714,Rohlik,14,moirai2,3144,280,503970.9108886719,49719.54406738281,177.5698002406529,10.147926384700176,0.0986555830766311
source_b_repair_fm_moirai2_m5_rohlik_100,rohlik_top_volume_100_20260714,Rohlik,14,moirai2,3145,280,338092.6397705078,31459.747985839844,112.35624280657088,9.583198046562687,0.0930506739430774
source_b_repair_fm_moirai2_m5_rohlik_100,rohlik_top_volume_100_20260714,Rohlik,14,moirai2,3146,280,0.0,6.00372885983802e-05,2.1441888785135787e-07,200.0,
source_b_repair_fm_moirai2_m5_rohlik_100,rohlik_top_volume_100_20260714,Rohlik,14,moirai2,3147,280,297310.9501647949,31118.299285888672,111.13678316388811,10.704172098460667,0.10466583645385504
source_b_repair_fm_moirai2_m5_rohlik_100,rohlik_top_volume_100_20260714,Rohlik,14,moirai2,3152,280,129612.94994354248,53186.95334625244,189.95340480804444,40.59518280399497,0.4103521551621185
source_b_repair_fm_moirai2_m5_rohlik_100,rohlik_top_volume_100_20260714,Rohlik,14,moirai2,3155,280,105009.38983726501,52062.83594703674,185.93869981084552,53.96090609750925,0.49579219560954957
source_b_repair_fm_moirai2_m5_rohlik_100,rohlik_top_volume_100_20260714,Rohlik,14,moirai2,3184,280,248360.49018859863,29806.296493530273,106.45105890546526,12.936960170915167,0.12001223089427844
source_b_repair_fm_moirai2_m5_rohlik_100,rohlik_top_volume_100_20260714,Rohlik,14,moirai2,3224,280,81147.24968624115,44921.29915714264,160.43321127550942,60.61839878395219,0.5535775929662744
source_b_repair_fm_moirai2_m5_rohlik_100,rohlik_top_volume_100_20260714,Rohlik,14,moirai2,3225,280,75168.05016422272,47761.09812450409,170.57535044465746,90.63942966016101,0.6353909409670526
source_b_repair_fm_moirai2_m5_rohlik_100,rohlik_top_volume_100_20260714,Rohlik,14,moirai2,3336,280,575708.1196289062,56406.26599121094,201.4509499686105,9.967249541664023,0.09797719376890092
source_b_repair_fm_moirai2_m5_rohlik_100,rohlik_top_volume_100_20260714,Rohlik,14,moirai2,3456,280,256175.78985595703,29435.027709960938,105.1250989641462,12.536244897740803,0.11490167640943633
source_b_repair_fm_moirai2_m5_rohlik_100,rohlik_top_volume_100_20260714,Rohlik,14,moirai2,3616,280,318439.2596435547,41197.29913330078,147.13321119035993,13.303021727382761,0.1293725502923698
source_b_repair_fm_moirai2_m5_rohlik_100,rohlik_top_volume_100_20260714,Rohlik,14,moirai2,3617,280,187647.49993896484,22628.765014648438,80.8170179094587,12.438720308622123,0.12059188117085909
source_b_repair_fm_moirai2_m5_rohlik_100,rohlik_top_volume_100_20260714,Rohlik,14,moirai2,3618,280,151499.94006347656,17764.709686279297,63.44539173671178,12.115932502464362,0.1172588562004454
source_b_repair_fm_moirai2_m5_rohlik_100,rohlik_top_volume_100_20260714,Rohlik,14,moirai2,3685,280,112072.23987579346,25716.38893890381,91.84424621037074,25.10654293171926,0.2294626123954029
source_b_repair_fm_moirai2_m5_rohlik_100,rohlik_top_volume_100_20260714,Rohlik,14,moirai2,3686,280,139290.15993404388,27755.218209266663,99.1257793188095,20.32450075159804,0.19926187336140042
source_b_repair_fm_moirai2_m5_rohlik_100,rohlik_top_volume_100_20260714,Rohlik,14,moirai2,3871,280,143374.5302658081,29870.285682678223,106.67959172385079,19.101132672993185,0.2083374615233294
source_b_repair_fm_moirai2_m5_rohlik_100,rohlik_top_volume_100_20260714,Rohlik,14,moirai2,4172,280,260753.42961120605,57963.84800720215,207.01374288286482,77.68490303395437,0.22229371285213237
source_b_repair_fm_moirai2_m5_rohlik_100,rohlik_top_volume_100_20260714,Rohlik,14,moirai2,4227,280,112724.54960632324,37456.305725097656,133.77252044677735,38.17617719463576,0.33228170665493223
source_b_repair_fm_moirai2_m5_rohlik_100,rohlik_top_volume_100_20260714,Rohlik,14,moirai2,4228,280,206421.50966644287,72570.05884552002,259.1787815911429,42.4600999049644,0.35156248475648777
source_b_repair_fm_moirai2_m5_rohlik_100,rohlik_top_volume_100_20260714,Rohlik,14,moirai2,4229,280,121289.81995391846,42890.520668029785,153.18043095724923,43.50935473366374,0.35362011984456027
source_b_repair_fm_moirai2_m5_rohlik_100,rohlik_top_volume_100_20260714,Rohlik,14,moirai2,4230,280,193655.57107543945,82154.59655761719,293.40927342006137,50.29344299711658,0.4242304835403546
source_b_repair_fm_moirai2_m5_rohlik_100,rohlik_top_volume_100_20260714,Rohlik,14,moirai2,4523,280,171175.77983093262,15598.58235168457,55.70922268458775,9.207660493556723,0.09112610655018498
source_b_repair_fm_moirai2_m5_rohlik_100,rohlik_top_volume_100_20260714,Rohlik,14,moirai2,4720,280,4037897.0986328125,393696.4150390625,1406.0586251395089,10.100910839203724,0.0975003585832744
source_b_repair_fm_moirai2_m5_rohlik_100,rohlik_top_volume_100_20260714,Rohlik,14,moirai2,4793,280,575034.4410400391,92134.416015625,329.0514857700893,15.902277202909032,0.16022416996273406
source_b_repair_fm_moirai2_m5_rohlik_100,rohlik_top_volume_100_20260714,Rohlik,14,moirai2,4877,280,279479.92053222656,31332.089416503906,111.90031934465681,11.777210584442448,0.11210855276055881
source_b_repair_fm_moirai2_m5_rohlik_100,rohlik_top_volume_100_20260714,Rohlik,14,moirai2,4878,280,173437.76989746094,25888.658477783203,92.45949456351144,15.253096641763115,0.14926770848753979
source_b_repair_fm_moirai2_m5_rohlik_100,rohlik_top_volume_100_20260714,Rohlik,14,moirai2,4879,280,637516.419921875,73949.25317382812,264.10447562081475,12.215269961240313,0.11599584083322952
source_b_repair_fm_moirai2_m5_rohlik_100,rohlik_top_volume_100_20260714,Rohlik,14,moirai2,4883,280,1313540.4802246094,141951.55395507812,506.96983555385043,10.849338068320645,0.10806789443657272
source_b_repair_fm_moirai2_m5_rohlik_100,rohlik_top_volume_100_20260714,Rohlik,14,moirai2,4884,280,1460296.7197265625,163204.17846679688,582.872065952846,11.043063778812996,0.11176097039878068
source_b_repair_fm_moirai2_m5_rohlik_100,rohlik_top_volume_100_20260714,Rohlik,14,moirai2,4885,280,2587560.158203125,285857.43701171875,1020.9194178989956,10.83713048660637,0.11047373569479685
source_b_repair_fm_moirai2_m5_rohlik_100,rohlik_top_volume_100_20260714,Rohlik,14,moirai2,4965,280,209354.80053710938,56668.612731933594,202.38790261404856,23.88459057487676,0.27068217488468216
source_b_repair_fm_moirai2_m5_rohlik_100,rohlik_top_volume_100_20260714,Rohlik,14,moirai2,4966,280,114273.84986877441,30342.076278686523,108.36455813816616,22.990811999890337,0.2655207321143869
source_b_repair_fm_moirai2_m5_rohlik_100,rohlik_top_volume_100_20260714,Rohlik,14,moirai2,4967,280,217679.2293624878,67338.5884475708,240.4949587413243,28.941802385312638,0.30934778961127246
source_b_repair_fm_moirai2_m5_rohlik_100,rohlik_top_volume_100_20260714,Rohlik,14,moirai2,4968,280,132231.52013397217,38896.33005523682,138.91546448298863,25.774065790548807,0.29415323983138414
source_b_repair_fm_moirai2_m5_rohlik_100,rohlik_top_volume_100_20260714,Rohlik,14,moirai2,5164,280,145507.20980644226,49910.09945869446,178.25035520962305,44.06704174479453,0.34300774185063587
source_b_repair_fm_moirai2_m5_rohlik_100,rohlik_top_volume_100_20260714,Rohlik,14,moirai2,5166,280,112630.67004394531,46405.55242919922,165.73411581856863,53.67507089020764,0.41201523893174996
source_b_repair_fm_moirai2_m5_rohlik_100,rohlik_top_volume_100_20260714,Rohlik,14,moirai2,5277,280,151712.34029006958,52598.70237350464,187.85250847680229,33.43309303396303,0.34670022407496615
source_b_repair_fm_moirai2_m5_rohlik_100,rohlik_top_volume_100_20260714,Rohlik,14,moirai2,5278,280,174989.42964935303,55992.62815093994,199.97367196764264,33.55745633730722,0.3199772024123913
source_b_repair_fm_moirai2_m5_rohlik_100,rohlik_top_volume_100_20260714,Rohlik,14,moirai2,5293,280,239707.89004516602,37272.35336303711,133.11554772513253,14.923150557837628,0.15549072396413072
source_b_repair_fm_moirai2_m5_rohlik_100,rohlik_top_volume_100_20260714,Rohlik,14,moirai2,5294,280,224627.77935791016,43340.90771484375,154.78895612444197,17.759237372397735,0.19294544886092033
source_b_repair_fm_moirai2_m5_rohlik_100,rohlik_top_volume_100_20260714,Rohlik,14,moirai2,5295,280,163282.1696624756,18727.800338745117,66.88500120980399,11.361504264702866,0.11469593022592604
source_b_repair_fm_moirai2_m5_rohlik_100,rohlik_top_volume_100_20260714,Rohlik,14,moirai2,5296,280,156334.580368042,22422.580001831055,80.08064286368234,13.84944693997313,0.1434268729864112
source_b_repair_fm_moirai2_m5_rohlik_100,rohlik_top_volume_100_20260714,Rohlik,14,moirai2,5347,280,131796.05020141602,42333.45816040039,151.19092200142995,32.36788829521949,0.32120430085503093
source_b_repair_fm_moirai2_m5_rohlik_100,rohlik_top_volume_100_20260714,Rohlik,14,moirai2,5350,280,186111.16989898682,53217.52242279053,190.06258008139474,29.402295244739186,0.2859448062772091
source_b_repair_fm_moirai2_m5_rohlik_100,rohlik_top_volume_100_20260714,Rohlik,28,moirai2,80,280,65024.250061035156,11095.76692199707,39.62773900713239,17.015921119927484,0.1706404443201114
source_b_repair_fm_moirai2_m5_rohlik_100,rohlik_top_volume_100_20260714,Rohlik,28,moirai2,139,280,704992.3494262695,121265.98602294922,433.0928072248186,17.040534354810845,0.17201035744804435
source_b_repair_fm_moirai2_m5_rohlik_100,rohlik_top_volume_100_20260714,Rohlik,28,moirai2,393,280,347206.3200683594,134298.2163696289,479.63648703438895,35.29308497404436,0.3867965777327663
source_b_repair_fm_moirai2_m5_rohlik_100,rohlik_top_volume_100_20260714,Rohlik,28,moirai2,394,280,239137.44957733154,110389.5193862915,394.24828352246965,44.20929789250459,0.4616153579516791
source_b_repair_fm_moirai2_m5_rohlik_100,rohlik_top_volume_100_20260714,Rohlik,28,moirai2,524,280,267690.19955444336,51172.24240112305,182.75800857543945,17.10349245107295,0.19116218108207408
source_b_repair_fm_moirai2_m5_rohlik_100,rohlik_top_volume_100_20260714,Rohlik,28,moirai2,525,280,531616.6622314453,97324.71606445312,347.5882716587612,17.173736270172334,0.18307311071841784
source_b_repair_fm_moirai2_m5_rohlik_100,rohlik_top_volume_100_20260714,Rohlik,28,moirai2,526,280,338197.9295654297,60157.22595214844,214.84723554338728,17.912577620340564,0.17787579607435203
source_b_repair_fm_moirai2_m5_rohlik_100,rohlik_top_volume_100_20260714,Rohlik,28,moirai2,539,280,193128.92993927002,33544.96202850342,119.80343581608363,17.549040982907655,0.173692061769574
source_b_repair_fm_moirai2_m5_rohlik_100,rohlik_top_volume_100_20260714,Rohlik,28,moirai2,619,280,111035.18016052246,84997.07417297363,303.5609791891915,105.1985807493967,0.7654967916483245
source_b_repair_fm_moirai2_m5_rohlik_100,rohlik_top_volume_100_20260714,Rohlik,28,moirai2,652,280,906449.6130943298,256362.5355873108,915.5804842403957,28.58493298667961,0.2828205030748161
source_b_repair_fm_moirai2_m5_rohlik_100,rohlik_top_volume_100_20260714,Rohlik,28,moirai2,653,280,742757.7571563721,247784.97257995605,884.9463306427002,33.98478722712383,0.33360132585971786
source_b_repair_fm_moirai2_m5_rohlik_100,rohlik_top_volume_100_20260714,Rohlik,28,moirai2,654,280,465967.79803466797,129795.72918701172,463.55617566789897,27.85571277862632,0.27855085637775107
source_b_repair_fm_moirai2_m5_rohlik_100,rohlik_top_volume_100_20260714,Rohlik,28,moirai2,655,280,569343.7183532715,162392.10501098633,579.9718036106655,29.230599390312445,0.2852268318348668
source_b_repair_fm_moirai2_m5_rohlik_100,rohlik_top_volume_100_20260714,Rohlik,28,moirai2,888,280,161351.10961914062,49435.72659301758,176.5561664036342,36.29536388147985,0.3063860342188385
source_b_repair_fm_moirai2_m5_rohlik_100,rohlik_top_volume_100_20260714,Rohlik,28,moirai2,890,280,151037.71043395996,54912.101333618164,196.11464762006486,48.76829761050817,0.3635655041104986
source_b_repair_fm_moirai2_m5_rohlik_100,rohlik_top_volume_100_20260714,Rohlik,28,moirai2,912,280,138695.33001708984,57850.3420715332,206.60836454119,42.5009320030156,0.417103748658336
source_b_repair_fm_moirai2_m5_rohlik_100,rohlik_top_volume_100_20260714,Rohlik,28,moirai2,1032,280,313453.1592102051,42668.52780151367,152.38759929112027,14.469140826094115,0.1361240955714844
source_b_repair_fm_moirai2_m5_rohlik_100,rohlik_top_volume_100_20260714,Rohlik,28,moirai2,1266,280,151124.2797088623,24147.453353881836,86.24090483529227,15.127204270386185,0.159785399145666
source_b_repair_fm_moirai2_m5_rohlik_100,rohlik_top_volume_100_20260714,Rohlik,28,moirai2,1269,280,140353.15000152588,19256.71346282959,68.77397665296282,13.921507585235677,0.13720186160852277
source_b_repair_fm_moirai2_m5_rohlik_100,rohlik_top_volume_100_20260714,Rohlik,28,moirai2,1270,280,132543.56005859375,32185.382415771484,114.94779434204102,23.328249056983637,0.24282871534115455
source_b_repair_fm_moirai2_m5_rohlik_100,rohlik_top_volume_100_20260714,Rohlik,28,moirai2,1391,280,221225.1198425293,31247.673248291016,111.59883302961077,14.17305365689029,0.14124830521295903
source_b_repair_fm_moirai2_m5_rohlik_100,rohlik_top_volume_100_20260714,Rohlik,28,moirai2,1405,280,126042.9401473999,40427.251319885254,144.38304042816162,28.908859083491308,0.32074189377531126
source_b_repair_fm_moirai2_m5_rohlik_100,rohlik_top_volume_100_20260714,Rohlik,28,moirai2,1408,280,207613.20947265625,53760.73327636719,192.00261884416852,22.973296142795643,0.2589465931041722
source_b_repair_fm_moirai2_m5_rohlik_100,rohlik_top_volume_100_20260714,Rohlik,28,moirai2,1413,280,289053.51054000854,63026.651264190674,225.09518308639525,22.40171161461315,0.21804492582167417
source_b_repair_fm_moirai2_m5_rohlik_100,rohlik_top_volume_100_20260714,Rohlik,28,moirai2,1640,280,120672.08973693848,32051.70362854004,114.47037010192871,26.05015833342903,0.2656099160825986
source_b_repair_fm_moirai2_m5_rohlik_100,rohlik_top_volume_100_20260714,Rohlik,28,moirai2,1671,280,141476.37020874023,34603.82049560547,123.58507319859096,25.869911782818413,0.24459081360759768
source_b_repair_fm_moirai2_m5_rohlik_100,rohlik_top_volume_100_20260714,Rohlik,28,moirai2,1672,280,151003.13999176025,31579.71706390381,112.78470379965646,20.75543955149853,0.20913285025481596
source_b_repair_fm_moirai2_m5_rohlik_100,rohlik_top_volume_100_20260714,Rohlik,28,moirai2,1925,280,145504.06002807617,57684.75387573242,206.0169781276158,136.79357123938985,0.39644772705724973
source_b_repair_fm_moirai2_m5_rohlik_100,rohlik_top_volume_100_20260714,Rohlik,28,moirai2,1927,280,138158.75009334087,21929.395719647408,78.31927042731218,41.07997332895102,0.1587260720354793
source_b_repair_fm_moirai2_m5_rohlik_100,rohlik_top_volume_100_20260714,Rohlik,28,moirai2,2127,280,224514.65948486328,104005.61154174805,371.44861264910014,42.698430324823164,0.46324641687265894
source_b_repair_fm_moirai2_m5_rohlik_100,rohlik_top_volume_100_20260714,Rohlik,28,moirai2,2129,280,201146.12992095947,109865.6533126831,392.37733325958254,53.79395079423337,0.5461981960868693
source_b_repair_fm_moirai2_m5_rohlik_100,rohlik_top_volume_100_20260714,Rohlik,28,moirai2,2159,280,205632.91958618164,28199.989166259766,100.7142470223563,14.31226712909934,0.1371375226447681
source_b_repair_fm_moirai2_m5_rohlik_100,rohlik_top_volume_100_20260714,Rohlik,28,moirai2,2160,280,155848.88995361328,20913.38885498047,74.6906744820731,14.04817234016087,0.13419016883087914
source_b_repair_fm_moirai2_m5_rohlik_100,rohlik_top_volume_100_20260714,Rohlik,28,moirai2,2161,280,119318.8002319336,15995.799987792969,57.1278570992606,13.9097522770392,0.1340593431772705
source_b_repair_fm_moirai2_m5_rohlik_100,rohlik_top_volume_100_20260714,Rohlik,28,moirai2,2216,280,279236.34016418457,34498.07157897949,123.20739849635532,12.975460433245123,0.12354434798384557
source_b_repair_fm_moirai2_m5_rohlik_100,rohlik_top_volume_100_20260714,Rohlik,28,moirai2,2217,280,274926.85957336426,29717.37174987793,106.13347053527832,11.185512059457704,0.10809191868700573
source_b_repair_fm_moirai2_m5_rohlik_100,rohlik_top_volume_100_20260714,Rohlik,28,moirai2,2218,280,126590.24021148682,14569.163780212402,52.03272778647287,12.008411033850676,0.11508915502389887
source_b_repair_fm_moirai2_m5_rohlik_100,rohlik_top_volume_100_20260714,Rohlik,28,moirai2,2274,280,151934.1999359131,52739.421798706055,188.35507785252162,45.454871557102585,0.3471201468856381
source_b_repair_fm_moirai2_m5_rohlik_100,rohlik_top_volume_100_20260714,Rohlik,28,moirai2,2275,280,108671.41033172607,42423.84206390381,151.5137216567993,53.392355140108585,0.3903864128973983
source_b_repair_fm_moirai2_m5_rohlik_100,rohlik_top_volume_100_20260714,Rohlik,28,moirai2,2325,280,218676.69919586182,43211.20592498779,154.32573544638498,21.304916540652005,0.19760315609247825
source_b_repair_fm_moirai2_m5_rohlik_100,rohlik_top_volume_100_20260714,Rohlik,28,moirai2,2467,280,124018.61987304688,41922.81121826172,149.72432577950613,71.083699893953,0.338036427603988
source_b_repair_fm_moirai2_m5_rohlik_100,rohlik_top_volume_100_20260714,Rohlik,28,moirai2,2468,280,207317.14988708496,113876.75650024414,406.7027017865862,73.04368403000618,0.5492876810349119
source_b_repair_fm_moirai2_m5_rohlik_100,rohlik_top_volume_100_20260714,Rohlik,28,moirai2,2470,280,261642.5806427002,116580.3374786377,416.35834813799175,59.30745897328157,0.4455709662864093
source_b_repair_fm_moirai2_m5_rohlik_100,rohlik_top_volume_100_20260714,Rohlik,28,moirai2,2560,280,273117.1798400879,59861.86642456055,213.79238008771623,21.902632486511802,0.21918015724829212
source_b_repair_fm_moirai2_m5_rohlik_100,rohlik_top_volume_100_20260714,Rohlik,28,moirai2,2561,280,551515.4985351562,121120.7939453125,432.5742640904018,22.762371745990414,0.2196144882002653
source_b_repair_fm_moirai2_m5_rohlik_100,rohlik_top_volume_100_20260714,Rohlik,28,moirai2,2562,280,501021.64096069336,97487.54336547852,348.16979773385185,19.659043275577854,0.19457751002241977
source_b_repair_fm_moirai2_m5_rohlik_100,rohlik_top_volume_100_20260714,Rohlik,28,moirai2,2563,280,249795.21975708008,52699.146881103516,188.21123886108398,21.559462238597423,0.21096939698186454
source_b_repair_fm_moirai2_m5_rohlik_100,rohlik_top_volume_100_20260714,Rohlik,28,moirai2,2565,280,173654.3897781372,49280.46709442139,176.00166819436208,26.104846249738493,0.2837847471485326
source_b_repair_fm_moirai2_m5_rohlik_100,rohlik_top_volume_100_20260714,Rohlik,28,moirai2,2566,280,138404.21014404297,46078.75437927246,164.56697992597307,30.19465306763272,0.33292884899466857
source_b_repair_fm_moirai2_m5_rohlik_100,rohlik_top_volume_100_20260714,Rohlik,28,moirai2,2694,280,220327.10961914062,28922.607299804688,103.29502607073103,14.040513935758861,0.13127121464898514
source_b_repair_fm_moirai2_m5_rohlik_100,rohlik_top_volume_100_20260714,Rohlik,28,moirai2,2840,280,275601.7402648926,61363.38082885742,219.15493153163365,22.487145808056468,0.22265237066311142
source_b_repair_fm_moirai2_m5_rohlik_100,rohlik_top_volume_100_20260714,Rohlik,28,moirai2,2935,280,193093.2696838379,47406.691802978516,169.30961358206613,23.963142036005372,0.24551188076415129
source_b_repair_fm_moirai2_m5_rohlik_100,rohlik_top_volume_100_20260714,Rohlik,28,moirai2,2936,280,169590.96995544434,27192.996994018555,97.11784640720913,16.030250340095684,0.16034460443951004
source_b_repair_fm_moirai2_m5_rohlik_100,rohlik_top_volume_100_20260714,Rohlik,28,moirai2,2937,280,280813.5494995117,44860.760803222656,160.21700286865234,16.063049662217693,0.15975283558495335
source_b_repair_fm_moirai2_m5_rohlik_100,rohlik_top_volume_100_20260714,Rohlik,28,moirai2,2938,280,168716.07014465332,22695.057022094727,81.05377507890974,13.625094400928624,0.13451627342099956
source_b_repair_fm_moirai2_m5_rohlik_100,rohlik_top_volume_100_20260714,Rohlik,28,moirai2,3144,280,503970.9108886719,52867.573486328125,188.81276245117186,10.80228086407459,0.10490203371679654
source_b_repair_fm_moirai2_m5_rohlik_100,rohlik_top_volume_100_20260714,Rohlik,28,moirai2,3145,280,338092.6397705078,34118.16833496094,121.85060119628906,10.413970236832183,0.10091366779862418
source_b_repair_fm_moirai2_m5_rohlik_100,rohlik_top_volume_100_20260714,Rohlik,28,moirai2,3146,280,0.0,4.906483398903205e-05,1.7523154996082875e-07,200.0,
source_b_repair_fm_moirai2_m5_rohlik_100,rohlik_top_volume_100_20260714,Rohlik,28,moirai2,3147,280,297310.9501647949,32374.060028076172,115.6216429574149,11.139349318149012,0.10888956498282934
source_b_repair_fm_moirai2_m5_rohlik_100,rohlik_top_volume_100_20260714,Rohlik,28,moirai2,3152,280,129612.94994354248,52156.51120758057,186.27325431278774,39.26225623967113,0.40240200713199714
source_b_repair_fm_moirai2_m5_rohlik_100,rohlik_top_volume_100_20260714,Rohlik,28,moirai2,3155,280,105009.38983726501,51769.41871070862,184.89078110967364,50.63006610926701,0.49299799561674096
source_b_repair_fm_moirai2_m5_rohlik_100,rohlik_top_volume_100_20260714,Rohlik,28,moirai2,3184,280,248360.49018859863,32208.360153198242,115.02985768999372,14.0657481110567,0.1296839128024753
source_b_repair_fm_moirai2_m5_rohlik_100,rohlik_top_volume_100_20260714,Rohlik,28,moirai2,3224,280,81147.24968624115,46827.24292087555,167.24015328884124,62.81502673419045,0.5770650650753392
source_b_repair_fm_moirai2_m5_rohlik_100,rohlik_top_volume_100_20260714,Rohlik,28,moirai2,3225,280,75168.05016422272,51504.85608959198,183.94591460568563,99.41974647556053,0.6851961169282323
source_b_repair_fm_moirai2_m5_rohlik_100,rohlik_top_volume_100_20260714,Rohlik,28,moirai2,3336,280,575708.1196289062,60766.909423828125,217.02467651367186,10.765267785101887,0.1055515935106103
source_b_repair_fm_moirai2_m5_rohlik_100,rohlik_top_volume_100_20260714,Rohlik,28,moirai2,3456,280,256175.78985595703,30818.375427246094,110.06562652587891,13.19827533840704,0.12030167036695663
source_b_repair_fm_moirai2_m5_rohlik_100,rohlik_top_volume_100_20260714,Rohlik,28,moirai2,3616,280,318439.2596435547,43560.0673828125,155.57166922433035,14.027923988005083,0.1367923899571036
source_b_repair_fm_moirai2_m5_rohlik_100,rohlik_top_volume_100_20260714,Rohlik,28,moirai2,3617,280,187647.49993896484,23411.955505371094,83.61412680489677,12.897398408554261,0.12476561378641433
source_b_repair_fm_moirai2_m5_rohlik_100,rohlik_top_volume_100_20260714,Rohlik,28,moirai2,3618,280,151499.94006347656,18226.72817993164,65.09545778547015,12.424591213435637,0.12030848442774876
source_b_repair_fm_moirai2_m5_rohlik_100,rohlik_top_volume_100_20260714,Rohlik,28,moirai2,3685,280,112072.23987579346,26682.87895965576,95.29599628448486,26.449107891118267,0.23808642523097293
source_b_repair_fm_moirai2_m5_rohlik_100,rohlik_top_volume_100_20260714,Rohlik,28,moirai2,3686,280,139290.15993404388,28415.504647254944,101.48394516876766,20.8567265681915,0.2040022400771895
source_b_repair_fm_moirai2_m5_rohlik_100,rohlik_top_volume_100_20260714,Rohlik,28,moirai2,3871,280,143374.5302658081,33835.81546783447,120.84219809940883,21.94601126229682,0.2359959987670392
source_b_repair_fm_moirai2_m5_rohlik_100,rohlik_top_volume_100_20260714,Rohlik,28,moirai2,4172,280,260753.42961120605,86023.80323791504,307.22786870683944,87.4202692898243,0.3299047815638706
source_b_repair_fm_moirai2_m5_rohlik_100,rohlik_top_volume_100_20260714,Rohlik,28,moirai2,4227,280,112724.54960632324,41441.70916748047,148.0061041695731,42.785898955140496,0.3676369460974614
source_b_repair_fm_moirai2_m5_rohlik_100,rohlik_top_volume_100_20260714,Rohlik,28,moirai2,4228,280,206421.50966644287,80966.3625869751,289.1655806677682,52.74453381637232,0.3922380120066406
source_b_repair_fm_moirai2_m5_rohlik_100,rohlik_top_volume_100_20260714,Rohlik,28,moirai2,4229,280,121289.81995391846,47586.63457489014,169.95226633889334,54.18900968776502,0.39233824069464107
source_b_repair_fm_moirai2_m5_rohlik_100,rohlik_top_volume_100_20260714,Rohlik,28,moirai2,4230,280,193655.57107543945,93487.18817138672,333.88281489780974,59.48481303799341,0.4827497998235658
source_b_repair_fm_moirai2_m5_rohlik_100,rohlik_top_volume_100_20260714,Rohlik,28,moirai2,4523,280,171175.77983093262,15795.969589233398,56.41417710440499,9.338431907655337,0.09227923252246788
source_b_repair_fm_moirai2_m5_rohlik_100,rohlik_top_volume_100_20260714,Rohlik,28,moirai2,4720,280,4037897.0986328125,436349.9365234375,1558.3926304408483,11.227994647007545,0.10806365934168574
source_b_repair_fm_moirai2_m5_rohlik_100,rohlik_top_volume_100_20260714,Rohlik,28,moirai2,4793,280,575034.4410400391,85026.42858886719,303.6658163888114,14.91733994319761,0.1478631930899368
source_b_repair_fm_moirai2_m5_rohlik_100,rohlik_top_volume_100_20260714,Rohlik,28,moirai2,4877,280,279479.92053222656,34459.65734863281,123.07020481654575,12.893238761655338,0.12329922408382574
source_b_repair_fm_moirai2_m5_rohlik_100,rohlik_top_volume_100_20260714,Rohlik,28,moirai2,4878,280,173437.76989746094,27089.289489746094,96.74746246337891,16.215289632724133,0.15619025490100394
source_b_repair_fm_moirai2_m5_rohlik_100,rohlik_top_volume_100_20260714,Rohlik,28,moirai2,4879,280,637516.419921875,80808.22399902344,288.60079999651225,13.352705880351945,0.12675473364109768
source_b_repair_fm_moirai2_m5_rohlik_100,rohlik_top_volume_100_20260714,Rohlik,28,moirai2,4883,280,1313540.4802246094,157311.86376953125,561.828084891183,11.978890435160398,0.119761717387371
source_b_repair_fm_moirai2_m5_rohlik_100,rohlik_top_volume_100_20260714,Rohlik,28,moirai2,4884,280,1460296.7197265625,180646.72265625,645.1668666294643,12.361684638658943,0.12370549095671167
source_b_repair_fm_moirai2_m5_rohlik_100,rohlik_top_volume_100_20260714,Rohlik,28,moirai2,4885,280,2587560.158203125,311616.50732421875,1112.9160975864954,11.914818217674416,0.1204287005024123
source_b_repair_fm_moirai2_m5_rohlik_100,rohlik_top_volume_100_20260714,Rohlik,28,moirai2,4965,280,209354.80053710938,59192.781646728516,211.40279159545898,25.143302863688337,0.28273907020458433
source_b_repair_fm_moirai2_m5_rohlik_100,rohlik_top_volume_100_20260714,Rohlik,28,moirai2,4966,280,114273.84986877441,31427.04327392578,112.23944026402064,24.034350192690198,0.275015178975897
source_b_repair_fm_moirai2_m5_rohlik_100,rohlik_top_volume_100_20260714,Rohlik,28,moirai2,4967,280,217679.2293624878,67790.29071807861,242.10818113599504,29.00250350230074,0.3114228717026172
source_b_repair_fm_moirai2_m5_rohlik_100,rohlik_top_volume_100_20260714,Rohlik,28,moirai2,4968,280,132231.52013397217,41397.29187774658,147.84747099195206,28.02058513616948,0.3130667471402004
source_b_repair_fm_moirai2_m5_rohlik_100,rohlik_top_volume_100_20260714,Rohlik,28,moirai2,5164,280,145507.20980644226,52941.256731033325,189.0759168965476,49.77411974512713,0.363839405631221
source_b_repair_fm_moirai2_m5_rohlik_100,rohlik_top_volume_100_20260714,Rohlik,28,moirai2,5166,280,112630.67004394531,50440.49334716797,180.14461909702845,62.14668789561907,0.44783976982013435
source_b_repair_fm_moirai2_m5_rohlik_100,rohlik_top_volume_100_20260714,Rohlik,28,moirai2,5277,280,151712.34029006958,49303.707317352295,176.08466899054392,31.19445391136944,0.32498152241989703
source_b_repair_fm_moirai2_m5_rohlik_100,rohlik_top_volume_100_20260714,Rohlik,28,moirai2,5278,280,174989.42964935303,54406.699531555176,194.30964118412564,32.92905992585751,0.3109142057356053
source_b_repair_fm_moirai2_m5_rohlik_100,rohlik_top_volume_100_20260714,Rohlik,28,moirai2,5293,280,239707.89004516602,38010.062896728516,135.75022463117327,15.32299830212346,0.15856825943262284
source_b_repair_fm_moirai2_m5_rohlik_100,rohlik_top_volume_100_20260714,Rohlik,28,moirai2,5294,280,224627.77935791016,45353.32214355469,161.9761505126953,18.684096896834863,0.20190433379698366
source_b_repair_fm_moirai2_m5_rohlik_100,rohlik_top_volume_100_20260714,Rohlik,28,moirai2,5295,280,163282.1696624756,18942.431930541992,67.65154260907855,11.537106240216966,0.11601041295383531
source_b_repair_fm_moirai2_m5_rohlik_100,rohlik_top_volume_100_20260714,Rohlik,28,moirai2,5296,280,156334.580368042,23352.967666625977,83.40345595223563,14.488496159441025,0.14937813253886983
source_b_repair_fm_moirai2_m5_rohlik_100,rohlik_top_volume_100_20260714,Rohlik,28,moirai2,5347,280,131796.05020141602,42856.106018066406,153.0575214930943,32.70816419742798,0.32516988143857106
source_b_repair_fm_moirai2_m5_rohlik_100,rohlik_top_volume_100_20260714,Rohlik,28,moirai2,5350,280,186111.16989898682,52986.68453216553,189.23815904344832,29.17551287976441,0.28470448367459317
