contrast_i,contrast_j,covariance,correlation
Favorita_h14_chronos2_vs_lightgbm_cov,Favorita_h14_chronos2_vs_lightgbm_cov,0.00012641135668389089,1.0
Favorita_h14_chronos2_vs_lightgbm_cov,Favorita_h14_chronos_bolt_tiny_vs_lightgbm_cov,3.288497323139529e-05,0.11725256730853878
Favorita_h14_chronos2_vs_lightgbm_cov,Favorita_h14_moirai2_vs_lightgbm_cov,5.5995255381903174e-05,0.5288113797840318
Favorita_h14_chronos2_vs_lightgbm_cov,Favorita_h14_timesfm25_vs_lightgbm_cov,9.937782744769644e-06,0.047399282194505225
Favorita_h14_chronos2_vs_lightgbm_cov,Favorita_h14_tirex_vs_lightgbm_cov,0.00011039447894281682,0.9287510733751564
Favorita_h14_chronos2_vs_lightgbm_cov,Favorita_h28_chronos2_vs_lightgbm_direct,0.00020532883943425665,0.6044321665240937
Favorita_h14_chronos2_vs_lightgbm_cov,Favorita_h28_chronos_bolt_tiny_vs_lightgbm_direct,0.0001498622370464489,0.4395242756629048
Favorita_h14_chronos2_vs_lightgbm_cov,Favorita_h28_moirai2_vs_lightgbm_direct,0.0001332815764039162,0.47922661951927703
Favorita_h14_chronos2_vs_lightgbm_cov,Favorita_h28_timesfm25_vs_lightgbm_direct,0.00011619859669872219,0.44344605374121
Favorita_h14_chronos2_vs_lightgbm_cov,Favorita_h28_tirex_vs_lightgbm_direct,0.00017740945634772353,0.5801847245040482
Favorita_h14_chronos2_vs_lightgbm_cov,Favorita_h7_chronos2_vs_lightgbm_cov,0.00010810348730755369,0.9110807428530282
Favorita_h14_chronos2_vs_lightgbm_cov,Favorita_h7_chronos_bolt_tiny_vs_lightgbm_cov,1.589871039057423e-05,0.05496187022268447
Favorita_h14_chronos2_vs_lightgbm_cov,Favorita_h7_moirai2_vs_lightgbm_cov,4.874951892427705e-05,0.5041133776014329
Favorita_h14_chronos2_vs_lightgbm_cov,Favorita_h7_timesfm25_vs_lightgbm_cov,-8.005270292684875e-06,-0.042771228443934085
Favorita_h14_chronos2_vs_lightgbm_cov,Favorita_h7_tirex_vs_lightgbm_cov,0.00011153693230304357,0.8545459811882274
Favorita_h14_chronos2_vs_lightgbm_cov,M5_h14_chronos2_vs_lightgbm_cov,4.762128170862706e-06,0.05033365794571292
Favorita_h14_chronos2_vs_lightgbm_cov,M5_h14_chronos_bolt_tiny_vs_lightgbm_cov,4.317152075738392e-06,0.03576253577679753
Favorita_h14_chronos2_vs_lightgbm_cov,M5_h14_moirai2_vs_lightgbm_cov,1.3591910376881847e-06,0.012022955048859595
Favorita_h14_chronos2_vs_lightgbm_cov,M5_h14_timesfm25_vs_lightgbm_cov,1.4379206646967206e-06,0.013367262425170803
Favorita_h14_chronos2_vs_lightgbm_cov,M5_h14_tirex_vs_lightgbm_cov,3.6900336331560774e-06,0.03736903871529956
Favorita_h14_chronos2_vs_lightgbm_cov,M5_h28_chronos2_vs_lightgbm_direct,2.2233883800068084e-07,0.0014488500302850312
Favorita_h14_chronos2_vs_lightgbm_cov,M5_h28_chronos_bolt_tiny_vs_lightgbm_direct,1.7182678569043476e-06,0.009762282331755917
Favorita_h14_chronos2_vs_lightgbm_cov,M5_h28_moirai2_vs_lightgbm_direct,4.7331450978296505e-08,0.0003539130901268478
Favorita_h14_chronos2_vs_lightgbm_cov,M5_h28_timesfm25_vs_lightgbm_direct,-9.600467551586529e-07,-0.0063316761500099026
Favorita_h14_chronos2_vs_lightgbm_cov,M5_h28_tirex_vs_lightgbm_direct,1.2897251336507173e-06,0.006863384695402638
Favorita_h14_chronos2_vs_lightgbm_cov,M5_h7_chronos2_vs_lightgbm_cov,1.2587452876884321e-06,0.014319392507837958
Favorita_h14_chronos2_vs_lightgbm_cov,M5_h7_chronos_bolt_tiny_vs_lightgbm_cov,2.0765116648283687e-07,0.00205968472405141
Favorita_h14_chronos2_vs_lightgbm_cov,M5_h7_moirai2_vs_lightgbm_cov,1.1454601473233885e-06,0.012073763892284997
Favorita_h14_chronos2_vs_lightgbm_cov,M5_h7_timesfm25_vs_lightgbm_cov,3.3657515383444287e-07,0.0036627084583207284
Favorita_h14_chronos2_vs_lightgbm_cov,M5_h7_tirex_vs_lightgbm_cov,1.3834138821114326e-06,0.015081210532629357
Favorita_h14_chronos2_vs_lightgbm_cov,Rohlik_h14_chronos2_vs_lightgbm_cov,-4.2836211079433495e-06,-0.03733712434938204
Favorita_h14_chronos2_vs_lightgbm_cov,Rohlik_h14_chronos_bolt_tiny_vs_lightgbm_cov,-2.1549691058590656e-06,-0.02037001704469047
Favorita_h14_chronos2_vs_lightgbm_cov,Rohlik_h14_moirai2_vs_lightgbm_cov,-3.1480129514275647e-06,-0.022956503981529125
Favorita_h14_chronos2_vs_lightgbm_cov,Rohlik_h14_timesfm25_vs_lightgbm_cov,-3.296833680578417e-06,-0.02277725533502257
Favorita_h14_chronos2_vs_lightgbm_cov,Rohlik_h14_tirex_vs_lightgbm_cov,-4.586361226942442e-06,-0.02909954475928353
Favorita_h14_chronos2_vs_lightgbm_cov,Rohlik_h28_chronos2_vs_lightgbm_cov,-8.652607220751682e-06,-0.05991527855437259
Favorita_h14_chronos2_vs_lightgbm_cov,Rohlik_h28_chronos_bolt_tiny_vs_lightgbm_cov,-6.051402049232955e-06,-0.042298416363872
Favorita_h14_chronos2_vs_lightgbm_cov,Rohlik_h28_moirai2_vs_lightgbm_cov,-1.0065893892784082e-05,-0.06108798835622903
Favorita_h14_chronos2_vs_lightgbm_cov,Rohlik_h28_timesfm25_vs_lightgbm_cov,-8.280606595684704e-06,-0.04865325833703963
Favorita_h14_chronos2_vs_lightgbm_cov,Rohlik_h28_tirex_vs_lightgbm_cov,-9.452038266540526e-06,-0.05278715624962015
Favorita_h14_chronos2_vs_lightgbm_cov,Rohlik_h7_chronos2_vs_lightgbm_cov,-1.344037476415773e-06,-0.011276503718066532
Favorita_h14_chronos2_vs_lightgbm_cov,Rohlik_h7_chronos_bolt_tiny_vs_lightgbm_cov,8.554843626097916e-07,0.007379006617455462
Favorita_h14_chronos2_vs_lightgbm_cov,Rohlik_h7_moirai2_vs_lightgbm_cov,8.893694318698769e-07,0.0059780199743148825
Favorita_h14_chronos2_vs_lightgbm_cov,Rohlik_h7_timesfm25_vs_lightgbm_cov,-4.928369343212562e-07,-0.0035262545718757186
Favorita_h14_chronos2_vs_lightgbm_cov,Rohlik_h7_tirex_vs_lightgbm_cov,-1.6287525793482483e-06,-0.011465941169603791
Favorita_h14_chronos_bolt_tiny_vs_lightgbm_cov,Favorita_h14_chronos2_vs_lightgbm_cov,3.288497323139529e-05,0.11725256730853878
Favorita_h14_chronos_bolt_tiny_vs_lightgbm_cov,Favorita_h14_chronos_bolt_tiny_vs_lightgbm_cov,0.0006222489491036484,0.9999999999999998
Favorita_h14_chronos_bolt_tiny_vs_lightgbm_cov,Favorita_h14_moirai2_vs_lightgbm_cov,8.371212088253386e-05,0.35632711209381823
Favorita_h14_chronos_bolt_tiny_vs_lightgbm_cov,Favorita_h14_timesfm25_vs_lightgbm_cov,0.00036996954003529344,0.7953516686828501
Favorita_h14_chronos_bolt_tiny_vs_lightgbm_cov,Favorita_h14_tirex_vs_lightgbm_cov,0.00010352213832664853,0.3925510732482633
Favorita_h14_chronos_bolt_tiny_vs_lightgbm_cov,Favorita_h28_chronos2_vs_lightgbm_direct,-0.00017544440731528395,-0.23278130842126943
Favorita_h14_chronos_bolt_tiny_vs_lightgbm_cov,Favorita_h28_chronos_bolt_tiny_vs_lightgbm_direct,0.0003087029102417653,0.4080772085084023
Favorita_h14_chronos_bolt_tiny_vs_lightgbm_cov,Favorita_h28_moirai2_vs_lightgbm_direct,-8.713549616141976e-05,-0.1412137160589262
Favorita_h14_chronos_bolt_tiny_vs_lightgbm_cov,Favorita_h28_timesfm25_vs_lightgbm_direct,0.00012786283755756973,0.21993543655357614
Favorita_h14_chronos_bolt_tiny_vs_lightgbm_cov,Favorita_h28_tirex_vs_lightgbm_direct,-6.45380920576747e-05,-0.09512980524174712
Favorita_h14_chronos_bolt_tiny_vs_lightgbm_cov,Favorita_h7_chronos2_vs_lightgbm_cov,-1.1602590496505332e-05,-0.044074062975741256
Favorita_h14_chronos_bolt_tiny_vs_lightgbm_cov,Favorita_h7_chronos_bolt_tiny_vs_lightgbm_cov,0.000632483224857,0.9855066872684847
Favorita_h14_chronos_bolt_tiny_vs_lightgbm_cov,Favorita_h7_moirai2_vs_lightgbm_cov,8.648906267177808e-06,0.04031160026275052
Favorita_h14_chronos_bolt_tiny_vs_lightgbm_cov,Favorita_h7_timesfm25_vs_lightgbm_cov,0.00032452379383152017,0.7815076407542003
Favorita_h14_chronos_bolt_tiny_vs_lightgbm_cov,Favorita_h7_tirex_vs_lightgbm_cov,3.063085723719807e-05,0.10577592989396117
Favorita_h14_chronos_bolt_tiny_vs_lightgbm_cov,M5_h14_chronos2_vs_lightgbm_cov,-8.496846290530986e-08,-0.000404786607656179
Favorita_h14_chronos_bolt_tiny_vs_lightgbm_cov,M5_h14_chronos_bolt_tiny_vs_lightgbm_cov,-2.975982236988912e-06,-0.01111148880007121
Favorita_h14_chronos_bolt_tiny_vs_lightgbm_cov,M5_h14_moirai2_vs_lightgbm_cov,9.96671463901313e-07,0.003973687456375297
Favorita_h14_chronos_bolt_tiny_vs_lightgbm_cov,M5_h14_timesfm25_vs_lightgbm_cov,3.7271789119002574e-07,0.0015617040967614423
Favorita_h14_chronos_bolt_tiny_vs_lightgbm_cov,M5_h14_tirex_vs_lightgbm_cov,-1.796070071363127e-06,-0.008198149578444877
Favorita_h14_chronos_bolt_tiny_vs_lightgbm_cov,M5_h28_chronos2_vs_lightgbm_direct,-1.5889413296864427e-05,-0.04666883121048753
Favorita_h14_chronos_bolt_tiny_vs_lightgbm_cov,M5_h28_chronos_bolt_tiny_vs_lightgbm_direct,-1.816482231076089e-05,-0.046516026773266515
Favorita_h14_chronos_bolt_tiny_vs_lightgbm_cov,M5_h28_moirai2_vs_lightgbm_direct,-1.5544573977324222e-05,-0.05238857579630055
Favorita_h14_chronos_bolt_tiny_vs_lightgbm_cov,M5_h28_timesfm25_vs_lightgbm_direct,-1.3839925436656851e-05,-0.04114063779075338
Favorita_h14_chronos_bolt_tiny_vs_lightgbm_cov,M5_h28_tirex_vs_lightgbm_direct,-1.7663833068879725e-05,-0.042367914862676
Favorita_h14_chronos_bolt_tiny_vs_lightgbm_cov,M5_h7_chronos2_vs_lightgbm_cov,-1.3641170482233132e-06,-0.006994381759820284
Favorita_h14_chronos_bolt_tiny_vs_lightgbm_cov,M5_h7_chronos_bolt_tiny_vs_lightgbm_cov,-5.727023354517522e-06,-0.025603909726077068
Favorita_h14_chronos_bolt_tiny_vs_lightgbm_cov,M5_h7_moirai2_vs_lightgbm_cov,-3.546486476173246e-06,-0.016848915927229445
Favorita_h14_chronos_bolt_tiny_vs_lightgbm_cov,M5_h7_timesfm25_vs_lightgbm_cov,-2.627073877028921e-06,-0.012885567331000049
Favorita_h14_chronos_bolt_tiny_vs_lightgbm_cov,M5_h7_tirex_vs_lightgbm_cov,-4.557954824685164e-06,-0.022395721077607237
Favorita_h14_chronos_bolt_tiny_vs_lightgbm_cov,Rohlik_h14_chronos2_vs_lightgbm_cov,1.3205023353627881e-05,0.051877608826891575
Favorita_h14_chronos_bolt_tiny_vs_lightgbm_cov,Rohlik_h14_chronos_bolt_tiny_vs_lightgbm_cov,1.792165116457225e-05,0.07635532394322593
Favorita_h14_chronos_bolt_tiny_vs_lightgbm_cov,Rohlik_h14_moirai2_vs_lightgbm_cov,1.050670275779209e-05,0.034533981046205586
Favorita_h14_chronos_bolt_tiny_vs_lightgbm_cov,Rohlik_h14_timesfm25_vs_lightgbm_cov,1.1031946268167042e-05,0.034353219961965505
Favorita_h14_chronos_bolt_tiny_vs_lightgbm_cov,Rohlik_h14_tirex_vs_lightgbm_cov,2.2582112653881627e-05,0.06457931995686249
Favorita_h14_chronos_bolt_tiny_vs_lightgbm_cov,Rohlik_h28_chronos2_vs_lightgbm_cov,6.9966538773991394e-06,0.021836948173002642
Favorita_h14_chronos_bolt_tiny_vs_lightgbm_cov,Rohlik_h28_chronos_bolt_tiny_vs_lightgbm_cov,1.2499735171935234e-05,0.03938037722844586
Favorita_h14_chronos_bolt_tiny_vs_lightgbm_cov,Rohlik_h28_moirai2_vs_lightgbm_cov,7.064389679046175e-06,0.01932364647438825
Favorita_h14_chronos_bolt_tiny_vs_lightgbm_cov,Rohlik_h28_timesfm25_vs_lightgbm_cov,9.524275780036107e-06,0.025222765414322692
Favorita_h14_chronos_bolt_tiny_vs_lightgbm_cov,Rohlik_h28_tirex_vs_lightgbm_cov,1.7899913725243165e-05,0.04505725118483388
Favorita_h14_chronos_bolt_tiny_vs_lightgbm_cov,Rohlik_h7_chronos2_vs_lightgbm_cov,1.4180753146689696e-05,0.053625745928574574
Favorita_h14_chronos_bolt_tiny_vs_lightgbm_cov,Rohlik_h7_chronos_bolt_tiny_vs_lightgbm_cov,1.999121471090179e-05,0.07772056842040058
Favorita_h14_chronos_bolt_tiny_vs_lightgbm_cov,Rohlik_h7_moirai2_vs_lightgbm_cov,1.5077501176855445e-05,0.04567888502548996
Favorita_h14_chronos_bolt_tiny_vs_lightgbm_cov,Rohlik_h7_timesfm25_vs_lightgbm_cov,1.686962859423647e-05,0.05440350698062771
Favorita_h14_chronos_bolt_tiny_vs_lightgbm_cov,Rohlik_h7_tirex_vs_lightgbm_cov,2.182189684499514e-05,0.06924015818359779
Favorita_h14_moirai2_vs_lightgbm_cov,Favorita_h14_chronos2_vs_lightgbm_cov,5.5995255381903174e-05,0.5288113797840318
Favorita_h14_moirai2_vs_lightgbm_cov,Favorita_h14_chronos_bolt_tiny_vs_lightgbm_cov,8.371212088253386e-05,0.35632711209381823
Favorita_h14_moirai2_vs_lightgbm_cov,Favorita_h14_moirai2_vs_lightgbm_cov,8.869819504364088e-05,1.0000000000000002
Favorita_h14_moirai2_vs_lightgbm_cov,Favorita_h14_timesfm25_vs_lightgbm_cov,0.00010903103414530072,0.6208233644165781
Favorita_h14_moirai2_vs_lightgbm_cov,Favorita_h14_tirex_vs_lightgbm_cov,6.410566527227391e-05,0.6438490234057892
Favorita_h14_moirai2_vs_lightgbm_cov,Favorita_h28_chronos2_vs_lightgbm_direct,1.4709418529092006e-05,0.051692647570886256
Favorita_h14_moirai2_vs_lightgbm_cov,Favorita_h28_chronos_bolt_tiny_vs_lightgbm_direct,3.35009019781831e-05,0.11729589431782916
Favorita_h14_moirai2_vs_lightgbm_cov,Favorita_h28_moirai2_vs_lightgbm_direct,5.14387095775567e-05,0.2207987106817041
Favorita_h14_moirai2_vs_lightgbm_cov,Favorita_h28_timesfm25_vs_lightgbm_direct,6.160013888562959e-05,0.28064496664594313
Favorita_h14_moirai2_vs_lightgbm_cov,Favorita_h28_tirex_vs_lightgbm_direct,4.076384884219997e-05,0.1591476985740085
Favorita_h14_moirai2_vs_lightgbm_cov,Favorita_h7_chronos2_vs_lightgbm_cov,4.139589538737038e-05,0.41649529426748655
Favorita_h14_moirai2_vs_lightgbm_cov,Favorita_h7_chronos_bolt_tiny_vs_lightgbm_cov,7.124182183096665e-05,0.2940155336018329
Favorita_h14_moirai2_vs_lightgbm_cov,Favorita_h7_moirai2_vs_lightgbm_cov,6.554035685553901e-05,0.8091002676703669
Favorita_h14_moirai2_vs_lightgbm_cov,Favorita_h7_timesfm25_vs_lightgbm_cov,9.080229381034967e-05,0.5791728543313756
Favorita_h14_moirai2_vs_lightgbm_cov,Favorita_h7_tirex_vs_lightgbm_cov,4.290141248812329e-05,0.39239547152555776
Favorita_h14_moirai2_vs_lightgbm_cov,M5_h14_chronos2_vs_lightgbm_cov,1.8505238737035318e-06,0.0233500470870227
Favorita_h14_moirai2_vs_lightgbm_cov,M5_h14_chronos_bolt_tiny_vs_lightgbm_cov,1.312691406447053e-06,0.012981630845735222
Favorita_h14_moirai2_vs_lightgbm_cov,M5_h14_moirai2_vs_lightgbm_cov,1.732533176462356e-06,0.018295653892545328
Favorita_h14_moirai2_vs_lightgbm_cov,M5_h14_timesfm25_vs_lightgbm_cov,1.347484305988272e-07,0.001495432861314989
Favorita_h14_moirai2_vs_lightgbm_cov,M5_h14_tirex_vs_lightgbm_cov,1.7738583982153763e-06,0.021445501422811125
Favorita_h14_moirai2_vs_lightgbm_cov,M5_h28_chronos2_vs_lightgbm_direct,-6.376698794072405e-06,-0.049606622752556014
Favorita_h14_moirai2_vs_lightgbm_cov,M5_h28_chronos_bolt_tiny_vs_lightgbm_direct,-6.909537752296996e-06,-0.04686462505067673
Favorita_h14_moirai2_vs_lightgbm_cov,M5_h28_moirai2_vs_lightgbm_direct,-2.3780628828050133e-06,-0.02122783959535283
Favorita_h14_moirai2_vs_lightgbm_cov,M5_h28_timesfm25_vs_lightgbm_direct,-6.8796647157789895e-06,-0.0541663083559292
Favorita_h14_moirai2_vs_lightgbm_cov,M5_h28_tirex_vs_lightgbm_direct,-6.872896844949266e-06,-0.04366331040278874
Favorita_h14_moirai2_vs_lightgbm_cov,M5_h7_chronos2_vs_lightgbm_cov,5.988200865879145e-07,0.00813240035587651
Favorita_h14_moirai2_vs_lightgbm_cov,M5_h7_chronos_bolt_tiny_vs_lightgbm_cov,-9.796060265088937e-07,-0.01159987945621038
Favorita_h14_moirai2_vs_lightgbm_cov,M5_h7_moirai2_vs_lightgbm_cov,5.788626892535157e-07,0.007284066597116501
Favorita_h14_moirai2_vs_lightgbm_cov,M5_h7_timesfm25_vs_lightgbm_cov,-4.4254435746092216e-07,-0.005749270748376633
Favorita_h14_moirai2_vs_lightgbm_cov,M5_h7_tirex_vs_lightgbm_cov,1.0343085777410665e-06,0.013460768484313212
Favorita_h14_moirai2_vs_lightgbm_cov,Rohlik_h14_chronos2_vs_lightgbm_cov,-2.896475473910685e-07,-0.0030139450269460097
Favorita_h14_moirai2_vs_lightgbm_cov,Rohlik_h14_chronos_bolt_tiny_vs_lightgbm_cov,3.9627974835462277e-07,0.004471856693454567
Favorita_h14_moirai2_vs_lightgbm_cov,Rohlik_h14_moirai2_vs_lightgbm_cov,1.1417526326720714e-06,0.009939783311666213
Favorita_h14_moirai2_vs_lightgbm_cov,Rohlik_h14_timesfm25_vs_lightgbm_cov,1.4342655385486926e-06,0.011829586674605186
Favorita_h14_moirai2_vs_lightgbm_cov,Rohlik_h14_tirex_vs_lightgbm_cov,2.5381556526843503e-06,0.019225243287344145
Favorita_h14_moirai2_vs_lightgbm_cov,Rohlik_h28_chronos2_vs_lightgbm_cov,-1.7283005429163087e-06,-0.014287147042579272
Favorita_h14_moirai2_vs_lightgbm_cov,Rohlik_h28_chronos_bolt_tiny_vs_lightgbm_cov,-2.0492645829940902e-06,-0.01710022359982896
Favorita_h14_moirai2_vs_lightgbm_cov,Rohlik_h28_moirai2_vs_lightgbm_cov,-1.3571008925944536e-06,-0.009832212744435244
Favorita_h14_moirai2_vs_lightgbm_cov,Rohlik_h28_timesfm25_vs_lightgbm_cov,-1.2495913838210829e-06,-0.008765030978433362
Favorita_h14_moirai2_vs_lightgbm_cov,Rohlik_h28_tirex_vs_lightgbm_cov,-1.6343989098486647e-07,-0.0010896738130174144
Favorita_h14_moirai2_vs_lightgbm_cov,Rohlik_h7_chronos2_vs_lightgbm_cov,-6.253948112031679e-07,-0.006264018296741388
Favorita_h14_moirai2_vs_lightgbm_cov,Rohlik_h7_chronos_bolt_tiny_vs_lightgbm_cov,-1.9637607502855276e-07,-0.0020221345747781848
Favorita_h14_moirai2_vs_lightgbm_cov,Rohlik_h7_moirai2_vs_lightgbm_cov,1.7449020489971307e-07,0.0014001735554565768
Favorita_h14_moirai2_vs_lightgbm_cov,Rohlik_h7_timesfm25_vs_lightgbm_cov,1.142410908245068e-06,0.00975817070416101
Favorita_h14_moirai2_vs_lightgbm_cov,Rohlik_h7_tirex_vs_lightgbm_cov,1.1610953201498562e-06,0.0097579395261329
Favorita_h14_timesfm25_vs_lightgbm_cov,Favorita_h14_chronos2_vs_lightgbm_cov,9.937782744769644e-06,0.047399282194505225
Favorita_h14_timesfm25_vs_lightgbm_cov,Favorita_h14_chronos_bolt_tiny_vs_lightgbm_cov,0.00036996954003529344,0.7953516686828501
Favorita_h14_timesfm25_vs_lightgbm_cov,Favorita_h14_moirai2_vs_lightgbm_cov,0.00010903103414530072,0.6208233644165781
Favorita_h14_timesfm25_vs_lightgbm_cov,Favorita_h14_timesfm25_vs_lightgbm_cov,0.0003477357759385983,0.9999999999999999
Favorita_h14_timesfm25_vs_lightgbm_cov,Favorita_h14_tirex_vs_lightgbm_cov,5.2398878574645e-05,0.26579225770824877
Favorita_h14_timesfm25_vs_lightgbm_cov,Favorita_h28_chronos2_vs_lightgbm_direct,-0.0002645681595721518,-0.46957346908105196
Favorita_h14_timesfm25_vs_lightgbm_cov,Favorita_h28_chronos_bolt_tiny_vs_lightgbm_direct,-1.8978273428525998e-06,-0.0033559517962462797
Favorita_h14_timesfm25_vs_lightgbm_cov,Favorita_h28_moirai2_vs_lightgbm_direct,-0.00013891612981986197,-0.30115622694718003
Favorita_h14_timesfm25_vs_lightgbm_cov,Favorita_h28_timesfm25_vs_lightgbm_direct,1.6704042920730055e-05,0.038435263912508955
Favorita_h14_timesfm25_vs_lightgbm_cov,Favorita_h28_tirex_vs_lightgbm_direct,-0.00016724411176341326,-0.32976815959330313
Favorita_h14_timesfm25_vs_lightgbm_cov,Favorita_h7_chronos2_vs_lightgbm_cov,-3.3228683089790726e-05,-0.1688490618390108
Favorita_h14_timesfm25_vs_lightgbm_cov,Favorita_h7_chronos_bolt_tiny_vs_lightgbm_cov,0.0003576906894640585,0.7455479815814864
Favorita_h14_timesfm25_vs_lightgbm_cov,Favorita_h7_moirai2_vs_lightgbm_cov,3.1734801634090425e-05,0.19786183621058986
Favorita_h14_timesfm25_vs_lightgbm_cov,Favorita_h7_timesfm25_vs_lightgbm_cov,0.0003032814843413112,0.976989687833019
Favorita_h14_timesfm25_vs_lightgbm_cov,Favorita_h7_tirex_vs_lightgbm_cov,-3.0495277467838658e-05,-0.14086973213762605
Favorita_h14_timesfm25_vs_lightgbm_cov,M5_h14_chronos2_vs_lightgbm_cov,-1.8223456444226081e-06,-0.011613323542379027
Favorita_h14_timesfm25_vs_lightgbm_cov,M5_h14_chronos_bolt_tiny_vs_lightgbm_cov,-1.4349921024319967e-06,-0.007167188518254109
Favorita_h14_timesfm25_vs_lightgbm_cov,M5_h14_moirai2_vs_lightgbm_cov,2.4691067824194295e-07,0.0013168580187531238
Favorita_h14_timesfm25_vs_lightgbm_cov,M5_h14_timesfm25_vs_lightgbm_cov,-1.1412966422013527e-06,-0.006396971968108686
Favorita_h14_timesfm25_vs_lightgbm_cov,M5_h14_tirex_vs_lightgbm_cov,-1.629171006472832e-06,-0.009947561507519723
Favorita_h14_timesfm25_vs_lightgbm_cov,M5_h28_chronos2_vs_lightgbm_direct,-1.0581319755110574e-05,-0.04157347238670598
Favorita_h14_timesfm25_vs_lightgbm_cov,M5_h28_chronos_bolt_tiny_vs_lightgbm_direct,-1.1988854676980418e-05,-0.041068283614716594
Favorita_h14_timesfm25_vs_lightgbm_cov,M5_h28_moirai2_vs_lightgbm_direct,-7.077350715439832e-06,-0.03190699353226359
Favorita_h14_timesfm25_vs_lightgbm_cov,M5_h28_timesfm25_vs_lightgbm_direct,-1.0007350008054823e-05,-0.039793648374621245
Favorita_h14_timesfm25_vs_lightgbm_cov,M5_h28_tirex_vs_lightgbm_direct,-1.178130674840543e-05,-0.03780097497924114
Favorita_h14_timesfm25_vs_lightgbm_cov,M5_h7_chronos2_vs_lightgbm_cov,-1.4678735026883684e-06,-0.010068012031061868
Favorita_h14_timesfm25_vs_lightgbm_cov,M5_h7_chronos_bolt_tiny_vs_lightgbm_cov,-3.4136531167842367e-06,-0.020415222590842077
Favorita_h14_timesfm25_vs_lightgbm_cov,M5_h7_moirai2_vs_lightgbm_cov,-3.50141359416967e-06,-0.022252277512251062
Favorita_h14_timesfm25_vs_lightgbm_cov,M5_h7_timesfm25_vs_lightgbm_cov,-2.668867713109457e-06,-0.01751119181351327
Favorita_h14_timesfm25_vs_lightgbm_cov,M5_h7_tirex_vs_lightgbm_cov,-3.1594219373173977e-06,-0.02076634484838733
Favorita_h14_timesfm25_vs_lightgbm_cov,Rohlik_h14_chronos2_vs_lightgbm_cov,7.171757750587723e-06,0.03768979599169432
Favorita_h14_timesfm25_vs_lightgbm_cov,Rohlik_h14_chronos_bolt_tiny_vs_lightgbm_cov,9.490940004311342e-06,0.054091363761169735
Favorita_h14_timesfm25_vs_lightgbm_cov,Rohlik_h14_moirai2_vs_lightgbm_cov,2.9747150986362624e-06,0.013079254091739522
Favorita_h14_timesfm25_vs_lightgbm_cov,Rohlik_h14_timesfm25_vs_lightgbm_cov,2.9699045955074875e-06,0.012371296321122332
Favorita_h14_timesfm25_vs_lightgbm_cov,Rohlik_h14_tirex_vs_lightgbm_cov,1.0012084056242583e-05,0.03830105913577361
Favorita_h14_timesfm25_vs_lightgbm_cov,Rohlik_h28_chronos2_vs_lightgbm_cov,5.618709482842121e-06,0.0234582456302216
Favorita_h14_timesfm25_vs_lightgbm_cov,Rohlik_h28_chronos_bolt_tiny_vs_lightgbm_cov,6.656629280857429e-06,0.028053744020611764
Favorita_h14_timesfm25_vs_lightgbm_cov,Rohlik_h28_moirai2_vs_lightgbm_cov,3.397288344828328e-06,0.012430947836669084
Favorita_h14_timesfm25_vs_lightgbm_cov,Rohlik_h28_timesfm25_vs_lightgbm_cov,2.2052639713958936e-06,0.007812296533843361
Favorita_h14_timesfm25_vs_lightgbm_cov,Rohlik_h28_tirex_vs_lightgbm_cov,7.6693079306255e-06,0.025824226941934838
Favorita_h14_timesfm25_vs_lightgbm_cov,Rohlik_h7_chronos2_vs_lightgbm_cov,6.5326685437173e-06,0.033046241423718946
Favorita_h14_timesfm25_vs_lightgbm_cov,Rohlik_h7_chronos_bolt_tiny_vs_lightgbm_cov,9.161268386826363e-06,0.047644172643661664
Favorita_h14_timesfm25_vs_lightgbm_cov,Rohlik_h7_moirai2_vs_lightgbm_cov,3.5572189241388254e-06,0.014416310129918872
Favorita_h14_timesfm25_vs_lightgbm_cov,Rohlik_h7_timesfm25_vs_lightgbm_cov,6.951997874249659e-06,0.029990824435640818
Favorita_h14_timesfm25_vs_lightgbm_cov,Rohlik_h7_tirex_vs_lightgbm_cov,9.405036439130681e-06,0.03991934752400761
Favorita_h14_tirex_vs_lightgbm_cov,Favorita_h14_chronos2_vs_lightgbm_cov,0.00011039447894281682,0.9287510733751564
Favorita_h14_tirex_vs_lightgbm_cov,Favorita_h14_chronos_bolt_tiny_vs_lightgbm_cov,0.00010352213832664853,0.3925510732482633
Favorita_h14_tirex_vs_lightgbm_cov,Favorita_h14_moirai2_vs_lightgbm_cov,6.410566527227391e-05,0.6438490234057892
Favorita_h14_tirex_vs_lightgbm_cov,Favorita_h14_timesfm25_vs_lightgbm_cov,5.2398878574645e-05,0.26579225770824877
Favorita_h14_tirex_vs_lightgbm_cov,Favorita_h14_tirex_vs_lightgbm_cov,0.00011176606433881347,1.0
Favorita_h14_tirex_vs_lightgbm_cov,Favorita_h28_chronos2_vs_lightgbm_direct,0.00015663531889799595,0.49037167761019546
Favorita_h14_tirex_vs_lightgbm_cov,Favorita_h28_chronos_bolt_tiny_vs_lightgbm_direct,0.00017042335760076443,0.5315667897653881
Favorita_h14_tirex_vs_lightgbm_cov,Favorita_h28_moirai2_vs_lightgbm_direct,0.00011315215687056957,0.4326848775681142
Favorita_h14_tirex_vs_lightgbm_cov,Favorita_h28_timesfm25_vs_lightgbm_direct,0.00011862646400727494,0.48145928162725776
Favorita_h14_tirex_vs_lightgbm_cov,Favorita_h28_tirex_vs_lightgbm_direct,0.00015298394458133525,0.532075726786008
Favorita_h14_tirex_vs_lightgbm_cov,Favorita_h7_chronos2_vs_lightgbm_cov,9.208297378039271e-05,0.8253431789512574
Favorita_h14_tirex_vs_lightgbm_cov,Favorita_h7_chronos_bolt_tiny_vs_lightgbm_cov,9.124552250614436e-05,0.3354665586039829
Favorita_h14_tirex_vs_lightgbm_cov,Favorita_h7_moirai2_vs_lightgbm_cov,4.9730199088142585e-05,0.5469103635880207
Favorita_h14_tirex_vs_lightgbm_cov,Favorita_h7_timesfm25_vs_lightgbm_cov,3.280474648517496e-05,0.1864019608924946
Favorita_h14_tirex_vs_lightgbm_cov,Favorita_h7_tirex_vs_lightgbm_cov,0.00010523652422884525,0.8574746770080255
Favorita_h14_tirex_vs_lightgbm_cov,M5_h14_chronos2_vs_lightgbm_cov,4.581981174637619e-06,0.05150492758843701
Favorita_h14_tirex_vs_lightgbm_cov,M5_h14_chronos_bolt_tiny_vs_lightgbm_cov,4.069717795168061e-06,0.03585364550162724
Favorita_h14_tirex_vs_lightgbm_cov,M5_h14_moirai2_vs_lightgbm_cov,2.166976163596872e-06,0.020385572965039945
Favorita_h14_tirex_vs_lightgbm_cov,M5_h14_timesfm25_vs_lightgbm_cov,2.2527912050738503e-06,0.02227237643024485
Favorita_h14_tirex_vs_lightgbm_cov,M5_h14_tirex_vs_lightgbm_cov,3.8059803329393298e-06,0.040990782449974034
Favorita_h14_tirex_vs_lightgbm_cov,M5_h28_chronos2_vs_lightgbm_direct,-9.35731920248479e-07,-0.006484815348457741
Favorita_h14_tirex_vs_lightgbm_cov,M5_h28_chronos_bolt_tiny_vs_lightgbm_direct,4.042132208494735e-07,0.002442356626786492
Favorita_h14_tirex_vs_lightgbm_cov,M5_h28_moirai2_vs_lightgbm_direct,-8.169655024063115e-07,-0.006496636878398661
Favorita_h14_tirex_vs_lightgbm_cov,M5_h28_timesfm25_vs_lightgbm_direct,-1.7316137848032791e-06,-0.01214550035509109
Favorita_h14_tirex_vs_lightgbm_cov,M5_h28_tirex_vs_lightgbm_direct,2.642631304172509e-07,0.0014956012552705185
Favorita_h14_tirex_vs_lightgbm_cov,M5_h7_chronos2_vs_lightgbm_cov,1.3743083120620416e-06,0.01662681161591461
Favorita_h14_tirex_vs_lightgbm_cov,M5_h7_chronos_bolt_tiny_vs_lightgbm_cov,1.9779873834992587e-08,0.00020865459686587819
Favorita_h14_tirex_vs_lightgbm_cov,M5_h7_moirai2_vs_lightgbm_cov,1.3292021313601687e-06,0.014900189471257212
Favorita_h14_tirex_vs_lightgbm_cov,M5_h7_timesfm25_vs_lightgbm_cov,7.884757153001132e-07,0.009125290254579956
Favorita_h14_tirex_vs_lightgbm_cov,M5_h7_tirex_vs_lightgbm_cov,1.4207839846049617e-06,0.016472146395149833
Favorita_h14_tirex_vs_lightgbm_cov,Rohlik_h14_chronos2_vs_lightgbm_cov,-8.636194435955135e-07,-0.008005533787575764
Favorita_h14_tirex_vs_lightgbm_cov,Rohlik_h14_chronos_bolt_tiny_vs_lightgbm_cov,1.3269368896771453e-06,0.013339473204016418
Favorita_h14_tirex_vs_lightgbm_cov,Rohlik_h14_moirai2_vs_lightgbm_cov,1.5779085108282059e-06,0.01223739915229661
Favorita_h14_tirex_vs_lightgbm_cov,Rohlik_h14_timesfm25_vs_lightgbm_cov,1.1880636390424927e-06,0.008729354356387165
Favorita_h14_tirex_vs_lightgbm_cov,Rohlik_h14_tirex_vs_lightgbm_cov,1.5151020508926274e-06,0.010223459730907377
Favorita_h14_tirex_vs_lightgbm_cov,Rohlik_h28_chronos2_vs_lightgbm_cov,-5.419378987867379e-06,-0.039909674276083974
Favorita_h14_tirex_vs_lightgbm_cov,Rohlik_h28_chronos_bolt_tiny_vs_lightgbm_cov,-2.8179858239217687e-06,-0.020948116039439472
Favorita_h14_tirex_vs_lightgbm_cov,Rohlik_h28_moirai2_vs_lightgbm_cov,-5.04876594100829e-06,-0.03258567940183872
Favorita_h14_tirex_vs_lightgbm_cov,Rohlik_h28_timesfm25_vs_lightgbm_cov,-3.511481878686968e-06,-0.021942104392680607
Favorita_h14_tirex_vs_lightgbm_cov,Rohlik_h28_tirex_vs_lightgbm_cov,-3.2853780911299287e-06,-0.01951309769191568
Favorita_h14_tirex_vs_lightgbm_cov,Rohlik_h7_chronos2_vs_lightgbm_cov,1.6301662903856257e-06,0.014545647687615435
Favorita_h14_tirex_vs_lightgbm_cov,Rohlik_h7_chronos_bolt_tiny_vs_lightgbm_cov,3.888731980736286e-06,0.0356723650034823
Favorita_h14_tirex_vs_lightgbm_cov,Rohlik_h7_moirai2_vs_lightgbm_cov,4.866328440497183e-06,0.03478681340253459
Favorita_h14_tirex_vs_lightgbm_cov,Rohlik_h7_timesfm25_vs_lightgbm_cov,3.3130062040429407e-06,0.025209877250363825
Favorita_h14_tirex_vs_lightgbm_cov,Rohlik_h7_tirex_vs_lightgbm_cov,2.9354496964760204e-06,0.021976944031176802
Favorita_h28_chronos2_vs_lightgbm_direct,Favorita_h14_chronos2_vs_lightgbm_cov,0.00020532883943425665,0.6044321665240937
Favorita_h28_chronos2_vs_lightgbm_direct,Favorita_h14_chronos_bolt_tiny_vs_lightgbm_cov,-0.00017544440731528395,-0.23278130842126943
Favorita_h28_chronos2_vs_lightgbm_direct,Favorita_h14_moirai2_vs_lightgbm_cov,1.4709418529092006e-05,0.051692647570886256
Favorita_h28_chronos2_vs_lightgbm_direct,Favorita_h14_timesfm25_vs_lightgbm_cov,-0.0002645681595721518,-0.46957346908105196
Favorita_h28_chronos2_vs_lightgbm_direct,Favorita_h14_tirex_vs_lightgbm_cov,0.00015663531889799595,0.49037167761019546
Favorita_h28_chronos2_vs_lightgbm_direct,Favorita_h28_chronos2_vs_lightgbm_direct,0.0009128904747581689,1.0
Favorita_h28_chronos2_vs_lightgbm_direct,Favorita_h28_chronos_bolt_tiny_vs_lightgbm_direct,0.0006918391822337485,0.7550566183401475
Favorita_h28_chronos2_vs_lightgbm_direct,Favorita_h28_moirai2_vs_lightgbm_direct,0.0007015018315018447,0.9386060096636609
Favorita_h28_chronos2_vs_lightgbm_direct,Favorita_h28_timesfm25_vs_lightgbm_direct,0.0005700969581483821,0.8096034372343389
Favorita_h28_chronos2_vs_lightgbm_direct,Favorita_h28_tirex_vs_lightgbm_direct,0.0008008702593932416,0.9746201808769894
Favorita_h28_chronos2_vs_lightgbm_direct,Favorita_h7_chronos2_vs_lightgbm_cov,0.0002390505415556019,0.749705338566111
Favorita_h28_chronos2_vs_lightgbm_direct,Favorita_h7_chronos_bolt_tiny_vs_lightgbm_cov,-0.00014452858417850396,-0.18592468768085363
Favorita_h28_chronos2_vs_lightgbm_direct,Favorita_h7_moirai2_vs_lightgbm_cov,9.993904101632951e-05,0.3845712149103691
Favorita_h28_chronos2_vs_lightgbm_direct,Favorita_h7_timesfm25_vs_lightgbm_cov,-0.00023165380358395734,-0.46057341637433785
Favorita_h28_chronos2_vs_lightgbm_direct,Favorita_h7_tirex_vs_lightgbm_cov,0.00027647593821288795,0.7882387651358306
Favorita_h28_chronos2_vs_lightgbm_direct,M5_h14_chronos2_vs_lightgbm_cov,1.0337396819129377e-05,0.040658589606612845
Favorita_h28_chronos2_vs_lightgbm_direct,M5_h14_chronos_bolt_tiny_vs_lightgbm_cov,1.285555319891084e-05,0.03962829946091528
Favorita_h28_chronos2_vs_lightgbm_direct,M5_h14_moirai2_vs_lightgbm_cov,4.980105474653208e-06,0.016392793587130045
Favorita_h28_chronos2_vs_lightgbm_direct,M5_h14_timesfm25_vs_lightgbm_cov,4.1845436968023575e-06,0.014475693023616988
Favorita_h28_chronos2_vs_lightgbm_direct,M5_h14_tirex_vs_lightgbm_cov,1.0648988201518308e-05,0.04013041545006862
Favorita_h28_chronos2_vs_lightgbm_direct,M5_h28_chronos2_vs_lightgbm_direct,-2.361882799482076e-06,-0.005727302927783876
Favorita_h28_chronos2_vs_lightgbm_direct,M5_h28_chronos_bolt_tiny_vs_lightgbm_direct,4.707617255267045e-06,0.009952801717770918
Favorita_h28_chronos2_vs_lightgbm_direct,M5_h28_moirai2_vs_lightgbm_direct,-6.099445124422654e-06,-0.016971524077589666
Favorita_h28_chronos2_vs_lightgbm_direct,M5_h28_timesfm25_vs_lightgbm_direct,-8.229997460553346e-06,-0.020198062843556384
Favorita_h28_chronos2_vs_lightgbm_direct,M5_h28_tirex_vs_lightgbm_direct,2.1639272822260128e-06,0.004285165003813033
Favorita_h28_chronos2_vs_lightgbm_direct,M5_h7_chronos2_vs_lightgbm_cov,6.257344444873246e-06,0.02648869155961737
Favorita_h28_chronos2_vs_lightgbm_direct,M5_h7_chronos_bolt_tiny_vs_lightgbm_cov,6.9724084462639065e-06,0.025735517258710785
Favorita_h28_chronos2_vs_lightgbm_direct,M5_h7_moirai2_vs_lightgbm_cov,8.065569648024833e-06,0.0316359914171544
Favorita_h28_chronos2_vs_lightgbm_direct,M5_h7_timesfm25_vs_lightgbm_cov,6.62148030260685e-06,0.026813845226360062
Favorita_h28_chronos2_vs_lightgbm_direct,M5_h7_tirex_vs_lightgbm_cov,8.953131816398516e-06,0.0363197424613538
Favorita_h28_chronos2_vs_lightgbm_direct,Rohlik_h14_chronos2_vs_lightgbm_cov,-1.5389916592554394e-05,-0.04991715106089023
Favorita_h28_chronos2_vs_lightgbm_direct,Rohlik_h14_chronos_bolt_tiny_vs_lightgbm_cov,-1.4829122745154469e-05,-0.052161432801464964
Favorita_h28_chronos2_vs_lightgbm_direct,Rohlik_h14_moirai2_vs_lightgbm_cov,-1.2835072450249208e-05,-0.0348298234432415
Favorita_h28_chronos2_vs_lightgbm_direct,Rohlik_h14_timesfm25_vs_lightgbm_cov,-1.1352326983443428e-05,-0.029185890722742535
Favorita_h28_chronos2_vs_lightgbm_direct,Rohlik_h14_tirex_vs_lightgbm_cov,-1.8374361636484983e-05,-0.043382433092266436
Favorita_h28_chronos2_vs_lightgbm_direct,Rohlik_h28_chronos2_vs_lightgbm_cov,-2.282174588945072e-05,-0.058806206799063614
Favorita_h28_chronos2_vs_lightgbm_direct,Rohlik_h28_chronos_bolt_tiny_vs_lightgbm_cov,-1.688610022562559e-05,-0.04392190526574448
Favorita_h28_chronos2_vs_lightgbm_direct,Rohlik_h28_moirai2_vs_lightgbm_cov,-2.32055086233071e-05,-0.05240566979303713
Favorita_h28_chronos2_vs_lightgbm_direct,Rohlik_h28_timesfm25_vs_lightgbm_cov,-2.155284994445126e-05,-0.04712357082078899
Favorita_h28_chronos2_vs_lightgbm_direct,Rohlik_h28_tirex_vs_lightgbm_cov,-2.5538746559977902e-05,-0.053074520810483465
Favorita_h28_chronos2_vs_lightgbm_direct,Rohlik_h7_chronos2_vs_lightgbm_cov,-1.662092794005243e-05,-0.051892197687715184
Favorita_h28_chronos2_vs_lightgbm_direct,Rohlik_h7_chronos_bolt_tiny_vs_lightgbm_cov,-1.7465735846492994e-05,-0.05606042943864923
Favorita_h28_chronos2_vs_lightgbm_direct,Rohlik_h7_moirai2_vs_lightgbm_cov,-1.3252648912364928e-05,-0.033148323198361154
Favorita_h28_chronos2_vs_lightgbm_direct,Rohlik_h7_timesfm25_vs_lightgbm_cov,-1.5692165434785572e-05,-0.04178082403575698
Favorita_h28_chronos2_vs_lightgbm_direct,Rohlik_h7_tirex_vs_lightgbm_cov,-1.8650262863719438e-05,-0.04885660200043875
Favorita_h28_chronos_bolt_tiny_vs_lightgbm_direct,Favorita_h14_chronos2_vs_lightgbm_cov,0.0001498622370464489,0.4395242756629048
Favorita_h28_chronos_bolt_tiny_vs_lightgbm_direct,Favorita_h14_chronos_bolt_tiny_vs_lightgbm_cov,0.0003087029102417653,0.4080772085084023
Favorita_h28_chronos_bolt_tiny_vs_lightgbm_direct,Favorita_h14_moirai2_vs_lightgbm_cov,3.35009019781831e-05,0.11729589431782916
Favorita_h28_chronos_bolt_tiny_vs_lightgbm_direct,Favorita_h14_timesfm25_vs_lightgbm_cov,-1.8978273428525998e-06,-0.0033559517962462797
Favorita_h28_chronos_bolt_tiny_vs_lightgbm_direct,Favorita_h14_tirex_vs_lightgbm_cov,0.00017042335760076443,0.5315667897653881
Favorita_h28_chronos_bolt_tiny_vs_lightgbm_direct,Favorita_h28_chronos2_vs_lightgbm_direct,0.0006918391822337485,0.7550566183401475
Favorita_h28_chronos_bolt_tiny_vs_lightgbm_direct,Favorita_h28_chronos_bolt_tiny_vs_lightgbm_direct,0.000919671220591835,1.0
Favorita_h28_chronos_bolt_tiny_vs_lightgbm_direct,Favorita_h28_moirai2_vs_lightgbm_direct,0.0005898846765048772,0.7863477991476044
Favorita_h28_chronos_bolt_tiny_vs_lightgbm_direct,Favorita_h28_timesfm25_vs_lightgbm_direct,0.0006400976661528587,0.9056552373782963
Favorita_h28_chronos_bolt_tiny_vs_lightgbm_direct,Favorita_h28_tirex_vs_lightgbm_direct,0.0006874727437036084,0.8335310022088085
Favorita_h28_chronos_bolt_tiny_vs_lightgbm_direct,Favorita_h7_chronos2_vs_lightgbm_cov,0.0001661916100023007,0.5192816861564746
Favorita_h28_chronos_bolt_tiny_vs_lightgbm_direct,Favorita_h7_chronos_bolt_tiny_vs_lightgbm_cov,0.00036610354587363547,0.46922407543118205
Favorita_h28_chronos_bolt_tiny_vs_lightgbm_direct,Favorita_h7_moirai2_vs_lightgbm_cov,7.349418503028749e-05,0.2817653692887828
Favorita_h28_chronos_bolt_tiny_vs_lightgbm_direct,Favorita_h7_timesfm25_vs_lightgbm_cov,1.2038500270214991e-05,0.023846511688844208
Favorita_h28_chronos_bolt_tiny_vs_lightgbm_direct,Favorita_h7_tirex_vs_lightgbm_cov,0.0002437922504191007,0.6924898064226123
Favorita_h28_chronos_bolt_tiny_vs_lightgbm_direct,M5_h14_chronos2_vs_lightgbm_cov,7.876876048318729e-06,0.030866555850960337
Favorita_h28_chronos_bolt_tiny_vs_lightgbm_direct,M5_h14_chronos_bolt_tiny_vs_lightgbm_cov,7.807088638120862e-06,0.023977108919929834
Favorita_h28_chronos_bolt_tiny_vs_lightgbm_direct,M5_h14_moirai2_vs_lightgbm_cov,5.649545478910759e-06,0.018527677315633984
Favorita_h28_chronos_bolt_tiny_vs_lightgbm_direct,M5_h14_timesfm25_vs_lightgbm_cov,4.34353463456397e-06,0.014970199429654458
Favorita_h28_chronos_bolt_tiny_vs_lightgbm_direct,M5_h14_tirex_vs_lightgbm_cov,7.507102814774486e-06,0.028185822553689732
Favorita_h28_chronos_bolt_tiny_vs_lightgbm_direct,M5_h28_chronos2_vs_lightgbm_direct,-1.678021360051676e-05,-0.040539868482011916
Favorita_h28_chronos_bolt_tiny_vs_lightgbm_direct,M5_h28_chronos_bolt_tiny_vs_lightgbm_direct,-1.247956567107496e-05,-0.026286739203659426
Favorita_h28_chronos_bolt_tiny_vs_lightgbm_direct,M5_h28_moirai2_vs_lightgbm_direct,-1.9935289267046583e-05,-0.055264481234231326
Favorita_h28_chronos_bolt_tiny_vs_lightgbm_direct,M5_h28_timesfm25_vs_lightgbm_direct,-1.941765214708611e-05,-0.04747880442401992
Favorita_h28_chronos_bolt_tiny_vs_lightgbm_direct,M5_h28_tirex_vs_lightgbm_direct,-1.4132845313998288e-05,-0.027883515781625248
Favorita_h28_chronos_bolt_tiny_vs_lightgbm_direct,M5_h7_chronos2_vs_lightgbm_cov,5.468535988405001e-06,0.023063996237656762
Favorita_h28_chronos_bolt_tiny_vs_lightgbm_direct,M5_h7_chronos_bolt_tiny_vs_lightgbm_cov,3.199476301233661e-06,0.01176581508464862
Favorita_h28_chronos_bolt_tiny_vs_lightgbm_direct,M5_h7_moirai2_vs_lightgbm_cov,5.775467743594825e-06,0.022569742570922775
Favorita_h28_chronos_bolt_tiny_vs_lightgbm_direct,M5_h7_timesfm25_vs_lightgbm_cov,5.779884514421544e-06,0.023319337472657013
Favorita_h28_chronos_bolt_tiny_vs_lightgbm_direct,M5_h7_tirex_vs_lightgbm_cov,5.633142976133366e-06,0.022767303433299576
Favorita_h28_chronos_bolt_tiny_vs_lightgbm_direct,Rohlik_h14_chronos2_vs_lightgbm_cov,-4.410914380246781e-06,-0.014253948721972132
Favorita_h28_chronos_bolt_tiny_vs_lightgbm_direct,Rohlik_h14_chronos_bolt_tiny_vs_lightgbm_cov,-1.3511121685753903e-06,-0.004734983799695342
Favorita_h28_chronos_bolt_tiny_vs_lightgbm_direct,Rohlik_h14_moirai2_vs_lightgbm_cov,-4.128101979966301e-06,-0.011160827753352405
Favorita_h28_chronos_bolt_tiny_vs_lightgbm_direct,Rohlik_h14_timesfm25_vs_lightgbm_cov,-2.118672662160302e-06,-0.0054268143263163015
Favorita_h28_chronos_bolt_tiny_vs_lightgbm_direct,Rohlik_h14_tirex_vs_lightgbm_cov,2.0177663208505056e-06,0.004746413323440918
Favorita_h28_chronos_bolt_tiny_vs_lightgbm_direct,Rohlik_h28_chronos2_vs_lightgbm_cov,-1.5390714063637877e-05,-0.03951173594966617
Favorita_h28_chronos_bolt_tiny_vs_lightgbm_direct,Rohlik_h28_chronos_bolt_tiny_vs_lightgbm_cov,-5.807140278725376e-06,-0.01504898346426776
Favorita_h28_chronos_bolt_tiny_vs_lightgbm_direct,Rohlik_h28_moirai2_vs_lightgbm_cov,-1.3291509277819256e-05,-0.02990573789392934
Favorita_h28_chronos_bolt_tiny_vs_lightgbm_direct,Rohlik_h28_timesfm25_vs_lightgbm_cov,-1.0399049017025793e-05,-0.02265270929605222
Favorita_h28_chronos_bolt_tiny_vs_lightgbm_direct,Rohlik_h28_tirex_vs_lightgbm_cov,-6.363637354709257e-06,-0.01317604185184999
Favorita_h28_chronos_bolt_tiny_vs_lightgbm_direct,Rohlik_h7_chronos2_vs_lightgbm_cov,-6.412128794981803e-06,-0.01994536893702052
Favorita_h28_chronos_bolt_tiny_vs_lightgbm_direct,Rohlik_h7_chronos_bolt_tiny_vs_lightgbm_cov,-4.4699404038738656e-06,-0.014294346496783952
Favorita_h28_chronos_bolt_tiny_vs_lightgbm_direct,Rohlik_h7_moirai2_vs_lightgbm_cov,-3.422156159204498e-06,-0.008528089209743255
Favorita_h28_chronos_bolt_tiny_vs_lightgbm_direct,Rohlik_h7_timesfm25_vs_lightgbm_cov,-3.428471730275426e-06,-0.009094686551443031
Favorita_h28_chronos_bolt_tiny_vs_lightgbm_direct,Rohlik_h7_tirex_vs_lightgbm_cov,-6.122568380357255e-07,-0.001597956618838687
Favorita_h28_moirai2_vs_lightgbm_direct,Favorita_h14_chronos2_vs_lightgbm_cov,0.0001332815764039162,0.47922661951927703
Favorita_h28_moirai2_vs_lightgbm_direct,Favorita_h14_chronos_bolt_tiny_vs_lightgbm_cov,-8.713549616141976e-05,-0.1412137160589262
Favorita_h28_moirai2_vs_lightgbm_direct,Favorita_h14_moirai2_vs_lightgbm_cov,5.14387095775567e-05,0.2207987106817041
Favorita_h28_moirai2_vs_lightgbm_direct,Favorita_h14_timesfm25_vs_lightgbm_cov,-0.00013891612981986197,-0.30115622694718003
Favorita_h28_moirai2_vs_lightgbm_direct,Favorita_h14_tirex_vs_lightgbm_cov,0.00011315215687056957,0.4326848775681142
Favorita_h28_moirai2_vs_lightgbm_direct,Favorita_h28_chronos2_vs_lightgbm_direct,0.0007015018315018447,0.9386060096636609
Favorita_h28_moirai2_vs_lightgbm_direct,Favorita_h28_chronos_bolt_tiny_vs_lightgbm_direct,0.0005898846765048772,0.7863477991476044
Favorita_h28_moirai2_vs_lightgbm_direct,Favorita_h28_moirai2_vs_lightgbm_direct,0.0006118884869085381,1.0
Favorita_h28_moirai2_vs_lightgbm_direct,Favorita_h28_timesfm25_vs_lightgbm_direct,0.000523337007148434,0.9077750936186176
Favorita_h28_moirai2_vs_lightgbm_direct,Favorita_h28_tirex_vs_lightgbm_direct,0.0006553125354076864,0.9740806272584419
Favorita_h28_moirai2_vs_lightgbm_direct,Favorita_h7_chronos2_vs_lightgbm_cov,0.0001673165230667368,0.6409333935894548
Favorita_h28_moirai2_vs_lightgbm_direct,Favorita_h7_chronos_bolt_tiny_vs_lightgbm_cov,-5.1387086797221016e-05,-0.08074404586124188
Favorita_h28_moirai2_vs_lightgbm_direct,Favorita_h7_moirai2_vs_lightgbm_cov,0.00011514154625005921,0.5411863707327889
Favorita_h28_moirai2_vs_lightgbm_direct,Favorita_h7_timesfm25_vs_lightgbm_cov,-0.00010893608472158267,-0.2645479443728076
Favorita_h28_moirai2_vs_lightgbm_direct,Favorita_h7_tirex_vs_lightgbm_cov,0.00020468079107193688,0.7127721670620482
Favorita_h28_moirai2_vs_lightgbm_direct,M5_h14_chronos2_vs_lightgbm_cov,7.08270111703406e-06,0.034026183049079964
Favorita_h28_moirai2_vs_lightgbm_direct,M5_h14_chronos_bolt_tiny_vs_lightgbm_cov,9.224949174826172e-06,0.034733763693810996
Favorita_h28_moirai2_vs_lightgbm_direct,M5_h14_moirai2_vs_lightgbm_cov,5.5135536673268435e-06,0.022167628401757823
Favorita_h28_moirai2_vs_lightgbm_direct,M5_h14_timesfm25_vs_lightgbm_cov,2.4793942914820656e-06,0.010476351258406187
Favorita_h28_moirai2_vs_lightgbm_direct,M5_h14_tirex_vs_lightgbm_cov,8.41686721348527e-06,0.03874261961464769
Favorita_h28_moirai2_vs_lightgbm_direct,M5_h28_chronos2_vs_lightgbm_direct,-1.1692630927008132e-05,-0.03463197421680053
Favorita_h28_moirai2_vs_lightgbm_direct,M5_h28_chronos_bolt_tiny_vs_lightgbm_direct,-7.060259363737038e-06,-0.018232157269829984
Favorita_h28_moirai2_vs_lightgbm_direct,M5_h28_moirai2_vs_lightgbm_direct,-9.991782935283176e-06,-0.03395835967083346
Favorita_h28_moirai2_vs_lightgbm_direct,M5_h28_timesfm25_vs_lightgbm_direct,-1.617744473351154e-05,-0.04849457300018485
Favorita_h28_moirai2_vs_lightgbm_direct,M5_h28_tirex_vs_lightgbm_direct,-9.24534762172791e-06,-0.022362550230704596
Favorita_h28_moirai2_vs_lightgbm_direct,M5_h7_chronos2_vs_lightgbm_cov,5.8124227182648935e-06,0.030053899709264562
Favorita_h28_moirai2_vs_lightgbm_direct,M5_h7_chronos_bolt_tiny_vs_lightgbm_cov,5.483873978952398e-06,0.024723545099949625
Favorita_h28_moirai2_vs_lightgbm_direct,M5_h7_moirai2_vs_lightgbm_cov,7.387735043128697e-06,0.03539410309259317
Favorita_h28_moirai2_vs_lightgbm_direct,M5_h7_timesfm25_vs_lightgbm_cov,5.729547206365634e-06,0.028339847288517152
Favorita_h28_moirai2_vs_lightgbm_direct,M5_h7_tirex_vs_lightgbm_cov,8.41345470309159e-06,0.041688410779379514
Favorita_h28_moirai2_vs_lightgbm_direct,Rohlik_h14_chronos2_vs_lightgbm_cov,-1.1851152159828319e-05,-0.046951264766172604
Favorita_h28_moirai2_vs_lightgbm_direct,Rohlik_h14_chronos_bolt_tiny_vs_lightgbm_cov,-1.2167189927107787e-05,-0.052275420705572416
Favorita_h28_moirai2_vs_lightgbm_direct,Rohlik_h14_moirai2_vs_lightgbm_cov,-9.68965684958256e-06,-0.03211696826628887
Favorita_h28_moirai2_vs_lightgbm_direct,Rohlik_h14_timesfm25_vs_lightgbm_cov,-7.802737871784826e-06,-0.024502380207204306
Favorita_h28_moirai2_vs_lightgbm_direct,Rohlik_h14_tirex_vs_lightgbm_cov,-1.1491163552763764e-05,-0.03313895801602436
Favorita_h28_moirai2_vs_lightgbm_direct,Rohlik_h28_chronos2_vs_lightgbm_cov,-1.7118638489365875e-05,-0.0538786516920371
Favorita_h28_moirai2_vs_lightgbm_direct,Rohlik_h28_chronos_bolt_tiny_vs_lightgbm_cov,-1.3329488344575782e-05,-0.0423485441091295
Favorita_h28_moirai2_vs_lightgbm_direct,Rohlik_h28_moirai2_vs_lightgbm_cov,-1.579577234160422e-05,-0.04357137315254305
Favorita_h28_moirai2_vs_lightgbm_direct,Rohlik_h28_timesfm25_vs_lightgbm_cov,-1.56402478130451e-05,-0.04176863797112665
Favorita_h28_moirai2_vs_lightgbm_direct,Rohlik_h28_tirex_vs_lightgbm_cov,-1.6797312159505095e-05,-0.04263826197069545
Favorita_h28_moirai2_vs_lightgbm_direct,Rohlik_h7_chronos2_vs_lightgbm_cov,-1.5503485516461576e-05,-0.05912203062825533
Favorita_h28_moirai2_vs_lightgbm_direct,Rohlik_h7_chronos_bolt_tiny_vs_lightgbm_cov,-1.7784213625061425e-05,-0.06972321363824484
Favorita_h28_moirai2_vs_lightgbm_direct,Rohlik_h7_moirai2_vs_lightgbm_cov,-1.4325537095837222e-05,-0.043766617378442896
Favorita_h28_moirai2_vs_lightgbm_direct,Rohlik_h7_timesfm25_vs_lightgbm_cov,-1.3890241325267455e-05,-0.04517281045002444
Favorita_h28_moirai2_vs_lightgbm_direct,Rohlik_h7_tirex_vs_lightgbm_cov,-1.5141944358985563e-05,-0.048449928884618285
Favorita_h28_timesfm25_vs_lightgbm_direct,Favorita_h14_chronos2_vs_lightgbm_cov,0.00011619859669872219,0.44344605374121
Favorita_h28_timesfm25_vs_lightgbm_direct,Favorita_h14_chronos_bolt_tiny_vs_lightgbm_cov,0.00012786283755756973,0.21993543655357614
Favorita_h28_timesfm25_vs_lightgbm_direct,Favorita_h14_moirai2_vs_lightgbm_cov,6.160013888562959e-05,0.28064496664594313
Favorita_h28_timesfm25_vs_lightgbm_direct,Favorita_h14_timesfm25_vs_lightgbm_cov,1.6704042920730055e-05,0.038435263912508955
Favorita_h28_timesfm25_vs_lightgbm_direct,Favorita_h14_tirex_vs_lightgbm_cov,0.00011862646400727494,0.48145928162725776
Favorita_h28_timesfm25_vs_lightgbm_direct,Favorita_h28_chronos2_vs_lightgbm_direct,0.0005700969581483821,0.8096034372343389
Favorita_h28_timesfm25_vs_lightgbm_direct,Favorita_h28_chronos_bolt_tiny_vs_lightgbm_direct,0.0006400976661528587,0.9056552373782963
Favorita_h28_timesfm25_vs_lightgbm_direct,Favorita_h28_moirai2_vs_lightgbm_direct,0.000523337007148434,0.9077750936186176
Favorita_h28_timesfm25_vs_lightgbm_direct,Favorita_h28_timesfm25_vs_lightgbm_direct,0.0005431678862948959,0.9999999999999998
Favorita_h28_timesfm25_vs_lightgbm_direct,Favorita_h28_tirex_vs_lightgbm_direct,0.0005674924618294997,0.8953145157105322
Favorita_h28_timesfm25_vs_lightgbm_direct,Favorita_h7_chronos2_vs_lightgbm_cov,0.00013123999158466627,0.5335920624926691
Favorita_h28_timesfm25_vs_lightgbm_direct,Favorita_h7_chronos_bolt_tiny_vs_lightgbm_cov,0.00016798290881816323,0.2801500503212616
Favorita_h28_timesfm25_vs_lightgbm_direct,Favorita_h7_moirai2_vs_lightgbm_cov,9.207081698865509e-05,0.4593099869297717
Favorita_h28_timesfm25_vs_lightgbm_direct,Favorita_h7_timesfm25_vs_lightgbm_cov,2.9059187413451925e-05,0.07490058215044397
Favorita_h28_timesfm25_vs_lightgbm_direct,Favorita_h7_tirex_vs_lightgbm_cov,0.000175065004375159,0.6470563194136125
Favorita_h28_timesfm25_vs_lightgbm_direct,M5_h14_chronos2_vs_lightgbm_cov,5.079048221871234e-06,0.025897971764682868
Favorita_h28_timesfm25_vs_lightgbm_direct,M5_h14_chronos_bolt_tiny_vs_lightgbm_cov,8.370644576640474e-06,0.033451520533743624
Favorita_h28_timesfm25_vs_lightgbm_direct,M5_h14_moirai2_vs_lightgbm_cov,4.2440895874444324e-06,0.018110951496170417
Favorita_h28_timesfm25_vs_lightgbm_direct,M5_h14_timesfm25_vs_lightgbm_cov,2.0838835894374643e-06,0.00934559609053895
Favorita_h28_timesfm25_vs_lightgbm_direct,M5_h14_tirex_vs_lightgbm_cov,6.583321608440716e-06,0.03216271311083789
Favorita_h28_timesfm25_vs_lightgbm_direct,M5_h28_chronos2_vs_lightgbm_direct,-1.5326116291839743e-05,-0.048179936439449594
Favorita_h28_timesfm25_vs_lightgbm_direct,M5_h28_chronos_bolt_tiny_vs_lightgbm_direct,-1.0500449076757432e-05,-0.02878023755176164
Favorita_h28_timesfm25_vs_lightgbm_direct,M5_h28_moirai2_vs_lightgbm_direct,-1.6328988374467834e-05,-0.05890227801498225
Favorita_h28_timesfm25_vs_lightgbm_direct,M5_h28_timesfm25_vs_lightgbm_direct,-1.945088797342735e-05,-0.061885904905556774
Favorita_h28_timesfm25_vs_lightgbm_direct,M5_h28_tirex_vs_lightgbm_direct,-1.2554642349043162e-05,-0.03223083281703584
Favorita_h28_timesfm25_vs_lightgbm_direct,M5_h7_chronos2_vs_lightgbm_cov,4.673403297253522e-06,0.025647556790000876
Favorita_h28_timesfm25_vs_lightgbm_direct,M5_h7_chronos_bolt_tiny_vs_lightgbm_cov,4.419415016325106e-06,0.02114740893274152
Favorita_h28_timesfm25_vs_lightgbm_direct,M5_h7_moirai2_vs_lightgbm_cov,4.748216230638235e-06,0.024144553953894414
Favorita_h28_timesfm25_vs_lightgbm_direct,M5_h7_timesfm25_vs_lightgbm_cov,4.871413348079595e-06,0.025574154453791343
Favorita_h28_timesfm25_vs_lightgbm_direct,M5_h7_tirex_vs_lightgbm_cov,5.7491258150739645e-06,0.030235133451021287
Favorita_h28_timesfm25_vs_lightgbm_direct,Rohlik_h14_chronos2_vs_lightgbm_cov,-8.452613158660115e-06,-0.03554240516910786
Favorita_h28_timesfm25_vs_lightgbm_direct,Rohlik_h14_chronos_bolt_tiny_vs_lightgbm_cov,-7.21246044592577e-06,-0.03288969090158179
Favorita_h28_timesfm25_vs_lightgbm_direct,Rohlik_h14_moirai2_vs_lightgbm_cov,-9.919498250873315e-06,-0.0348967473217402
Favorita_h28_timesfm25_vs_lightgbm_direct,Rohlik_h14_timesfm25_vs_lightgbm_cov,-8.492064032938847e-06,-0.028303726290284416
Favorita_h28_timesfm25_vs_lightgbm_direct,Rohlik_h14_tirex_vs_lightgbm_cov,-7.732840954047231e-06,-0.023669169458609154
Favorita_h28_timesfm25_vs_lightgbm_direct,Rohlik_h28_chronos2_vs_lightgbm_cov,-1.4534032066817068e-05,-0.048551506561991545
Favorita_h28_timesfm25_vs_lightgbm_direct,Rohlik_h28_chronos_bolt_tiny_vs_lightgbm_cov,-9.06805630901811e-06,-0.030577946162228146
Favorita_h28_timesfm25_vs_lightgbm_direct,Rohlik_h28_moirai2_vs_lightgbm_cov,-1.479087185600519e-05,-0.043303525357128
Favorita_h28_timesfm25_vs_lightgbm_direct,Rohlik_h28_timesfm25_vs_lightgbm_cov,-1.5494206608511472e-05,-0.04391825992328339
Favorita_h28_timesfm25_vs_lightgbm_direct,Rohlik_h28_tirex_vs_lightgbm_cov,-1.3448005521376895e-05,-0.036231530283917054
Favorita_h28_timesfm25_vs_lightgbm_direct,Rohlik_h7_chronos2_vs_lightgbm_cov,-1.1985192046278289e-05,-0.04851031445806006
Favorita_h28_timesfm25_vs_lightgbm_direct,Rohlik_h7_chronos_bolt_tiny_vs_lightgbm_cov,-1.2696385582808238e-05,-0.052831377099112224
Favorita_h28_timesfm25_vs_lightgbm_direct,Rohlik_h7_moirai2_vs_lightgbm_cov,-1.304044612630058e-05,-0.04228570894710025
Favorita_h28_timesfm25_vs_lightgbm_direct,Rohlik_h7_timesfm25_vs_lightgbm_cov,-1.1205965491076225e-05,-0.03867993174967426
Favorita_h28_timesfm25_vs_lightgbm_direct,Rohlik_h7_tirex_vs_lightgbm_cov,-1.0337027754796562e-05,-0.03510559017470361
Favorita_h28_tirex_vs_lightgbm_direct,Favorita_h14_chronos2_vs_lightgbm_cov,0.00017740945634772353,0.5801847245040482
Favorita_h28_tirex_vs_lightgbm_direct,Favorita_h14_chronos_bolt_tiny_vs_lightgbm_cov,-6.45380920576747e-05,-0.09512980524174712
Favorita_h28_tirex_vs_lightgbm_direct,Favorita_h14_moirai2_vs_lightgbm_cov,4.076384884219997e-05,0.1591476985740085
Favorita_h28_tirex_vs_lightgbm_direct,Favorita_h14_timesfm25_vs_lightgbm_cov,-0.00016724411176341326,-0.32976815959330313
Favorita_h28_tirex_vs_lightgbm_direct,Favorita_h14_tirex_vs_lightgbm_cov,0.00015298394458133525,0.532075726786008
Favorita_h28_tirex_vs_lightgbm_direct,Favorita_h28_chronos2_vs_lightgbm_direct,0.0008008702593932416,0.9746201808769894
Favorita_h28_tirex_vs_lightgbm_direct,Favorita_h28_chronos_bolt_tiny_vs_lightgbm_direct,0.0006874727437036084,0.8335310022088085
Favorita_h28_tirex_vs_lightgbm_direct,Favorita_h28_moirai2_vs_lightgbm_direct,0.0006553125354076864,0.9740806272584419
Favorita_h28_tirex_vs_lightgbm_direct,Favorita_h28_timesfm25_vs_lightgbm_direct,0.0005674924618294997,0.8953145157105322
Favorita_h28_tirex_vs_lightgbm_direct,Favorita_h28_tirex_vs_lightgbm_direct,0.0007396646396088056,0.9999999999999999
Favorita_h28_tirex_vs_lightgbm_direct,Favorita_h7_chronos2_vs_lightgbm_cov,0.000208375672501699,0.7260053066150272
Favorita_h28_tirex_vs_lightgbm_direct,Favorita_h7_chronos_bolt_tiny_vs_lightgbm_cov,-2.8774196419069502e-05,-0.04112239736466928
Favorita_h28_tirex_vs_lightgbm_direct,Favorita_h7_moirai2_vs_lightgbm_cov,0.00010966147899857334,0.46880000162079805
Favorita_h28_tirex_vs_lightgbm_direct,Favorita_h7_timesfm25_vs_lightgbm_cov,-0.00013886122544610563,-0.30671310659012296
Favorita_h28_tirex_vs_lightgbm_direct,Favorita_h7_tirex_vs_lightgbm_cov,0.00025331439705821246,0.8023285226135599
Favorita_h28_tirex_vs_lightgbm_direct,M5_h14_chronos2_vs_lightgbm_cov,9.641345560956004e-06,0.04212798428725102
Favorita_h28_tirex_vs_lightgbm_direct,M5_h14_chronos_bolt_tiny_vs_lightgbm_cov,1.2390472661487944e-05,0.042432092509046004
Favorita_h28_tirex_vs_lightgbm_direct,M5_h14_moirai2_vs_lightgbm_cov,6.937603285400615e-06,0.025369727389902553
Favorita_h28_tirex_vs_lightgbm_direct,M5_h14_timesfm25_vs_lightgbm_cov,4.877594357623977e-06,0.018745146813327684
Favorita_h28_tirex_vs_lightgbm_direct,M5_h14_tirex_vs_lightgbm_cov,1.06898842390565e-05,0.044753831388424266
Favorita_h28_tirex_vs_lightgbm_direct,M5_h28_chronos2_vs_lightgbm_direct,-6.729767739445849e-06,-0.018129415230805915
Favorita_h28_tirex_vs_lightgbm_direct,M5_h28_chronos_bolt_tiny_vs_lightgbm_direct,-5.422556880424401e-07,-0.001273621059036342
Favorita_h28_tirex_vs_lightgbm_direct,M5_h28_moirai2_vs_lightgbm_direct,-8.185054516496844e-06,-0.025301367905567463
Favorita_h28_tirex_vs_lightgbm_direct,M5_h28_timesfm25_vs_lightgbm_direct,-1.2008501895909647e-05,-0.032740910905280037
Favorita_h28_tirex_vs_lightgbm_direct,M5_h28_tirex_vs_lightgbm_direct,-2.80608476508593e-06,-0.006173302834954151
Favorita_h28_tirex_vs_lightgbm_direct,M5_h7_chronos2_vs_lightgbm_cov,6.567836073352245e-06,0.030887635111138807
Favorita_h28_tirex_vs_lightgbm_direct,M5_h7_chronos_bolt_tiny_vs_lightgbm_cov,6.816149109066995e-06,0.02794995241395855
Favorita_h28_tirex_vs_lightgbm_direct,M5_h7_moirai2_vs_lightgbm_cov,8.438222747766451e-06,0.03676963322930995
Favorita_h28_tirex_vs_lightgbm_direct,M5_h7_timesfm25_vs_lightgbm_cov,7.074666290875339e-06,0.031827452238914984
Favorita_h28_tirex_vs_lightgbm_direct,M5_h7_tirex_vs_lightgbm_cov,9.168276027452136e-06,0.04131876868308045
Favorita_h28_tirex_vs_lightgbm_direct,Rohlik_h14_chronos2_vs_lightgbm_cov,-1.2817156019410324e-05,-0.04618459128408744
Favorita_h28_tirex_vs_lightgbm_direct,Rohlik_h14_chronos_bolt_tiny_vs_lightgbm_cov,-1.1774548929030714e-05,-0.04601190773407731
Favorita_h28_tirex_vs_lightgbm_direct,Rohlik_h14_moirai2_vs_lightgbm_cov,-9.84511001455284e-06,-0.029680104873398436
Favorita_h28_tirex_vs_lightgbm_direct,Rohlik_h14_timesfm25_vs_lightgbm_cov,-8.492630416813236e-06,-0.02425616813407222
Favorita_h28_tirex_vs_lightgbm_direct,Rohlik_h14_tirex_vs_lightgbm_cov,-1.2465155218894106e-05,-0.03269574562454416
Favorita_h28_tirex_vs_lightgbm_direct,Rohlik_h28_chronos2_vs_lightgbm_cov,-2.0237839110391356e-05,-0.05793357773936172
Favorita_h28_tirex_vs_lightgbm_direct,Rohlik_h28_chronos_bolt_tiny_vs_lightgbm_cov,-1.4211894317474251e-05,-0.041067256116312886
Favorita_h28_tirex_vs_lightgbm_direct,Rohlik_h28_moirai2_vs_lightgbm_cov,-1.8596878304588648e-05,-0.04665725051416299
Favorita_h28_tirex_vs_lightgbm_direct,Rohlik_h28_timesfm25_vs_lightgbm_cov,-1.7813895619674775e-05,-0.04326974134336086
Favorita_h28_tirex_vs_lightgbm_direct,Rohlik_h28_tirex_vs_lightgbm_cov,-1.9291558208937775e-05,-0.044539539275677074
Favorita_h28_tirex_vs_lightgbm_direct,Rohlik_h7_chronos2_vs_lightgbm_cov,-1.4808776531959987e-05,-0.05136388748775361
Favorita_h28_tirex_vs_lightgbm_direct,Rohlik_h7_chronos_bolt_tiny_vs_lightgbm_cov,-1.5498289561110366e-05,-0.055264368604950265
Favorita_h28_tirex_vs_lightgbm_direct,Rohlik_h7_moirai2_vs_lightgbm_cov,-1.1595203850595399e-05,-0.032220269531087656
Favorita_h28_tirex_vs_lightgbm_direct,Rohlik_h7_timesfm25_vs_lightgbm_cov,-1.3061053261926005e-05,-0.03863351583510622
Favorita_h28_tirex_vs_lightgbm_direct,Rohlik_h7_tirex_vs_lightgbm_cov,-1.4573131864606383e-05,-0.042411448438829914
Favorita_h7_chronos2_vs_lightgbm_cov,Favorita_h14_chronos2_vs_lightgbm_cov,0.00010810348730755369,0.9110807428530282
Favorita_h7_chronos2_vs_lightgbm_cov,Favorita_h14_chronos_bolt_tiny_vs_lightgbm_cov,-1.1602590496505332e-05,-0.044074062975741256
Favorita_h7_chronos2_vs_lightgbm_cov,Favorita_h14_moirai2_vs_lightgbm_cov,4.139589538737038e-05,0.41649529426748655
Favorita_h7_chronos2_vs_lightgbm_cov,Favorita_h14_timesfm25_vs_lightgbm_cov,-3.3228683089790726e-05,-0.1688490618390108
Favorita_h7_chronos2_vs_lightgbm_cov,Favorita_h14_tirex_vs_lightgbm_cov,9.208297378039271e-05,0.8253431789512574
Favorita_h7_chronos2_vs_lightgbm_cov,Favorita_h28_chronos2_vs_lightgbm_direct,0.0002390505415556019,0.749705338566111
Favorita_h7_chronos2_vs_lightgbm_cov,Favorita_h28_chronos_bolt_tiny_vs_lightgbm_direct,0.0001661916100023007,0.5192816861564746
Favorita_h7_chronos2_vs_lightgbm_cov,Favorita_h28_moirai2_vs_lightgbm_direct,0.0001673165230667368,0.6409333935894548
Favorita_h7_chronos2_vs_lightgbm_cov,Favorita_h28_timesfm25_vs_lightgbm_direct,0.00013123999158466627,0.5335920624926691
Favorita_h7_chronos2_vs_lightgbm_cov,Favorita_h28_tirex_vs_lightgbm_direct,0.000208375672501699,0.7260053066150272
Favorita_h7_chronos2_vs_lightgbm_cov,Favorita_h7_chronos2_vs_lightgbm_cov,0.0001113729136206336,1.0
Favorita_h7_chronos2_vs_lightgbm_cov,Favorita_h7_chronos_bolt_tiny_vs_lightgbm_cov,-1.2789337643281199e-05,-0.04710325424860206
Favorita_h7_chronos2_vs_lightgbm_cov,Favorita_h7_moirai2_vs_lightgbm_cov,5.713742562252048e-05,0.6294798208727
Favorita_h7_chronos2_vs_lightgbm_cov,Favorita_h7_timesfm25_vs_lightgbm_cov,-3.2654552211026955e-05,-0.18587574060179632
Favorita_h7_chronos2_vs_lightgbm_cov,Favorita_h7_tirex_vs_lightgbm_cov,0.00011583382604697797,0.9454866422849415
Favorita_h7_chronos2_vs_lightgbm_cov,M5_h14_chronos2_vs_lightgbm_cov,4.832584382986973e-06,0.05441769158355176
Favorita_h7_chronos2_vs_lightgbm_cov,M5_h14_chronos_bolt_tiny_vs_lightgbm_cov,6.4951325175386325e-06,0.057322118109922444
Favorita_h7_chronos2_vs_lightgbm_cov,M5_h14_moirai2_vs_lightgbm_cov,2.1888614823178857e-06,0.02062776882617302
Favorita_h7_chronos2_vs_lightgbm_cov,M5_h14_timesfm25_vs_lightgbm_cov,2.0904612228615455e-06,0.020703936192708213
Favorita_h7_chronos2_vs_lightgbm_cov,M5_h14_tirex_vs_lightgbm_cov,4.437372123328969e-06,0.04787521173901305
Favorita_h7_chronos2_vs_lightgbm_cov,M5_h28_chronos2_vs_lightgbm_direct,1.621242746598745e-06,0.01125536035754225
Favorita_h7_chronos2_vs_lightgbm_cov,M5_h28_chronos_bolt_tiny_vs_lightgbm_direct,4.484336884888378e-06,0.027143258613086536
Favorita_h7_chronos2_vs_lightgbm_cov,M5_h28_moirai2_vs_lightgbm_direct,-7.186815106698473e-07,-0.005725145591618162
Favorita_h7_chronos2_vs_lightgbm_cov,M5_h28_timesfm25_vs_lightgbm_direct,-1.4580742561894468e-06,-0.010244934995722222
Favorita_h7_chronos2_vs_lightgbm_cov,M5_h28_tirex_vs_lightgbm_direct,3.346429669653046e-06,0.01897256879334387
Favorita_h7_chronos2_vs_lightgbm_cov,M5_h7_chronos2_vs_lightgbm_cov,2.124827790304857e-06,0.025752163987170337
Favorita_h7_chronos2_vs_lightgbm_cov,M5_h7_chronos_bolt_tiny_vs_lightgbm_cov,2.555780052191482e-06,0.02700804226226624
Favorita_h7_chronos2_vs_lightgbm_cov,M5_h7_moirai2_vs_lightgbm_cov,2.766393197037965e-06,0.031065608036072532
Favorita_h7_chronos2_vs_lightgbm_cov,M5_h7_timesfm25_vs_lightgbm_cov,1.9329401138055744e-06,0.02241000497025775
Favorita_h7_chronos2_vs_lightgbm_cov,M5_h7_tirex_vs_lightgbm_cov,2.789322112895446e-06,0.032395597813064794
Favorita_h7_chronos2_vs_lightgbm_cov,Rohlik_h14_chronos2_vs_lightgbm_cov,-4.423541519331841e-06,-0.04107742199854009
Favorita_h7_chronos2_vs_lightgbm_cov,Rohlik_h14_chronos_bolt_tiny_vs_lightgbm_cov,-3.358979651974037e-06,-0.03382680442394434
Favorita_h7_chronos2_vs_lightgbm_cov,Rohlik_h14_moirai2_vs_lightgbm_cov,-2.3867960452791254e-06,-0.018543333332173575
Favorita_h7_chronos2_vs_lightgbm_cov,Rohlik_h14_timesfm25_vs_lightgbm_cov,-1.6568620789093748e-06,-0.012195341487603291
Favorita_h7_chronos2_vs_lightgbm_cov,Rohlik_h14_tirex_vs_lightgbm_cov,-2.952446399112797e-06,-0.019957365675520408
Favorita_h7_chronos2_vs_lightgbm_cov,Rohlik_h28_chronos2_vs_lightgbm_cov,-7.70825335878107e-06,-0.056865626655637894
Favorita_h7_chronos2_vs_lightgbm_cov,Rohlik_h28_chronos_bolt_tiny_vs_lightgbm_cov,-6.164728207760027e-06,-0.04590767404761617
Favorita_h7_chronos2_vs_lightgbm_cov,Rohlik_h28_moirai2_vs_lightgbm_cov,-7.806284510581496e-06,-0.0504720688729554
Favorita_h7_chronos2_vs_lightgbm_cov,Rohlik_h28_timesfm25_vs_lightgbm_cov,-5.6734893958541545e-06,-0.03551430182493268
Favorita_h7_chronos2_vs_lightgbm_cov,Rohlik_h28_tirex_vs_lightgbm_cov,-6.977435769265908e-06,-0.041514699423857174
Favorita_h7_chronos2_vs_lightgbm_cov,Rohlik_h7_chronos2_vs_lightgbm_cov,-3.1687544918889956e-06,-0.0283240228917838
Favorita_h7_chronos2_vs_lightgbm_cov,Rohlik_h7_chronos_bolt_tiny_vs_lightgbm_cov,-2.34857891932085e-06,-0.02158212672008143
Favorita_h7_chronos2_vs_lightgbm_cov,Rohlik_h7_moirai2_vs_lightgbm_cov,-3.8134746019084373e-07,-0.002730858999900022
Favorita_h7_chronos2_vs_lightgbm_cov,Rohlik_h7_timesfm25_vs_lightgbm_cov,-1.0486561386815548e-06,-0.007993680277169839
Favorita_h7_chronos2_vs_lightgbm_cov,Rohlik_h7_tirex_vs_lightgbm_cov,-1.9800536188954447e-06,-0.014850285359593585
Favorita_h7_chronos_bolt_tiny_vs_lightgbm_cov,Favorita_h14_chronos2_vs_lightgbm_cov,1.589871039057423e-05,0.05496187022268447
Favorita_h7_chronos_bolt_tiny_vs_lightgbm_cov,Favorita_h14_chronos_bolt_tiny_vs_lightgbm_cov,0.000632483224857,0.9855066872684847
Favorita_h7_chronos_bolt_tiny_vs_lightgbm_cov,Favorita_h14_moirai2_vs_lightgbm_cov,7.124182183096665e-05,0.2940155336018329
Favorita_h7_chronos_bolt_tiny_vs_lightgbm_cov,Favorita_h14_timesfm25_vs_lightgbm_cov,0.0003576906894640585,0.7455479815814864
Favorita_h7_chronos_bolt_tiny_vs_lightgbm_cov,Favorita_h14_tirex_vs_lightgbm_cov,9.124552250614436e-05,0.3354665586039829
Favorita_h7_chronos_bolt_tiny_vs_lightgbm_cov,Favorita_h28_chronos2_vs_lightgbm_direct,-0.00014452858417850396,-0.18592468768085363
Favorita_h7_chronos_bolt_tiny_vs_lightgbm_cov,Favorita_h28_chronos_bolt_tiny_vs_lightgbm_direct,0.00036610354587363547,0.46922407543118205
Favorita_h7_chronos_bolt_tiny_vs_lightgbm_cov,Favorita_h28_moirai2_vs_lightgbm_direct,-5.1387086797221016e-05,-0.08074404586124188
Favorita_h7_chronos_bolt_tiny_vs_lightgbm_cov,Favorita_h28_timesfm25_vs_lightgbm_direct,0.00016798290881816323,0.2801500503212616
Favorita_h7_chronos_bolt_tiny_vs_lightgbm_cov,Favorita_h28_tirex_vs_lightgbm_direct,-2.8774196419069502e-05,-0.04112239736466928
Favorita_h7_chronos_bolt_tiny_vs_lightgbm_cov,Favorita_h7_chronos2_vs_lightgbm_cov,-1.2789337643281199e-05,-0.04710325424860206
Favorita_h7_chronos_bolt_tiny_vs_lightgbm_cov,Favorita_h7_chronos_bolt_tiny_vs_lightgbm_cov,0.0006619340162904467,1.0000000000000002
Favorita_h7_chronos_bolt_tiny_vs_lightgbm_cov,Favorita_h7_moirai2_vs_lightgbm_cov,1.2217761103939217e-05,0.05521222046298842
Favorita_h7_chronos_bolt_tiny_vs_lightgbm_cov,Favorita_h7_timesfm25_vs_lightgbm_cov,0.0003272250683172941,0.764025734575142
Favorita_h7_chronos_bolt_tiny_vs_lightgbm_cov,Favorita_h7_tirex_vs_lightgbm_cov,3.5656871720851684e-05,0.11938387615756088
Favorita_h7_chronos_bolt_tiny_vs_lightgbm_cov,M5_h14_chronos2_vs_lightgbm_cov,-6.359096776478696e-07,-0.002937233981595744
Favorita_h7_chronos_bolt_tiny_vs_lightgbm_cov,M5_h14_chronos_bolt_tiny_vs_lightgbm_cov,-1.829289505803345e-06,-0.00662215127053275
Favorita_h7_chronos_bolt_tiny_vs_lightgbm_cov,M5_h14_moirai2_vs_lightgbm_cov,1.4447901679862629e-06,0.005584974506207165
Favorita_h7_chronos_bolt_tiny_vs_lightgbm_cov,M5_h14_timesfm25_vs_lightgbm_cov,4.1272310349394365e-07,0.0016766871113935218
Favorita_h7_chronos_bolt_tiny_vs_lightgbm_cov,M5_h14_tirex_vs_lightgbm_cov,-1.814727332191717e-06,-0.008031167397154352
Favorita_h7_chronos_bolt_tiny_vs_lightgbm_cov,M5_h28_chronos2_vs_lightgbm_direct,-1.714142625512794e-05,-0.04881359050331805
Favorita_h7_chronos_bolt_tiny_vs_lightgbm_cov,M5_h28_chronos_bolt_tiny_vs_lightgbm_direct,-1.856172677138807e-05,-0.04608552820688494
Favorita_h7_chronos_bolt_tiny_vs_lightgbm_cov,M5_h28_moirai2_vs_lightgbm_direct,-1.8748292991926437e-05,-0.06126243236542145
Favorita_h7_chronos_bolt_tiny_vs_lightgbm_cov,M5_h28_timesfm25_vs_lightgbm_direct,-1.684663322547219e-05,-0.04855401259286469
Favorita_h7_chronos_bolt_tiny_vs_lightgbm_cov,M5_h28_tirex_vs_lightgbm_direct,-1.883330634386282e-05,-0.0437979159371397
Favorita_h7_chronos_bolt_tiny_vs_lightgbm_cov,M5_h7_chronos2_vs_lightgbm_cov,-7.240722985719883e-07,-0.003599601009060725
Favorita_h7_chronos_bolt_tiny_vs_lightgbm_cov,M5_h7_chronos_bolt_tiny_vs_lightgbm_cov,-4.176869732933702e-06,-0.01810518638345627
Favorita_h7_chronos_bolt_tiny_vs_lightgbm_cov,M5_h7_moirai2_vs_lightgbm_cov,-2.4771166733936774e-06,-0.011410241954719557
Favorita_h7_chronos_bolt_tiny_vs_lightgbm_cov,M5_h7_timesfm25_vs_lightgbm_cov,-1.408568624897512e-06,-0.006698599384357459
Favorita_h7_chronos_bolt_tiny_vs_lightgbm_cov,M5_h7_tirex_vs_lightgbm_cov,-3.7321530281712877e-06,-0.0177798958356224
Favorita_h7_chronos_bolt_tiny_vs_lightgbm_cov,Rohlik_h14_chronos2_vs_lightgbm_cov,1.3316532412213052e-05,0.05072320218939954
Favorita_h7_chronos_bolt_tiny_vs_lightgbm_cov,Rohlik_h14_chronos_bolt_tiny_vs_lightgbm_cov,1.7805622700976947e-05,0.07355178328547353
Favorita_h7_chronos_bolt_tiny_vs_lightgbm_cov,Rohlik_h14_moirai2_vs_lightgbm_cov,1.0367252678549053e-05,0.03303837056848768
Favorita_h7_chronos_bolt_tiny_vs_lightgbm_cov,Rohlik_h14_timesfm25_vs_lightgbm_cov,1.1688016621864286e-05,0.03528831072118558
Favorita_h7_chronos_bolt_tiny_vs_lightgbm_cov,Rohlik_h14_tirex_vs_lightgbm_cov,2.400777624318598e-05,0.06656647636737953
Favorita_h7_chronos_bolt_tiny_vs_lightgbm_cov,Rohlik_h28_chronos2_vs_lightgbm_cov,7.84884826056119e-06,0.023751017654307358
Favorita_h7_chronos_bolt_tiny_vs_lightgbm_cov,Rohlik_h28_chronos_bolt_tiny_vs_lightgbm_cov,1.3606495028095182e-05,0.04156234695792176
Favorita_h7_chronos_bolt_tiny_vs_lightgbm_cov,Rohlik_h28_moirai2_vs_lightgbm_cov,8.580310802482914e-06,0.02275580437644952
Favorita_h7_chronos_bolt_tiny_vs_lightgbm_cov,Rohlik_h28_timesfm25_vs_lightgbm_cov,1.089333272594251e-05,0.027970243265384616
Favorita_h7_chronos_bolt_tiny_vs_lightgbm_cov,Rohlik_h28_tirex_vs_lightgbm_cov,2.0134865798544184e-05,0.04914023519112503
Favorita_h7_chronos_bolt_tiny_vs_lightgbm_cov,Rohlik_h7_chronos2_vs_lightgbm_cov,1.26046044776727e-05,0.046214473281740304
Favorita_h7_chronos_bolt_tiny_vs_lightgbm_cov,Rohlik_h7_chronos_bolt_tiny_vs_lightgbm_cov,1.7786087930065612e-05,0.06704277092097337
Favorita_h7_chronos_bolt_tiny_vs_lightgbm_cov,Rohlik_h7_moirai2_vs_lightgbm_cov,1.281313706907232e-05,0.03763711549511118
Favorita_h7_chronos_bolt_tiny_vs_lightgbm_cov,Rohlik_h7_timesfm25_vs_lightgbm_cov,1.565747128025908e-05,0.04895733116942299
Favorita_h7_chronos_bolt_tiny_vs_lightgbm_cov,Rohlik_h7_tirex_vs_lightgbm_cov,2.1187320899545837e-05,0.0651802967446844
Favorita_h7_moirai2_vs_lightgbm_cov,Favorita_h14_chronos2_vs_lightgbm_cov,4.874951892427705e-05,0.5041133776014329
Favorita_h7_moirai2_vs_lightgbm_cov,Favorita_h14_chronos_bolt_tiny_vs_lightgbm_cov,8.648906267177808e-06,0.04031160026275052
Favorita_h7_moirai2_vs_lightgbm_cov,Favorita_h14_moirai2_vs_lightgbm_cov,6.554035685553901e-05,0.8091002676703669
Favorita_h7_moirai2_vs_lightgbm_cov,Favorita_h14_timesfm25_vs_lightgbm_cov,3.1734801634090425e-05,0.19786183621058986
Favorita_h7_moirai2_vs_lightgbm_cov,Favorita_h14_tirex_vs_lightgbm_cov,4.9730199088142585e-05,0.5469103635880207
Favorita_h7_moirai2_vs_lightgbm_cov,Favorita_h28_chronos2_vs_lightgbm_direct,9.993904101632951e-05,0.3845712149103691
Favorita_h7_moirai2_vs_lightgbm_cov,Favorita_h28_chronos_bolt_tiny_vs_lightgbm_direct,7.349418503028749e-05,0.2817653692887828
Favorita_h7_moirai2_vs_lightgbm_cov,Favorita_h28_moirai2_vs_lightgbm_direct,0.00011514154625005921,0.5411863707327889
Favorita_h7_moirai2_vs_lightgbm_cov,Favorita_h28_timesfm25_vs_lightgbm_direct,9.207081698865509e-05,0.4593099869297717
Favorita_h7_moirai2_vs_lightgbm_cov,Favorita_h28_tirex_vs_lightgbm_direct,0.00010966147899857334,0.46880000162079805
Favorita_h7_moirai2_vs_lightgbm_cov,Favorita_h7_chronos2_vs_lightgbm_cov,5.713742562252048e-05,0.6294798208727
Favorita_h7_moirai2_vs_lightgbm_cov,Favorita_h7_chronos_bolt_tiny_vs_lightgbm_cov,1.2217761103939217e-05,0.05521222046298842
Favorita_h7_moirai2_vs_lightgbm_cov,Favorita_h7_moirai2_vs_lightgbm_cov,7.397724121804634e-05,1.0
Favorita_h7_moirai2_vs_lightgbm_cov,Favorita_h7_timesfm25_vs_lightgbm_cov,3.518846510846111e-05,0.24576499653602016
Favorita_h7_moirai2_vs_lightgbm_cov,Favorita_h7_tirex_vs_lightgbm_cov,6.0479530722952796e-05,0.6057161227056888
Favorita_h7_moirai2_vs_lightgbm_cov,M5_h14_chronos2_vs_lightgbm_cov,2.5129695506570487e-06,0.03472071181354786
Favorita_h7_moirai2_vs_lightgbm_cov,M5_h14_chronos_bolt_tiny_vs_lightgbm_cov,3.4379630358288114e-06,0.03722855170834567
Favorita_h7_moirai2_vs_lightgbm_cov,M5_h14_moirai2_vs_lightgbm_cov,2.18312447439865e-06,0.025243711028967886
Favorita_h7_moirai2_vs_lightgbm_cov,M5_h14_timesfm25_vs_lightgbm_cov,8.92369924487012e-07,0.01084417342402979
Favorita_h7_moirai2_vs_lightgbm_cov,M5_h14_tirex_vs_lightgbm_cov,2.8334458842236373e-06,0.03750943344829181
Favorita_h7_moirai2_vs_lightgbm_cov,M5_h28_chronos2_vs_lightgbm_direct,-3.3320400515991087e-06,-0.028383261346030697
Favorita_h7_moirai2_vs_lightgbm_cov,M5_h28_chronos_bolt_tiny_vs_lightgbm_direct,-2.9368296187619723e-06,-0.021811384290803672
Favorita_h7_moirai2_vs_lightgbm_cov,M5_h28_moirai2_vs_lightgbm_direct,-2.5152321627308726e-06,-0.02458492377390205
Favorita_h7_moirai2_vs_lightgbm_cov,M5_h28_timesfm25_vs_lightgbm_direct,-5.997402572668297e-06,-0.05170511300084207
Favorita_h7_moirai2_vs_lightgbm_cov,M5_h28_tirex_vs_lightgbm_direct,-3.3544355395403713e-06,-0.02333482830778697
Favorita_h7_moirai2_vs_lightgbm_cov,M5_h7_chronos2_vs_lightgbm_cov,1.803657180259311e-06,0.026821601851991672
Favorita_h7_moirai2_vs_lightgbm_cov,M5_h7_chronos_bolt_tiny_vs_lightgbm_cov,1.3451030646941422e-06,0.01744078046767226
Favorita_h7_moirai2_vs_lightgbm_cov,M5_h7_moirai2_vs_lightgbm_cov,2.3731991152639264e-06,0.03269948050548218
Favorita_h7_moirai2_vs_lightgbm_cov,M5_h7_timesfm25_vs_lightgbm_cov,1.391104370915734e-06,0.019789006631920746
Favorita_h7_moirai2_vs_lightgbm_cov,M5_h7_tirex_vs_lightgbm_cov,2.719710985723896e-06,0.038757058573269755
Favorita_h7_moirai2_vs_lightgbm_cov,Rohlik_h14_chronos2_vs_lightgbm_cov,-2.6473612309497145e-06,-0.030163865893538224
Favorita_h7_moirai2_vs_lightgbm_cov,Rohlik_h14_chronos_bolt_tiny_vs_lightgbm_cov,-2.67827205146457e-06,-0.03309398104353626
Favorita_h7_moirai2_vs_lightgbm_cov,Rohlik_h14_moirai2_vs_lightgbm_cov,-4.4613026922467243e-07,-0.004252799527392138
Favorita_h7_moirai2_vs_lightgbm_cov,Rohlik_h14_timesfm25_vs_lightgbm_cov,6.912615952511502e-07,0.006242963009622892
Favorita_h7_moirai2_vs_lightgbm_cov,Rohlik_h14_tirex_vs_lightgbm_cov,9.697521821009288e-07,0.008043085465394558
Favorita_h7_moirai2_vs_lightgbm_cov,Rohlik_h28_chronos2_vs_lightgbm_cov,-3.387606041278365e-06,-0.030663905810157828
Favorita_h7_moirai2_vs_lightgbm_cov,Rohlik_h28_chronos_bolt_tiny_vs_lightgbm_cov,-3.942278151505102e-06,-0.036021296772639065
Favorita_h7_moirai2_vs_lightgbm_cov,Rohlik_h28_moirai2_vs_lightgbm_cov,-1.942541008267249e-06,-0.015410532726793744
Favorita_h7_moirai2_vs_lightgbm_cov,Rohlik_h28_timesfm25_vs_lightgbm_cov,-1.439519930579232e-06,-0.011056341413051075
Favorita_h7_moirai2_vs_lightgbm_cov,Rohlik_h28_tirex_vs_lightgbm_cov,-1.0985820339810544e-06,-0.008020090480815823
Favorita_h7_moirai2_vs_lightgbm_cov,Rohlik_h7_chronos2_vs_lightgbm_cov,-4.401305546944692e-06,-0.048271254818630364
Favorita_h7_moirai2_vs_lightgbm_cov,Rohlik_h7_chronos_bolt_tiny_vs_lightgbm_cov,-5.171790157541574e-06,-0.058313713674703054
Favorita_h7_moirai2_vs_lightgbm_cov,Rohlik_h7_moirai2_vs_lightgbm_cov,-3.124745829390678e-06,-0.027455783456847984
Favorita_h7_moirai2_vs_lightgbm_cov,Rohlik_h7_timesfm25_vs_lightgbm_cov,-1.8387381834299626e-06,-0.01719785528083532
Favorita_h7_moirai2_vs_lightgbm_cov,Rohlik_h7_tirex_vs_lightgbm_cov,-1.830564670279173e-06,-0.016845490044194632
Favorita_h7_timesfm25_vs_lightgbm_cov,Favorita_h14_chronos2_vs_lightgbm_cov,-8.005270292684875e-06,-0.042771228443934085
Favorita_h7_timesfm25_vs_lightgbm_cov,Favorita_h14_chronos_bolt_tiny_vs_lightgbm_cov,0.00032452379383152017,0.7815076407542003
Favorita_h7_timesfm25_vs_lightgbm_cov,Favorita_h14_moirai2_vs_lightgbm_cov,9.080229381034967e-05,0.5791728543313756
Favorita_h7_timesfm25_vs_lightgbm_cov,Favorita_h14_timesfm25_vs_lightgbm_cov,0.0003032814843413112,0.976989687833019
Favorita_h7_timesfm25_vs_lightgbm_cov,Favorita_h14_tirex_vs_lightgbm_cov,3.280474648517496e-05,0.1864019608924946
Favorita_h7_timesfm25_vs_lightgbm_cov,Favorita_h28_chronos2_vs_lightgbm_direct,-0.00023165380358395734,-0.46057341637433785
Favorita_h7_timesfm25_vs_lightgbm_cov,Favorita_h28_chronos_bolt_tiny_vs_lightgbm_direct,1.2038500270214991e-05,0.023846511688844208
Favorita_h7_timesfm25_vs_lightgbm_cov,Favorita_h28_moirai2_vs_lightgbm_direct,-0.00010893608472158267,-0.2645479443728076
Favorita_h7_timesfm25_vs_lightgbm_cov,Favorita_h28_timesfm25_vs_lightgbm_direct,2.9059187413451925e-05,0.07490058215044397
Favorita_h7_timesfm25_vs_lightgbm_cov,Favorita_h28_tirex_vs_lightgbm_direct,-0.00013886122544610563,-0.30671310659012296
Favorita_h7_timesfm25_vs_lightgbm_cov,Favorita_h7_chronos2_vs_lightgbm_cov,-3.2654552211026955e-05,-0.18587574060179632
Favorita_h7_timesfm25_vs_lightgbm_cov,Favorita_h7_chronos_bolt_tiny_vs_lightgbm_cov,0.0003272250683172941,0.764025734575142
Favorita_h7_timesfm25_vs_lightgbm_cov,Favorita_h7_moirai2_vs_lightgbm_cov,3.518846510846111e-05,0.24576499653602016
Favorita_h7_timesfm25_vs_lightgbm_cov,Favorita_h7_timesfm25_vs_lightgbm_cov,0.00027711654783040603,1.0
Favorita_h7_timesfm25_vs_lightgbm_cov,Favorita_h7_tirex_vs_lightgbm_cov,-2.867751907853495e-05,-0.14839529585776315
Favorita_h7_timesfm25_vs_lightgbm_cov,M5_h14_chronos2_vs_lightgbm_cov,-1.927780816748672e-06,-0.01376185202428504
Favorita_h7_timesfm25_vs_lightgbm_cov,M5_h14_chronos_bolt_tiny_vs_lightgbm_cov,5.504530747205336e-07,0.003079733066249894
Favorita_h7_timesfm25_vs_lightgbm_cov,M5_h14_moirai2_vs_lightgbm_cov,1.2452650125365972e-06,0.007439681158301248
Favorita_h7_timesfm25_vs_lightgbm_cov,M5_h14_timesfm25_vs_lightgbm_cov,-3.0896780592885646e-07,-0.0019399145212898605
Favorita_h7_timesfm25_vs_lightgbm_cov,M5_h14_tirex_vs_lightgbm_cov,-8.699358384234818e-07,-0.005950187350200802
Favorita_h7_timesfm25_vs_lightgbm_cov,M5_h28_chronos2_vs_lightgbm_direct,-8.811283037280317e-06,-0.038780113035919925
Favorita_h7_timesfm25_vs_lightgbm_cov,M5_h28_chronos_bolt_tiny_vs_lightgbm_direct,-9.19047705007896e-06,-0.03526633824691152
Favorita_h7_timesfm25_vs_lightgbm_cov,M5_h28_moirai2_vs_lightgbm_direct,-7.149324935193271e-06,-0.03610552464269969
Favorita_h7_timesfm25_vs_lightgbm_cov,M5_h28_timesfm25_vs_lightgbm_direct,-9.833453143441462e-06,-0.04380202395218858
Favorita_h7_timesfm25_vs_lightgbm_cov,M5_h28_tirex_vs_lightgbm_direct,-9.425390838755517e-06,-0.033876798638245005
Favorita_h7_timesfm25_vs_lightgbm_cov,M5_h7_chronos2_vs_lightgbm_cov,-6.890372393915322e-07,-0.005294089100155464
Favorita_h7_timesfm25_vs_lightgbm_cov,M5_h7_chronos_bolt_tiny_vs_lightgbm_cov,-1.1904213428880323e-06,-0.007974966981688984
Favorita_h7_timesfm25_vs_lightgbm_cov,M5_h7_moirai2_vs_lightgbm_cov,-1.817723571535873e-06,-0.012940538524310258
Favorita_h7_timesfm25_vs_lightgbm_cov,M5_h7_timesfm25_vs_lightgbm_cov,-9.357294673419878e-07,-0.0068775288473886505
Favorita_h7_timesfm25_vs_lightgbm_cov,M5_h7_tirex_vs_lightgbm_cov,-1.7700138317115874e-06,-0.013032344436550174
Favorita_h7_timesfm25_vs_lightgbm_cov,Rohlik_h14_chronos2_vs_lightgbm_cov,6.268990827122118e-06,0.03690534475656275
Favorita_h7_timesfm25_vs_lightgbm_cov,Rohlik_h14_chronos_bolt_tiny_vs_lightgbm_cov,7.915697140480412e-06,0.0505360541875244
Favorita_h7_timesfm25_vs_lightgbm_cov,Rohlik_h14_moirai2_vs_lightgbm_cov,2.493139661298024e-06,0.012279414621321792
Favorita_h7_timesfm25_vs_lightgbm_cov,Rohlik_h14_timesfm25_vs_lightgbm_cov,3.138121339423892e-06,0.014643196833690366
Favorita_h7_timesfm25_vs_lightgbm_cov,Rohlik_h14_tirex_vs_lightgbm_cov,1.0060234370289091e-05,0.043110975707189365
Favorita_h7_timesfm25_vs_lightgbm_cov,Rohlik_h28_chronos2_vs_lightgbm_cov,6.132404788259876e-06,0.028680269189538338
Favorita_h7_timesfm25_vs_lightgbm_cov,Rohlik_h28_chronos_bolt_tiny_vs_lightgbm_cov,6.728594794743667e-06,0.031765397275717186
Favorita_h7_timesfm25_vs_lightgbm_cov,Rohlik_h28_moirai2_vs_lightgbm_cov,4.659455047027518e-06,0.019098550971833946
Favorita_h7_timesfm25_vs_lightgbm_cov,Rohlik_h28_timesfm25_vs_lightgbm_cov,3.4481124493924247e-06,0.013683368250550453
Favorita_h7_timesfm25_vs_lightgbm_cov,Rohlik_h28_tirex_vs_lightgbm_cov,8.862733726711595e-06,0.033429687180491885
Favorita_h7_timesfm25_vs_lightgbm_cov,Rohlik_h7_chronos2_vs_lightgbm_cov,3.957191612804651e-06,0.022423943212707496
Favorita_h7_timesfm25_vs_lightgbm_cov,Rohlik_h7_chronos_bolt_tiny_vs_lightgbm_cov,5.698657912338745e-06,0.03319863501004211
Favorita_h7_timesfm25_vs_lightgbm_cov,Rohlik_h7_moirai2_vs_lightgbm_cov,1.0745843880343812e-06,0.0048784011135784185
Favorita_h7_timesfm25_vs_lightgbm_cov,Rohlik_h7_timesfm25_vs_lightgbm_cov,4.897715292197906e-06,0.023668229217224807
Favorita_h7_timesfm25_vs_lightgbm_cov,Rohlik_h7_tirex_vs_lightgbm_cov,7.534721353680217e-06,0.035824785995457104
Favorita_h7_tirex_vs_lightgbm_cov,Favorita_h14_chronos2_vs_lightgbm_cov,0.00011153693230304357,0.8545459811882274
Favorita_h7_tirex_vs_lightgbm_cov,Favorita_h14_chronos_bolt_tiny_vs_lightgbm_cov,3.063085723719807e-05,0.10577592989396117
Favorita_h7_tirex_vs_lightgbm_cov,Favorita_h14_moirai2_vs_lightgbm_cov,4.290141248812329e-05,0.39239547152555776
Favorita_h7_tirex_vs_lightgbm_cov,Favorita_h14_timesfm25_vs_lightgbm_cov,-3.0495277467838658e-05,-0.14086973213762605
Favorita_h7_tirex_vs_lightgbm_cov,Favorita_h14_tirex_vs_lightgbm_cov,0.00010523652422884525,0.8574746770080255
Favorita_h7_tirex_vs_lightgbm_cov,Favorita_h28_chronos2_vs_lightgbm_direct,0.00027647593821288795,0.7882387651358306
Favorita_h7_tirex_vs_lightgbm_cov,Favorita_h28_chronos_bolt_tiny_vs_lightgbm_direct,0.0002437922504191007,0.6924898064226123
Favorita_h7_tirex_vs_lightgbm_cov,Favorita_h28_moirai2_vs_lightgbm_direct,0.00020468079107193688,0.7127721670620482
Favorita_h7_tirex_vs_lightgbm_cov,Favorita_h28_timesfm25_vs_lightgbm_direct,0.000175065004375159,0.6470563194136125
Favorita_h7_tirex_vs_lightgbm_cov,Favorita_h28_tirex_vs_lightgbm_direct,0.00025331439705821246,0.8023285226135599
Favorita_h7_tirex_vs_lightgbm_cov,Favorita_h7_chronos2_vs_lightgbm_cov,0.00011583382604697797,0.9454866422849415
Favorita_h7_tirex_vs_lightgbm_cov,Favorita_h7_chronos_bolt_tiny_vs_lightgbm_cov,3.5656871720851684e-05,0.11938387615756088
Favorita_h7_tirex_vs_lightgbm_cov,Favorita_h7_moirai2_vs_lightgbm_cov,6.0479530722952796e-05,0.6057161227056888
Favorita_h7_tirex_vs_lightgbm_cov,Favorita_h7_timesfm25_vs_lightgbm_cov,-2.867751907853495e-05,-0.14839529585776315
Favorita_h7_tirex_vs_lightgbm_cov,Favorita_h7_tirex_vs_lightgbm_cov,0.0001347660274138406,1.0
Favorita_h7_tirex_vs_lightgbm_cov,M5_h14_chronos2_vs_lightgbm_cov,5.34541065034306e-06,0.05471939926356868
Favorita_h7_tirex_vs_lightgbm_cov,M5_h14_chronos_bolt_tiny_vs_lightgbm_cov,6.6749923367047795e-06,0.05355309341168759
Favorita_h7_tirex_vs_lightgbm_cov,M5_h14_moirai2_vs_lightgbm_cov,2.9645433525328594e-06,0.02539752285268635
Favorita_h7_tirex_vs_lightgbm_cov,M5_h14_timesfm25_vs_lightgbm_cov,2.7343205307840696e-06,0.024618398952142392
Favorita_h7_tirex_vs_lightgbm_cov,M5_h14_tirex_vs_lightgbm_cov,5.1659329062535395e-06,0.05066793395937056
Favorita_h7_tirex_vs_lightgbm_cov,M5_h28_chronos2_vs_lightgbm_direct,5.007255334668845e-09,3.160171655149502e-05
Favorita_h7_tirex_vs_lightgbm_cov,M5_h28_chronos_bolt_tiny_vs_lightgbm_direct,2.9473921232752534e-06,0.01621814761823129
Favorita_h7_tirex_vs_lightgbm_cov,M5_h28_moirai2_vs_lightgbm_direct,-2.038682329141199e-06,-0.014763835557298582
Favorita_h7_tirex_vs_lightgbm_cov,M5_h28_timesfm25_vs_lightgbm_direct,-2.9546241634239143e-06,-0.018872584895824298
Favorita_h7_tirex_vs_lightgbm_cov,M5_h28_tirex_vs_lightgbm_direct,1.9275025157985662e-06,0.009934338755570444
Favorita_h7_tirex_vs_lightgbm_cov,M5_h7_chronos2_vs_lightgbm_cov,2.8096241683102895e-06,0.03095549826315617
Favorita_h7_tirex_vs_lightgbm_cov,M5_h7_chronos_bolt_tiny_vs_lightgbm_cov,2.7963334246336754e-06,0.02686322561737867
Favorita_h7_tirex_vs_lightgbm_cov,M5_h7_moirai2_vs_lightgbm_cov,3.6319725264939233e-06,0.037077298424846514
Favorita_h7_tirex_vs_lightgbm_cov,M5_h7_timesfm25_vs_lightgbm_cov,2.8812772436753216e-06,0.030367439887876123
Favorita_h7_tirex_vs_lightgbm_cov,M5_h7_tirex_vs_lightgbm_cov,3.6906991031793363e-06,0.03896687205253395
Favorita_h7_tirex_vs_lightgbm_cov,Rohlik_h14_chronos2_vs_lightgbm_cov,-3.3013199485990945e-06,-0.027868928111779764
Favorita_h7_tirex_vs_lightgbm_cov,Rohlik_h14_chronos_bolt_tiny_vs_lightgbm_cov,-1.6185650529912705e-06,-0.01481778660280785
Favorita_h7_tirex_vs_lightgbm_cov,Rohlik_h14_moirai2_vs_lightgbm_cov,3.457753072957771e-07,0.002442114650258748
Favorita_h7_tirex_vs_lightgbm_cov,Rohlik_h14_timesfm25_vs_lightgbm_cov,7.561901977736257e-07,0.005059856827585759
Favorita_h7_tirex_vs_lightgbm_cov,Rohlik_h14_tirex_vs_lightgbm_cov,7.620672276410559e-08,0.00046828910718686267
Favorita_h7_tirex_vs_lightgbm_cov,Rohlik_h28_chronos2_vs_lightgbm_cov,-7.050530847846206e-06,-0.04728411261963388
Favorita_h7_tirex_vs_lightgbm_cov,Rohlik_h28_chronos_bolt_tiny_vs_lightgbm_cov,-4.286053894738085e-06,-0.029015399897772406
Favorita_h7_tirex_vs_lightgbm_cov,Rohlik_h28_moirai2_vs_lightgbm_cov,-5.487546421157463e-06,-0.032254069384238984
Favorita_h7_tirex_vs_lightgbm_cov,Rohlik_h28_timesfm25_vs_lightgbm_cov,-3.5187212680289846e-06,-0.020023384049101593
Favorita_h7_tirex_vs_lightgbm_cov,Rohlik_h28_tirex_vs_lightgbm_cov,-4.032141889313123e-06,-0.021809285327035865
Favorita_h7_tirex_vs_lightgbm_cov,Rohlik_h7_chronos2_vs_lightgbm_cov,-2.308426531174222e-06,-0.01875780336410046
Favorita_h7_tirex_vs_lightgbm_cov,Rohlik_h7_chronos_bolt_tiny_vs_lightgbm_cov,-9.624057804194805e-07,-0.008039830263055396
Favorita_h7_tirex_vs_lightgbm_cov,Rohlik_h7_moirai2_vs_lightgbm_cov,1.7154735690381953e-06,0.011167655988667728
Favorita_h7_tirex_vs_lightgbm_cov,Rohlik_h7_timesfm25_vs_lightgbm_cov,1.9385588912537091e-07,0.001343359486777587
Favorita_h7_tirex_vs_lightgbm_cov,Rohlik_h7_tirex_vs_lightgbm_cov,-2.4893211686689867e-07,-0.0016972208478819922
M5_h14_chronos2_vs_lightgbm_cov,Favorita_h14_chronos2_vs_lightgbm_cov,4.762128170862706e-06,0.05033365794571292
M5_h14_chronos2_vs_lightgbm_cov,Favorita_h14_chronos_bolt_tiny_vs_lightgbm_cov,-8.496846290530986e-08,-0.000404786607656179
M5_h14_chronos2_vs_lightgbm_cov,Favorita_h14_moirai2_vs_lightgbm_cov,1.8505238737035318e-06,0.0233500470870227
M5_h14_chronos2_vs_lightgbm_cov,Favorita_h14_timesfm25_vs_lightgbm_cov,-1.8223456444226081e-06,-0.011613323542379027
M5_h14_chronos2_vs_lightgbm_cov,Favorita_h14_tirex_vs_lightgbm_cov,4.581981174637619e-06,0.05150492758843701
M5_h14_chronos2_vs_lightgbm_cov,Favorita_h28_chronos2_vs_lightgbm_direct,1.0337396819129377e-05,0.040658589606612845
M5_h14_chronos2_vs_lightgbm_cov,Favorita_h28_chronos_bolt_tiny_vs_lightgbm_direct,7.876876048318729e-06,0.030866555850960337
M5_h14_chronos2_vs_lightgbm_cov,Favorita_h28_moirai2_vs_lightgbm_direct,7.08270111703406e-06,0.034026183049079964
M5_h14_chronos2_vs_lightgbm_cov,Favorita_h28_timesfm25_vs_lightgbm_direct,5.079048221871234e-06,0.025897971764682868
M5_h14_chronos2_vs_lightgbm_cov,Favorita_h28_tirex_vs_lightgbm_direct,9.641345560956004e-06,0.04212798428725102
M5_h14_chronos2_vs_lightgbm_cov,Favorita_h7_chronos2_vs_lightgbm_cov,4.832584382986973e-06,0.05441769158355176
M5_h14_chronos2_vs_lightgbm_cov,Favorita_h7_chronos_bolt_tiny_vs_lightgbm_cov,-6.359096776478696e-07,-0.002937233981595744
M5_h14_chronos2_vs_lightgbm_cov,Favorita_h7_moirai2_vs_lightgbm_cov,2.5129695506570487e-06,0.03472071181354786
M5_h14_chronos2_vs_lightgbm_cov,Favorita_h7_timesfm25_vs_lightgbm_cov,-1.927780816748672e-06,-0.01376185202428504
M5_h14_chronos2_vs_lightgbm_cov,Favorita_h7_tirex_vs_lightgbm_cov,5.34541065034306e-06,0.05471939926356868
M5_h14_chronos2_vs_lightgbm_cov,M5_h14_chronos2_vs_lightgbm_cov,7.081073152592986e-05,1.0
M5_h14_chronos2_vs_lightgbm_cov,M5_h14_chronos_bolt_tiny_vs_lightgbm_cov,6.033095286436124e-05,0.6677511554723231
M5_h14_chronos2_vs_lightgbm_cov,M5_h14_moirai2_vs_lightgbm_cov,6.385325943695621e-05,0.7546703681358514
M5_h14_chronos2_vs_lightgbm_cov,M5_h14_timesfm25_vs_lightgbm_cov,6.409274243410559e-05,0.7960858589996976
M5_h14_chronos2_vs_lightgbm_cov,M5_h14_tirex_vs_lightgbm_cov,6.340161135632526e-05,0.8578777476603463
M5_h14_chronos2_vs_lightgbm_cov,M5_h28_chronos2_vs_lightgbm_direct,5.070825141922107e-05,0.44149952761238964
M5_h14_chronos2_vs_lightgbm_cov,M5_h28_chronos_bolt_tiny_vs_lightgbm_direct,4.4088359303818586e-05,0.3346785977342699
M5_h14_chronos2_vs_lightgbm_cov,M5_h28_moirai2_vs_lightgbm_direct,4.768125002754552e-05,0.47636291701945427
M5_h14_chronos2_vs_lightgbm_cov,M5_h28_timesfm25_vs_lightgbm_direct,4.8525792893040274e-05,0.4276046856746748
M5_h14_chronos2_vs_lightgbm_cov,M5_h28_tirex_vs_lightgbm_direct,4.4647200412135504e-05,0.31745262028234755
M5_h14_chronos2_vs_lightgbm_cov,M5_h7_chronos2_vs_lightgbm_cov,5.822769744374335e-05,0.8850338027125391
M5_h14_chronos2_vs_lightgbm_cov,M5_h7_chronos_bolt_tiny_vs_lightgbm_cov,5.337648202009371e-05,0.7073914806043232
M5_h14_chronos2_vs_lightgbm_cov,M5_h7_moirai2_vs_lightgbm_cov,5.55382684622165e-05,0.7821652838671832
M5_h14_chronos2_vs_lightgbm_cov,M5_h7_timesfm25_vs_lightgbm_cov,5.25389999559034e-05,0.7639159996804161
M5_h14_chronos2_vs_lightgbm_cov,M5_h7_tirex_vs_lightgbm_cov,5.467810557422358e-05,0.7964179471475665
M5_h14_chronos2_vs_lightgbm_cov,Rohlik_h14_chronos2_vs_lightgbm_cov,-1.8010051544058464e-06,-0.020974338740198765
M5_h14_chronos2_vs_lightgbm_cov,Rohlik_h14_chronos_bolt_tiny_vs_lightgbm_cov,-3.066066089345369e-06,-0.038723567559803135
M5_h14_chronos2_vs_lightgbm_cov,Rohlik_h14_moirai2_vs_lightgbm_cov,-1.6083099894735992e-06,-0.015670487423948592
M5_h14_chronos2_vs_lightgbm_cov,Rohlik_h14_timesfm25_vs_lightgbm_cov,-7.050789602590235e-07,-0.006508570494643972
M5_h14_chronos2_vs_lightgbm_cov,Rohlik_h14_tirex_vs_lightgbm_cov,-1.10088783018363e-06,-0.009332640010946679
M5_h14_chronos2_vs_lightgbm_cov,Rohlik_h28_chronos2_vs_lightgbm_cov,-6.073674910947383e-06,-0.056193442912706094
M5_h14_chronos2_vs_lightgbm_cov,Rohlik_h28_chronos_bolt_tiny_vs_lightgbm_cov,-8.749174959903423e-06,-0.08171065782673168
M5_h14_chronos2_vs_lightgbm_cov,Rohlik_h28_moirai2_vs_lightgbm_cov,-8.926296305507762e-06,-0.07237995029641897
M5_h14_chronos2_vs_lightgbm_cov,Rohlik_h28_timesfm25_vs_lightgbm_cov,-6.836967139734591e-06,-0.05367311198932763
M5_h14_chronos2_vs_lightgbm_cov,Rohlik_h28_tirex_vs_lightgbm_cov,-5.82547049346949e-06,-0.043468765611029525
M5_h14_chronos2_vs_lightgbm_cov,Rohlik_h7_chronos2_vs_lightgbm_cov,-1.4700180737930133e-06,-0.0164789398681776
M5_h14_chronos2_vs_lightgbm_cov,Rohlik_h7_chronos_bolt_tiny_vs_lightgbm_cov,-2.3495642434107118e-06,-0.027078004389570278
M5_h14_chronos2_vs_lightgbm_cov,Rohlik_h7_moirai2_vs_lightgbm_cov,-8.384454663582282e-07,-0.007529974228357676
M5_h14_chronos2_vs_lightgbm_cov,Rohlik_h7_timesfm25_vs_lightgbm_cov,-1.2731452287483157e-07,-0.0012171157077269928
M5_h14_chronos2_vs_lightgbm_cov,Rohlik_h7_tirex_vs_lightgbm_cov,-6.162110693323412e-07,-0.005795989550741274
M5_h14_chronos_bolt_tiny_vs_lightgbm_cov,Favorita_h14_chronos2_vs_lightgbm_cov,4.317152075738392e-06,0.03576253577679753
M5_h14_chronos_bolt_tiny_vs_lightgbm_cov,Favorita_h14_chronos_bolt_tiny_vs_lightgbm_cov,-2.975982236988912e-06,-0.01111148880007121
M5_h14_chronos_bolt_tiny_vs_lightgbm_cov,Favorita_h14_moirai2_vs_lightgbm_cov,1.312691406447053e-06,0.012981630845735222
M5_h14_chronos_bolt_tiny_vs_lightgbm_cov,Favorita_h14_timesfm25_vs_lightgbm_cov,-1.4349921024319967e-06,-0.007167188518254109
M5_h14_chronos_bolt_tiny_vs_lightgbm_cov,Favorita_h14_tirex_vs_lightgbm_cov,4.069717795168061e-06,0.03585364550162724
M5_h14_chronos_bolt_tiny_vs_lightgbm_cov,Favorita_h28_chronos2_vs_lightgbm_direct,1.285555319891084e-05,0.03962829946091528
M5_h14_chronos_bolt_tiny_vs_lightgbm_cov,Favorita_h28_chronos_bolt_tiny_vs_lightgbm_direct,7.807088638120862e-06,0.023977108919929834
M5_h14_chronos_bolt_tiny_vs_lightgbm_cov,Favorita_h28_moirai2_vs_lightgbm_direct,9.224949174826172e-06,0.034733763693810996
M5_h14_chronos_bolt_tiny_vs_lightgbm_cov,Favorita_h28_timesfm25_vs_lightgbm_direct,8.370644576640474e-06,0.033451520533743624
M5_h14_chronos_bolt_tiny_vs_lightgbm_cov,Favorita_h28_tirex_vs_lightgbm_direct,1.2390472661487944e-05,0.042432092509046004
M5_h14_chronos_bolt_tiny_vs_lightgbm_cov,Favorita_h7_chronos2_vs_lightgbm_cov,6.4951325175386325e-06,0.057322118109922444
M5_h14_chronos_bolt_tiny_vs_lightgbm_cov,Favorita_h7_chronos_bolt_tiny_vs_lightgbm_cov,-1.829289505803345e-06,-0.00662215127053275
M5_h14_chronos_bolt_tiny_vs_lightgbm_cov,Favorita_h7_moirai2_vs_lightgbm_cov,3.4379630358288114e-06,0.03722855170834567
M5_h14_chronos_bolt_tiny_vs_lightgbm_cov,Favorita_h7_timesfm25_vs_lightgbm_cov,5.504530747205336e-07,0.003079733066249894
M5_h14_chronos_bolt_tiny_vs_lightgbm_cov,Favorita_h7_tirex_vs_lightgbm_cov,6.6749923367047795e-06,0.05355309341168759
M5_h14_chronos_bolt_tiny_vs_lightgbm_cov,M5_h14_chronos2_vs_lightgbm_cov,6.033095286436124e-05,0.6677511554723231
M5_h14_chronos_bolt_tiny_vs_lightgbm_cov,M5_h14_chronos_bolt_tiny_vs_lightgbm_cov,0.00011527947549210853,0.9999999999999999
M5_h14_chronos_bolt_tiny_vs_lightgbm_cov,M5_h14_moirai2_vs_lightgbm_cov,8.50654600676173e-05,0.7879542940859019
M5_h14_chronos_bolt_tiny_vs_lightgbm_cov,M5_h14_timesfm25_vs_lightgbm_cov,8.27150850576948e-05,0.8052102970093757
M5_h14_chronos_bolt_tiny_vs_lightgbm_cov,M5_h14_tirex_vs_lightgbm_cov,8.442986413249321e-05,0.8953539258767034
M5_h14_chronos_bolt_tiny_vs_lightgbm_cov,M5_h28_chronos2_vs_lightgbm_direct,6.86980015496841e-05,0.4687801960415253
M5_h14_chronos_bolt_tiny_vs_lightgbm_cov,M5_h28_chronos_bolt_tiny_vs_lightgbm_direct,0.00011661722919118479,0.6938095386331035
M5_h14_chronos_bolt_tiny_vs_lightgbm_cov,M5_h28_moirai2_vs_lightgbm_direct,5.472990766078686e-05,0.42853724523424463
M5_h14_chronos_bolt_tiny_vs_lightgbm_cov,M5_h28_timesfm25_vs_lightgbm_direct,5.696009775588395e-05,0.3933816392848323
M5_h14_chronos_bolt_tiny_vs_lightgbm_cov,M5_h28_tirex_vs_lightgbm_direct,0.00011169858052740829,0.6224520233973683
M5_h14_chronos_bolt_tiny_vs_lightgbm_cov,M5_h7_chronos2_vs_lightgbm_cov,4.779802678429712e-05,0.5693951380583804
M5_h14_chronos_bolt_tiny_vs_lightgbm_cov,M5_h7_chronos_bolt_tiny_vs_lightgbm_cov,8.548221519482883e-05,0.8878900540301649
M5_h14_chronos_bolt_tiny_vs_lightgbm_cov,M5_h7_moirai2_vs_lightgbm_cov,6.766859934684406e-05,0.7469076926318021
M5_h14_chronos_bolt_tiny_vs_lightgbm_cov,M5_h7_timesfm25_vs_lightgbm_cov,6.913825109288483e-05,0.7878721301176436
M5_h14_chronos_bolt_tiny_vs_lightgbm_cov,M5_h7_tirex_vs_lightgbm_cov,6.880239198428533e-05,0.7854248916189417
M5_h14_chronos_bolt_tiny_vs_lightgbm_cov,Rohlik_h14_chronos2_vs_lightgbm_cov,3.71534023031763e-07,0.0033911379473644484
M5_h14_chronos_bolt_tiny_vs_lightgbm_cov,Rohlik_h14_chronos_bolt_tiny_vs_lightgbm_cov,6.826305848727875e-07,0.006756987833624806
M5_h14_chronos_bolt_tiny_vs_lightgbm_cov,Rohlik_h14_moirai2_vs_lightgbm_cov,2.5861853874930748e-06,0.019749037929304995
M5_h14_chronos_bolt_tiny_vs_lightgbm_cov,Rohlik_h14_timesfm25_vs_lightgbm_cov,2.787404405247264e-06,0.020166075291112542
M5_h14_chronos_bolt_tiny_vs_lightgbm_cov,Rohlik_h14_tirex_vs_lightgbm_cov,3.864951804017362e-06,0.025679056949970806
M5_h14_chronos_bolt_tiny_vs_lightgbm_cov,Rohlik_h28_chronos2_vs_lightgbm_cov,-3.166588170399712e-06,-0.022961445684153533
M5_h14_chronos_bolt_tiny_vs_lightgbm_cov,Rohlik_h28_chronos_bolt_tiny_vs_lightgbm_cov,-3.5213637592951624e-06,-0.025774843703140288
M5_h14_chronos_bolt_tiny_vs_lightgbm_cov,Rohlik_h28_moirai2_vs_lightgbm_cov,-3.450908546925564e-06,-0.021930774848533563
M5_h14_chronos_bolt_tiny_vs_lightgbm_cov,Rohlik_h28_timesfm25_vs_lightgbm_cov,-2.0357367002943304e-06,-0.012525308597417375
M5_h14_chronos_bolt_tiny_vs_lightgbm_cov,Rohlik_h28_tirex_vs_lightgbm_cov,-8.012944567126246e-08,-0.0004686104657301091
M5_h14_chronos_bolt_tiny_vs_lightgbm_cov,Rohlik_h7_chronos2_vs_lightgbm_cov,1.1403524727241254e-06,0.010018881680941697
M5_h14_chronos_bolt_tiny_vs_lightgbm_cov,Rohlik_h7_chronos_bolt_tiny_vs_lightgbm_cov,2.161847343923744e-06,0.019526657022947487
M5_h14_chronos_bolt_tiny_vs_lightgbm_cov,Rohlik_h7_moirai2_vs_lightgbm_cov,2.6451722836958524e-06,0.018618563792615873
M5_h14_chronos_bolt_tiny_vs_lightgbm_cov,Rohlik_h7_timesfm25_vs_lightgbm_cov,2.7062619260259353e-06,0.020276700792285902
M5_h14_chronos_bolt_tiny_vs_lightgbm_cov,Rohlik_h7_tirex_vs_lightgbm_cov,3.2318457295352883e-06,0.023824416052238832
M5_h14_moirai2_vs_lightgbm_cov,Favorita_h14_chronos2_vs_lightgbm_cov,1.3591910376881847e-06,0.012022955048859595
M5_h14_moirai2_vs_lightgbm_cov,Favorita_h14_chronos_bolt_tiny_vs_lightgbm_cov,9.96671463901313e-07,0.003973687456375297
M5_h14_moirai2_vs_lightgbm_cov,Favorita_h14_moirai2_vs_lightgbm_cov,1.732533176462356e-06,0.018295653892545328
M5_h14_moirai2_vs_lightgbm_cov,Favorita_h14_timesfm25_vs_lightgbm_cov,2.4691067824194295e-07,0.0013168580187531238
M5_h14_moirai2_vs_lightgbm_cov,Favorita_h14_tirex_vs_lightgbm_cov,2.166976163596872e-06,0.020385572965039945
M5_h14_moirai2_vs_lightgbm_cov,Favorita_h28_chronos2_vs_lightgbm_direct,4.980105474653208e-06,0.016392793587130045
M5_h14_moirai2_vs_lightgbm_cov,Favorita_h28_chronos_bolt_tiny_vs_lightgbm_direct,5.649545478910759e-06,0.018527677315633984
M5_h14_moirai2_vs_lightgbm_cov,Favorita_h28_moirai2_vs_lightgbm_direct,5.5135536673268435e-06,0.022167628401757823
M5_h14_moirai2_vs_lightgbm_cov,Favorita_h28_timesfm25_vs_lightgbm_direct,4.2440895874444324e-06,0.018110951496170417
M5_h14_moirai2_vs_lightgbm_cov,Favorita_h28_tirex_vs_lightgbm_direct,6.937603285400615e-06,0.025369727389902553
M5_h14_moirai2_vs_lightgbm_cov,Favorita_h7_chronos2_vs_lightgbm_cov,2.1888614823178857e-06,0.02062776882617302
M5_h14_moirai2_vs_lightgbm_cov,Favorita_h7_chronos_bolt_tiny_vs_lightgbm_cov,1.4447901679862629e-06,0.005584974506207165
M5_h14_moirai2_vs_lightgbm_cov,Favorita_h7_moirai2_vs_lightgbm_cov,2.18312447439865e-06,0.025243711028967886
M5_h14_moirai2_vs_lightgbm_cov,Favorita_h7_timesfm25_vs_lightgbm_cov,1.2452650125365972e-06,0.007439681158301248
M5_h14_moirai2_vs_lightgbm_cov,Favorita_h7_tirex_vs_lightgbm_cov,2.9645433525328594e-06,0.02539752285268635
M5_h14_moirai2_vs_lightgbm_cov,M5_h14_chronos2_vs_lightgbm_cov,6.385325943695621e-05,0.7546703681358514
M5_h14_moirai2_vs_lightgbm_cov,M5_h14_chronos_bolt_tiny_vs_lightgbm_cov,8.50654600676173e-05,0.7879542940859019
M5_h14_moirai2_vs_lightgbm_cov,M5_h14_moirai2_vs_lightgbm_cov,0.00010110030488890447,1.0000000000000002
M5_h14_moirai2_vs_lightgbm_cov,M5_h14_timesfm25_vs_lightgbm_cov,8.363608224355277e-05,0.8693968125143219
M5_h14_moirai2_vs_lightgbm_cov,M5_h14_tirex_vs_lightgbm_cov,7.692119973712719e-05,0.8710527663946974
M5_h14_moirai2_vs_lightgbm_cov,M5_h28_chronos2_vs_lightgbm_direct,3.837654577681665e-05,0.27963452986824777
M5_h14_moirai2_vs_lightgbm_cov,M5_h28_chronos_bolt_tiny_vs_lightgbm_direct,6.117428327310984e-05,0.3886388397757043
M5_h14_moirai2_vs_lightgbm_cov,M5_h28_moirai2_vs_lightgbm_direct,6.942652036583953e-05,0.5804823516593983
M5_h14_moirai2_vs_lightgbm_cov,M5_h28_timesfm25_vs_lightgbm_direct,4.420228811656267e-05,0.325977687182213
M5_h14_moirai2_vs_lightgbm_cov,M5_h28_tirex_vs_lightgbm_direct,6.183723443295068e-05,0.3679663038746733
M5_h14_moirai2_vs_lightgbm_cov,M5_h7_chronos2_vs_lightgbm_cov,5.254151211626979e-05,0.6683533309771609
M5_h14_moirai2_vs_lightgbm_cov,M5_h7_chronos_bolt_tiny_vs_lightgbm_cov,6.938789313416292e-05,0.7696032399281444
M5_h14_moirai2_vs_lightgbm_cov,M5_h7_moirai2_vs_lightgbm_cov,7.33384236741169e-05,0.8643926780471665
M5_h14_moirai2_vs_lightgbm_cov,M5_h7_timesfm25_vs_lightgbm_cov,6.880947810622063e-05,0.8373082605935033
M5_h14_moirai2_vs_lightgbm_cov,M5_h7_tirex_vs_lightgbm_cov,6.574090513495058e-05,0.8013764322932359
M5_h14_moirai2_vs_lightgbm_cov,Rohlik_h14_chronos2_vs_lightgbm_cov,-1.4491326114890483e-07,-0.0014123904089266323
M5_h14_moirai2_vs_lightgbm_cov,Rohlik_h14_chronos_bolt_tiny_vs_lightgbm_cov,-3.316793474485121e-07,-0.0035057874969834507
M5_h14_moirai2_vs_lightgbm_cov,Rohlik_h14_moirai2_vs_lightgbm_cov,2.622945551825819e-06,0.02138825380623009
M5_h14_moirai2_vs_lightgbm_cov,Rohlik_h14_timesfm25_vs_lightgbm_cov,1.5069731199757664e-06,0.011641975241145271
M5_h14_moirai2_vs_lightgbm_cov,Rohlik_h14_tirex_vs_lightgbm_cov,3.106783890466284e-06,0.022041735960005474
M5_h14_moirai2_vs_lightgbm_cov,Rohlik_h28_chronos2_vs_lightgbm_cov,-2.610716738405096e-06,-0.020214693471571846
M5_h14_moirai2_vs_lightgbm_cov,Rohlik_h28_chronos_bolt_tiny_vs_lightgbm_cov,-2.4535468322511096e-06,-0.019176938055453688
M5_h14_moirai2_vs_lightgbm_cov,Rohlik_h28_moirai2_vs_lightgbm_cov,-1.9257763502841023e-06,-0.013068511921425932
M5_h14_moirai2_vs_lightgbm_cov,Rohlik_h28_timesfm25_vs_lightgbm_cov,-1.8235516782235575e-06,-0.011980768245261349
M5_h14_moirai2_vs_lightgbm_cov,Rohlik_h28_tirex_vs_lightgbm_cov,1.3917434254487837e-06,0.008691180850071466
M5_h14_moirai2_vs_lightgbm_cov,Rohlik_h7_chronos2_vs_lightgbm_cov,8.613169611408167e-07,0.008080586840503206
M5_h14_moirai2_vs_lightgbm_cov,Rohlik_h7_chronos_bolt_tiny_vs_lightgbm_cov,1.8506481390131906e-06,0.01784951798199627
M5_h14_moirai2_vs_lightgbm_cov,Rohlik_h7_moirai2_vs_lightgbm_cov,3.4036871584760705e-06,0.02558241931341876
M5_h14_moirai2_vs_lightgbm_cov,Rohlik_h7_timesfm25_vs_lightgbm_cov,1.9933825472492345e-06,0.015948427919690984
M5_h14_moirai2_vs_lightgbm_cov,Rohlik_h7_tirex_vs_lightgbm_cov,2.648378961125523e-06,0.020847382527773947
M5_h14_timesfm25_vs_lightgbm_cov,Favorita_h14_chronos2_vs_lightgbm_cov,1.4379206646967206e-06,0.013367262425170803
M5_h14_timesfm25_vs_lightgbm_cov,Favorita_h14_chronos_bolt_tiny_vs_lightgbm_cov,3.7271789119002574e-07,0.0015617040967614423
M5_h14_timesfm25_vs_lightgbm_cov,Favorita_h14_moirai2_vs_lightgbm_cov,1.347484305988272e-07,0.001495432861314989
M5_h14_timesfm25_vs_lightgbm_cov,Favorita_h14_timesfm25_vs_lightgbm_cov,-1.1412966422013527e-06,-0.006396971968108686
M5_h14_timesfm25_vs_lightgbm_cov,Favorita_h14_tirex_vs_lightgbm_cov,2.2527912050738503e-06,0.02227237643024485
M5_h14_timesfm25_vs_lightgbm_cov,Favorita_h28_chronos2_vs_lightgbm_direct,4.1845436968023575e-06,0.014475693023616988
M5_h14_timesfm25_vs_lightgbm_cov,Favorita_h28_chronos_bolt_tiny_vs_lightgbm_direct,4.34353463456397e-06,0.014970199429654458
M5_h14_timesfm25_vs_lightgbm_cov,Favorita_h28_moirai2_vs_lightgbm_direct,2.4793942914820656e-06,0.010476351258406187
M5_h14_timesfm25_vs_lightgbm_cov,Favorita_h28_timesfm25_vs_lightgbm_direct,2.0838835894374643e-06,0.00934559609053895
M5_h14_timesfm25_vs_lightgbm_cov,Favorita_h28_tirex_vs_lightgbm_direct,4.877594357623977e-06,0.018745146813327684
M5_h14_timesfm25_vs_lightgbm_cov,Favorita_h7_chronos2_vs_lightgbm_cov,2.0904612228615455e-06,0.020703936192708213
M5_h14_timesfm25_vs_lightgbm_cov,Favorita_h7_chronos_bolt_tiny_vs_lightgbm_cov,4.1272310349394365e-07,0.0016766871113935218
M5_h14_timesfm25_vs_lightgbm_cov,Favorita_h7_moirai2_vs_lightgbm_cov,8.92369924487012e-07,0.01084417342402979
M5_h14_timesfm25_vs_lightgbm_cov,Favorita_h7_timesfm25_vs_lightgbm_cov,-3.0896780592885646e-07,-0.0019399145212898605
M5_h14_timesfm25_vs_lightgbm_cov,Favorita_h7_tirex_vs_lightgbm_cov,2.7343205307840696e-06,0.024618398952142392
M5_h14_timesfm25_vs_lightgbm_cov,M5_h14_chronos2_vs_lightgbm_cov,6.409274243410559e-05,0.7960858589996976
M5_h14_timesfm25_vs_lightgbm_cov,M5_h14_chronos_bolt_tiny_vs_lightgbm_cov,8.27150850576948e-05,0.8052102970093757
M5_h14_timesfm25_vs_lightgbm_cov,M5_h14_moirai2_vs_lightgbm_cov,8.363608224355277e-05,0.8693968125143219
M5_h14_timesfm25_vs_lightgbm_cov,M5_h14_timesfm25_vs_lightgbm_cov,9.153744991737095e-05,1.0
M5_h14_timesfm25_vs_lightgbm_cov,M5_h14_tirex_vs_lightgbm_cov,7.656955264530797e-05,0.9112370149649579
M5_h14_timesfm25_vs_lightgbm_cov,M5_h28_chronos2_vs_lightgbm_direct,7.124654869100874e-05,0.5455889617795795
M5_h14_timesfm25_vs_lightgbm_cov,M5_h28_chronos_bolt_tiny_vs_lightgbm_direct,8.807483513001893e-05,0.588038793576049
M5_h14_timesfm25_vs_lightgbm_cov,M5_h28_moirai2_vs_lightgbm_direct,6.45491855141548e-05,0.5671934617450833
M5_h14_timesfm25_vs_lightgbm_cov,M5_h28_timesfm25_vs_lightgbm_direct,8.128173032256438e-05,0.6299598794664049
M5_h14_timesfm25_vs_lightgbm_cov,M5_h28_tirex_vs_lightgbm_direct,9.720426182384705e-05,0.60788317987272
M5_h14_timesfm25_vs_lightgbm_cov,M5_h7_chronos2_vs_lightgbm_cov,5.1311961460555814e-05,0.6859603191617765
M5_h14_timesfm25_vs_lightgbm_cov,M5_h7_chronos_bolt_tiny_vs_lightgbm_cov,6.46178623537318e-05,0.7532039712556385
M5_h14_timesfm25_vs_lightgbm_cov,M5_h7_moirai2_vs_lightgbm_cov,6.333336754447977e-05,0.7844927188985557
M5_h14_timesfm25_vs_lightgbm_cov,M5_h7_timesfm25_vs_lightgbm_cov,6.876074175609383e-05,0.879335269616052
M5_h14_timesfm25_vs_lightgbm_cov,M5_h7_tirex_vs_lightgbm_cov,5.9538026775745946e-05,0.7627323239172051
M5_h14_timesfm25_vs_lightgbm_cov,Rohlik_h14_chronos2_vs_lightgbm_cov,6.681598315201701e-07,0.006843902609484469
M5_h14_timesfm25_vs_lightgbm_cov,Rohlik_h14_chronos_bolt_tiny_vs_lightgbm_cov,4.068986892411766e-07,0.0045199150890491225
M5_h14_timesfm25_vs_lightgbm_cov,Rohlik_h14_moirai2_vs_lightgbm_cov,2.498025015756777e-06,0.02140719005098497
M5_h14_timesfm25_vs_lightgbm_cov,Rohlik_h14_timesfm25_vs_lightgbm_cov,2.365802785702172e-06,0.01920775166892497
M5_h14_timesfm25_vs_lightgbm_cov,Rohlik_h14_tirex_vs_lightgbm_cov,2.943274779718659e-06,0.021945343752610192
M5_h14_timesfm25_vs_lightgbm_cov,Rohlik_h28_chronos2_vs_lightgbm_cov,-4.131857883526723e-06,-0.03362246962506041
M5_h14_timesfm25_vs_lightgbm_cov,Rohlik_h28_chronos_bolt_tiny_vs_lightgbm_cov,-4.192184180187006e-06,-0.03443515927070545
M5_h14_timesfm25_vs_lightgbm_cov,Rohlik_h28_moirai2_vs_lightgbm_cov,-4.347842070703732e-06,-0.03100779454767343
M5_h14_timesfm25_vs_lightgbm_cov,Rohlik_h28_timesfm25_vs_lightgbm_cov,-3.207247866015892e-06,-0.022145013256084024
M5_h14_timesfm25_vs_lightgbm_cov,Rohlik_h28_tirex_vs_lightgbm_cov,-7.832279320478179e-07,-0.005140254284037646
M5_h14_timesfm25_vs_lightgbm_cov,Rohlik_h7_chronos2_vs_lightgbm_cov,2.2329056035111996e-06,0.022015426020005856
M5_h14_timesfm25_vs_lightgbm_cov,Rohlik_h7_chronos_bolt_tiny_vs_lightgbm_cov,2.1336904075751384e-06,0.021627726577664853
M5_h14_timesfm25_vs_lightgbm_cov,Rohlik_h7_moirai2_vs_lightgbm_cov,3.1094121656498532e-06,0.024561059556633486
M5_h14_timesfm25_vs_lightgbm_cov,Rohlik_h7_timesfm25_vs_lightgbm_cov,2.9567078951917826e-06,0.024860649875509823
M5_h14_timesfm25_vs_lightgbm_cov,Rohlik_h7_tirex_vs_lightgbm_cov,3.1156502282945578e-06,0.025774896536851468
M5_h14_tirex_vs_lightgbm_cov,Favorita_h14_chronos2_vs_lightgbm_cov,3.6900336331560774e-06,0.03736903871529956
M5_h14_tirex_vs_lightgbm_cov,Favorita_h14_chronos_bolt_tiny_vs_lightgbm_cov,-1.796070071363127e-06,-0.008198149578444877
M5_h14_tirex_vs_lightgbm_cov,Favorita_h14_moirai2_vs_lightgbm_cov,1.7738583982153763e-06,0.021445501422811125
M5_h14_tirex_vs_lightgbm_cov,Favorita_h14_timesfm25_vs_lightgbm_cov,-1.629171006472832e-06,-0.009947561507519723
M5_h14_tirex_vs_lightgbm_cov,Favorita_h14_tirex_vs_lightgbm_cov,3.8059803329393298e-06,0.040990782449974034
M5_h14_tirex_vs_lightgbm_cov,Favorita_h28_chronos2_vs_lightgbm_direct,1.0648988201518308e-05,0.04013041545006862
M5_h14_tirex_vs_lightgbm_cov,Favorita_h28_chronos_bolt_tiny_vs_lightgbm_direct,7.507102814774486e-06,0.028185822553689732
M5_h14_tirex_vs_lightgbm_cov,Favorita_h28_moirai2_vs_lightgbm_direct,8.41686721348527e-06,0.03874261961464769
M5_h14_tirex_vs_lightgbm_cov,Favorita_h28_timesfm25_vs_lightgbm_direct,6.583321608440716e-06,0.03216271311083789
M5_h14_tirex_vs_lightgbm_cov,Favorita_h28_tirex_vs_lightgbm_direct,1.06898842390565e-05,0.044753831388424266
M5_h14_tirex_vs_lightgbm_cov,Favorita_h7_chronos2_vs_lightgbm_cov,4.437372123328969e-06,0.04787521173901305
M5_h14_tirex_vs_lightgbm_cov,Favorita_h7_chronos_bolt_tiny_vs_lightgbm_cov,-1.814727332191717e-06,-0.008031167397154352
M5_h14_tirex_vs_lightgbm_cov,Favorita_h7_moirai2_vs_lightgbm_cov,2.8334458842236373e-06,0.03750943344829181
M5_h14_tirex_vs_lightgbm_cov,Favorita_h7_timesfm25_vs_lightgbm_cov,-8.699358384234818e-07,-0.005950187350200802
M5_h14_tirex_vs_lightgbm_cov,Favorita_h7_tirex_vs_lightgbm_cov,5.1659329062535395e-06,0.05066793395937056
M5_h14_tirex_vs_lightgbm_cov,M5_h14_chronos2_vs_lightgbm_cov,6.340161135632526e-05,0.8578777476603463
M5_h14_tirex_vs_lightgbm_cov,M5_h14_chronos_bolt_tiny_vs_lightgbm_cov,8.442986413249321e-05,0.8953539258767034
M5_h14_tirex_vs_lightgbm_cov,M5_h14_moirai2_vs_lightgbm_cov,7.692119973712719e-05,0.8710527663946974
M5_h14_tirex_vs_lightgbm_cov,M5_h14_timesfm25_vs_lightgbm_cov,7.656955264530797e-05,0.9112370149649579
M5_h14_tirex_vs_lightgbm_cov,M5_h14_tirex_vs_lightgbm_cov,7.713486158514992e-05,0.9999999999999998
M5_h14_tirex_vs_lightgbm_cov,M5_h28_chronos2_vs_lightgbm_direct,5.976927233364595e-05,0.4986017115900462
M5_h14_tirex_vs_lightgbm_cov,M5_h28_chronos_bolt_tiny_vs_lightgbm_direct,7.813248011194687e-05,0.5682766368830415
M5_h14_tirex_vs_lightgbm_cov,M5_h28_moirai2_vs_lightgbm_direct,5.8160634045079297e-05,0.5567287306003134
M5_h14_tirex_vs_lightgbm_cov,M5_h28_timesfm25_vs_lightgbm_direct,5.843343853625976e-05,0.4933503568995439
M5_h14_tirex_vs_lightgbm_cov,M5_h28_tirex_vs_lightgbm_direct,8.278899020807455e-05,0.5640030571040633
M5_h14_tirex_vs_lightgbm_cov,M5_h7_chronos2_vs_lightgbm_cov,5.196700997583526e-05,0.7568018053404806
M5_h14_tirex_vs_lightgbm_cov,M5_h7_chronos_bolt_tiny_vs_lightgbm_cov,6.5971043481695e-05,0.83769788755893
M5_h14_tirex_vs_lightgbm_cov,M5_h7_moirai2_vs_lightgbm_cov,6.20414490373627e-05,0.8371674254753545
M5_h14_tirex_vs_lightgbm_cov,M5_h7_timesfm25_vs_lightgbm_cov,6.223393319219295e-05,0.8669923024379806
M5_h14_tirex_vs_lightgbm_cov,M5_h7_tirex_vs_lightgbm_cov,6.367067558324883e-05,0.8885691382024732
M5_h14_tirex_vs_lightgbm_cov,Rohlik_h14_chronos2_vs_lightgbm_cov,-5.784025913355059e-07,-0.006453981856017828
M5_h14_tirex_vs_lightgbm_cov,Rohlik_h14_chronos_bolt_tiny_vs_lightgbm_cov,-1.2063639838617896e-06,-0.014598102231056875
M5_h14_tirex_vs_lightgbm_cov,Rohlik_h14_moirai2_vs_lightgbm_cov,8.241169494894908e-07,0.007693532280287077
M5_h14_tirex_vs_lightgbm_cov,Rohlik_h14_timesfm25_vs_lightgbm_cov,9.424684542595996e-07,0.008335638436389941
M5_h14_tirex_vs_lightgbm_cov,Rohlik_h14_tirex_vs_lightgbm_cov,1.8536918742454798e-06,0.015056470502510843
M5_h14_tirex_vs_lightgbm_cov,Rohlik_h28_chronos2_vs_lightgbm_cov,-4.033555879689463e-06,-0.03575578892736509
M5_h14_tirex_vs_lightgbm_cov,Rohlik_h28_chronos_bolt_tiny_vs_lightgbm_cov,-5.192974679202039e-06,-0.046467787941450414
M5_h14_tirex_vs_lightgbm_cov,Rohlik_h28_moirai2_vs_lightgbm_cov,-5.16082612978778e-06,-0.04009501659143045
M5_h14_tirex_vs_lightgbm_cov,Rohlik_h28_timesfm25_vs_lightgbm_cov,-3.9049606628925895e-06,-0.02937204166264035
M5_h14_tirex_vs_lightgbm_cov,Rohlik_h28_tirex_vs_lightgbm_cov,-1.727549840955115e-06,-0.012350970229787444
M5_h14_tirex_vs_lightgbm_cov,Rohlik_h7_chronos2_vs_lightgbm_cov,-3.2346159947095523e-07,-0.0034741895733057244
M5_h14_tirex_vs_lightgbm_cov,Rohlik_h7_chronos_bolt_tiny_vs_lightgbm_cov,-4.566775519470619e-07,-0.005042700588032592
M5_h14_tirex_vs_lightgbm_cov,Rohlik_h7_moirai2_vs_lightgbm_cov,7.586010940441876e-07,0.006527641908298948
M5_h14_tirex_vs_lightgbm_cov,Rohlik_h7_timesfm25_vs_lightgbm_cov,7.555104993619148e-07,0.006920199469816193
M5_h14_tirex_vs_lightgbm_cov,Rohlik_h7_tirex_vs_lightgbm_cov,1.1484562689469386e-06,0.01034991419358365
M5_h28_chronos2_vs_lightgbm_direct,Favorita_h14_chronos2_vs_lightgbm_cov,2.2233883800068084e-07,0.0014488500302850312
M5_h28_chronos2_vs_lightgbm_direct,Favorita_h14_chronos_bolt_tiny_vs_lightgbm_cov,-1.5889413296864427e-05,-0.04666883121048753
M5_h28_chronos2_vs_lightgbm_direct,Favorita_h14_moirai2_vs_lightgbm_cov,-6.376698794072405e-06,-0.049606622752556014
M5_h28_chronos2_vs_lightgbm_direct,Favorita_h14_timesfm25_vs_lightgbm_cov,-1.0581319755110574e-05,-0.04157347238670598
M5_h28_chronos2_vs_lightgbm_direct,Favorita_h14_tirex_vs_lightgbm_cov,-9.35731920248479e-07,-0.006484815348457741
M5_h28_chronos2_vs_lightgbm_direct,Favorita_h28_chronos2_vs_lightgbm_direct,-2.361882799482076e-06,-0.005727302927783876
M5_h28_chronos2_vs_lightgbm_direct,Favorita_h28_chronos_bolt_tiny_vs_lightgbm_direct,-1.678021360051676e-05,-0.040539868482011916
M5_h28_chronos2_vs_lightgbm_direct,Favorita_h28_moirai2_vs_lightgbm_direct,-1.1692630927008132e-05,-0.03463197421680053
M5_h28_chronos2_vs_lightgbm_direct,Favorita_h28_timesfm25_vs_lightgbm_direct,-1.5326116291839743e-05,-0.048179936439449594
M5_h28_chronos2_vs_lightgbm_direct,Favorita_h28_tirex_vs_lightgbm_direct,-6.729767739445849e-06,-0.018129415230805915
M5_h28_chronos2_vs_lightgbm_direct,Favorita_h7_chronos2_vs_lightgbm_cov,1.621242746598745e-06,0.01125536035754225
M5_h28_chronos2_vs_lightgbm_direct,Favorita_h7_chronos_bolt_tiny_vs_lightgbm_cov,-1.714142625512794e-05,-0.04881359050331805
M5_h28_chronos2_vs_lightgbm_direct,Favorita_h7_moirai2_vs_lightgbm_cov,-3.3320400515991087e-06,-0.028383261346030697
M5_h28_chronos2_vs_lightgbm_direct,Favorita_h7_timesfm25_vs_lightgbm_cov,-8.811283037280317e-06,-0.038780113035919925
M5_h28_chronos2_vs_lightgbm_direct,Favorita_h7_tirex_vs_lightgbm_cov,5.007255334668845e-09,3.160171655149502e-05
M5_h28_chronos2_vs_lightgbm_direct,M5_h14_chronos2_vs_lightgbm_cov,5.070825141922107e-05,0.44149952761238964
M5_h28_chronos2_vs_lightgbm_direct,M5_h14_chronos_bolt_tiny_vs_lightgbm_cov,6.86980015496841e-05,0.4687801960415253
M5_h28_chronos2_vs_lightgbm_direct,M5_h14_moirai2_vs_lightgbm_cov,3.837654577681665e-05,0.27963452986824777
M5_h28_chronos2_vs_lightgbm_direct,M5_h14_timesfm25_vs_lightgbm_cov,7.124654869100874e-05,0.5455889617795795
M5_h28_chronos2_vs_lightgbm_direct,M5_h14_tirex_vs_lightgbm_cov,5.976927233364595e-05,0.4986017115900462
M5_h28_chronos2_vs_lightgbm_direct,M5_h28_chronos2_vs_lightgbm_direct,0.00018629350015006232,1.0
M5_h28_chronos2_vs_lightgbm_direct,M5_h28_chronos_bolt_tiny_vs_lightgbm_direct,0.0001841987109972808,0.8620675135289092
M5_h28_chronos2_vs_lightgbm_direct,M5_h28_moirai2_vs_lightgbm_direct,0.00010906151596552916,0.6717575139021771
M5_h28_chronos2_vs_lightgbm_direct,M5_h28_timesfm25_vs_lightgbm_direct,0.0001640583937356082,0.8912898475590675
M5_h28_chronos2_vs_lightgbm_direct,M5_h28_tirex_vs_lightgbm_direct,0.0002045976802562478,0.8968835920828444
M5_h28_chronos2_vs_lightgbm_direct,M5_h7_chronos2_vs_lightgbm_cov,3.740641320047276e-05,0.3505314567881231
M5_h28_chronos2_vs_lightgbm_direct,M5_h7_chronos_bolt_tiny_vs_lightgbm_cov,5.275464167813845e-05,0.43104364383777705
M5_h28_chronos2_vs_lightgbm_direct,M5_h7_moirai2_vs_lightgbm_cov,3.75959464340679e-05,0.3264358980947866
M5_h28_chronos2_vs_lightgbm_direct,M5_h7_timesfm25_vs_lightgbm_cov,5.537119210709979e-05,0.4963618185534497
M5_h28_chronos2_vs_lightgbm_direct,M5_h7_tirex_vs_lightgbm_cov,4.0962857241737704e-05,0.3678480941007237
M5_h28_chronos2_vs_lightgbm_direct,Rohlik_h14_chronos2_vs_lightgbm_cov,-4.446929964279849e-06,-0.03192892530535507
M5_h28_chronos2_vs_lightgbm_direct,Rohlik_h14_chronos_bolt_tiny_vs_lightgbm_cov,-4.726675086766864e-06,-0.03680444632461485
M5_h28_chronos2_vs_lightgbm_direct,Rohlik_h14_moirai2_vs_lightgbm_cov,-6.9525757065547455e-06,-0.04176468033198986
M5_h28_chronos2_vs_lightgbm_direct,Rohlik_h14_timesfm25_vs_lightgbm_cov,-5.538806125550879e-06,-0.0315220686670654
M5_h28_chronos2_vs_lightgbm_direct,Rohlik_h14_tirex_vs_lightgbm_cov,-7.188834231142187e-06,-0.03757254400212495
M5_h28_chronos2_vs_lightgbm_direct,Rohlik_h28_chronos2_vs_lightgbm_cov,-1.0234188361550797e-05,-0.058376518946102914
M5_h28_chronos2_vs_lightgbm_direct,Rohlik_h28_chronos_bolt_tiny_vs_lightgbm_cov,-1.1207846079304065e-05,-0.06453338602099602
M5_h28_chronos2_vs_lightgbm_direct,Rohlik_h28_moirai2_vs_lightgbm_cov,-1.4319024168057764e-05,-0.07158319736969032
M5_h28_chronos2_vs_lightgbm_direct,Rohlik_h28_timesfm25_vs_lightgbm_cov,-1.2845464056278052e-05,-0.062171847279548505
M5_h28_chronos2_vs_lightgbm_direct,Rohlik_h28_tirex_vs_lightgbm_cov,-1.214322639638267e-05,-0.05586387818844903
M5_h28_chronos2_vs_lightgbm_direct,Rohlik_h7_chronos2_vs_lightgbm_cov,-4.137238568539676e-06,-0.02859353488689252
M5_h28_chronos2_vs_lightgbm_direct,Rohlik_h7_chronos_bolt_tiny_vs_lightgbm_cov,-5.2806905887201595e-06,-0.03752068347800638
M5_h28_chronos2_vs_lightgbm_direct,Rohlik_h7_moirai2_vs_lightgbm_cov,-8.601399480698696e-06,-0.04762538249868758
M5_h28_chronos2_vs_lightgbm_direct,Rohlik_h7_timesfm25_vs_lightgbm_cov,-6.213900934482329e-06,-0.03662426645413353
M5_h28_chronos2_vs_lightgbm_direct,Rohlik_h7_tirex_vs_lightgbm_cov,-6.21782786051451e-06,-0.03605682500094168
M5_h28_chronos_bolt_tiny_vs_lightgbm_direct,Favorita_h14_chronos2_vs_lightgbm_cov,1.7182678569043476e-06,0.009762282331755917
M5_h28_chronos_bolt_tiny_vs_lightgbm_direct,Favorita_h14_chronos_bolt_tiny_vs_lightgbm_cov,-1.816482231076089e-05,-0.046516026773266515
M5_h28_chronos_bolt_tiny_vs_lightgbm_direct,Favorita_h14_moirai2_vs_lightgbm_cov,-6.909537752296996e-06,-0.04686462505067673
M5_h28_chronos_bolt_tiny_vs_lightgbm_direct,Favorita_h14_timesfm25_vs_lightgbm_cov,-1.1988854676980418e-05,-0.041068283614716594
M5_h28_chronos_bolt_tiny_vs_lightgbm_direct,Favorita_h14_tirex_vs_lightgbm_cov,4.042132208494735e-07,0.002442356626786492
M5_h28_chronos_bolt_tiny_vs_lightgbm_direct,Favorita_h28_chronos2_vs_lightgbm_direct,4.707617255267045e-06,0.009952801717770918
M5_h28_chronos_bolt_tiny_vs_lightgbm_direct,Favorita_h28_chronos_bolt_tiny_vs_lightgbm_direct,-1.247956567107496e-05,-0.026286739203659426
M5_h28_chronos_bolt_tiny_vs_lightgbm_direct,Favorita_h28_moirai2_vs_lightgbm_direct,-7.060259363737038e-06,-0.018232157269829984
M5_h28_chronos_bolt_tiny_vs_lightgbm_direct,Favorita_h28_timesfm25_vs_lightgbm_direct,-1.0500449076757432e-05,-0.02878023755176164
M5_h28_chronos_bolt_tiny_vs_lightgbm_direct,Favorita_h28_tirex_vs_lightgbm_direct,-5.422556880424401e-07,-0.001273621059036342
M5_h28_chronos_bolt_tiny_vs_lightgbm_direct,Favorita_h7_chronos2_vs_lightgbm_cov,4.484336884888378e-06,0.027143258613086536
M5_h28_chronos_bolt_tiny_vs_lightgbm_direct,Favorita_h7_chronos_bolt_tiny_vs_lightgbm_cov,-1.856172677138807e-05,-0.04608552820688494
M5_h28_chronos_bolt_tiny_vs_lightgbm_direct,Favorita_h7_moirai2_vs_lightgbm_cov,-2.9368296187619723e-06,-0.021811384290803672
M5_h28_chronos_bolt_tiny_vs_lightgbm_direct,Favorita_h7_timesfm25_vs_lightgbm_cov,-9.19047705007896e-06,-0.03526633824691152
M5_h28_chronos_bolt_tiny_vs_lightgbm_direct,Favorita_h7_tirex_vs_lightgbm_cov,2.9473921232752534e-06,0.01621814761823129
M5_h28_chronos_bolt_tiny_vs_lightgbm_direct,M5_h14_chronos2_vs_lightgbm_cov,4.4088359303818586e-05,0.3346785977342699
M5_h28_chronos_bolt_tiny_vs_lightgbm_direct,M5_h14_chronos_bolt_tiny_vs_lightgbm_cov,0.00011661722919118479,0.6938095386331035
M5_h28_chronos_bolt_tiny_vs_lightgbm_direct,M5_h14_moirai2_vs_lightgbm_cov,6.117428327310984e-05,0.3886388397757043
M5_h28_chronos_bolt_tiny_vs_lightgbm_direct,M5_h14_timesfm25_vs_lightgbm_cov,8.807483513001893e-05,0.588038793576049
M5_h28_chronos_bolt_tiny_vs_lightgbm_direct,M5_h14_tirex_vs_lightgbm_cov,7.813248011194687e-05,0.5682766368830415
M5_h28_chronos_bolt_tiny_vs_lightgbm_direct,M5_h28_chronos2_vs_lightgbm_direct,0.0001841987109972808,0.8620675135289092
M5_h28_chronos_bolt_tiny_vs_lightgbm_direct,M5_h28_chronos_bolt_tiny_vs_lightgbm_direct,0.0002450715583794718,1.0000000000000002
M5_h28_chronos_bolt_tiny_vs_lightgbm_direct,M5_h28_moirai2_vs_lightgbm_direct,0.00011871127811193936,0.6375076177993337
M5_h28_chronos_bolt_tiny_vs_lightgbm_direct,M5_h28_timesfm25_vs_lightgbm_direct,0.00016532057884993738,0.7830686127224673
M5_h28_chronos_bolt_tiny_vs_lightgbm_direct,M5_h28_tirex_vs_lightgbm_direct,0.0002528212718323798,0.9662764172665073
M5_h28_chronos_bolt_tiny_vs_lightgbm_direct,M5_h7_chronos2_vs_lightgbm_cov,3.113384810802936e-05,0.25437013953009274
M5_h28_chronos_bolt_tiny_vs_lightgbm_direct,M5_h7_chronos_bolt_tiny_vs_lightgbm_cov,8.466482330205008e-05,0.6031369967929427
M5_h28_chronos_bolt_tiny_vs_lightgbm_direct,M5_h7_moirai2_vs_lightgbm_cov,5.3251315552291364e-05,0.4031249017885997
M5_h28_chronos_bolt_tiny_vs_lightgbm_direct,M5_h7_timesfm25_vs_lightgbm_cov,7.119763822191059e-05,0.5564581092652529
M5_h28_chronos_bolt_tiny_vs_lightgbm_direct,M5_h7_tirex_vs_lightgbm_cov,5.612730820136712e-05,0.43944535448996674
M5_h28_chronos_bolt_tiny_vs_lightgbm_direct,Rohlik_h14_chronos2_vs_lightgbm_cov,-2.0521281868541465e-06,-0.012846383768603054
M5_h28_chronos_bolt_tiny_vs_lightgbm_direct,Rohlik_h14_chronos_bolt_tiny_vs_lightgbm_cov,-1.5354189965905817e-06,-0.010423746558706955
M5_h28_chronos_bolt_tiny_vs_lightgbm_direct,Rohlik_h14_moirai2_vs_lightgbm_cov,-2.7783771793630826e-06,-0.014551475527744773
M5_h28_chronos_bolt_tiny_vs_lightgbm_direct,Rohlik_h14_timesfm25_vs_lightgbm_cov,-2.2360196908471913e-06,-0.011094981072146256
M5_h28_chronos_bolt_tiny_vs_lightgbm_direct,Rohlik_h14_tirex_vs_lightgbm_cov,-2.8335986697998854e-06,-0.01291227799111139
M5_h28_chronos_bolt_tiny_vs_lightgbm_direct,Rohlik_h28_chronos2_vs_lightgbm_cov,-8.574865697428688e-06,-0.04264464562037025
M5_h28_chronos_bolt_tiny_vs_lightgbm_direct,Rohlik_h28_chronos_bolt_tiny_vs_lightgbm_cov,-8.601257743237585e-06,-0.04317940480839093
M5_h28_chronos_bolt_tiny_vs_lightgbm_direct,Rohlik_h28_moirai2_vs_lightgbm_cov,-1.0776689924469685e-05,-0.04697161072051779
M5_h28_chronos_bolt_tiny_vs_lightgbm_direct,Rohlik_h28_timesfm25_vs_lightgbm_cov,-9.382133244822513e-06,-0.03959113613963469
M5_h28_chronos_bolt_tiny_vs_lightgbm_direct,Rohlik_h28_tirex_vs_lightgbm_cov,-8.398843580041495e-06,-0.03368750741379348
M5_h28_chronos_bolt_tiny_vs_lightgbm_direct,Rohlik_h7_chronos2_vs_lightgbm_cov,-1.2142897830556758e-07,-0.0007316982558181939
M5_h28_chronos_bolt_tiny_vs_lightgbm_direct,Rohlik_h7_chronos_bolt_tiny_vs_lightgbm_cov,-4.5351369706637596e-08,-0.00028094598016112083
M5_h28_chronos_bolt_tiny_vs_lightgbm_direct,Rohlik_h7_moirai2_vs_lightgbm_cov,-3.555040575421629e-06,-0.017161937469288145
M5_h28_chronos_bolt_tiny_vs_lightgbm_direct,Rohlik_h7_timesfm25_vs_lightgbm_cov,-1.9184419847056318e-06,-0.009858382739843588
M5_h28_chronos_bolt_tiny_vs_lightgbm_direct,Rohlik_h7_tirex_vs_lightgbm_cov,-1.2705369548872464e-06,-0.006423747831414563
M5_h28_moirai2_vs_lightgbm_direct,Favorita_h14_chronos2_vs_lightgbm_cov,4.7331450978296505e-08,0.0003539130901268478
M5_h28_moirai2_vs_lightgbm_direct,Favorita_h14_chronos_bolt_tiny_vs_lightgbm_cov,-1.5544573977324222e-05,-0.05238857579630055
M5_h28_moirai2_vs_lightgbm_direct,Favorita_h14_moirai2_vs_lightgbm_cov,-2.3780628828050133e-06,-0.02122783959535283
M5_h28_moirai2_vs_lightgbm_direct,Favorita_h14_timesfm25_vs_lightgbm_cov,-7.077350715439832e-06,-0.03190699353226359
M5_h28_moirai2_vs_lightgbm_direct,Favorita_h14_tirex_vs_lightgbm_cov,-8.169655024063115e-07,-0.006496636878398661
M5_h28_moirai2_vs_lightgbm_direct,Favorita_h28_chronos2_vs_lightgbm_direct,-6.099445124422654e-06,-0.016971524077589666
M5_h28_moirai2_vs_lightgbm_direct,Favorita_h28_chronos_bolt_tiny_vs_lightgbm_direct,-1.9935289267046583e-05,-0.055264481234231326
M5_h28_moirai2_vs_lightgbm_direct,Favorita_h28_moirai2_vs_lightgbm_direct,-9.991782935283176e-06,-0.03395835967083346
M5_h28_moirai2_vs_lightgbm_direct,Favorita_h28_timesfm25_vs_lightgbm_direct,-1.6328988374467834e-05,-0.05890227801498225
M5_h28_moirai2_vs_lightgbm_direct,Favorita_h28_tirex_vs_lightgbm_direct,-8.185054516496844e-06,-0.025301367905567463
M5_h28_moirai2_vs_lightgbm_direct,Favorita_h7_chronos2_vs_lightgbm_cov,-7.186815106698473e-07,-0.005725145591618162
M5_h28_moirai2_vs_lightgbm_direct,Favorita_h7_chronos_bolt_tiny_vs_lightgbm_cov,-1.8748292991926437e-05,-0.06126243236542145
M5_h28_moirai2_vs_lightgbm_direct,Favorita_h7_moirai2_vs_lightgbm_cov,-2.5152321627308726e-06,-0.02458492377390205
M5_h28_moirai2_vs_lightgbm_direct,Favorita_h7_timesfm25_vs_lightgbm_cov,-7.149324935193271e-06,-0.03610552464269969
M5_h28_moirai2_vs_lightgbm_direct,Favorita_h7_tirex_vs_lightgbm_cov,-2.038682329141199e-06,-0.014763835557298582
M5_h28_moirai2_vs_lightgbm_direct,M5_h14_chronos2_vs_lightgbm_cov,4.768125002754552e-05,0.47636291701945427
M5_h28_moirai2_vs_lightgbm_direct,M5_h14_chronos_bolt_tiny_vs_lightgbm_cov,5.472990766078686e-05,0.42853724523424463
M5_h28_moirai2_vs_lightgbm_direct,M5_h14_moirai2_vs_lightgbm_cov,6.942652036583953e-05,0.5804823516593983
M5_h28_moirai2_vs_lightgbm_direct,M5_h14_timesfm25_vs_lightgbm_cov,6.45491855141548e-05,0.5671934617450833
M5_h28_moirai2_vs_lightgbm_direct,M5_h14_tirex_vs_lightgbm_cov,5.8160634045079297e-05,0.5567287306003134
M5_h28_moirai2_vs_lightgbm_direct,M5_h28_chronos2_vs_lightgbm_direct,0.00010906151596552916,0.6717575139021771
M5_h28_moirai2_vs_lightgbm_direct,M5_h28_chronos_bolt_tiny_vs_lightgbm_direct,0.00011871127811193936,0.6375076177993337
M5_h28_moirai2_vs_lightgbm_direct,M5_h28_moirai2_vs_lightgbm_direct,0.00014148822293955866,1.0
M5_h28_moirai2_vs_lightgbm_direct,M5_h28_timesfm25_vs_lightgbm_direct,0.00011417955313484138,0.711782897492925
M5_h28_moirai2_vs_lightgbm_direct,M5_h28_tirex_vs_lightgbm_direct,0.00013272779470024305,0.6676301751104039
M5_h28_moirai2_vs_lightgbm_direct,M5_h7_chronos2_vs_lightgbm_cov,3.821451636307387e-05,0.4109112236043576
M5_h28_moirai2_vs_lightgbm_direct,M5_h7_chronos_bolt_tiny_vs_lightgbm_cov,4.8778717658478305e-05,0.457329958740122
M5_h28_moirai2_vs_lightgbm_direct,M5_h7_moirai2_vs_lightgbm_cov,5.2312712688803755e-05,0.5211981147516883
M5_h28_moirai2_vs_lightgbm_direct,M5_h7_timesfm25_vs_lightgbm_cov,5.512211885642498e-05,0.566994833765863
M5_h28_moirai2_vs_lightgbm_direct,M5_h7_tirex_vs_lightgbm_cov,4.99514451314291e-05,0.5147128737063597
M5_h28_moirai2_vs_lightgbm_direct,Rohlik_h14_chronos2_vs_lightgbm_cov,-5.517347412439883e-06,-0.04545619166673255
M5_h28_moirai2_vs_lightgbm_direct,Rohlik_h14_chronos_bolt_tiny_vs_lightgbm_cov,-6.896305446096058e-06,-0.06161688412065448
M5_h28_moirai2_vs_lightgbm_direct,Rohlik_h14_moirai2_vs_lightgbm_cov,-6.3410419631951265e-06,-0.043708184489255855
M5_h28_moirai2_vs_lightgbm_direct,Rohlik_h14_timesfm25_vs_lightgbm_cov,-6.940254822715726e-06,-0.045322375928160345
M5_h28_moirai2_vs_lightgbm_direct,Rohlik_h14_tirex_vs_lightgbm_cov,-7.570634265418221e-06,-0.045402848833479816
M5_h28_moirai2_vs_lightgbm_direct,Rohlik_h28_chronos2_vs_lightgbm_cov,-9.11478544685593e-06,-0.05965817222002951
M5_h28_moirai2_vs_lightgbm_direct,Rohlik_h28_chronos_bolt_tiny_vs_lightgbm_cov,-1.0298661019600202e-05,-0.06804273527051628
M5_h28_moirai2_vs_lightgbm_direct,Rohlik_h28_moirai2_vs_lightgbm_cov,-1.1643964180577864e-05,-0.06679396686880298
M5_h28_moirai2_vs_lightgbm_direct,Rohlik_h28_timesfm25_vs_lightgbm_cov,-1.148935919466739e-05,-0.06380849268492471
M5_h28_moirai2_vs_lightgbm_direct,Rohlik_h28_tirex_vs_lightgbm_cov,-9.959191873510284e-06,-0.05257264104616571
M5_h28_moirai2_vs_lightgbm_direct,Rohlik_h7_chronos2_vs_lightgbm_cov,-3.863811616162734e-06,-0.030641634852604877
M5_h28_moirai2_vs_lightgbm_direct,Rohlik_h7_chronos_bolt_tiny_vs_lightgbm_cov,-4.960159133458072e-06,-0.04044029680834193
M5_h28_moirai2_vs_lightgbm_direct,Rohlik_h7_moirai2_vs_lightgbm_cov,-6.282577082478346e-06,-0.03991589663560641
M5_h28_moirai2_vs_lightgbm_direct,Rohlik_h7_timesfm25_vs_lightgbm_cov,-6.220728759276277e-06,-0.042071169072945426
M5_h28_moirai2_vs_lightgbm_direct,Rohlik_h7_tirex_vs_lightgbm_cov,-5.5512961727118785e-06,-0.03693872417175694
M5_h28_timesfm25_vs_lightgbm_direct,Favorita_h14_chronos2_vs_lightgbm_cov,-9.600467551586529e-07,-0.0063316761500099026
M5_h28_timesfm25_vs_lightgbm_direct,Favorita_h14_chronos_bolt_tiny_vs_lightgbm_cov,-1.3839925436656851e-05,-0.04114063779075338
M5_h28_timesfm25_vs_lightgbm_direct,Favorita_h14_moirai2_vs_lightgbm_cov,-6.8796647157789895e-06,-0.0541663083559292
M5_h28_timesfm25_vs_lightgbm_direct,Favorita_h14_timesfm25_vs_lightgbm_cov,-1.0007350008054823e-05,-0.039793648374621245
M5_h28_timesfm25_vs_lightgbm_direct,Favorita_h14_tirex_vs_lightgbm_cov,-1.7316137848032791e-06,-0.01214550035509109
M5_h28_timesfm25_vs_lightgbm_direct,Favorita_h28_chronos2_vs_lightgbm_direct,-8.229997460553346e-06,-0.020198062843556384
M5_h28_timesfm25_vs_lightgbm_direct,Favorita_h28_chronos_bolt_tiny_vs_lightgbm_direct,-1.941765214708611e-05,-0.04747880442401992
M5_h28_timesfm25_vs_lightgbm_direct,Favorita_h28_moirai2_vs_lightgbm_direct,-1.617744473351154e-05,-0.04849457300018485
M5_h28_timesfm25_vs_lightgbm_direct,Favorita_h28_timesfm25_vs_lightgbm_direct,-1.945088797342735e-05,-0.061885904905556774
M5_h28_timesfm25_vs_lightgbm_direct,Favorita_h28_tirex_vs_lightgbm_direct,-1.2008501895909647e-05,-0.032740910905280037
M5_h28_timesfm25_vs_lightgbm_direct,Favorita_h7_chronos2_vs_lightgbm_cov,-1.4580742561894468e-06,-0.010244934995722222
M5_h28_timesfm25_vs_lightgbm_direct,Favorita_h7_chronos_bolt_tiny_vs_lightgbm_cov,-1.684663322547219e-05,-0.04855401259286469
M5_h28_timesfm25_vs_lightgbm_direct,Favorita_h7_moirai2_vs_lightgbm_cov,-5.997402572668297e-06,-0.05170511300084207
M5_h28_timesfm25_vs_lightgbm_direct,Favorita_h7_timesfm25_vs_lightgbm_cov,-9.833453143441462e-06,-0.04380202395218858
M5_h28_timesfm25_vs_lightgbm_direct,Favorita_h7_tirex_vs_lightgbm_cov,-2.9546241634239143e-06,-0.018872584895824298
M5_h28_timesfm25_vs_lightgbm_direct,M5_h14_chronos2_vs_lightgbm_cov,4.8525792893040274e-05,0.4276046856746748
M5_h28_timesfm25_vs_lightgbm_direct,M5_h14_chronos_bolt_tiny_vs_lightgbm_cov,5.696009775588395e-05,0.3933816392848323
M5_h28_timesfm25_vs_lightgbm_direct,M5_h14_moirai2_vs_lightgbm_cov,4.420228811656267e-05,0.325977687182213
M5_h28_timesfm25_vs_lightgbm_direct,M5_h14_timesfm25_vs_lightgbm_cov,8.128173032256438e-05,0.6299598794664049
M5_h28_timesfm25_vs_lightgbm_direct,M5_h14_tirex_vs_lightgbm_cov,5.843343853625976e-05,0.4933503568995439
M5_h28_timesfm25_vs_lightgbm_direct,M5_h28_chronos2_vs_lightgbm_direct,0.0001640583937356082,0.8912898475590675
M5_h28_timesfm25_vs_lightgbm_direct,M5_h28_chronos_bolt_tiny_vs_lightgbm_direct,0.00016532057884993738,0.7830686127224673
M5_h28_timesfm25_vs_lightgbm_direct,M5_h28_moirai2_vs_lightgbm_direct,0.00011417955313484138,0.711782897492925
M5_h28_timesfm25_vs_lightgbm_direct,M5_h28_timesfm25_vs_lightgbm_direct,0.0001818700928746723,1.0
M5_h28_timesfm25_vs_lightgbm_direct,M5_h28_tirex_vs_lightgbm_direct,0.0001873986948730394,0.8314193780868185
M5_h28_timesfm25_vs_lightgbm_direct,M5_h7_chronos2_vs_lightgbm_cov,3.7232929419085997e-05,0.3531232760061827
M5_h28_timesfm25_vs_lightgbm_direct,M5_h7_chronos_bolt_tiny_vs_lightgbm_cov,4.7325094606171196e-05,0.3913544402172574
M5_h28_timesfm25_vs_lightgbm_direct,M5_h7_moirai2_vs_lightgbm_cov,3.84760325723984e-05,0.33811573372449655
M5_h28_timesfm25_vs_lightgbm_direct,M5_h7_timesfm25_vs_lightgbm_cov,5.580685944338014e-05,0.506314404797579
M5_h28_timesfm25_vs_lightgbm_direct,M5_h7_tirex_vs_lightgbm_cov,3.6213124641631394e-05,0.3291262144697952
M5_h28_timesfm25_vs_lightgbm_direct,Rohlik_h14_chronos2_vs_lightgbm_cov,-2.6564331552132937e-06,-0.0193037244752706
M5_h28_timesfm25_vs_lightgbm_direct,Rohlik_h14_chronos_bolt_tiny_vs_lightgbm_cov,-2.646285272719984e-06,-0.02085448194003463
M5_h28_timesfm25_vs_lightgbm_direct,Rohlik_h14_moirai2_vs_lightgbm_cov,-5.840630302403266e-06,-0.03550923853543464
M5_h28_timesfm25_vs_lightgbm_direct,Rohlik_h14_timesfm25_vs_lightgbm_cov,-4.503421161210033e-06,-0.02593936367386806
M5_h28_timesfm25_vs_lightgbm_direct,Rohlik_h14_tirex_vs_lightgbm_cov,-6.022854550868435e-06,-0.03185904216747396
M5_h28_timesfm25_vs_lightgbm_direct,Rohlik_h28_chronos2_vs_lightgbm_cov,-8.408247122662618e-06,-0.04854097130462914
M5_h28_timesfm25_vs_lightgbm_direct,Rohlik_h28_chronos_bolt_tiny_vs_lightgbm_cov,-7.73012525396872e-06,-0.0450471202408611
M5_h28_timesfm25_vs_lightgbm_direct,Rohlik_h28_moirai2_vs_lightgbm_cov,-1.1812710350466138e-05,-0.05976754715455776
M5_h28_timesfm25_vs_lightgbm_direct,Rohlik_h28_timesfm25_vs_lightgbm_cov,-9.952500770741894e-06,-0.04875222038457229
M5_h28_timesfm25_vs_lightgbm_direct,Rohlik_h28_tirex_vs_lightgbm_cov,-9.47495786658741e-06,-0.04411562987663324
M5_h28_timesfm25_vs_lightgbm_direct,Rohlik_h7_chronos2_vs_lightgbm_cov,-1.5087111817121708e-06,-0.010553137576826058
M5_h28_timesfm25_vs_lightgbm_direct,Rohlik_h7_chronos_bolt_tiny_vs_lightgbm_cov,-2.41862422130906e-06,-0.017392684700189308
M5_h28_timesfm25_vs_lightgbm_direct,Rohlik_h7_moirai2_vs_lightgbm_cov,-6.330390733255793e-06,-0.03547464697178106
M5_h28_timesfm25_vs_lightgbm_direct,Rohlik_h7_timesfm25_vs_lightgbm_cov,-4.001670238492167e-06,-0.023870642799224864
M5_h28_timesfm25_vs_lightgbm_direct,Rohlik_h7_tirex_vs_lightgbm_cov,-4.246016432858983e-06,-0.02492003598710306
M5_h28_tirex_vs_lightgbm_direct,Favorita_h14_chronos2_vs_lightgbm_cov,1.2897251336507173e-06,0.006863384695402638
M5_h28_tirex_vs_lightgbm_direct,Favorita_h14_chronos_bolt_tiny_vs_lightgbm_cov,-1.7663833068879725e-05,-0.042367914862676
M5_h28_tirex_vs_lightgbm_direct,Favorita_h14_moirai2_vs_lightgbm_cov,-6.872896844949266e-06,-0.04366331040278874
M5_h28_tirex_vs_lightgbm_direct,Favorita_h14_timesfm25_vs_lightgbm_cov,-1.178130674840543e-05,-0.03780097497924114
M5_h28_tirex_vs_lightgbm_direct,Favorita_h14_tirex_vs_lightgbm_cov,2.642631304172509e-07,0.0014956012552705185
M5_h28_tirex_vs_lightgbm_direct,Favorita_h28_chronos2_vs_lightgbm_direct,2.1639272822260128e-06,0.004285165003813033
M5_h28_tirex_vs_lightgbm_direct,Favorita_h28_chronos_bolt_tiny_vs_lightgbm_direct,-1.4132845313998288e-05,-0.027883515781625248
M5_h28_tirex_vs_lightgbm_direct,Favorita_h28_moirai2_vs_lightgbm_direct,-9.24534762172791e-06,-0.022362550230704596
M5_h28_tirex_vs_lightgbm_direct,Favorita_h28_timesfm25_vs_lightgbm_direct,-1.2554642349043162e-05,-0.03223083281703584
M5_h28_tirex_vs_lightgbm_direct,Favorita_h28_tirex_vs_lightgbm_direct,-2.80608476508593e-06,-0.006173302834954151
M5_h28_tirex_vs_lightgbm_direct,Favorita_h7_chronos2_vs_lightgbm_cov,3.346429669653046e-06,0.01897256879334387
M5_h28_tirex_vs_lightgbm_direct,Favorita_h7_chronos_bolt_tiny_vs_lightgbm_cov,-1.883330634386282e-05,-0.0437979159371397
M5_h28_tirex_vs_lightgbm_direct,Favorita_h7_moirai2_vs_lightgbm_cov,-3.3544355395403713e-06,-0.02333482830778697
M5_h28_tirex_vs_lightgbm_direct,Favorita_h7_timesfm25_vs_lightgbm_cov,-9.425390838755517e-06,-0.033876798638245005
M5_h28_tirex_vs_lightgbm_direct,Favorita_h7_tirex_vs_lightgbm_cov,1.9275025157985662e-06,0.009934338755570444
M5_h28_tirex_vs_lightgbm_direct,M5_h14_chronos2_vs_lightgbm_cov,4.4647200412135504e-05,0.31745262028234755
M5_h28_tirex_vs_lightgbm_direct,M5_h14_chronos_bolt_tiny_vs_lightgbm_cov,0.00011169858052740829,0.6224520233973683
M5_h28_tirex_vs_lightgbm_direct,M5_h14_moirai2_vs_lightgbm_cov,6.183723443295068e-05,0.3679663038746733
M5_h28_tirex_vs_lightgbm_direct,M5_h14_timesfm25_vs_lightgbm_cov,9.720426182384705e-05,0.60788317987272
M5_h28_tirex_vs_lightgbm_direct,M5_h14_tirex_vs_lightgbm_cov,8.278899020807455e-05,0.5640030571040633
M5_h28_tirex_vs_lightgbm_direct,M5_h28_chronos2_vs_lightgbm_direct,0.0002045976802562478,0.8968835920828444
M5_h28_tirex_vs_lightgbm_direct,M5_h28_chronos_bolt_tiny_vs_lightgbm_direct,0.0002528212718323798,0.9662764172665073
M5_h28_tirex_vs_lightgbm_direct,M5_h28_moirai2_vs_lightgbm_direct,0.00013272779470024305,0.6676301751104039
M5_h28_tirex_vs_lightgbm_direct,M5_h28_timesfm25_vs_lightgbm_direct,0.0001873986948730394,0.8314193780868185
M5_h28_tirex_vs_lightgbm_direct,M5_h28_tirex_vs_lightgbm_direct,0.000279338984715368,0.9999999999999998
M5_h28_tirex_vs_lightgbm_direct,M5_h7_chronos2_vs_lightgbm_cov,2.8533507857294676e-05,0.21835803289601413
M5_h28_tirex_vs_lightgbm_direct,M5_h7_chronos_bolt_tiny_vs_lightgbm_cov,7.691305514382007e-05,0.513208341536919
M5_h28_tirex_vs_lightgbm_direct,M5_h7_moirai2_vs_lightgbm_cov,4.933657612288059e-05,0.3498315487722446
M5_h28_tirex_vs_lightgbm_direct,M5_h7_timesfm25_vs_lightgbm_cov,7.44301547667895e-05,0.544874509987129
M5_h28_tirex_vs_lightgbm_direct,M5_h7_tirex_vs_lightgbm_cov,5.5739057333969674e-05,0.408762422157489
M5_h28_tirex_vs_lightgbm_direct,Rohlik_h14_chronos2_vs_lightgbm_cov,-2.0500921482593424e-06,-0.01202071967798001
M5_h28_tirex_vs_lightgbm_direct,Rohlik_h14_chronos_bolt_tiny_vs_lightgbm_cov,-2.1892671225337713e-06,-0.013921190294752365
M5_h28_tirex_vs_lightgbm_direct,Rohlik_h14_moirai2_vs_lightgbm_cov,-2.676173911100905e-06,-0.013128371079651074
M5_h28_tirex_vs_lightgbm_direct,Rohlik_h14_timesfm25_vs_lightgbm_cov,-2.349543991662566e-06,-0.010919813068564833
M5_h28_tirex_vs_lightgbm_direct,Rohlik_h14_tirex_vs_lightgbm_cov,-2.707178594309262e-06,-0.011554791571605397
M5_h28_tirex_vs_lightgbm_direct,Rohlik_h28_chronos2_vs_lightgbm_cov,-9.011826122404462e-06,-0.041978862639559036
M5_h28_tirex_vs_lightgbm_direct,Rohlik_h28_chronos_bolt_tiny_vs_lightgbm_cov,-9.255717372895006e-06,-0.04352166038338541
M5_h28_tirex_vs_lightgbm_direct,Rohlik_h28_moirai2_vs_lightgbm_cov,-1.1076455159082313e-05,-0.0452201023042082
M5_h28_tirex_vs_lightgbm_direct,Rohlik_h28_timesfm25_vs_lightgbm_cov,-1.0021836520594725e-05,-0.03961178046584438
M5_h28_tirex_vs_lightgbm_direct,Rohlik_h28_tirex_vs_lightgbm_cov,-8.382322028462306e-06,-0.03149157686755459
M5_h28_tirex_vs_lightgbm_direct,Rohlik_h7_chronos2_vs_lightgbm_cov,-2.0069412841939055e-07,-0.0011327264108473912
M5_h28_tirex_vs_lightgbm_direct,Rohlik_h7_chronos_bolt_tiny_vs_lightgbm_cov,-1.4652159622352635e-06,-0.008501875415101046
M5_h28_tirex_vs_lightgbm_direct,Rohlik_h7_moirai2_vs_lightgbm_cov,-4.543789755003275e-06,-0.020545686751403516
M5_h28_tirex_vs_lightgbm_direct,Rohlik_h7_timesfm25_vs_lightgbm_cov,-2.8097720085996886e-06,-0.013524112274054968
M5_h28_tirex_vs_lightgbm_direct,Rohlik_h7_tirex_vs_lightgbm_cov,-1.784745477914873e-06,-0.008451974028887952
M5_h7_chronos2_vs_lightgbm_cov,Favorita_h14_chronos2_vs_lightgbm_cov,1.2587452876884321e-06,0.014319392507837958
M5_h7_chronos2_vs_lightgbm_cov,Favorita_h14_chronos_bolt_tiny_vs_lightgbm_cov,-1.3641170482233132e-06,-0.006994381759820284
M5_h7_chronos2_vs_lightgbm_cov,Favorita_h14_moirai2_vs_lightgbm_cov,5.988200865879145e-07,0.00813240035587651
M5_h7_chronos2_vs_lightgbm_cov,Favorita_h14_timesfm25_vs_lightgbm_cov,-1.4678735026883684e-06,-0.010068012031061868
M5_h7_chronos2_vs_lightgbm_cov,Favorita_h14_tirex_vs_lightgbm_cov,1.3743083120620416e-06,0.01662681161591461
M5_h7_chronos2_vs_lightgbm_cov,Favorita_h28_chronos2_vs_lightgbm_direct,6.257344444873246e-06,0.02648869155961737
M5_h7_chronos2_vs_lightgbm_cov,Favorita_h28_chronos_bolt_tiny_vs_lightgbm_direct,5.468535988405001e-06,0.023063996237656762
M5_h7_chronos2_vs_lightgbm_cov,Favorita_h28_moirai2_vs_lightgbm_direct,5.8124227182648935e-06,0.030053899709264562
M5_h7_chronos2_vs_lightgbm_cov,Favorita_h28_timesfm25_vs_lightgbm_direct,4.673403297253522e-06,0.025647556790000876
M5_h7_chronos2_vs_lightgbm_cov,Favorita_h28_tirex_vs_lightgbm_direct,6.567836073352245e-06,0.030887635111138807
M5_h7_chronos2_vs_lightgbm_cov,Favorita_h7_chronos2_vs_lightgbm_cov,2.124827790304857e-06,0.025752163987170337
M5_h7_chronos2_vs_lightgbm_cov,Favorita_h7_chronos_bolt_tiny_vs_lightgbm_cov,-7.240722985719883e-07,-0.003599601009060725
M5_h7_chronos2_vs_lightgbm_cov,Favorita_h7_moirai2_vs_lightgbm_cov,1.803657180259311e-06,0.026821601851991672
M5_h7_chronos2_vs_lightgbm_cov,Favorita_h7_timesfm25_vs_lightgbm_cov,-6.890372393915322e-07,-0.005294089100155464
M5_h7_chronos2_vs_lightgbm_cov,Favorita_h7_tirex_vs_lightgbm_cov,2.8096241683102895e-06,0.03095549826315617
M5_h7_chronos2_vs_lightgbm_cov,M5_h14_chronos2_vs_lightgbm_cov,5.822769744374335e-05,0.8850338027125391
M5_h7_chronos2_vs_lightgbm_cov,M5_h14_chronos_bolt_tiny_vs_lightgbm_cov,4.779802678429712e-05,0.5693951380583804
M5_h7_chronos2_vs_lightgbm_cov,M5_h14_moirai2_vs_lightgbm_cov,5.254151211626979e-05,0.6683533309771609
M5_h7_chronos2_vs_lightgbm_cov,M5_h14_timesfm25_vs_lightgbm_cov,5.1311961460555814e-05,0.6859603191617765
M5_h7_chronos2_vs_lightgbm_cov,M5_h14_tirex_vs_lightgbm_cov,5.196700997583526e-05,0.7568018053404806
M5_h7_chronos2_vs_lightgbm_cov,M5_h28_chronos2_vs_lightgbm_direct,3.740641320047276e-05,0.3505314567881231
M5_h7_chronos2_vs_lightgbm_cov,M5_h28_chronos_bolt_tiny_vs_lightgbm_direct,3.113384810802936e-05,0.25437013953009274
M5_h7_chronos2_vs_lightgbm_cov,M5_h28_moirai2_vs_lightgbm_direct,3.821451636307387e-05,0.4109112236043576
M5_h7_chronos2_vs_lightgbm_cov,M5_h28_timesfm25_vs_lightgbm_direct,3.7232929419085997e-05,0.3531232760061827
M5_h7_chronos2_vs_lightgbm_cov,M5_h28_tirex_vs_lightgbm_direct,2.8533507857294676e-05,0.21835803289601413
M5_h7_chronos2_vs_lightgbm_cov,M5_h7_chronos2_vs_lightgbm_cov,6.112803506108122e-05,1.0
M5_h7_chronos2_vs_lightgbm_cov,M5_h7_chronos_bolt_tiny_vs_lightgbm_cov,5.341814529327521e-05,0.761952689211068
M5_h7_chronos2_vs_lightgbm_cov,M5_h7_moirai2_vs_lightgbm_cov,5.627703276448154e-05,0.8530347319369048
M5_h7_chronos2_vs_lightgbm_cov,M5_h7_timesfm25_vs_lightgbm_cov,5.233419606516583e-05,0.8189901599506382
M5_h7_chronos2_vs_lightgbm_cov,M5_h7_tirex_vs_lightgbm_cov,5.5738462935625476e-05,0.8737996972414094
M5_h7_chronos2_vs_lightgbm_cov,Rohlik_h14_chronos2_vs_lightgbm_cov,-2.697235785943215e-06,-0.033808161758009804
M5_h7_chronos2_vs_lightgbm_cov,Rohlik_h14_chronos_bolt_tiny_vs_lightgbm_cov,-3.2309200824451574e-06,-0.04391869106108146
M5_h7_chronos2_vs_lightgbm_cov,Rohlik_h14_moirai2_vs_lightgbm_cov,-2.3575780418161526e-06,-0.024723397206779615
M5_h7_chronos2_vs_lightgbm_cov,Rohlik_h14_timesfm25_vs_lightgbm_cov,-1.8903640643555076e-06,-0.018781169537490348
M5_h7_chronos2_vs_lightgbm_cov,Rohlik_h14_tirex_vs_lightgbm_cov,-1.5369130393332565e-06,-0.014022971812246864
M5_h7_chronos2_vs_lightgbm_cov,Rohlik_h28_chronos2_vs_lightgbm_cov,-4.476034171947522e-06,-0.044571455339872126
M5_h7_chronos2_vs_lightgbm_cov,Rohlik_h28_chronos_bolt_tiny_vs_lightgbm_cov,-6.196697128059809e-06,-0.06228754272708108
M5_h7_chronos2_vs_lightgbm_cov,Rohlik_h28_moirai2_vs_lightgbm_cov,-5.715763486912462e-06,-0.04988276907945707
M5_h7_chronos2_vs_lightgbm_cov,Rohlik_h28_timesfm25_vs_lightgbm_cov,-4.6910338889627255e-06,-0.03963612387231008
M5_h7_chronos2_vs_lightgbm_cov,Rohlik_h28_tirex_vs_lightgbm_cov,-3.459724126668277e-06,-0.02778542816735743
M5_h7_chronos2_vs_lightgbm_cov,Rohlik_h7_chronos2_vs_lightgbm_cov,-2.7570351947819673e-06,-0.033264287632649416
M5_h7_chronos2_vs_lightgbm_cov,Rohlik_h7_chronos_bolt_tiny_vs_lightgbm_cov,-2.870568175746977e-06,-0.035606273086829475
M5_h7_chronos2_vs_lightgbm_cov,Rohlik_h7_moirai2_vs_lightgbm_cov,-1.9290598694251317e-06,-0.01864634425661953
M5_h7_chronos2_vs_lightgbm_cov,Rohlik_h7_timesfm25_vs_lightgbm_cov,-1.3420530305473674e-06,-0.013808703998051468
M5_h7_chronos2_vs_lightgbm_cov,Rohlik_h7_tirex_vs_lightgbm_cov,-1.3329563617374707e-06,-0.013494082240404486
M5_h7_chronos_bolt_tiny_vs_lightgbm_cov,Favorita_h14_chronos2_vs_lightgbm_cov,2.0765116648283687e-07,0.00205968472405141
M5_h7_chronos_bolt_tiny_vs_lightgbm_cov,Favorita_h14_chronos_bolt_tiny_vs_lightgbm_cov,-5.727023354517522e-06,-0.025603909726077068
M5_h7_chronos_bolt_tiny_vs_lightgbm_cov,Favorita_h14_moirai2_vs_lightgbm_cov,-9.796060265088937e-07,-0.01159987945621038
M5_h7_chronos_bolt_tiny_vs_lightgbm_cov,Favorita_h14_timesfm25_vs_lightgbm_cov,-3.4136531167842367e-06,-0.020415222590842077
M5_h7_chronos_bolt_tiny_vs_lightgbm_cov,Favorita_h14_tirex_vs_lightgbm_cov,1.9779873834992587e-08,0.00020865459686587819
M5_h7_chronos_bolt_tiny_vs_lightgbm_cov,Favorita_h28_chronos2_vs_lightgbm_direct,6.9724084462639065e-06,0.025735517258710785
M5_h7_chronos_bolt_tiny_vs_lightgbm_cov,Favorita_h28_chronos_bolt_tiny_vs_lightgbm_direct,3.199476301233661e-06,0.01176581508464862
M5_h7_chronos_bolt_tiny_vs_lightgbm_cov,Favorita_h28_moirai2_vs_lightgbm_direct,5.483873978952398e-06,0.024723545099949625
M5_h7_chronos_bolt_tiny_vs_lightgbm_cov,Favorita_h28_timesfm25_vs_lightgbm_direct,4.419415016325106e-06,0.02114740893274152
M5_h7_chronos_bolt_tiny_vs_lightgbm_cov,Favorita_h28_tirex_vs_lightgbm_direct,6.816149109066995e-06,0.02794995241395855
M5_h7_chronos_bolt_tiny_vs_lightgbm_cov,Favorita_h7_chronos2_vs_lightgbm_cov,2.555780052191482e-06,0.02700804226226624
M5_h7_chronos_bolt_tiny_vs_lightgbm_cov,Favorita_h7_chronos_bolt_tiny_vs_lightgbm_cov,-4.176869732933702e-06,-0.01810518638345627
M5_h7_chronos_bolt_tiny_vs_lightgbm_cov,Favorita_h7_moirai2_vs_lightgbm_cov,1.3451030646941422e-06,0.01744078046767226
M5_h7_chronos_bolt_tiny_vs_lightgbm_cov,Favorita_h7_timesfm25_vs_lightgbm_cov,-1.1904213428880323e-06,-0.007974966981688984
M5_h7_chronos_bolt_tiny_vs_lightgbm_cov,Favorita_h7_tirex_vs_lightgbm_cov,2.7963334246336754e-06,0.02686322561737867
M5_h7_chronos_bolt_tiny_vs_lightgbm_cov,M5_h14_chronos2_vs_lightgbm_cov,5.337648202009371e-05,0.7073914806043232
M5_h7_chronos_bolt_tiny_vs_lightgbm_cov,M5_h14_chronos_bolt_tiny_vs_lightgbm_cov,8.548221519482883e-05,0.8878900540301649
M5_h7_chronos_bolt_tiny_vs_lightgbm_cov,M5_h14_moirai2_vs_lightgbm_cov,6.938789313416292e-05,0.7696032399281444
M5_h7_chronos_bolt_tiny_vs_lightgbm_cov,M5_h14_timesfm25_vs_lightgbm_cov,6.46178623537318e-05,0.7532039712556385
M5_h7_chronos_bolt_tiny_vs_lightgbm_cov,M5_h14_tirex_vs_lightgbm_cov,6.5971043481695e-05,0.83769788755893
M5_h7_chronos_bolt_tiny_vs_lightgbm_cov,M5_h28_chronos2_vs_lightgbm_direct,5.275464167813845e-05,0.43104364383777705
M5_h7_chronos_bolt_tiny_vs_lightgbm_cov,M5_h28_chronos_bolt_tiny_vs_lightgbm_direct,8.466482330205008e-05,0.6031369967929427
M5_h7_chronos_bolt_tiny_vs_lightgbm_cov,M5_h28_moirai2_vs_lightgbm_direct,4.8778717658478305e-05,0.457329958740122
M5_h7_chronos_bolt_tiny_vs_lightgbm_cov,M5_h28_timesfm25_vs_lightgbm_direct,4.7325094606171196e-05,0.3913544402172574
M5_h7_chronos_bolt_tiny_vs_lightgbm_cov,M5_h28_tirex_vs_lightgbm_direct,7.691305514382007e-05,0.513208341536919
M5_h7_chronos_bolt_tiny_vs_lightgbm_cov,M5_h7_chronos2_vs_lightgbm_cov,5.341814529327521e-05,0.761952689211068
M5_h7_chronos_bolt_tiny_vs_lightgbm_cov,M5_h7_chronos_bolt_tiny_vs_lightgbm_cov,8.040464927572379e-05,1.0
M5_h7_chronos_bolt_tiny_vs_lightgbm_cov,M5_h7_moirai2_vs_lightgbm_cov,6.732246178608182e-05,0.8897646524466388
M5_h7_chronos_bolt_tiny_vs_lightgbm_cov,M5_h7_timesfm25_vs_lightgbm_cov,6.560891204895768e-05,0.895232004532825
M5_h7_chronos_bolt_tiny_vs_lightgbm_cov,M5_h7_tirex_vs_lightgbm_cov,6.537831027255404e-05,0.893655701390231
M5_h7_chronos_bolt_tiny_vs_lightgbm_cov,Rohlik_h14_chronos2_vs_lightgbm_cov,-9.753148968946765e-07,-0.010659262049405814
M5_h7_chronos_bolt_tiny_vs_lightgbm_cov,Rohlik_h14_chronos_bolt_tiny_vs_lightgbm_cov,-6.233017298924626e-07,-0.0073875620464604295
M5_h7_chronos_bolt_tiny_vs_lightgbm_cov,Rohlik_h14_moirai2_vs_lightgbm_cov,-3.544189839780017e-07,-0.0032406988990714607
M5_h7_chronos_bolt_tiny_vs_lightgbm_cov,Rohlik_h14_timesfm25_vs_lightgbm_cov,-3.6005133524039655e-07,-0.0031190421449251065
M5_h7_chronos_bolt_tiny_vs_lightgbm_cov,Rohlik_h14_tirex_vs_lightgbm_cov,7.228923433673121e-07,0.005751008740602871
M5_h7_chronos_bolt_tiny_vs_lightgbm_cov,Rohlik_h28_chronos2_vs_lightgbm_cov,-4.087410480484092e-06,-0.03548879982814117
M5_h7_chronos_bolt_tiny_vs_lightgbm_cov,Rohlik_h28_chronos_bolt_tiny_vs_lightgbm_cov,-4.314039314978148e-06,-0.03780982469102316
M5_h7_chronos_bolt_tiny_vs_lightgbm_cov,Rohlik_h28_moirai2_vs_lightgbm_cov,-4.844605479283752e-06,-0.036865010090556066
M5_h7_chronos_bolt_tiny_vs_lightgbm_cov,Rohlik_h28_timesfm25_vs_lightgbm_cov,-3.748758499068198e-06,-0.027617839853375476
M5_h7_chronos_bolt_tiny_vs_lightgbm_cov,Rohlik_h28_tirex_vs_lightgbm_cov,-2.0625457374111247e-06,-0.014443047788897953
M5_h7_chronos_bolt_tiny_vs_lightgbm_cov,Rohlik_h7_chronos2_vs_lightgbm_cov,-4.1396868086817724e-07,-0.00435494866081536
M5_h7_chronos_bolt_tiny_vs_lightgbm_cov,Rohlik_h7_chronos_bolt_tiny_vs_lightgbm_cov,9.117476913618826e-07,0.009860818424857809
M5_h7_chronos_bolt_tiny_vs_lightgbm_cov,Rohlik_h7_moirai2_vs_lightgbm_cov,4.380315144607472e-07,0.0036917559698048277
M5_h7_chronos_bolt_tiny_vs_lightgbm_cov,Rohlik_h7_timesfm25_vs_lightgbm_cov,6.388228813045776e-07,0.005731170692654949
M5_h7_chronos_bolt_tiny_vs_lightgbm_cov,Rohlik_h7_tirex_vs_lightgbm_cov,1.1117315946375216e-06,0.009813117658888103
M5_h7_moirai2_vs_lightgbm_cov,Favorita_h14_chronos2_vs_lightgbm_cov,1.1454601473233885e-06,0.012073763892284997
M5_h7_moirai2_vs_lightgbm_cov,Favorita_h14_chronos_bolt_tiny_vs_lightgbm_cov,-3.546486476173246e-06,-0.016848915927229445
M5_h7_moirai2_vs_lightgbm_cov,Favorita_h14_moirai2_vs_lightgbm_cov,5.788626892535157e-07,0.007284066597116501
M5_h7_moirai2_vs_lightgbm_cov,Favorita_h14_timesfm25_vs_lightgbm_cov,-3.50141359416967e-06,-0.022252277512251062
M5_h7_moirai2_vs_lightgbm_cov,Favorita_h14_tirex_vs_lightgbm_cov,1.3292021313601687e-06,0.014900189471257212
M5_h7_moirai2_vs_lightgbm_cov,Favorita_h28_chronos2_vs_lightgbm_direct,8.065569648024833e-06,0.0316359914171544
M5_h7_moirai2_vs_lightgbm_cov,Favorita_h28_chronos_bolt_tiny_vs_lightgbm_direct,5.775467743594825e-06,0.022569742570922775
M5_h7_moirai2_vs_lightgbm_cov,Favorita_h28_moirai2_vs_lightgbm_direct,7.387735043128697e-06,0.03539410309259317
M5_h7_moirai2_vs_lightgbm_cov,Favorita_h28_timesfm25_vs_lightgbm_direct,4.748216230638235e-06,0.024144553953894414
M5_h7_moirai2_vs_lightgbm_cov,Favorita_h28_tirex_vs_lightgbm_direct,8.438222747766451e-06,0.03676963322930995
M5_h7_moirai2_vs_lightgbm_cov,Favorita_h7_chronos2_vs_lightgbm_cov,2.766393197037965e-06,0.031065608036072532
M5_h7_moirai2_vs_lightgbm_cov,Favorita_h7_chronos_bolt_tiny_vs_lightgbm_cov,-2.4771166733936774e-06,-0.011410241954719557
M5_h7_moirai2_vs_lightgbm_cov,Favorita_h7_moirai2_vs_lightgbm_cov,2.3731991152639264e-06,0.03269948050548218
M5_h7_moirai2_vs_lightgbm_cov,Favorita_h7_timesfm25_vs_lightgbm_cov,-1.817723571535873e-06,-0.012940538524310258
M5_h7_moirai2_vs_lightgbm_cov,Favorita_h7_tirex_vs_lightgbm_cov,3.6319725264939233e-06,0.037077298424846514
M5_h7_moirai2_vs_lightgbm_cov,M5_h14_chronos2_vs_lightgbm_cov,5.55382684622165e-05,0.7821652838671832
M5_h7_moirai2_vs_lightgbm_cov,M5_h14_chronos_bolt_tiny_vs_lightgbm_cov,6.766859934684406e-05,0.7469076926318021
M5_h7_moirai2_vs_lightgbm_cov,M5_h14_moirai2_vs_lightgbm_cov,7.33384236741169e-05,0.8643926780471665
M5_h7_moirai2_vs_lightgbm_cov,M5_h14_timesfm25_vs_lightgbm_cov,6.333336754447977e-05,0.7844927188985557
M5_h7_moirai2_vs_lightgbm_cov,M5_h14_tirex_vs_lightgbm_cov,6.20414490373627e-05,0.8371674254753545
M5_h7_moirai2_vs_lightgbm_cov,M5_h28_chronos2_vs_lightgbm_direct,3.75959464340679e-05,0.3264358980947866
M5_h7_moirai2_vs_lightgbm_cov,M5_h28_chronos_bolt_tiny_vs_lightgbm_direct,5.3251315552291364e-05,0.4031249017885997
M5_h7_moirai2_vs_lightgbm_cov,M5_h28_moirai2_vs_lightgbm_direct,5.2312712688803755e-05,0.5211981147516883
M5_h7_moirai2_vs_lightgbm_cov,M5_h28_timesfm25_vs_lightgbm_direct,3.84760325723984e-05,0.33811573372449655
M5_h7_moirai2_vs_lightgbm_cov,M5_h28_tirex_vs_lightgbm_direct,4.933657612288059e-05,0.3498315487722446
M5_h7_moirai2_vs_lightgbm_cov,M5_h7_chronos2_vs_lightgbm_cov,5.627703276448154e-05,0.8530347319369048
M5_h7_moirai2_vs_lightgbm_cov,M5_h7_chronos_bolt_tiny_vs_lightgbm_cov,6.732246178608182e-05,0.8897646524466388
M5_h7_moirai2_vs_lightgbm_cov,M5_h7_moirai2_vs_lightgbm_cov,7.12013975104223e-05,0.9999999999999998
M5_h7_moirai2_vs_lightgbm_cov,M5_h7_timesfm25_vs_lightgbm_cov,6.436767284141206e-05,0.9333335845311693
M5_h7_moirai2_vs_lightgbm_cov,M5_h7_tirex_vs_lightgbm_cov,6.450002599743063e-05,0.936898945742818
M5_h7_moirai2_vs_lightgbm_cov,Rohlik_h14_chronos2_vs_lightgbm_cov,-4.879710257319866e-07,-0.005667253497121454
M5_h7_moirai2_vs_lightgbm_cov,Rohlik_h14_chronos_bolt_tiny_vs_lightgbm_cov,-1.0934257827431758e-06,-0.013771728156783446
M5_h7_moirai2_vs_lightgbm_cov,Rohlik_h14_moirai2_vs_lightgbm_cov,3.573000503825334e-07,0.003471771269116784
M5_h7_moirai2_vs_lightgbm_cov,Rohlik_h14_timesfm25_vs_lightgbm_cov,1.95582641896268e-07,0.001800459876208923
M5_h7_moirai2_vs_lightgbm_cov,Rohlik_h14_tirex_vs_lightgbm_cov,1.2422472369847954e-06,0.010502066507349318
M5_h7_moirai2_vs_lightgbm_cov,Rohlik_h28_chronos2_vs_lightgbm_cov,-3.8017655232702477e-06,-0.03507718297888974
M5_h7_moirai2_vs_lightgbm_cov,Rohlik_h28_chronos_bolt_tiny_vs_lightgbm_cov,-4.894642578903791e-06,-0.04558667018779045
M5_h7_moirai2_vs_lightgbm_cov,Rohlik_h28_moirai2_vs_lightgbm_cov,-4.640365669480961e-06,-0.037523597447487546
M5_h7_moirai2_vs_lightgbm_cov,Rohlik_h28_timesfm25_vs_lightgbm_cov,-3.8490369103913785e-06,-0.030133573794230203
M5_h7_moirai2_vs_lightgbm_cov,Rohlik_h28_tirex_vs_lightgbm_cov,-1.6151349486943012e-06,-0.012018780313435062
M5_h7_moirai2_vs_lightgbm_cov,Rohlik_h7_chronos2_vs_lightgbm_cov,-2.165340227923611e-07,-0.0024206835588335314
M5_h7_moirai2_vs_lightgbm_cov,Rohlik_h7_chronos_bolt_tiny_vs_lightgbm_cov,-2.7084785288598222e-08,-0.0003112863009213822
M5_h7_moirai2_vs_lightgbm_cov,Rohlik_h7_moirai2_vs_lightgbm_cov,8.478863088676583e-07,0.007593842286864609
M5_h7_moirai2_vs_lightgbm_cov,Rohlik_h7_timesfm25_vs_lightgbm_cov,7.433781859692992e-07,0.007087107410694372
M5_h7_moirai2_vs_lightgbm_cov,Rohlik_h7_tirex_vs_lightgbm_cov,9.218904626416011e-07,0.008647343321475258
M5_h7_timesfm25_vs_lightgbm_cov,Favorita_h14_chronos2_vs_lightgbm_cov,3.3657515383444287e-07,0.0036627084583207284
M5_h7_timesfm25_vs_lightgbm_cov,Favorita_h14_chronos_bolt_tiny_vs_lightgbm_cov,-2.627073877028921e-06,-0.012885567331000049
M5_h7_timesfm25_vs_lightgbm_cov,Favorita_h14_moirai2_vs_lightgbm_cov,-4.4254435746092216e-07,-0.005749270748376633
M5_h7_timesfm25_vs_lightgbm_cov,Favorita_h14_timesfm25_vs_lightgbm_cov,-2.668867713109457e-06,-0.01751119181351327
M5_h7_timesfm25_vs_lightgbm_cov,Favorita_h14_tirex_vs_lightgbm_cov,7.884757153001132e-07,0.009125290254579956
M5_h7_timesfm25_vs_lightgbm_cov,Favorita_h28_chronos2_vs_lightgbm_direct,6.62148030260685e-06,0.026813845226360062
M5_h7_timesfm25_vs_lightgbm_cov,Favorita_h28_chronos_bolt_tiny_vs_lightgbm_direct,5.779884514421544e-06,0.023319337472657013
M5_h7_timesfm25_vs_lightgbm_cov,Favorita_h28_moirai2_vs_lightgbm_direct,5.729547206365634e-06,0.028339847288517152
M5_h7_timesfm25_vs_lightgbm_cov,Favorita_h28_timesfm25_vs_lightgbm_direct,4.871413348079595e-06,0.025574154453791343
M5_h7_timesfm25_vs_lightgbm_cov,Favorita_h28_tirex_vs_lightgbm_direct,7.074666290875339e-06,0.031827452238914984
M5_h7_timesfm25_vs_lightgbm_cov,Favorita_h7_chronos2_vs_lightgbm_cov,1.9329401138055744e-06,0.02241000497025775
M5_h7_timesfm25_vs_lightgbm_cov,Favorita_h7_chronos_bolt_tiny_vs_lightgbm_cov,-1.408568624897512e-06,-0.006698599384357459
M5_h7_timesfm25_vs_lightgbm_cov,Favorita_h7_moirai2_vs_lightgbm_cov,1.391104370915734e-06,0.019789006631920746
M5_h7_timesfm25_vs_lightgbm_cov,Favorita_h7_timesfm25_vs_lightgbm_cov,-9.357294673419878e-07,-0.0068775288473886505
M5_h7_timesfm25_vs_lightgbm_cov,Favorita_h7_tirex_vs_lightgbm_cov,2.8812772436753216e-06,0.030367439887876123
M5_h7_timesfm25_vs_lightgbm_cov,M5_h14_chronos2_vs_lightgbm_cov,5.25389999559034e-05,0.7639159996804161
M5_h7_timesfm25_vs_lightgbm_cov,M5_h14_chronos_bolt_tiny_vs_lightgbm_cov,6.913825109288483e-05,0.7878721301176436
M5_h7_timesfm25_vs_lightgbm_cov,M5_h14_moirai2_vs_lightgbm_cov,6.880947810622063e-05,0.8373082605935033
M5_h7_timesfm25_vs_lightgbm_cov,M5_h14_timesfm25_vs_lightgbm_cov,6.876074175609383e-05,0.879335269616052
M5_h7_timesfm25_vs_lightgbm_cov,M5_h14_tirex_vs_lightgbm_cov,6.223393319219295e-05,0.8669923024379806
M5_h7_timesfm25_vs_lightgbm_cov,M5_h28_chronos2_vs_lightgbm_direct,5.537119210709979e-05,0.4963618185534497
M5_h7_timesfm25_vs_lightgbm_cov,M5_h28_chronos_bolt_tiny_vs_lightgbm_direct,7.119763822191059e-05,0.5564581092652529
M5_h7_timesfm25_vs_lightgbm_cov,M5_h28_moirai2_vs_lightgbm_direct,5.512211885642498e-05,0.566994833765863
M5_h7_timesfm25_vs_lightgbm_cov,M5_h28_timesfm25_vs_lightgbm_direct,5.580685944338014e-05,0.506314404797579
M5_h7_timesfm25_vs_lightgbm_cov,M5_h28_tirex_vs_lightgbm_direct,7.44301547667895e-05,0.544874509987129
M5_h7_timesfm25_vs_lightgbm_cov,M5_h7_chronos2_vs_lightgbm_cov,5.233419606516583e-05,0.8189901599506382
M5_h7_timesfm25_vs_lightgbm_cov,M5_h7_chronos_bolt_tiny_vs_lightgbm_cov,6.560891204895768e-05,0.895232004532825
M5_h7_timesfm25_vs_lightgbm_cov,M5_h7_moirai2_vs_lightgbm_cov,6.436767284141206e-05,0.9333335845311693
M5_h7_timesfm25_vs_lightgbm_cov,M5_h7_timesfm25_vs_lightgbm_cov,6.679951524103954e-05,1.0
M5_h7_timesfm25_vs_lightgbm_cov,M5_h7_tirex_vs_lightgbm_cov,6.121535475329841e-05,0.9180172348691452
M5_h7_timesfm25_vs_lightgbm_cov,Rohlik_h14_chronos2_vs_lightgbm_cov,-1.8331361481821194e-07,-0.0021980163999423055
M5_h7_timesfm25_vs_lightgbm_cov,Rohlik_h14_chronos_bolt_tiny_vs_lightgbm_cov,-3.726377300068691e-07,-0.0048455553672584195
M5_h7_timesfm25_vs_lightgbm_cov,Rohlik_h14_moirai2_vs_lightgbm_cov,7.807142501692338e-07,0.00783191088757835
M5_h7_timesfm25_vs_lightgbm_cov,Rohlik_h14_timesfm25_vs_lightgbm_cov,3.723300114499066e-07,0.003538659588348735
M5_h7_timesfm25_vs_lightgbm_cov,Rohlik_h14_tirex_vs_lightgbm_cov,1.5926861665629872e-06,0.01390127184660562
M5_h7_timesfm25_vs_lightgbm_cov,Rohlik_h28_chronos2_vs_lightgbm_cov,-4.1152597703574434e-06,-0.039200737577167674
M5_h7_timesfm25_vs_lightgbm_cov,Rohlik_h28_chronos_bolt_tiny_vs_lightgbm_cov,-4.644306321741047e-06,-0.04465759668163131
M5_h7_timesfm25_vs_lightgbm_cov,Rohlik_h28_moirai2_vs_lightgbm_cov,-4.65653651988303e-06,-0.03887522180660218
M5_h7_timesfm25_vs_lightgbm_cov,Rohlik_h28_timesfm25_vs_lightgbm_cov,-4.192244220121846e-06,-0.03388462968479308
M5_h7_timesfm25_vs_lightgbm_cov,Rohlik_h28_tirex_vs_lightgbm_cov,-1.924473120823945e-06,-0.014784990013546669
M5_h7_timesfm25_vs_lightgbm_cov,Rohlik_h7_chronos2_vs_lightgbm_cov,7.866819974613859e-08,0.0009079641296905466
M5_h7_timesfm25_vs_lightgbm_cov,Rohlik_h7_chronos_bolt_tiny_vs_lightgbm_cov,3.6407118081027764e-07,0.00431994798279926
M5_h7_timesfm25_vs_lightgbm_cov,Rohlik_h7_moirai2_vs_lightgbm_cov,5.032365413084754e-07,0.004653221466735603
M5_h7_timesfm25_vs_lightgbm_cov,Rohlik_h7_timesfm25_vs_lightgbm_cov,6.412621668847894e-07,0.006311788296698678
M5_h7_timesfm25_vs_lightgbm_cov,Rohlik_h7_tirex_vs_lightgbm_cov,1.1645768068526134e-06,0.011277922868332667
M5_h7_tirex_vs_lightgbm_cov,Favorita_h14_chronos2_vs_lightgbm_cov,1.3834138821114326e-06,0.015081210532629357
M5_h7_tirex_vs_lightgbm_cov,Favorita_h14_chronos_bolt_tiny_vs_lightgbm_cov,-4.557954824685164e-06,-0.022395721077607237
M5_h7_tirex_vs_lightgbm_cov,Favorita_h14_moirai2_vs_lightgbm_cov,1.0343085777410665e-06,0.013460768484313212
M5_h7_tirex_vs_lightgbm_cov,Favorita_h14_timesfm25_vs_lightgbm_cov,-3.1594219373173977e-06,-0.02076634484838733
M5_h7_tirex_vs_lightgbm_cov,Favorita_h14_tirex_vs_lightgbm_cov,1.4207839846049617e-06,0.016472146395149833
M5_h7_tirex_vs_lightgbm_cov,Favorita_h28_chronos2_vs_lightgbm_direct,8.953131816398516e-06,0.0363197424613538
M5_h7_tirex_vs_lightgbm_cov,Favorita_h28_chronos_bolt_tiny_vs_lightgbm_direct,5.633142976133366e-06,0.022767303433299576
M5_h7_tirex_vs_lightgbm_cov,Favorita_h28_moirai2_vs_lightgbm_direct,8.41345470309159e-06,0.041688410779379514
M5_h7_tirex_vs_lightgbm_cov,Favorita_h28_timesfm25_vs_lightgbm_direct,5.7491258150739645e-06,0.030235133451021287
M5_h7_tirex_vs_lightgbm_cov,Favorita_h28_tirex_vs_lightgbm_direct,9.168276027452136e-06,0.04131876868308045
M5_h7_tirex_vs_lightgbm_cov,Favorita_h7_chronos2_vs_lightgbm_cov,2.789322112895446e-06,0.032395597813064794
M5_h7_tirex_vs_lightgbm_cov,Favorita_h7_chronos_bolt_tiny_vs_lightgbm_cov,-3.7321530281712877e-06,-0.0177798958356224
M5_h7_tirex_vs_lightgbm_cov,Favorita_h7_moirai2_vs_lightgbm_cov,2.719710985723896e-06,0.038757058573269755
M5_h7_tirex_vs_lightgbm_cov,Favorita_h7_timesfm25_vs_lightgbm_cov,-1.7700138317115874e-06,-0.013032344436550174
M5_h7_tirex_vs_lightgbm_cov,Favorita_h7_tirex_vs_lightgbm_cov,3.6906991031793363e-06,0.03896687205253395
M5_h7_tirex_vs_lightgbm_cov,M5_h14_chronos2_vs_lightgbm_cov,5.467810557422358e-05,0.7964179471475665
M5_h7_tirex_vs_lightgbm_cov,M5_h14_chronos_bolt_tiny_vs_lightgbm_cov,6.880239198428533e-05,0.7854248916189417
M5_h7_tirex_vs_lightgbm_cov,M5_h14_moirai2_vs_lightgbm_cov,6.574090513495058e-05,0.8013764322932359
M5_h7_tirex_vs_lightgbm_cov,M5_h14_timesfm25_vs_lightgbm_cov,5.9538026775745946e-05,0.7627323239172051
M5_h7_tirex_vs_lightgbm_cov,M5_h14_tirex_vs_lightgbm_cov,6.367067558324883e-05,0.8885691382024732
M5_h7_tirex_vs_lightgbm_cov,M5_h28_chronos2_vs_lightgbm_direct,4.0962857241737704e-05,0.3678480941007237
M5_h7_tirex_vs_lightgbm_cov,M5_h28_chronos_bolt_tiny_vs_lightgbm_direct,5.612730820136712e-05,0.43944535448996674
M5_h7_tirex_vs_lightgbm_cov,M5_h28_moirai2_vs_lightgbm_direct,4.99514451314291e-05,0.5147128737063597
M5_h7_tirex_vs_lightgbm_cov,M5_h28_timesfm25_vs_lightgbm_direct,3.6213124641631394e-05,0.3291262144697952
M5_h7_tirex_vs_lightgbm_cov,M5_h28_tirex_vs_lightgbm_direct,5.5739057333969674e-05,0.408762422157489
M5_h7_tirex_vs_lightgbm_cov,M5_h7_chronos2_vs_lightgbm_cov,5.5738462935625476e-05,0.8737996972414094
M5_h7_tirex_vs_lightgbm_cov,M5_h7_chronos_bolt_tiny_vs_lightgbm_cov,6.537831027255404e-05,0.893655701390231
M5_h7_tirex_vs_lightgbm_cov,M5_h7_moirai2_vs_lightgbm_cov,6.450002599743063e-05,0.936898945742818
M5_h7_tirex_vs_lightgbm_cov,M5_h7_timesfm25_vs_lightgbm_cov,6.121535475329841e-05,0.9180172348691452
M5_h7_tirex_vs_lightgbm_cov,M5_h7_tirex_vs_lightgbm_cov,6.65649731233346e-05,1.0000000000000002
M5_h7_tirex_vs_lightgbm_cov,Rohlik_h14_chronos2_vs_lightgbm_cov,-8.069380795685953e-07,-0.009692597811259853
M5_h7_tirex_vs_lightgbm_cov,Rohlik_h14_chronos_bolt_tiny_vs_lightgbm_cov,-2.060973785864391e-06,-0.026846827824386944
M5_h7_tirex_vs_lightgbm_cov,Rohlik_h14_moirai2_vs_lightgbm_cov,1.3763508903493048e-07,0.0013831477478889861
M5_h7_tirex_vs_lightgbm_cov,Rohlik_h14_timesfm25_vs_lightgbm_cov,4.514465781594336e-08,0.00042981432251621587
M5_h7_tirex_vs_lightgbm_cov,Rohlik_h14_tirex_vs_lightgbm_cov,1.273341553186487e-06,0.011133533365006845
M5_h7_tirex_vs_lightgbm_cov,Rohlik_h28_chronos2_vs_lightgbm_cov,-3.4616508780241368e-06,-0.0330326962688189
M5_h7_tirex_vs_lightgbm_cov,Rohlik_h28_chronos_bolt_tiny_vs_lightgbm_cov,-5.2579417192208184e-06,-0.050647035896153776
M5_h7_tirex_vs_lightgbm_cov,Rohlik_h28_moirai2_vs_lightgbm_cov,-4.09764931013749e-06,-0.034269552147833914
M5_h7_tirex_vs_lightgbm_cov,Rohlik_h28_timesfm25_vs_lightgbm_cov,-3.4078339438168195e-06,-0.02759296489545192
M5_h7_tirex_vs_lightgbm_cov,Rohlik_h28_tirex_vs_lightgbm_cov,-1.4760538833843993e-06,-0.011359917372112891
M5_h7_tirex_vs_lightgbm_cov,Rohlik_h7_chronos2_vs_lightgbm_cov,-8.214875093615344e-07,-0.009498044915699968
M5_h7_tirex_vs_lightgbm_cov,Rohlik_h7_chronos_bolt_tiny_vs_lightgbm_cov,-1.336645217364387e-06,-0.015888106371697897
M5_h7_tirex_vs_lightgbm_cov,Rohlik_h7_moirai2_vs_lightgbm_cov,-3.2090794869031154e-08,-0.00029725269685645505
M5_h7_tirex_vs_lightgbm_cov,Rohlik_h7_timesfm25_vs_lightgbm_cov,-2.2908852897208823e-08,-0.00022588319607918419
M5_h7_tirex_vs_lightgbm_cov,Rohlik_h7_tirex_vs_lightgbm_cov,6.630220420455452e-07,0.006432099070225379
Rohlik_h14_chronos2_vs_lightgbm_cov,Favorita_h14_chronos2_vs_lightgbm_cov,-4.2836211079433495e-06,-0.03733712434938204
Rohlik_h14_chronos2_vs_lightgbm_cov,Favorita_h14_chronos_bolt_tiny_vs_lightgbm_cov,1.3205023353627881e-05,0.051877608826891575
Rohlik_h14_chronos2_vs_lightgbm_cov,Favorita_h14_moirai2_vs_lightgbm_cov,-2.896475473910685e-07,-0.0030139450269460097
Rohlik_h14_chronos2_vs_lightgbm_cov,Favorita_h14_timesfm25_vs_lightgbm_cov,7.171757750587723e-06,0.03768979599169432
Rohlik_h14_chronos2_vs_lightgbm_cov,Favorita_h14_tirex_vs_lightgbm_cov,-8.636194435955135e-07,-0.008005533787575764
Rohlik_h14_chronos2_vs_lightgbm_cov,Favorita_h28_chronos2_vs_lightgbm_direct,-1.5389916592554394e-05,-0.04991715106089023
Rohlik_h14_chronos2_vs_lightgbm_cov,Favorita_h28_chronos_bolt_tiny_vs_lightgbm_direct,-4.410914380246781e-06,-0.014253948721972132
Rohlik_h14_chronos2_vs_lightgbm_cov,Favorita_h28_moirai2_vs_lightgbm_direct,-1.1851152159828319e-05,-0.046951264766172604
Rohlik_h14_chronos2_vs_lightgbm_cov,Favorita_h28_timesfm25_vs_lightgbm_direct,-8.452613158660115e-06,-0.03554240516910786
Rohlik_h14_chronos2_vs_lightgbm_cov,Favorita_h28_tirex_vs_lightgbm_direct,-1.2817156019410324e-05,-0.04618459128408744
Rohlik_h14_chronos2_vs_lightgbm_cov,Favorita_h7_chronos2_vs_lightgbm_cov,-4.423541519331841e-06,-0.04107742199854009
Rohlik_h14_chronos2_vs_lightgbm_cov,Favorita_h7_chronos_bolt_tiny_vs_lightgbm_cov,1.3316532412213052e-05,0.05072320218939954
Rohlik_h14_chronos2_vs_lightgbm_cov,Favorita_h7_moirai2_vs_lightgbm_cov,-2.6473612309497145e-06,-0.030163865893538224
Rohlik_h14_chronos2_vs_lightgbm_cov,Favorita_h7_timesfm25_vs_lightgbm_cov,6.268990827122118e-06,0.03690534475656275
Rohlik_h14_chronos2_vs_lightgbm_cov,Favorita_h7_tirex_vs_lightgbm_cov,-3.3013199485990945e-06,-0.027868928111779764
Rohlik_h14_chronos2_vs_lightgbm_cov,M5_h14_chronos2_vs_lightgbm_cov,-1.8010051544058464e-06,-0.020974338740198765
Rohlik_h14_chronos2_vs_lightgbm_cov,M5_h14_chronos_bolt_tiny_vs_lightgbm_cov,3.71534023031763e-07,0.0033911379473644484
Rohlik_h14_chronos2_vs_lightgbm_cov,M5_h14_moirai2_vs_lightgbm_cov,-1.4491326114890483e-07,-0.0014123904089266323
Rohlik_h14_chronos2_vs_lightgbm_cov,M5_h14_timesfm25_vs_lightgbm_cov,6.681598315201701e-07,0.006843902609484469
Rohlik_h14_chronos2_vs_lightgbm_cov,M5_h14_tirex_vs_lightgbm_cov,-5.784025913355059e-07,-0.006453981856017828
Rohlik_h14_chronos2_vs_lightgbm_cov,M5_h28_chronos2_vs_lightgbm_direct,-4.446929964279849e-06,-0.03192892530535507
Rohlik_h14_chronos2_vs_lightgbm_cov,M5_h28_chronos_bolt_tiny_vs_lightgbm_direct,-2.0521281868541465e-06,-0.012846383768603054
Rohlik_h14_chronos2_vs_lightgbm_cov,M5_h28_moirai2_vs_lightgbm_direct,-5.517347412439883e-06,-0.04545619166673255
Rohlik_h14_chronos2_vs_lightgbm_cov,M5_h28_timesfm25_vs_lightgbm_direct,-2.6564331552132937e-06,-0.0193037244752706
Rohlik_h14_chronos2_vs_lightgbm_cov,M5_h28_tirex_vs_lightgbm_direct,-2.0500921482593424e-06,-0.01202071967798001
Rohlik_h14_chronos2_vs_lightgbm_cov,M5_h7_chronos2_vs_lightgbm_cov,-2.697235785943215e-06,-0.033808161758009804
Rohlik_h14_chronos2_vs_lightgbm_cov,M5_h7_chronos_bolt_tiny_vs_lightgbm_cov,-9.753148968946765e-07,-0.010659262049405814
Rohlik_h14_chronos2_vs_lightgbm_cov,M5_h7_moirai2_vs_lightgbm_cov,-4.879710257319866e-07,-0.005667253497121454
Rohlik_h14_chronos2_vs_lightgbm_cov,M5_h7_timesfm25_vs_lightgbm_cov,-1.8331361481821194e-07,-0.0021980163999423055
Rohlik_h14_chronos2_vs_lightgbm_cov,M5_h7_tirex_vs_lightgbm_cov,-8.069380795685953e-07,-0.009692597811259853
Rohlik_h14_chronos2_vs_lightgbm_cov,Rohlik_h14_chronos2_vs_lightgbm_cov,0.00010412482276164513,1.0000000000000002
Rohlik_h14_chronos2_vs_lightgbm_cov,Rohlik_h14_chronos_bolt_tiny_vs_lightgbm_cov,7.04020279583956e-05,0.7332489030283754
Rohlik_h14_chronos2_vs_lightgbm_cov,Rohlik_h14_moirai2_vs_lightgbm_cov,0.0001085491185260645,0.8721906964965728
Rohlik_h14_chronos2_vs_lightgbm_cov,Rohlik_h14_timesfm25_vs_lightgbm_cov,0.00011826085592930497,0.9002461619677706
Rohlik_h14_chronos2_vs_lightgbm_cov,Rohlik_h14_tirex_vs_lightgbm_cov,0.00012573957846272809,0.8790343497686666
Rohlik_h14_chronos2_vs_lightgbm_cov,Rohlik_h28_chronos2_vs_lightgbm_cov,9.38305081385839e-05,0.7158970452229121
Rohlik_h14_chronos2_vs_lightgbm_cov,Rohlik_h28_chronos_bolt_tiny_vs_lightgbm_cov,5.890117974880654e-05,0.4536365114076193
Rohlik_h14_chronos2_vs_lightgbm_cov,Rohlik_h28_moirai2_vs_lightgbm_cov,9.82175169750487e-05,0.6567624813553788
Rohlik_h14_chronos2_vs_lightgbm_cov,Rohlik_h28_timesfm25_vs_lightgbm_cov,0.00011201646950665954,0.7251829213324931
Rohlik_h14_chronos2_vs_lightgbm_cov,Rohlik_h28_tirex_vs_lightgbm_cov,0.00011688999749920875,0.7192768008399711
Rohlik_h14_chronos2_vs_lightgbm_cov,Rohlik_h7_chronos2_vs_lightgbm_cov,9.104635682966272e-05,0.8416694616370626
Rohlik_h14_chronos2_vs_lightgbm_cov,Rohlik_h7_chronos_bolt_tiny_vs_lightgbm_cov,6.20004903448807e-05,0.589246290448356
Rohlik_h14_chronos2_vs_lightgbm_cov,Rohlik_h7_moirai2_vs_lightgbm_cov,9.731866280664361e-05,0.7207542383424933
Rohlik_h14_chronos2_vs_lightgbm_cov,Rohlik_h7_timesfm25_vs_lightgbm_cov,0.00010421504024650794,0.8215929879011554
Rohlik_h14_chronos2_vs_lightgbm_cov,Rohlik_h7_tirex_vs_lightgbm_cov,0.0001008233671760667,0.7820449187799532
Rohlik_h14_chronos_bolt_tiny_vs_lightgbm_cov,Favorita_h14_chronos2_vs_lightgbm_cov,-2.1549691058590656e-06,-0.02037001704469047
Rohlik_h14_chronos_bolt_tiny_vs_lightgbm_cov,Favorita_h14_chronos_bolt_tiny_vs_lightgbm_cov,1.792165116457225e-05,0.07635532394322593
Rohlik_h14_chronos_bolt_tiny_vs_lightgbm_cov,Favorita_h14_moirai2_vs_lightgbm_cov,3.9627974835462277e-07,0.004471856693454567
Rohlik_h14_chronos_bolt_tiny_vs_lightgbm_cov,Favorita_h14_timesfm25_vs_lightgbm_cov,9.490940004311342e-06,0.054091363761169735
Rohlik_h14_chronos_bolt_tiny_vs_lightgbm_cov,Favorita_h14_tirex_vs_lightgbm_cov,1.3269368896771453e-06,0.013339473204016418
Rohlik_h14_chronos_bolt_tiny_vs_lightgbm_cov,Favorita_h28_chronos2_vs_lightgbm_direct,-1.4829122745154469e-05,-0.052161432801464964
Rohlik_h14_chronos_bolt_tiny_vs_lightgbm_cov,Favorita_h28_chronos_bolt_tiny_vs_lightgbm_direct,-1.3511121685753903e-06,-0.004734983799695342
Rohlik_h14_chronos_bolt_tiny_vs_lightgbm_cov,Favorita_h28_moirai2_vs_lightgbm_direct,-1.2167189927107787e-05,-0.052275420705572416
Rohlik_h14_chronos_bolt_tiny_vs_lightgbm_cov,Favorita_h28_timesfm25_vs_lightgbm_direct,-7.21246044592577e-06,-0.03288969090158179
Rohlik_h14_chronos_bolt_tiny_vs_lightgbm_cov,Favorita_h28_tirex_vs_lightgbm_direct,-1.1774548929030714e-05,-0.04601190773407731
Rohlik_h14_chronos_bolt_tiny_vs_lightgbm_cov,Favorita_h7_chronos2_vs_lightgbm_cov,-3.358979651974037e-06,-0.03382680442394434
Rohlik_h14_chronos_bolt_tiny_vs_lightgbm_cov,Favorita_h7_chronos_bolt_tiny_vs_lightgbm_cov,1.7805622700976947e-05,0.07355178328547353
Rohlik_h14_chronos_bolt_tiny_vs_lightgbm_cov,Favorita_h7_moirai2_vs_lightgbm_cov,-2.67827205146457e-06,-0.03309398104353626
Rohlik_h14_chronos_bolt_tiny_vs_lightgbm_cov,Favorita_h7_timesfm25_vs_lightgbm_cov,7.915697140480412e-06,0.0505360541875244
Rohlik_h14_chronos_bolt_tiny_vs_lightgbm_cov,Favorita_h7_tirex_vs_lightgbm_cov,-1.6185650529912705e-06,-0.01481778660280785
Rohlik_h14_chronos_bolt_tiny_vs_lightgbm_cov,M5_h14_chronos2_vs_lightgbm_cov,-3.066066089345369e-06,-0.038723567559803135
Rohlik_h14_chronos_bolt_tiny_vs_lightgbm_cov,M5_h14_chronos_bolt_tiny_vs_lightgbm_cov,6.826305848727875e-07,0.006756987833624806
Rohlik_h14_chronos_bolt_tiny_vs_lightgbm_cov,M5_h14_moirai2_vs_lightgbm_cov,-3.316793474485121e-07,-0.0035057874969834507
Rohlik_h14_chronos_bolt_tiny_vs_lightgbm_cov,M5_h14_timesfm25_vs_lightgbm_cov,4.068986892411766e-07,0.0045199150890491225
Rohlik_h14_chronos_bolt_tiny_vs_lightgbm_cov,M5_h14_tirex_vs_lightgbm_cov,-1.2063639838617896e-06,-0.014598102231056875
Rohlik_h14_chronos_bolt_tiny_vs_lightgbm_cov,M5_h28_chronos2_vs_lightgbm_direct,-4.726675086766864e-06,-0.03680444632461485
Rohlik_h14_chronos_bolt_tiny_vs_lightgbm_cov,M5_h28_chronos_bolt_tiny_vs_lightgbm_direct,-1.5354189965905817e-06,-0.010423746558706955
Rohlik_h14_chronos_bolt_tiny_vs_lightgbm_cov,M5_h28_moirai2_vs_lightgbm_direct,-6.896305446096058e-06,-0.06161688412065448
Rohlik_h14_chronos_bolt_tiny_vs_lightgbm_cov,M5_h28_timesfm25_vs_lightgbm_direct,-2.646285272719984e-06,-0.02085448194003463
Rohlik_h14_chronos_bolt_tiny_vs_lightgbm_cov,M5_h28_tirex_vs_lightgbm_direct,-2.1892671225337713e-06,-0.013921190294752365
Rohlik_h14_chronos_bolt_tiny_vs_lightgbm_cov,M5_h7_chronos2_vs_lightgbm_cov,-3.2309200824451574e-06,-0.04391869106108146
Rohlik_h14_chronos_bolt_tiny_vs_lightgbm_cov,M5_h7_chronos_bolt_tiny_vs_lightgbm_cov,-6.233017298924626e-07,-0.0073875620464604295
Rohlik_h14_chronos_bolt_tiny_vs_lightgbm_cov,M5_h7_moirai2_vs_lightgbm_cov,-1.0934257827431758e-06,-0.013771728156783446
Rohlik_h14_chronos_bolt_tiny_vs_lightgbm_cov,M5_h7_timesfm25_vs_lightgbm_cov,-3.726377300068691e-07,-0.0048455553672584195
Rohlik_h14_chronos_bolt_tiny_vs_lightgbm_cov,M5_h7_tirex_vs_lightgbm_cov,-2.060973785864391e-06,-0.026846827824386944
Rohlik_h14_chronos_bolt_tiny_vs_lightgbm_cov,Rohlik_h14_chronos2_vs_lightgbm_cov,7.04020279583956e-05,0.7332489030283754
Rohlik_h14_chronos_bolt_tiny_vs_lightgbm_cov,Rohlik_h14_chronos_bolt_tiny_vs_lightgbm_cov,8.853463876998315e-05,1.0000000000000002
Rohlik_h14_chronos_bolt_tiny_vs_lightgbm_cov,Rohlik_h14_moirai2_vs_lightgbm_cov,8.027488599734603e-05,0.6994962231893053
Rohlik_h14_chronos_bolt_tiny_vs_lightgbm_cov,Rohlik_h14_timesfm25_vs_lightgbm_cov,7.903707832246507e-05,0.6524867037231508
Rohlik_h14_chronos_bolt_tiny_vs_lightgbm_cov,Rohlik_h14_tirex_vs_lightgbm_cov,8.541271938759341e-05,0.6475553907677954
Rohlik_h14_chronos_bolt_tiny_vs_lightgbm_cov,Rohlik_h28_chronos2_vs_lightgbm_cov,6.449641836796599e-05,0.533657512306784
Rohlik_h14_chronos_bolt_tiny_vs_lightgbm_cov,Rohlik_h28_chronos_bolt_tiny_vs_lightgbm_cov,7.865020080839724e-05,0.6569077294685577
Rohlik_h14_chronos_bolt_tiny_vs_lightgbm_cov,Rohlik_h28_moirai2_vs_lightgbm_cov,7.193764634624191e-05,0.5216703296977883
Rohlik_h14_chronos_bolt_tiny_vs_lightgbm_cov,Rohlik_h28_timesfm25_vs_lightgbm_cov,7.276889768112215e-05,0.5108954217243615
Rohlik_h14_chronos_bolt_tiny_vs_lightgbm_cov,Rohlik_h28_tirex_vs_lightgbm_cov,7.818710659974418e-05,0.521764315267975
Rohlik_h14_chronos_bolt_tiny_vs_lightgbm_cov,Rohlik_h7_chronos2_vs_lightgbm_cov,6.494077577222087e-05,0.6510539791388964
Rohlik_h14_chronos_bolt_tiny_vs_lightgbm_cov,Rohlik_h7_chronos_bolt_tiny_vs_lightgbm_cov,7.78325764718588e-05,0.8022018656926104
Rohlik_h14_chronos_bolt_tiny_vs_lightgbm_cov,Rohlik_h7_moirai2_vs_lightgbm_cov,6.952302455021602e-05,0.5583933753139211
Rohlik_h14_chronos_bolt_tiny_vs_lightgbm_cov,Rohlik_h7_timesfm25_vs_lightgbm_cov,7.129811007054523e-05,0.6095718023582625
Rohlik_h14_chronos_bolt_tiny_vs_lightgbm_cov,Rohlik_h7_tirex_vs_lightgbm_cov,6.795035439257415e-05,0.5715875426786987
Rohlik_h14_moirai2_vs_lightgbm_cov,Favorita_h14_chronos2_vs_lightgbm_cov,-3.1480129514275647e-06,-0.022956503981529125
Rohlik_h14_moirai2_vs_lightgbm_cov,Favorita_h14_chronos_bolt_tiny_vs_lightgbm_cov,1.050670275779209e-05,0.034533981046205586
Rohlik_h14_moirai2_vs_lightgbm_cov,Favorita_h14_moirai2_vs_lightgbm_cov,1.1417526326720714e-06,0.009939783311666213
Rohlik_h14_moirai2_vs_lightgbm_cov,Favorita_h14_timesfm25_vs_lightgbm_cov,2.9747150986362624e-06,0.013079254091739522
Rohlik_h14_moirai2_vs_lightgbm_cov,Favorita_h14_tirex_vs_lightgbm_cov,1.5779085108282059e-06,0.01223739915229661
Rohlik_h14_moirai2_vs_lightgbm_cov,Favorita_h28_chronos2_vs_lightgbm_direct,-1.2835072450249208e-05,-0.0348298234432415
Rohlik_h14_moirai2_vs_lightgbm_cov,Favorita_h28_chronos_bolt_tiny_vs_lightgbm_direct,-4.128101979966301e-06,-0.011160827753352405
Rohlik_h14_moirai2_vs_lightgbm_cov,Favorita_h28_moirai2_vs_lightgbm_direct,-9.68965684958256e-06,-0.03211696826628887
Rohlik_h14_moirai2_vs_lightgbm_cov,Favorita_h28_timesfm25_vs_lightgbm_direct,-9.919498250873315e-06,-0.0348967473217402
Rohlik_h14_moirai2_vs_lightgbm_cov,Favorita_h28_tirex_vs_lightgbm_direct,-9.84511001455284e-06,-0.029680104873398436
Rohlik_h14_moirai2_vs_lightgbm_cov,Favorita_h7_chronos2_vs_lightgbm_cov,-2.3867960452791254e-06,-0.018543333332173575
Rohlik_h14_moirai2_vs_lightgbm_cov,Favorita_h7_chronos_bolt_tiny_vs_lightgbm_cov,1.0367252678549053e-05,0.03303837056848768
Rohlik_h14_moirai2_vs_lightgbm_cov,Favorita_h7_moirai2_vs_lightgbm_cov,-4.4613026922467243e-07,-0.004252799527392138
Rohlik_h14_moirai2_vs_lightgbm_cov,Favorita_h7_timesfm25_vs_lightgbm_cov,2.493139661298024e-06,0.012279414621321792
Rohlik_h14_moirai2_vs_lightgbm_cov,Favorita_h7_tirex_vs_lightgbm_cov,3.457753072957771e-07,0.002442114650258748
Rohlik_h14_moirai2_vs_lightgbm_cov,M5_h14_chronos2_vs_lightgbm_cov,-1.6083099894735992e-06,-0.015670487423948592
Rohlik_h14_moirai2_vs_lightgbm_cov,M5_h14_chronos_bolt_tiny_vs_lightgbm_cov,2.5861853874930748e-06,0.019749037929304995
Rohlik_h14_moirai2_vs_lightgbm_cov,M5_h14_moirai2_vs_lightgbm_cov,2.622945551825819e-06,0.02138825380623009
Rohlik_h14_moirai2_vs_lightgbm_cov,M5_h14_timesfm25_vs_lightgbm_cov,2.498025015756777e-06,0.02140719005098497
Rohlik_h14_moirai2_vs_lightgbm_cov,M5_h14_tirex_vs_lightgbm_cov,8.241169494894908e-07,0.007693532280287077
Rohlik_h14_moirai2_vs_lightgbm_cov,M5_h28_chronos2_vs_lightgbm_direct,-6.9525757065547455e-06,-0.04176468033198986
Rohlik_h14_moirai2_vs_lightgbm_cov,M5_h28_chronos_bolt_tiny_vs_lightgbm_direct,-2.7783771793630826e-06,-0.014551475527744773
Rohlik_h14_moirai2_vs_lightgbm_cov,M5_h28_moirai2_vs_lightgbm_direct,-6.3410419631951265e-06,-0.043708184489255855
Rohlik_h14_moirai2_vs_lightgbm_cov,M5_h28_timesfm25_vs_lightgbm_direct,-5.840630302403266e-06,-0.03550923853543464
Rohlik_h14_moirai2_vs_lightgbm_cov,M5_h28_tirex_vs_lightgbm_direct,-2.676173911100905e-06,-0.013128371079651074
Rohlik_h14_moirai2_vs_lightgbm_cov,M5_h7_chronos2_vs_lightgbm_cov,-2.3575780418161526e-06,-0.024723397206779615
Rohlik_h14_moirai2_vs_lightgbm_cov,M5_h7_chronos_bolt_tiny_vs_lightgbm_cov,-3.544189839780017e-07,-0.0032406988990714607
Rohlik_h14_moirai2_vs_lightgbm_cov,M5_h7_moirai2_vs_lightgbm_cov,3.573000503825334e-07,0.003471771269116784
Rohlik_h14_moirai2_vs_lightgbm_cov,M5_h7_timesfm25_vs_lightgbm_cov,7.807142501692338e-07,0.00783191088757835
Rohlik_h14_moirai2_vs_lightgbm_cov,M5_h7_tirex_vs_lightgbm_cov,1.3763508903493048e-07,0.0013831477478889861
Rohlik_h14_moirai2_vs_lightgbm_cov,Rohlik_h14_chronos2_vs_lightgbm_cov,0.0001085491185260645,0.8721906964965728
Rohlik_h14_moirai2_vs_lightgbm_cov,Rohlik_h14_chronos_bolt_tiny_vs_lightgbm_cov,8.027488599734603e-05,0.6994962231893053
Rohlik_h14_moirai2_vs_lightgbm_cov,Rohlik_h14_moirai2_vs_lightgbm_cov,0.00014875632046757015,1.0
Rohlik_h14_moirai2_vs_lightgbm_cov,Rohlik_h14_timesfm25_vs_lightgbm_cov,0.00014784341477117573,0.9415896356055504
Rohlik_h14_moirai2_vs_lightgbm_cov,Rohlik_h14_tirex_vs_lightgbm_cov,0.00015914618314072991,0.9308281254964497
Rohlik_h14_moirai2_vs_lightgbm_cov,Rohlik_h28_chronos2_vs_lightgbm_cov,9.957934068683896e-05,0.6356457857857934
Rohlik_h14_moirai2_vs_lightgbm_cov,Rohlik_h28_chronos_bolt_tiny_vs_lightgbm_cov,6.637763870365918e-05,0.4277058901943853
Rohlik_h14_moirai2_vs_lightgbm_cov,Rohlik_h28_moirai2_vs_lightgbm_cov,0.00013118514978408677,0.7339111466449759
Rohlik_h14_moirai2_vs_lightgbm_cov,Rohlik_h28_timesfm25_vs_lightgbm_cov,0.0001367325140716724,0.740588407917174
Rohlik_h14_moirai2_vs_lightgbm_cov,Rohlik_h28_tirex_vs_lightgbm_cov,0.00015071020374839817,0.7758911255375354
Rohlik_h14_moirai2_vs_lightgbm_cov,Rohlik_h7_chronos2_vs_lightgbm_cov,0.00010242234221496042,0.7921603931390107
Rohlik_h14_moirai2_vs_lightgbm_cov,Rohlik_h7_chronos_bolt_tiny_vs_lightgbm_cov,7.52743311357606e-05,0.5985329474128592
Rohlik_h14_moirai2_vs_lightgbm_cov,Rohlik_h7_moirai2_vs_lightgbm_cov,0.00013681397394749514,0.847736638839777
Rohlik_h14_moirai2_vs_lightgbm_cov,Rohlik_h7_timesfm25_vs_lightgbm_cov,0.0001294351685237038,0.8537250816849667
Rohlik_h14_moirai2_vs_lightgbm_cov,Rohlik_h7_tirex_vs_lightgbm_cov,0.0001278254423011106,0.829520702472546
Rohlik_h14_timesfm25_vs_lightgbm_cov,Favorita_h14_chronos2_vs_lightgbm_cov,-3.296833680578417e-06,-0.02277725533502257
Rohlik_h14_timesfm25_vs_lightgbm_cov,Favorita_h14_chronos_bolt_tiny_vs_lightgbm_cov,1.1031946268167042e-05,0.034353219961965505
Rohlik_h14_timesfm25_vs_lightgbm_cov,Favorita_h14_moirai2_vs_lightgbm_cov,1.4342655385486926e-06,0.011829586674605186
Rohlik_h14_timesfm25_vs_lightgbm_cov,Favorita_h14_timesfm25_vs_lightgbm_cov,2.9699045955074875e-06,0.012371296321122332
Rohlik_h14_timesfm25_vs_lightgbm_cov,Favorita_h14_tirex_vs_lightgbm_cov,1.1880636390424927e-06,0.008729354356387165
Rohlik_h14_timesfm25_vs_lightgbm_cov,Favorita_h28_chronos2_vs_lightgbm_direct,-1.1352326983443428e-05,-0.029185890722742535
Rohlik_h14_timesfm25_vs_lightgbm_cov,Favorita_h28_chronos_bolt_tiny_vs_lightgbm_direct,-2.118672662160302e-06,-0.0054268143263163015
Rohlik_h14_timesfm25_vs_lightgbm_cov,Favorita_h28_moirai2_vs_lightgbm_direct,-7.802737871784826e-06,-0.024502380207204306
Rohlik_h14_timesfm25_vs_lightgbm_cov,Favorita_h28_timesfm25_vs_lightgbm_direct,-8.492064032938847e-06,-0.028303726290284416
Rohlik_h14_timesfm25_vs_lightgbm_cov,Favorita_h28_tirex_vs_lightgbm_direct,-8.492630416813236e-06,-0.02425616813407222
Rohlik_h14_timesfm25_vs_lightgbm_cov,Favorita_h7_chronos2_vs_lightgbm_cov,-1.6568620789093748e-06,-0.012195341487603291
Rohlik_h14_timesfm25_vs_lightgbm_cov,Favorita_h7_chronos_bolt_tiny_vs_lightgbm_cov,1.1688016621864286e-05,0.03528831072118558
Rohlik_h14_timesfm25_vs_lightgbm_cov,Favorita_h7_moirai2_vs_lightgbm_cov,6.912615952511502e-07,0.006242963009622892
Rohlik_h14_timesfm25_vs_lightgbm_cov,Favorita_h7_timesfm25_vs_lightgbm_cov,3.138121339423892e-06,0.014643196833690366
Rohlik_h14_timesfm25_vs_lightgbm_cov,Favorita_h7_tirex_vs_lightgbm_cov,7.561901977736257e-07,0.005059856827585759
Rohlik_h14_timesfm25_vs_lightgbm_cov,M5_h14_chronos2_vs_lightgbm_cov,-7.050789602590235e-07,-0.006508570494643972
Rohlik_h14_timesfm25_vs_lightgbm_cov,M5_h14_chronos_bolt_tiny_vs_lightgbm_cov,2.787404405247264e-06,0.020166075291112542
Rohlik_h14_timesfm25_vs_lightgbm_cov,M5_h14_moirai2_vs_lightgbm_cov,1.5069731199757664e-06,0.011641975241145271
Rohlik_h14_timesfm25_vs_lightgbm_cov,M5_h14_timesfm25_vs_lightgbm_cov,2.365802785702172e-06,0.01920775166892497
Rohlik_h14_timesfm25_vs_lightgbm_cov,M5_h14_tirex_vs_lightgbm_cov,9.424684542595996e-07,0.008335638436389941
Rohlik_h14_timesfm25_vs_lightgbm_cov,M5_h28_chronos2_vs_lightgbm_direct,-5.538806125550879e-06,-0.0315220686670654
Rohlik_h14_timesfm25_vs_lightgbm_cov,M5_h28_chronos_bolt_tiny_vs_lightgbm_direct,-2.2360196908471913e-06,-0.011094981072146256
Rohlik_h14_timesfm25_vs_lightgbm_cov,M5_h28_moirai2_vs_lightgbm_direct,-6.940254822715726e-06,-0.045322375928160345
Rohlik_h14_timesfm25_vs_lightgbm_cov,M5_h28_timesfm25_vs_lightgbm_direct,-4.503421161210033e-06,-0.02593936367386806
Rohlik_h14_timesfm25_vs_lightgbm_cov,M5_h28_tirex_vs_lightgbm_direct,-2.349543991662566e-06,-0.010919813068564833
Rohlik_h14_timesfm25_vs_lightgbm_cov,M5_h7_chronos2_vs_lightgbm_cov,-1.8903640643555076e-06,-0.018781169537490348
Rohlik_h14_timesfm25_vs_lightgbm_cov,M5_h7_chronos_bolt_tiny_vs_lightgbm_cov,-3.6005133524039655e-07,-0.0031190421449251065
Rohlik_h14_timesfm25_vs_lightgbm_cov,M5_h7_moirai2_vs_lightgbm_cov,1.95582641896268e-07,0.001800459876208923
Rohlik_h14_timesfm25_vs_lightgbm_cov,M5_h7_timesfm25_vs_lightgbm_cov,3.723300114499066e-07,0.003538659588348735
Rohlik_h14_timesfm25_vs_lightgbm_cov,M5_h7_tirex_vs_lightgbm_cov,4.514465781594336e-08,0.00042981432251621587
Rohlik_h14_timesfm25_vs_lightgbm_cov,Rohlik_h14_chronos2_vs_lightgbm_cov,0.00011826085592930497,0.9002461619677706
Rohlik_h14_timesfm25_vs_lightgbm_cov,Rohlik_h14_chronos_bolt_tiny_vs_lightgbm_cov,7.903707832246507e-05,0.6524867037231508
Rohlik_h14_timesfm25_vs_lightgbm_cov,Rohlik_h14_moirai2_vs_lightgbm_cov,0.00014784341477117573,0.9415896356055504
Rohlik_h14_timesfm25_vs_lightgbm_cov,Rohlik_h14_timesfm25_vs_lightgbm_cov,0.00016573155441862317,1.0
Rohlik_h14_timesfm25_vs_lightgbm_cov,Rohlik_h14_tirex_vs_lightgbm_cov,0.00016858294823014552,0.9341616333061186
Rohlik_h14_timesfm25_vs_lightgbm_cov,Rohlik_h28_chronos2_vs_lightgbm_cov,0.00010722569603170706,0.6484551017931672
Rohlik_h14_timesfm25_vs_lightgbm_cov,Rohlik_h28_chronos_bolt_tiny_vs_lightgbm_cov,6.262335546263071e-05,0.3822917081284969
Rohlik_h14_timesfm25_vs_lightgbm_cov,Rohlik_h28_moirai2_vs_lightgbm_cov,0.00012876577329677213,0.6824869640908762
Rohlik_h14_timesfm25_vs_lightgbm_cov,Rohlik_h28_timesfm25_vs_lightgbm_cov,0.0001523212824827961,0.7816292629542003
Rohlik_h14_timesfm25_vs_lightgbm_cov,Rohlik_h28_tirex_vs_lightgbm_cov,0.0001559806066520222,0.7607883341146772
Rohlik_h14_timesfm25_vs_lightgbm_cov,Rohlik_h7_chronos2_vs_lightgbm_cov,0.0001066882805153899,0.781754246373803
Rohlik_h14_timesfm25_vs_lightgbm_cov,Rohlik_h7_chronos_bolt_tiny_vs_lightgbm_cov,6.870825499222199e-05,0.5175891781029189
Rohlik_h14_timesfm25_vs_lightgbm_cov,Rohlik_h7_moirai2_vs_lightgbm_cov,0.00012865228289427809,0.7552367327277745
Rohlik_h14_timesfm25_vs_lightgbm_cov,Rohlik_h7_timesfm25_vs_lightgbm_cov,0.0001376551922895927,0.8601881523703534
Rohlik_h14_timesfm25_vs_lightgbm_cov,Rohlik_h7_tirex_vs_lightgbm_cov,0.0001316961372734812,0.8096886919592985
Rohlik_h14_tirex_vs_lightgbm_cov,Favorita_h14_chronos2_vs_lightgbm_cov,-4.586361226942442e-06,-0.02909954475928353
Rohlik_h14_tirex_vs_lightgbm_cov,Favorita_h14_chronos_bolt_tiny_vs_lightgbm_cov,2.2582112653881627e-05,0.06457931995686249
Rohlik_h14_tirex_vs_lightgbm_cov,Favorita_h14_moirai2_vs_lightgbm_cov,2.5381556526843503e-06,0.019225243287344145
Rohlik_h14_tirex_vs_lightgbm_cov,Favorita_h14_timesfm25_vs_lightgbm_cov,1.0012084056242583e-05,0.03830105913577361
Rohlik_h14_tirex_vs_lightgbm_cov,Favorita_h14_tirex_vs_lightgbm_cov,1.5151020508926274e-06,0.010223459730907377
Rohlik_h14_tirex_vs_lightgbm_cov,Favorita_h28_chronos2_vs_lightgbm_direct,-1.8374361636484983e-05,-0.043382433092266436
Rohlik_h14_tirex_vs_lightgbm_cov,Favorita_h28_chronos_bolt_tiny_vs_lightgbm_direct,2.0177663208505056e-06,0.004746413323440918
Rohlik_h14_tirex_vs_lightgbm_cov,Favorita_h28_moirai2_vs_lightgbm_direct,-1.1491163552763764e-05,-0.03313895801602436
Rohlik_h14_tirex_vs_lightgbm_cov,Favorita_h28_timesfm25_vs_lightgbm_direct,-7.732840954047231e-06,-0.023669169458609154
Rohlik_h14_tirex_vs_lightgbm_cov,Favorita_h28_tirex_vs_lightgbm_direct,-1.2465155218894106e-05,-0.03269574562454416
Rohlik_h14_tirex_vs_lightgbm_cov,Favorita_h7_chronos2_vs_lightgbm_cov,-2.952446399112797e-06,-0.019957365675520408
Rohlik_h14_tirex_vs_lightgbm_cov,Favorita_h7_chronos_bolt_tiny_vs_lightgbm_cov,2.400777624318598e-05,0.06656647636737953
Rohlik_h14_tirex_vs_lightgbm_cov,Favorita_h7_moirai2_vs_lightgbm_cov,9.697521821009288e-07,0.008043085465394558
Rohlik_h14_tirex_vs_lightgbm_cov,Favorita_h7_timesfm25_vs_lightgbm_cov,1.0060234370289091e-05,0.043110975707189365
Rohlik_h14_tirex_vs_lightgbm_cov,Favorita_h7_tirex_vs_lightgbm_cov,7.620672276410559e-08,0.00046828910718686267
Rohlik_h14_tirex_vs_lightgbm_cov,M5_h14_chronos2_vs_lightgbm_cov,-1.10088783018363e-06,-0.009332640010946679
Rohlik_h14_tirex_vs_lightgbm_cov,M5_h14_chronos_bolt_tiny_vs_lightgbm_cov,3.864951804017362e-06,0.025679056949970806
Rohlik_h14_tirex_vs_lightgbm_cov,M5_h14_moirai2_vs_lightgbm_cov,3.106783890466284e-06,0.022041735960005474
Rohlik_h14_tirex_vs_lightgbm_cov,M5_h14_timesfm25_vs_lightgbm_cov,2.943274779718659e-06,0.021945343752610192
Rohlik_h14_tirex_vs_lightgbm_cov,M5_h14_tirex_vs_lightgbm_cov,1.8536918742454798e-06,0.015056470502510843
Rohlik_h14_tirex_vs_lightgbm_cov,M5_h28_chronos2_vs_lightgbm_direct,-7.188834231142187e-06,-0.03757254400212495
Rohlik_h14_tirex_vs_lightgbm_cov,M5_h28_chronos_bolt_tiny_vs_lightgbm_direct,-2.8335986697998854e-06,-0.01291227799111139
Rohlik_h14_tirex_vs_lightgbm_cov,M5_h28_moirai2_vs_lightgbm_direct,-7.570634265418221e-06,-0.045402848833479816
Rohlik_h14_tirex_vs_lightgbm_cov,M5_h28_timesfm25_vs_lightgbm_direct,-6.022854550868435e-06,-0.03185904216747396
Rohlik_h14_tirex_vs_lightgbm_cov,M5_h28_tirex_vs_lightgbm_direct,-2.707178594309262e-06,-0.011554791571605397
Rohlik_h14_tirex_vs_lightgbm_cov,M5_h7_chronos2_vs_lightgbm_cov,-1.5369130393332565e-06,-0.014022971812246864
Rohlik_h14_tirex_vs_lightgbm_cov,M5_h7_chronos_bolt_tiny_vs_lightgbm_cov,7.228923433673121e-07,0.005751008740602871
Rohlik_h14_tirex_vs_lightgbm_cov,M5_h7_moirai2_vs_lightgbm_cov,1.2422472369847954e-06,0.010502066507349318
Rohlik_h14_tirex_vs_lightgbm_cov,M5_h7_timesfm25_vs_lightgbm_cov,1.5926861665629872e-06,0.01390127184660562
Rohlik_h14_tirex_vs_lightgbm_cov,M5_h7_tirex_vs_lightgbm_cov,1.273341553186487e-06,0.011133533365006845
Rohlik_h14_tirex_vs_lightgbm_cov,Rohlik_h14_chronos2_vs_lightgbm_cov,0.00012573957846272809,0.8790343497686666
Rohlik_h14_tirex_vs_lightgbm_cov,Rohlik_h14_chronos_bolt_tiny_vs_lightgbm_cov,8.541271938759341e-05,0.6475553907677954
Rohlik_h14_tirex_vs_lightgbm_cov,Rohlik_h14_moirai2_vs_lightgbm_cov,0.00015914618314072991,0.9308281254964497
Rohlik_h14_tirex_vs_lightgbm_cov,Rohlik_h14_timesfm25_vs_lightgbm_cov,0.00016858294823014552,0.9341616333061186
Rohlik_h14_tirex_vs_lightgbm_cov,Rohlik_h14_tirex_vs_lightgbm_cov,0.0001965070031922672,1.0
Rohlik_h14_tirex_vs_lightgbm_cov,Rohlik_h28_chronos2_vs_lightgbm_cov,0.00011546209253482438,0.6412598468930847
Rohlik_h14_tirex_vs_lightgbm_cov,Rohlik_h28_chronos_bolt_tiny_vs_lightgbm_cov,7.424268371254047e-05,0.4162227286995385
Rohlik_h14_tirex_vs_lightgbm_cov,Rohlik_h28_moirai2_vs_lightgbm_cov,0.0001463772880098582,0.7124939849991686
Rohlik_h14_tirex_vs_lightgbm_cov,Rohlik_h28_timesfm25_vs_lightgbm_cov,0.0001631828661214943,0.7690035859875384
Rohlik_h14_tirex_vs_lightgbm_cov,Rohlik_h28_tirex_vs_lightgbm_cov,0.0001892401992590979,0.8476571344216838
Rohlik_h14_tirex_vs_lightgbm_cov,Rohlik_h7_chronos2_vs_lightgbm_cov,0.00011447237759290078,0.7703140550745738
Rohlik_h14_tirex_vs_lightgbm_cov,Rohlik_h7_chronos_bolt_tiny_vs_lightgbm_cov,7.93624790459511e-05,0.5490413827457874
Rohlik_h14_tirex_vs_lightgbm_cov,Rohlik_h7_moirai2_vs_lightgbm_cov,0.0001448179234951735,0.7807311532952131
Rohlik_h14_tirex_vs_lightgbm_cov,Rohlik_h7_timesfm25_vs_lightgbm_cov,0.0001499819453091232,0.8607032185025437
Rohlik_h14_tirex_vs_lightgbm_cov,Rohlik_h7_tirex_vs_lightgbm_cov,0.00015667430411228566,0.8846192728627075
Rohlik_h28_chronos2_vs_lightgbm_cov,Favorita_h14_chronos2_vs_lightgbm_cov,-8.652607220751682e-06,-0.05991527855437259
Rohlik_h28_chronos2_vs_lightgbm_cov,Favorita_h14_chronos_bolt_tiny_vs_lightgbm_cov,6.9966538773991394e-06,0.021836948173002642
Rohlik_h28_chronos2_vs_lightgbm_cov,Favorita_h14_moirai2_vs_lightgbm_cov,-1.7283005429163087e-06,-0.014287147042579272
Rohlik_h28_chronos2_vs_lightgbm_cov,Favorita_h14_timesfm25_vs_lightgbm_cov,5.618709482842121e-06,0.0234582456302216
Rohlik_h28_chronos2_vs_lightgbm_cov,Favorita_h14_tirex_vs_lightgbm_cov,-5.419378987867379e-06,-0.039909674276083974
Rohlik_h28_chronos2_vs_lightgbm_cov,Favorita_h28_chronos2_vs_lightgbm_direct,-2.282174588945072e-05,-0.058806206799063614
Rohlik_h28_chronos2_vs_lightgbm_cov,Favorita_h28_chronos_bolt_tiny_vs_lightgbm_direct,-1.5390714063637877e-05,-0.03951173594966617
Rohlik_h28_chronos2_vs_lightgbm_cov,Favorita_h28_moirai2_vs_lightgbm_direct,-1.7118638489365875e-05,-0.0538786516920371
Rohlik_h28_chronos2_vs_lightgbm_cov,Favorita_h28_timesfm25_vs_lightgbm_direct,-1.4534032066817068e-05,-0.048551506561991545
Rohlik_h28_chronos2_vs_lightgbm_cov,Favorita_h28_tirex_vs_lightgbm_direct,-2.0237839110391356e-05,-0.05793357773936172
Rohlik_h28_chronos2_vs_lightgbm_cov,Favorita_h7_chronos2_vs_lightgbm_cov,-7.70825335878107e-06,-0.056865626655637894
Rohlik_h28_chronos2_vs_lightgbm_cov,Favorita_h7_chronos_bolt_tiny_vs_lightgbm_cov,7.84884826056119e-06,0.023751017654307358
Rohlik_h28_chronos2_vs_lightgbm_cov,Favorita_h7_moirai2_vs_lightgbm_cov,-3.387606041278365e-06,-0.030663905810157828
Rohlik_h28_chronos2_vs_lightgbm_cov,Favorita_h7_timesfm25_vs_lightgbm_cov,6.132404788259876e-06,0.028680269189538338
Rohlik_h28_chronos2_vs_lightgbm_cov,Favorita_h7_tirex_vs_lightgbm_cov,-7.050530847846206e-06,-0.04728411261963388
Rohlik_h28_chronos2_vs_lightgbm_cov,M5_h14_chronos2_vs_lightgbm_cov,-6.073674910947383e-06,-0.056193442912706094
Rohlik_h28_chronos2_vs_lightgbm_cov,M5_h14_chronos_bolt_tiny_vs_lightgbm_cov,-3.166588170399712e-06,-0.022961445684153533
Rohlik_h28_chronos2_vs_lightgbm_cov,M5_h14_moirai2_vs_lightgbm_cov,-2.610716738405096e-06,-0.020214693471571846
Rohlik_h28_chronos2_vs_lightgbm_cov,M5_h14_timesfm25_vs_lightgbm_cov,-4.131857883526723e-06,-0.03362246962506041
Rohlik_h28_chronos2_vs_lightgbm_cov,M5_h14_tirex_vs_lightgbm_cov,-4.033555879689463e-06,-0.03575578892736509
Rohlik_h28_chronos2_vs_lightgbm_cov,M5_h28_chronos2_vs_lightgbm_direct,-1.0234188361550797e-05,-0.058376518946102914
Rohlik_h28_chronos2_vs_lightgbm_cov,M5_h28_chronos_bolt_tiny_vs_lightgbm_direct,-8.574865697428688e-06,-0.04264464562037025
Rohlik_h28_chronos2_vs_lightgbm_cov,M5_h28_moirai2_vs_lightgbm_direct,-9.11478544685593e-06,-0.05965817222002951
Rohlik_h28_chronos2_vs_lightgbm_cov,M5_h28_timesfm25_vs_lightgbm_direct,-8.408247122662618e-06,-0.04854097130462914
Rohlik_h28_chronos2_vs_lightgbm_cov,M5_h28_tirex_vs_lightgbm_direct,-9.011826122404462e-06,-0.041978862639559036
Rohlik_h28_chronos2_vs_lightgbm_cov,M5_h7_chronos2_vs_lightgbm_cov,-4.476034171947522e-06,-0.044571455339872126
Rohlik_h28_chronos2_vs_lightgbm_cov,M5_h7_chronos_bolt_tiny_vs_lightgbm_cov,-4.087410480484092e-06,-0.03548879982814117
Rohlik_h28_chronos2_vs_lightgbm_cov,M5_h7_moirai2_vs_lightgbm_cov,-3.8017655232702477e-06,-0.03507718297888974
Rohlik_h28_chronos2_vs_lightgbm_cov,M5_h7_timesfm25_vs_lightgbm_cov,-4.1152597703574434e-06,-0.039200737577167674
Rohlik_h28_chronos2_vs_lightgbm_cov,M5_h7_tirex_vs_lightgbm_cov,-3.4616508780241368e-06,-0.0330326962688189
Rohlik_h28_chronos2_vs_lightgbm_cov,Rohlik_h14_chronos2_vs_lightgbm_cov,9.38305081385839e-05,0.7158970452229121
Rohlik_h28_chronos2_vs_lightgbm_cov,Rohlik_h14_chronos_bolt_tiny_vs_lightgbm_cov,6.449641836796599e-05,0.533657512306784
Rohlik_h28_chronos2_vs_lightgbm_cov,Rohlik_h14_moirai2_vs_lightgbm_cov,9.957934068683896e-05,0.6356457857857934
Rohlik_h28_chronos2_vs_lightgbm_cov,Rohlik_h14_timesfm25_vs_lightgbm_cov,0.00010722569603170706,0.6484551017931672
Rohlik_h28_chronos2_vs_lightgbm_cov,Rohlik_h14_tirex_vs_lightgbm_cov,0.00011546209253482438,0.6412598468930847
Rohlik_h28_chronos2_vs_lightgbm_cov,Rohlik_h28_chronos2_vs_lightgbm_cov,0.00016498054027244338,1.0
Rohlik_h28_chronos2_vs_lightgbm_cov,Rohlik_h28_chronos_bolt_tiny_vs_lightgbm_cov,0.00013295947035508776,0.8135121839244812
Rohlik_h28_chronos2_vs_lightgbm_cov,Rohlik_h28_moirai2_vs_lightgbm_cov,0.00016967113325257484,0.9013389146873209
Rohlik_h28_chronos2_vs_lightgbm_cov,Rohlik_h28_timesfm25_vs_lightgbm_cov,0.0001780922609262597,0.9159494605174285
Rohlik_h28_chronos2_vs_lightgbm_cov,Rohlik_h28_tirex_vs_lightgbm_cov,0.00017585014582755147,0.8596510804078794
Rohlik_h28_chronos2_vs_lightgbm_cov,Rohlik_h7_chronos2_vs_lightgbm_cov,7.117532942930466e-05,0.522720172274033
Rohlik_h28_chronos2_vs_lightgbm_cov,Rohlik_h7_chronos_bolt_tiny_vs_lightgbm_cov,5.230875685155464e-05,0.39494526246011885
Rohlik_h28_chronos2_vs_lightgbm_cov,Rohlik_h7_moirai2_vs_lightgbm_cov,8.943765512212982e-05,0.5262259407192087
Rohlik_h28_chronos2_vs_lightgbm_cov,Rohlik_h7_timesfm25_vs_lightgbm_cov,8.509402618247639e-05,0.5329496395801618
Rohlik_h28_chronos2_vs_lightgbm_cov,Rohlik_h7_tirex_vs_lightgbm_cov,8.150761214884732e-05,0.5022609899240734
Rohlik_h28_chronos_bolt_tiny_vs_lightgbm_cov,Favorita_h14_chronos2_vs_lightgbm_cov,-6.051402049232955e-06,-0.042298416363872
Rohlik_h28_chronos_bolt_tiny_vs_lightgbm_cov,Favorita_h14_chronos_bolt_tiny_vs_lightgbm_cov,1.2499735171935234e-05,0.03938037722844586
Rohlik_h28_chronos_bolt_tiny_vs_lightgbm_cov,Favorita_h14_moirai2_vs_lightgbm_cov,-2.0492645829940902e-06,-0.01710022359982896
Rohlik_h28_chronos_bolt_tiny_vs_lightgbm_cov,Favorita_h14_timesfm25_vs_lightgbm_cov,6.656629280857429e-06,0.028053744020611764
Rohlik_h28_chronos_bolt_tiny_vs_lightgbm_cov,Favorita_h14_tirex_vs_lightgbm_cov,-2.8179858239217687e-06,-0.020948116039439472
Rohlik_h28_chronos_bolt_tiny_vs_lightgbm_cov,Favorita_h28_chronos2_vs_lightgbm_direct,-1.688610022562559e-05,-0.04392190526574448
Rohlik_h28_chronos_bolt_tiny_vs_lightgbm_cov,Favorita_h28_chronos_bolt_tiny_vs_lightgbm_direct,-5.807140278725376e-06,-0.01504898346426776
Rohlik_h28_chronos_bolt_tiny_vs_lightgbm_cov,Favorita_h28_moirai2_vs_lightgbm_direct,-1.3329488344575782e-05,-0.0423485441091295
Rohlik_h28_chronos_bolt_tiny_vs_lightgbm_cov,Favorita_h28_timesfm25_vs_lightgbm_direct,-9.06805630901811e-06,-0.030577946162228146
Rohlik_h28_chronos_bolt_tiny_vs_lightgbm_cov,Favorita_h28_tirex_vs_lightgbm_direct,-1.4211894317474251e-05,-0.041067256116312886
Rohlik_h28_chronos_bolt_tiny_vs_lightgbm_cov,Favorita_h7_chronos2_vs_lightgbm_cov,-6.164728207760027e-06,-0.04590767404761617
Rohlik_h28_chronos_bolt_tiny_vs_lightgbm_cov,Favorita_h7_chronos_bolt_tiny_vs_lightgbm_cov,1.3606495028095182e-05,0.04156234695792176
Rohlik_h28_chronos_bolt_tiny_vs_lightgbm_cov,Favorita_h7_moirai2_vs_lightgbm_cov,-3.942278151505102e-06,-0.036021296772639065
Rohlik_h28_chronos_bolt_tiny_vs_lightgbm_cov,Favorita_h7_timesfm25_vs_lightgbm_cov,6.728594794743667e-06,0.031765397275717186
Rohlik_h28_chronos_bolt_tiny_vs_lightgbm_cov,Favorita_h7_tirex_vs_lightgbm_cov,-4.286053894738085e-06,-0.029015399897772406
Rohlik_h28_chronos_bolt_tiny_vs_lightgbm_cov,M5_h14_chronos2_vs_lightgbm_cov,-8.749174959903423e-06,-0.08171065782673168
Rohlik_h28_chronos_bolt_tiny_vs_lightgbm_cov,M5_h14_chronos_bolt_tiny_vs_lightgbm_cov,-3.5213637592951624e-06,-0.025774843703140288
Rohlik_h28_chronos_bolt_tiny_vs_lightgbm_cov,M5_h14_moirai2_vs_lightgbm_cov,-2.4535468322511096e-06,-0.019176938055453688
Rohlik_h28_chronos_bolt_tiny_vs_lightgbm_cov,M5_h14_timesfm25_vs_lightgbm_cov,-4.192184180187006e-06,-0.03443515927070545
Rohlik_h28_chronos_bolt_tiny_vs_lightgbm_cov,M5_h14_tirex_vs_lightgbm_cov,-5.192974679202039e-06,-0.046467787941450414
Rohlik_h28_chronos_bolt_tiny_vs_lightgbm_cov,M5_h28_chronos2_vs_lightgbm_direct,-1.1207846079304065e-05,-0.06453338602099602
Rohlik_h28_chronos_bolt_tiny_vs_lightgbm_cov,M5_h28_chronos_bolt_tiny_vs_lightgbm_direct,-8.601257743237585e-06,-0.04317940480839093
Rohlik_h28_chronos_bolt_tiny_vs_lightgbm_cov,M5_h28_moirai2_vs_lightgbm_direct,-1.0298661019600202e-05,-0.06804273527051628
Rohlik_h28_chronos_bolt_tiny_vs_lightgbm_cov,M5_h28_timesfm25_vs_lightgbm_direct,-7.73012525396872e-06,-0.0450471202408611
Rohlik_h28_chronos_bolt_tiny_vs_lightgbm_cov,M5_h28_tirex_vs_lightgbm_direct,-9.255717372895006e-06,-0.04352166038338541
Rohlik_h28_chronos_bolt_tiny_vs_lightgbm_cov,M5_h7_chronos2_vs_lightgbm_cov,-6.196697128059809e-06,-0.06228754272708108
Rohlik_h28_chronos_bolt_tiny_vs_lightgbm_cov,M5_h7_chronos_bolt_tiny_vs_lightgbm_cov,-4.314039314978148e-06,-0.03780982469102316
Rohlik_h28_chronos_bolt_tiny_vs_lightgbm_cov,M5_h7_moirai2_vs_lightgbm_cov,-4.894642578903791e-06,-0.04558667018779045
Rohlik_h28_chronos_bolt_tiny_vs_lightgbm_cov,M5_h7_timesfm25_vs_lightgbm_cov,-4.644306321741047e-06,-0.04465759668163131
Rohlik_h28_chronos_bolt_tiny_vs_lightgbm_cov,M5_h7_tirex_vs_lightgbm_cov,-5.2579417192208184e-06,-0.050647035896153776
Rohlik_h28_chronos_bolt_tiny_vs_lightgbm_cov,Rohlik_h14_chronos2_vs_lightgbm_cov,5.890117974880654e-05,0.4536365114076193
Rohlik_h28_chronos_bolt_tiny_vs_lightgbm_cov,Rohlik_h14_chronos_bolt_tiny_vs_lightgbm_cov,7.865020080839724e-05,0.6569077294685577
Rohlik_h28_chronos_bolt_tiny_vs_lightgbm_cov,Rohlik_h14_moirai2_vs_lightgbm_cov,6.637763870365918e-05,0.4277058901943853
Rohlik_h28_chronos_bolt_tiny_vs_lightgbm_cov,Rohlik_h14_timesfm25_vs_lightgbm_cov,6.262335546263071e-05,0.3822917081284969
Rohlik_h28_chronos_bolt_tiny_vs_lightgbm_cov,Rohlik_h14_tirex_vs_lightgbm_cov,7.424268371254047e-05,0.4162227286995385
Rohlik_h28_chronos_bolt_tiny_vs_lightgbm_cov,Rohlik_h28_chronos2_vs_lightgbm_cov,0.00013295947035508776,0.8135121839244812
Rohlik_h28_chronos_bolt_tiny_vs_lightgbm_cov,Rohlik_h28_chronos_bolt_tiny_vs_lightgbm_cov,0.00016191150435399736,0.9999999999999998
Rohlik_h28_chronos_bolt_tiny_vs_lightgbm_cov,Rohlik_h28_moirai2_vs_lightgbm_cov,0.0001472379845776926,0.7895461718269705
Rohlik_h28_chronos_bolt_tiny_vs_lightgbm_cov,Rohlik_h28_timesfm25_vs_lightgbm_cov,0.00014142524640757824,0.7342279530184992
Rohlik_h28_chronos_bolt_tiny_vs_lightgbm_cov,Rohlik_h28_tirex_vs_lightgbm_cov,0.00014399875100860234,0.7105844714261487
Rohlik_h28_chronos_bolt_tiny_vs_lightgbm_cov,Rohlik_h7_chronos2_vs_lightgbm_cov,4.076949324935596e-05,0.3022404550702921
Rohlik_h28_chronos_bolt_tiny_vs_lightgbm_cov,Rohlik_h7_chronos_bolt_tiny_vs_lightgbm_cov,6.398502067724594e-05,0.48766134390808324
Rohlik_h28_chronos_bolt_tiny_vs_lightgbm_cov,Rohlik_h7_moirai2_vs_lightgbm_cov,5.4715409118819884e-05,0.3249668094371004
Rohlik_h28_chronos_bolt_tiny_vs_lightgbm_cov,Rohlik_h7_timesfm25_vs_lightgbm_cov,4.485339367064848e-05,0.28356975958693126
Rohlik_h28_chronos_bolt_tiny_vs_lightgbm_cov,Rohlik_h7_tirex_vs_lightgbm_cov,4.411454841017645e-05,0.27440411679850546
Rohlik_h28_moirai2_vs_lightgbm_cov,Favorita_h14_chronos2_vs_lightgbm_cov,-1.0065893892784082e-05,-0.06108798835622903
Rohlik_h28_moirai2_vs_lightgbm_cov,Favorita_h14_chronos_bolt_tiny_vs_lightgbm_cov,7.064389679046175e-06,0.01932364647438825
Rohlik_h28_moirai2_vs_lightgbm_cov,Favorita_h14_moirai2_vs_lightgbm_cov,-1.3571008925944536e-06,-0.009832212744435244
Rohlik_h28_moirai2_vs_lightgbm_cov,Favorita_h14_timesfm25_vs_lightgbm_cov,3.397288344828328e-06,0.012430947836669084
Rohlik_h28_moirai2_vs_lightgbm_cov,Favorita_h14_tirex_vs_lightgbm_cov,-5.04876594100829e-06,-0.03258567940183872
Rohlik_h28_moirai2_vs_lightgbm_cov,Favorita_h28_chronos2_vs_lightgbm_direct,-2.32055086233071e-05,-0.05240566979303713
Rohlik_h28_moirai2_vs_lightgbm_cov,Favorita_h28_chronos_bolt_tiny_vs_lightgbm_direct,-1.3291509277819256e-05,-0.02990573789392934
Rohlik_h28_moirai2_vs_lightgbm_cov,Favorita_h28_moirai2_vs_lightgbm_direct,-1.579577234160422e-05,-0.04357137315254305
Rohlik_h28_moirai2_vs_lightgbm_cov,Favorita_h28_timesfm25_vs_lightgbm_direct,-1.479087185600519e-05,-0.043303525357128
Rohlik_h28_moirai2_vs_lightgbm_cov,Favorita_h28_tirex_vs_lightgbm_direct,-1.8596878304588648e-05,-0.04665725051416299
Rohlik_h28_moirai2_vs_lightgbm_cov,Favorita_h7_chronos2_vs_lightgbm_cov,-7.806284510581496e-06,-0.0504720688729554
Rohlik_h28_moirai2_vs_lightgbm_cov,Favorita_h7_chronos_bolt_tiny_vs_lightgbm_cov,8.580310802482914e-06,0.02275580437644952
Rohlik_h28_moirai2_vs_lightgbm_cov,Favorita_h7_moirai2_vs_lightgbm_cov,-1.942541008267249e-06,-0.015410532726793744
Rohlik_h28_moirai2_vs_lightgbm_cov,Favorita_h7_timesfm25_vs_lightgbm_cov,4.659455047027518e-06,0.019098550971833946
Rohlik_h28_moirai2_vs_lightgbm_cov,Favorita_h7_tirex_vs_lightgbm_cov,-5.487546421157463e-06,-0.032254069384238984
Rohlik_h28_moirai2_vs_lightgbm_cov,M5_h14_chronos2_vs_lightgbm_cov,-8.926296305507762e-06,-0.07237995029641897
Rohlik_h28_moirai2_vs_lightgbm_cov,M5_h14_chronos_bolt_tiny_vs_lightgbm_cov,-3.450908546925564e-06,-0.021930774848533563
Rohlik_h28_moirai2_vs_lightgbm_cov,M5_h14_moirai2_vs_lightgbm_cov,-1.9257763502841023e-06,-0.013068511921425932
Rohlik_h28_moirai2_vs_lightgbm_cov,M5_h14_timesfm25_vs_lightgbm_cov,-4.347842070703732e-06,-0.03100779454767343
Rohlik_h28_moirai2_vs_lightgbm_cov,M5_h14_tirex_vs_lightgbm_cov,-5.16082612978778e-06,-0.04009501659143045
Rohlik_h28_moirai2_vs_lightgbm_cov,M5_h28_chronos2_vs_lightgbm_direct,-1.4319024168057764e-05,-0.07158319736969032
Rohlik_h28_moirai2_vs_lightgbm_cov,M5_h28_chronos_bolt_tiny_vs_lightgbm_direct,-1.0776689924469685e-05,-0.04697161072051779
Rohlik_h28_moirai2_vs_lightgbm_cov,M5_h28_moirai2_vs_lightgbm_direct,-1.1643964180577864e-05,-0.06679396686880298
Rohlik_h28_moirai2_vs_lightgbm_cov,M5_h28_timesfm25_vs_lightgbm_direct,-1.1812710350466138e-05,-0.05976754715455776
Rohlik_h28_moirai2_vs_lightgbm_cov,M5_h28_tirex_vs_lightgbm_direct,-1.1076455159082313e-05,-0.0452201023042082
Rohlik_h28_moirai2_vs_lightgbm_cov,M5_h7_chronos2_vs_lightgbm_cov,-5.715763486912462e-06,-0.04988276907945707
Rohlik_h28_moirai2_vs_lightgbm_cov,M5_h7_chronos_bolt_tiny_vs_lightgbm_cov,-4.844605479283752e-06,-0.036865010090556066
Rohlik_h28_moirai2_vs_lightgbm_cov,M5_h7_moirai2_vs_lightgbm_cov,-4.640365669480961e-06,-0.037523597447487546
Rohlik_h28_moirai2_vs_lightgbm_cov,M5_h7_timesfm25_vs_lightgbm_cov,-4.65653651988303e-06,-0.03887522180660218
Rohlik_h28_moirai2_vs_lightgbm_cov,M5_h7_tirex_vs_lightgbm_cov,-4.09764931013749e-06,-0.034269552147833914
Rohlik_h28_moirai2_vs_lightgbm_cov,Rohlik_h14_chronos2_vs_lightgbm_cov,9.82175169750487e-05,0.6567624813553788
Rohlik_h28_moirai2_vs_lightgbm_cov,Rohlik_h14_chronos_bolt_tiny_vs_lightgbm_cov,7.193764634624191e-05,0.5216703296977883
Rohlik_h28_moirai2_vs_lightgbm_cov,Rohlik_h14_moirai2_vs_lightgbm_cov,0.00013118514978408677,0.7339111466449759
Rohlik_h28_moirai2_vs_lightgbm_cov,Rohlik_h14_timesfm25_vs_lightgbm_cov,0.00012876577329677213,0.6824869640908762
Rohlik_h28_moirai2_vs_lightgbm_cov,Rohlik_h14_tirex_vs_lightgbm_cov,0.0001463772880098582,0.7124939849991686
Rohlik_h28_moirai2_vs_lightgbm_cov,Rohlik_h28_chronos2_vs_lightgbm_cov,0.00016967113325257484,0.9013389146873209
Rohlik_h28_moirai2_vs_lightgbm_cov,Rohlik_h28_chronos_bolt_tiny_vs_lightgbm_cov,0.0001472379845776926,0.7895461718269705
Rohlik_h28_moirai2_vs_lightgbm_cov,Rohlik_h28_moirai2_vs_lightgbm_cov,0.0002147864875490116,1.0
Rohlik_h28_moirai2_vs_lightgbm_cov,Rohlik_h28_timesfm25_vs_lightgbm_cov,0.000207889468354847,0.9370695702776561
Rohlik_h28_moirai2_vs_lightgbm_cov,Rohlik_h28_tirex_vs_lightgbm_cov,0.00021718378639328832,0.9305072551550251
Rohlik_h28_moirai2_vs_lightgbm_cov,Rohlik_h7_chronos2_vs_lightgbm_cov,7.68457657113467e-05,0.4946210550513596
Rohlik_h28_moirai2_vs_lightgbm_cov,Rohlik_h7_chronos_bolt_tiny_vs_lightgbm_cov,5.821879286229322e-05,0.38524639979379666
Rohlik_h28_moirai2_vs_lightgbm_cov,Rohlik_h7_moirai2_vs_lightgbm_cov,0.00011584538862464058,0.5973701016562645
Rohlik_h28_moirai2_vs_lightgbm_cov,Rohlik_h7_timesfm25_vs_lightgbm_cov,0.00010077071938941391,0.553139078666875
Rohlik_h28_moirai2_vs_lightgbm_cov,Rohlik_h7_tirex_vs_lightgbm_cov,0.00010273823559209204,0.5548508603569685
Rohlik_h28_timesfm25_vs_lightgbm_cov,Favorita_h14_chronos2_vs_lightgbm_cov,-8.280606595684704e-06,-0.04865325833703963
Rohlik_h28_timesfm25_vs_lightgbm_cov,Favorita_h14_chronos_bolt_tiny_vs_lightgbm_cov,9.524275780036107e-06,0.025222765414322692
Rohlik_h28_timesfm25_vs_lightgbm_cov,Favorita_h14_moirai2_vs_lightgbm_cov,-1.2495913838210829e-06,-0.008765030978433362
Rohlik_h28_timesfm25_vs_lightgbm_cov,Favorita_h14_timesfm25_vs_lightgbm_cov,2.2052639713958936e-06,0.007812296533843361
Rohlik_h28_timesfm25_vs_lightgbm_cov,Favorita_h14_tirex_vs_lightgbm_cov,-3.511481878686968e-06,-0.021942104392680607
Rohlik_h28_timesfm25_vs_lightgbm_cov,Favorita_h28_chronos2_vs_lightgbm_direct,-2.155284994445126e-05,-0.04712357082078899
Rohlik_h28_timesfm25_vs_lightgbm_cov,Favorita_h28_chronos_bolt_tiny_vs_lightgbm_direct,-1.0399049017025793e-05,-0.02265270929605222
Rohlik_h28_timesfm25_vs_lightgbm_cov,Favorita_h28_moirai2_vs_lightgbm_direct,-1.56402478130451e-05,-0.04176863797112665
Rohlik_h28_timesfm25_vs_lightgbm_cov,Favorita_h28_timesfm25_vs_lightgbm_direct,-1.5494206608511472e-05,-0.04391825992328339
Rohlik_h28_timesfm25_vs_lightgbm_cov,Favorita_h28_tirex_vs_lightgbm_direct,-1.7813895619674775e-05,-0.04326974134336086
Rohlik_h28_timesfm25_vs_lightgbm_cov,Favorita_h7_chronos2_vs_lightgbm_cov,-5.6734893958541545e-06,-0.03551430182493268
Rohlik_h28_timesfm25_vs_lightgbm_cov,Favorita_h7_chronos_bolt_tiny_vs_lightgbm_cov,1.089333272594251e-05,0.027970243265384616
Rohlik_h28_timesfm25_vs_lightgbm_cov,Favorita_h7_moirai2_vs_lightgbm_cov,-1.439519930579232e-06,-0.011056341413051075
Rohlik_h28_timesfm25_vs_lightgbm_cov,Favorita_h7_timesfm25_vs_lightgbm_cov,3.4481124493924247e-06,0.013683368250550453
Rohlik_h28_timesfm25_vs_lightgbm_cov,Favorita_h7_tirex_vs_lightgbm_cov,-3.5187212680289846e-06,-0.020023384049101593
Rohlik_h28_timesfm25_vs_lightgbm_cov,M5_h14_chronos2_vs_lightgbm_cov,-6.836967139734591e-06,-0.05367311198932763
Rohlik_h28_timesfm25_vs_lightgbm_cov,M5_h14_chronos_bolt_tiny_vs_lightgbm_cov,-2.0357367002943304e-06,-0.012525308597417375
Rohlik_h28_timesfm25_vs_lightgbm_cov,M5_h14_moirai2_vs_lightgbm_cov,-1.8235516782235575e-06,-0.011980768245261349
Rohlik_h28_timesfm25_vs_lightgbm_cov,M5_h14_timesfm25_vs_lightgbm_cov,-3.207247866015892e-06,-0.022145013256084024
Rohlik_h28_timesfm25_vs_lightgbm_cov,M5_h14_tirex_vs_lightgbm_cov,-3.9049606628925895e-06,-0.02937204166264035
Rohlik_h28_timesfm25_vs_lightgbm_cov,M5_h28_chronos2_vs_lightgbm_direct,-1.2845464056278052e-05,-0.062171847279548505
Rohlik_h28_timesfm25_vs_lightgbm_cov,M5_h28_chronos_bolt_tiny_vs_lightgbm_direct,-9.382133244822513e-06,-0.03959113613963469
Rohlik_h28_timesfm25_vs_lightgbm_cov,M5_h28_moirai2_vs_lightgbm_direct,-1.148935919466739e-05,-0.06380849268492471
Rohlik_h28_timesfm25_vs_lightgbm_cov,M5_h28_timesfm25_vs_lightgbm_direct,-9.952500770741894e-06,-0.04875222038457229
Rohlik_h28_timesfm25_vs_lightgbm_cov,M5_h28_tirex_vs_lightgbm_direct,-1.0021836520594725e-05,-0.03961178046584438
Rohlik_h28_timesfm25_vs_lightgbm_cov,M5_h7_chronos2_vs_lightgbm_cov,-4.6910338889627255e-06,-0.03963612387231008
Rohlik_h28_timesfm25_vs_lightgbm_cov,M5_h7_chronos_bolt_tiny_vs_lightgbm_cov,-3.748758499068198e-06,-0.027617839853375476
Rohlik_h28_timesfm25_vs_lightgbm_cov,M5_h7_moirai2_vs_lightgbm_cov,-3.8490369103913785e-06,-0.030133573794230203
Rohlik_h28_timesfm25_vs_lightgbm_cov,M5_h7_timesfm25_vs_lightgbm_cov,-4.192244220121846e-06,-0.03388462968479308
Rohlik_h28_timesfm25_vs_lightgbm_cov,M5_h7_tirex_vs_lightgbm_cov,-3.4078339438168195e-06,-0.02759296489545192
Rohlik_h28_timesfm25_vs_lightgbm_cov,Rohlik_h14_chronos2_vs_lightgbm_cov,0.00011201646950665954,0.7251829213324931
Rohlik_h28_timesfm25_vs_lightgbm_cov,Rohlik_h14_chronos_bolt_tiny_vs_lightgbm_cov,7.276889768112215e-05,0.5108954217243615
Rohlik_h28_timesfm25_vs_lightgbm_cov,Rohlik_h14_moirai2_vs_lightgbm_cov,0.0001367325140716724,0.740588407917174
Rohlik_h28_timesfm25_vs_lightgbm_cov,Rohlik_h14_timesfm25_vs_lightgbm_cov,0.0001523212824827961,0.7816292629542003
Rohlik_h28_timesfm25_vs_lightgbm_cov,Rohlik_h14_tirex_vs_lightgbm_cov,0.0001631828661214943,0.7690035859875384
Rohlik_h28_timesfm25_vs_lightgbm_cov,Rohlik_h28_chronos2_vs_lightgbm_cov,0.0001780922609262597,0.9159494605174285
Rohlik_h28_timesfm25_vs_lightgbm_cov,Rohlik_h28_chronos_bolt_tiny_vs_lightgbm_cov,0.00014142524640757824,0.7342279530184992
Rohlik_h28_timesfm25_vs_lightgbm_cov,Rohlik_h28_moirai2_vs_lightgbm_cov,0.000207889468354847,0.9370695702776561
Rohlik_h28_timesfm25_vs_lightgbm_cov,Rohlik_h28_timesfm25_vs_lightgbm_cov,0.00022914709241664166,1.0
Rohlik_h28_timesfm25_vs_lightgbm_cov,Rohlik_h28_tirex_vs_lightgbm_cov,0.00022694359366768742,0.9413618489447774
Rohlik_h28_timesfm25_vs_lightgbm_cov,Rohlik_h7_chronos2_vs_lightgbm_cov,9.11407892869577e-05,0.56795214603411
Rohlik_h28_timesfm25_vs_lightgbm_cov,Rohlik_h7_chronos_bolt_tiny_vs_lightgbm_cov,6.249530239619348e-05,0.40037695181040367
Rohlik_h28_timesfm25_vs_lightgbm_cov,Rohlik_h7_moirai2_vs_lightgbm_cov,0.00012441273644134038,0.6211205188620814
Rohlik_h28_timesfm25_vs_lightgbm_cov,Rohlik_h7_timesfm25_vs_lightgbm_cov,0.00012274701308336152,0.6523147793637886
Rohlik_h28_timesfm25_vs_lightgbm_cov,Rohlik_h7_tirex_vs_lightgbm_cov,0.00012142582828638476,0.6348944606558568
Rohlik_h28_tirex_vs_lightgbm_cov,Favorita_h14_chronos2_vs_lightgbm_cov,-9.452038266540526e-06,-0.05278715624962015
Rohlik_h28_tirex_vs_lightgbm_cov,Favorita_h14_chronos_bolt_tiny_vs_lightgbm_cov,1.7899913725243165e-05,0.04505725118483388
Rohlik_h28_tirex_vs_lightgbm_cov,Favorita_h14_moirai2_vs_lightgbm_cov,-1.6343989098486647e-07,-0.0010896738130174144
Rohlik_h28_tirex_vs_lightgbm_cov,Favorita_h14_timesfm25_vs_lightgbm_cov,7.6693079306255e-06,0.025824226941934838
Rohlik_h28_tirex_vs_lightgbm_cov,Favorita_h14_tirex_vs_lightgbm_cov,-3.2853780911299287e-06,-0.01951309769191568
Rohlik_h28_tirex_vs_lightgbm_cov,Favorita_h28_chronos2_vs_lightgbm_direct,-2.5538746559977902e-05,-0.053074520810483465
Rohlik_h28_tirex_vs_lightgbm_cov,Favorita_h28_chronos_bolt_tiny_vs_lightgbm_direct,-6.363637354709257e-06,-0.01317604185184999
Rohlik_h28_tirex_vs_lightgbm_cov,Favorita_h28_moirai2_vs_lightgbm_direct,-1.6797312159505095e-05,-0.04263826197069545
Rohlik_h28_tirex_vs_lightgbm_cov,Favorita_h28_timesfm25_vs_lightgbm_direct,-1.3448005521376895e-05,-0.036231530283917054
Rohlik_h28_tirex_vs_lightgbm_cov,Favorita_h28_tirex_vs_lightgbm_direct,-1.9291558208937775e-05,-0.044539539275677074
Rohlik_h28_tirex_vs_lightgbm_cov,Favorita_h7_chronos2_vs_lightgbm_cov,-6.977435769265908e-06,-0.041514699423857174
Rohlik_h28_tirex_vs_lightgbm_cov,Favorita_h7_chronos_bolt_tiny_vs_lightgbm_cov,2.0134865798544184e-05,0.04914023519112503
Rohlik_h28_tirex_vs_lightgbm_cov,Favorita_h7_moirai2_vs_lightgbm_cov,-1.0985820339810544e-06,-0.008020090480815823
Rohlik_h28_tirex_vs_lightgbm_cov,Favorita_h7_timesfm25_vs_lightgbm_cov,8.862733726711595e-06,0.033429687180491885
Rohlik_h28_tirex_vs_lightgbm_cov,Favorita_h7_tirex_vs_lightgbm_cov,-4.032141889313123e-06,-0.021809285327035865
Rohlik_h28_tirex_vs_lightgbm_cov,M5_h14_chronos2_vs_lightgbm_cov,-5.82547049346949e-06,-0.043468765611029525
Rohlik_h28_tirex_vs_lightgbm_cov,M5_h14_chronos_bolt_tiny_vs_lightgbm_cov,-8.012944567126246e-08,-0.0004686104657301091
Rohlik_h28_tirex_vs_lightgbm_cov,M5_h14_moirai2_vs_lightgbm_cov,1.3917434254487837e-06,0.008691180850071466
Rohlik_h28_tirex_vs_lightgbm_cov,M5_h14_timesfm25_vs_lightgbm_cov,-7.832279320478179e-07,-0.005140254284037646
Rohlik_h28_tirex_vs_lightgbm_cov,M5_h14_tirex_vs_lightgbm_cov,-1.727549840955115e-06,-0.012350970229787444
Rohlik_h28_tirex_vs_lightgbm_cov,M5_h28_chronos2_vs_lightgbm_direct,-1.214322639638267e-05,-0.05586387818844903
Rohlik_h28_tirex_vs_lightgbm_cov,M5_h28_chronos_bolt_tiny_vs_lightgbm_direct,-8.398843580041495e-06,-0.03368750741379348
Rohlik_h28_tirex_vs_lightgbm_cov,M5_h28_moirai2_vs_lightgbm_direct,-9.959191873510284e-06,-0.05257264104616571
Rohlik_h28_tirex_vs_lightgbm_cov,M5_h28_timesfm25_vs_lightgbm_direct,-9.47495786658741e-06,-0.04411562987663324
Rohlik_h28_tirex_vs_lightgbm_cov,M5_h28_tirex_vs_lightgbm_direct,-8.382322028462306e-06,-0.03149157686755459
Rohlik_h28_tirex_vs_lightgbm_cov,M5_h7_chronos2_vs_lightgbm_cov,-3.459724126668277e-06,-0.02778542816735743
Rohlik_h28_tirex_vs_lightgbm_cov,M5_h7_chronos_bolt_tiny_vs_lightgbm_cov,-2.0625457374111247e-06,-0.014443047788897953
Rohlik_h28_tirex_vs_lightgbm_cov,M5_h7_moirai2_vs_lightgbm_cov,-1.6151349486943012e-06,-0.012018780313435062
Rohlik_h28_tirex_vs_lightgbm_cov,M5_h7_timesfm25_vs_lightgbm_cov,-1.924473120823945e-06,-0.014784990013546669
Rohlik_h28_tirex_vs_lightgbm_cov,M5_h7_tirex_vs_lightgbm_cov,-1.4760538833843993e-06,-0.011359917372112891
Rohlik_h28_tirex_vs_lightgbm_cov,Rohlik_h14_chronos2_vs_lightgbm_cov,0.00011688999749920875,0.7192768008399711
Rohlik_h28_tirex_vs_lightgbm_cov,Rohlik_h14_chronos_bolt_tiny_vs_lightgbm_cov,7.818710659974418e-05,0.521764315267975
Rohlik_h28_tirex_vs_lightgbm_cov,Rohlik_h14_moirai2_vs_lightgbm_cov,0.00015071020374839817,0.7758911255375354
Rohlik_h28_tirex_vs_lightgbm_cov,Rohlik_h14_timesfm25_vs_lightgbm_cov,0.0001559806066520222,0.7607883341146772
Rohlik_h28_tirex_vs_lightgbm_cov,Rohlik_h14_tirex_vs_lightgbm_cov,0.0001892401992590979,0.8476571344216838
Rohlik_h28_tirex_vs_lightgbm_cov,Rohlik_h28_chronos2_vs_lightgbm_cov,0.00017585014582755147,0.8596510804078794
Rohlik_h28_tirex_vs_lightgbm_cov,Rohlik_h28_chronos_bolt_tiny_vs_lightgbm_cov,0.00014399875100860234,0.7105844714261487
Rohlik_h28_tirex_vs_lightgbm_cov,Rohlik_h28_moirai2_vs_lightgbm_cov,0.00021718378639328832,0.9305072551550251
Rohlik_h28_tirex_vs_lightgbm_cov,Rohlik_h28_timesfm25_vs_lightgbm_cov,0.00022694359366768742,0.9413618489447774
Rohlik_h28_tirex_vs_lightgbm_cov,Rohlik_h28_tirex_vs_lightgbm_cov,0.0002536344943937618,1.0
Rohlik_h28_tirex_vs_lightgbm_cov,Rohlik_h7_chronos2_vs_lightgbm_cov,9.933164974478284e-05,0.5883552388266298
Rohlik_h28_tirex_vs_lightgbm_cov,Rohlik_h7_chronos_bolt_tiny_vs_lightgbm_cov,7.205207033894685e-05,0.43875408814746786
Rohlik_h28_tirex_vs_lightgbm_cov,Rohlik_h7_moirai2_vs_lightgbm_cov,0.00014076236860368943,0.6679602474253316
Rohlik_h28_tirex_vs_lightgbm_cov,Rohlik_h7_timesfm25_vs_lightgbm_cov,0.00013393631183639218,0.6765464787794032
Rohlik_h28_tirex_vs_lightgbm_cov,Rohlik_h7_tirex_vs_lightgbm_cov,0.0001432134730554404,0.7117498052449392
Rohlik_h7_chronos2_vs_lightgbm_cov,Favorita_h14_chronos2_vs_lightgbm_cov,-1.344037476415773e-06,-0.011276503718066532
Rohlik_h7_chronos2_vs_lightgbm_cov,Favorita_h14_chronos_bolt_tiny_vs_lightgbm_cov,1.4180753146689696e-05,0.053625745928574574
Rohlik_h7_chronos2_vs_lightgbm_cov,Favorita_h14_moirai2_vs_lightgbm_cov,-6.253948112031679e-07,-0.006264018296741388
Rohlik_h7_chronos2_vs_lightgbm_cov,Favorita_h14_timesfm25_vs_lightgbm_cov,6.5326685437173e-06,0.033046241423718946
Rohlik_h7_chronos2_vs_lightgbm_cov,Favorita_h14_tirex_vs_lightgbm_cov,1.6301662903856257e-06,0.014545647687615435
Rohlik_h7_chronos2_vs_lightgbm_cov,Favorita_h28_chronos2_vs_lightgbm_direct,-1.662092794005243e-05,-0.051892197687715184
Rohlik_h7_chronos2_vs_lightgbm_cov,Favorita_h28_chronos_bolt_tiny_vs_lightgbm_direct,-6.412128794981803e-06,-0.01994536893702052
Rohlik_h7_chronos2_vs_lightgbm_cov,Favorita_h28_moirai2_vs_lightgbm_direct,-1.5503485516461576e-05,-0.05912203062825533
Rohlik_h7_chronos2_vs_lightgbm_cov,Favorita_h28_timesfm25_vs_lightgbm_direct,-1.1985192046278289e-05,-0.04851031445806006
Rohlik_h7_chronos2_vs_lightgbm_cov,Favorita_h28_tirex_vs_lightgbm_direct,-1.4808776531959987e-05,-0.05136388748775361
Rohlik_h7_chronos2_vs_lightgbm_cov,Favorita_h7_chronos2_vs_lightgbm_cov,-3.1687544918889956e-06,-0.0283240228917838
Rohlik_h7_chronos2_vs_lightgbm_cov,Favorita_h7_chronos_bolt_tiny_vs_lightgbm_cov,1.26046044776727e-05,0.046214473281740304
Rohlik_h7_chronos2_vs_lightgbm_cov,Favorita_h7_moirai2_vs_lightgbm_cov,-4.401305546944692e-06,-0.048271254818630364
Rohlik_h7_chronos2_vs_lightgbm_cov,Favorita_h7_timesfm25_vs_lightgbm_cov,3.957191612804651e-06,0.022423943212707496
Rohlik_h7_chronos2_vs_lightgbm_cov,Favorita_h7_tirex_vs_lightgbm_cov,-2.308426531174222e-06,-0.01875780336410046
Rohlik_h7_chronos2_vs_lightgbm_cov,M5_h14_chronos2_vs_lightgbm_cov,-1.4700180737930133e-06,-0.0164789398681776
Rohlik_h7_chronos2_vs_lightgbm_cov,M5_h14_chronos_bolt_tiny_vs_lightgbm_cov,1.1403524727241254e-06,0.010018881680941697
Rohlik_h7_chronos2_vs_lightgbm_cov,M5_h14_moirai2_vs_lightgbm_cov,8.613169611408167e-07,0.008080586840503206
Rohlik_h7_chronos2_vs_lightgbm_cov,M5_h14_timesfm25_vs_lightgbm_cov,2.2329056035111996e-06,0.022015426020005856
Rohlik_h7_chronos2_vs_lightgbm_cov,M5_h14_tirex_vs_lightgbm_cov,-3.2346159947095523e-07,-0.0034741895733057244
Rohlik_h7_chronos2_vs_lightgbm_cov,M5_h28_chronos2_vs_lightgbm_direct,-4.137238568539676e-06,-0.02859353488689252
Rohlik_h7_chronos2_vs_lightgbm_cov,M5_h28_chronos_bolt_tiny_vs_lightgbm_direct,-1.2142897830556758e-07,-0.0007316982558181939
Rohlik_h7_chronos2_vs_lightgbm_cov,M5_h28_moirai2_vs_lightgbm_direct,-3.863811616162734e-06,-0.030641634852604877
Rohlik_h7_chronos2_vs_lightgbm_cov,M5_h28_timesfm25_vs_lightgbm_direct,-1.5087111817121708e-06,-0.010553137576826058
Rohlik_h7_chronos2_vs_lightgbm_cov,M5_h28_tirex_vs_lightgbm_direct,-2.0069412841939055e-07,-0.0011327264108473912
Rohlik_h7_chronos2_vs_lightgbm_cov,M5_h7_chronos2_vs_lightgbm_cov,-2.7570351947819673e-06,-0.033264287632649416
Rohlik_h7_chronos2_vs_lightgbm_cov,M5_h7_chronos_bolt_tiny_vs_lightgbm_cov,-4.1396868086817724e-07,-0.00435494866081536
Rohlik_h7_chronos2_vs_lightgbm_cov,M5_h7_moirai2_vs_lightgbm_cov,-2.165340227923611e-07,-0.0024206835588335314
Rohlik_h7_chronos2_vs_lightgbm_cov,M5_h7_timesfm25_vs_lightgbm_cov,7.866819974613859e-08,0.0009079641296905466
Rohlik_h7_chronos2_vs_lightgbm_cov,M5_h7_tirex_vs_lightgbm_cov,-8.214875093615344e-07,-0.009498044915699968
Rohlik_h7_chronos2_vs_lightgbm_cov,Rohlik_h14_chronos2_vs_lightgbm_cov,9.104635682966272e-05,0.8416694616370626
Rohlik_h7_chronos2_vs_lightgbm_cov,Rohlik_h14_chronos_bolt_tiny_vs_lightgbm_cov,6.494077577222087e-05,0.6510539791388964
Rohlik_h7_chronos2_vs_lightgbm_cov,Rohlik_h14_moirai2_vs_lightgbm_cov,0.00010242234221496042,0.7921603931390107
Rohlik_h7_chronos2_vs_lightgbm_cov,Rohlik_h14_timesfm25_vs_lightgbm_cov,0.0001066882805153899,0.781754246373803
Rohlik_h7_chronos2_vs_lightgbm_cov,Rohlik_h14_tirex_vs_lightgbm_cov,0.00011447237759290078,0.7703140550745738
Rohlik_h7_chronos2_vs_lightgbm_cov,Rohlik_h28_chronos2_vs_lightgbm_cov,7.117532942930466e-05,0.522720172274033
Rohlik_h7_chronos2_vs_lightgbm_cov,Rohlik_h28_chronos_bolt_tiny_vs_lightgbm_cov,4.076949324935596e-05,0.3022404550702921
Rohlik_h7_chronos2_vs_lightgbm_cov,Rohlik_h28_moirai2_vs_lightgbm_cov,7.68457657113467e-05,0.4946210550513596
Rohlik_h7_chronos2_vs_lightgbm_cov,Rohlik_h28_timesfm25_vs_lightgbm_cov,9.11407892869577e-05,0.56795214603411
Rohlik_h7_chronos2_vs_lightgbm_cov,Rohlik_h28_tirex_vs_lightgbm_cov,9.933164974478284e-05,0.5883552388266298
Rohlik_h7_chronos2_vs_lightgbm_cov,Rohlik_h7_chronos2_vs_lightgbm_cov,0.00011237966414352658,1.0000000000000002
Rohlik_h7_chronos2_vs_lightgbm_cov,Rohlik_h7_chronos_bolt_tiny_vs_lightgbm_cov,8.739410043550823e-05,0.7994975220295807
Rohlik_h7_chronos2_vs_lightgbm_cov,Rohlik_h7_moirai2_vs_lightgbm_cov,0.00012047284294436193,0.8588424529843687
Rohlik_h7_chronos2_vs_lightgbm_cov,Rohlik_h7_timesfm25_vs_lightgbm_cov,0.00012399769281076816,0.9409644166633733
Rohlik_h7_chronos2_vs_lightgbm_cov,Rohlik_h7_tirex_vs_lightgbm_cov,0.00012120238683505911,0.9049299172546471
Rohlik_h7_chronos_bolt_tiny_vs_lightgbm_cov,Favorita_h14_chronos2_vs_lightgbm_cov,8.554843626097916e-07,0.007379006617455462
Rohlik_h7_chronos_bolt_tiny_vs_lightgbm_cov,Favorita_h14_chronos_bolt_tiny_vs_lightgbm_cov,1.999121471090179e-05,0.07772056842040058
Rohlik_h7_chronos_bolt_tiny_vs_lightgbm_cov,Favorita_h14_moirai2_vs_lightgbm_cov,-1.9637607502855276e-07,-0.0020221345747781848
Rohlik_h7_chronos_bolt_tiny_vs_lightgbm_cov,Favorita_h14_timesfm25_vs_lightgbm_cov,9.161268386826363e-06,0.047644172643661664
Rohlik_h7_chronos_bolt_tiny_vs_lightgbm_cov,Favorita_h14_tirex_vs_lightgbm_cov,3.888731980736286e-06,0.0356723650034823
Rohlik_h7_chronos_bolt_tiny_vs_lightgbm_cov,Favorita_h28_chronos2_vs_lightgbm_direct,-1.7465735846492994e-05,-0.05606042943864923
Rohlik_h7_chronos_bolt_tiny_vs_lightgbm_cov,Favorita_h28_chronos_bolt_tiny_vs_lightgbm_direct,-4.4699404038738656e-06,-0.014294346496783952
Rohlik_h7_chronos_bolt_tiny_vs_lightgbm_cov,Favorita_h28_moirai2_vs_lightgbm_direct,-1.7784213625061425e-05,-0.06972321363824484
Rohlik_h7_chronos_bolt_tiny_vs_lightgbm_cov,Favorita_h28_timesfm25_vs_lightgbm_direct,-1.2696385582808238e-05,-0.052831377099112224
Rohlik_h7_chronos_bolt_tiny_vs_lightgbm_cov,Favorita_h28_tirex_vs_lightgbm_direct,-1.5498289561110366e-05,-0.055264368604950265
Rohlik_h7_chronos_bolt_tiny_vs_lightgbm_cov,Favorita_h7_chronos2_vs_lightgbm_cov,-2.34857891932085e-06,-0.02158212672008143
Rohlik_h7_chronos_bolt_tiny_vs_lightgbm_cov,Favorita_h7_chronos_bolt_tiny_vs_lightgbm_cov,1.7786087930065612e-05,0.06704277092097337
Rohlik_h7_chronos_bolt_tiny_vs_lightgbm_cov,Favorita_h7_moirai2_vs_lightgbm_cov,-5.171790157541574e-06,-0.058313713674703054
Rohlik_h7_chronos_bolt_tiny_vs_lightgbm_cov,Favorita_h7_timesfm25_vs_lightgbm_cov,5.698657912338745e-06,0.03319863501004211
Rohlik_h7_chronos_bolt_tiny_vs_lightgbm_cov,Favorita_h7_tirex_vs_lightgbm_cov,-9.624057804194805e-07,-0.008039830263055396
Rohlik_h7_chronos_bolt_tiny_vs_lightgbm_cov,M5_h14_chronos2_vs_lightgbm_cov,-2.3495642434107118e-06,-0.027078004389570278
Rohlik_h7_chronos_bolt_tiny_vs_lightgbm_cov,M5_h14_chronos_bolt_tiny_vs_lightgbm_cov,2.161847343923744e-06,0.019526657022947487
Rohlik_h7_chronos_bolt_tiny_vs_lightgbm_cov,M5_h14_moirai2_vs_lightgbm_cov,1.8506481390131906e-06,0.01784951798199627
Rohlik_h7_chronos_bolt_tiny_vs_lightgbm_cov,M5_h14_timesfm25_vs_lightgbm_cov,2.1336904075751384e-06,0.021627726577664853
Rohlik_h7_chronos_bolt_tiny_vs_lightgbm_cov,M5_h14_tirex_vs_lightgbm_cov,-4.566775519470619e-07,-0.005042700588032592
Rohlik_h7_chronos_bolt_tiny_vs_lightgbm_cov,M5_h28_chronos2_vs_lightgbm_direct,-5.2806905887201595e-06,-0.03752068347800638
Rohlik_h7_chronos_bolt_tiny_vs_lightgbm_cov,M5_h28_chronos_bolt_tiny_vs_lightgbm_direct,-4.5351369706637596e-08,-0.00028094598016112083
Rohlik_h7_chronos_bolt_tiny_vs_lightgbm_cov,M5_h28_moirai2_vs_lightgbm_direct,-4.960159133458072e-06,-0.04044029680834193
Rohlik_h7_chronos_bolt_tiny_vs_lightgbm_cov,M5_h28_timesfm25_vs_lightgbm_direct,-2.41862422130906e-06,-0.017392684700189308
Rohlik_h7_chronos_bolt_tiny_vs_lightgbm_cov,M5_h28_tirex_vs_lightgbm_direct,-1.4652159622352635e-06,-0.008501875415101046
Rohlik_h7_chronos_bolt_tiny_vs_lightgbm_cov,M5_h7_chronos2_vs_lightgbm_cov,-2.870568175746977e-06,-0.035606273086829475
Rohlik_h7_chronos_bolt_tiny_vs_lightgbm_cov,M5_h7_chronos_bolt_tiny_vs_lightgbm_cov,9.117476913618826e-07,0.009860818424857809
Rohlik_h7_chronos_bolt_tiny_vs_lightgbm_cov,M5_h7_moirai2_vs_lightgbm_cov,-2.7084785288598222e-08,-0.0003112863009213822
Rohlik_h7_chronos_bolt_tiny_vs_lightgbm_cov,M5_h7_timesfm25_vs_lightgbm_cov,3.6407118081027764e-07,0.00431994798279926
Rohlik_h7_chronos_bolt_tiny_vs_lightgbm_cov,M5_h7_tirex_vs_lightgbm_cov,-1.336645217364387e-06,-0.015888106371697897
Rohlik_h7_chronos_bolt_tiny_vs_lightgbm_cov,Rohlik_h14_chronos2_vs_lightgbm_cov,6.20004903448807e-05,0.589246290448356
Rohlik_h7_chronos_bolt_tiny_vs_lightgbm_cov,Rohlik_h14_chronos_bolt_tiny_vs_lightgbm_cov,7.78325764718588e-05,0.8022018656926104
Rohlik_h7_chronos_bolt_tiny_vs_lightgbm_cov,Rohlik_h14_moirai2_vs_lightgbm_cov,7.52743311357606e-05,0.5985329474128592
Rohlik_h7_chronos_bolt_tiny_vs_lightgbm_cov,Rohlik_h14_timesfm25_vs_lightgbm_cov,6.870825499222199e-05,0.5175891781029189
Rohlik_h7_chronos_bolt_tiny_vs_lightgbm_cov,Rohlik_h14_tirex_vs_lightgbm_cov,7.93624790459511e-05,0.5490413827457874
Rohlik_h7_chronos_bolt_tiny_vs_lightgbm_cov,Rohlik_h28_chronos2_vs_lightgbm_cov,5.230875685155464e-05,0.39494526246011885
Rohlik_h7_chronos_bolt_tiny_vs_lightgbm_cov,Rohlik_h28_chronos_bolt_tiny_vs_lightgbm_cov,6.398502067724594e-05,0.48766134390808324
Rohlik_h7_chronos_bolt_tiny_vs_lightgbm_cov,Rohlik_h28_moirai2_vs_lightgbm_cov,5.821879286229322e-05,0.38524639979379666
Rohlik_h7_chronos_bolt_tiny_vs_lightgbm_cov,Rohlik_h28_timesfm25_vs_lightgbm_cov,6.249530239619348e-05,0.40037695181040367
Rohlik_h7_chronos_bolt_tiny_vs_lightgbm_cov,Rohlik_h28_tirex_vs_lightgbm_cov,7.205207033894685e-05,0.43875408814746786
Rohlik_h7_chronos_bolt_tiny_vs_lightgbm_cov,Rohlik_h7_chronos2_vs_lightgbm_cov,8.739410043550823e-05,0.7994975220295807
Rohlik_h7_chronos_bolt_tiny_vs_lightgbm_cov,Rohlik_h7_chronos_bolt_tiny_vs_lightgbm_cov,0.00010632668135988691,0.9999999999999999
Rohlik_h7_chronos_bolt_tiny_vs_lightgbm_cov,Rohlik_h7_moirai2_vs_lightgbm_cov,0.00010331515820030582,0.7572009062808233
Rohlik_h7_chronos_bolt_tiny_vs_lightgbm_cov,Rohlik_h7_timesfm25_vs_lightgbm_cov,9.636809470135111e-05,0.7518229938813783
Rohlik_h7_chronos_bolt_tiny_vs_lightgbm_cov,Rohlik_h7_tirex_vs_lightgbm_cov,9.535516427574197e-05,0.7319319883700158
Rohlik_h7_moirai2_vs_lightgbm_cov,Favorita_h14_chronos2_vs_lightgbm_cov,8.893694318698769e-07,0.0059780199743148825
Rohlik_h7_moirai2_vs_lightgbm_cov,Favorita_h14_chronos_bolt_tiny_vs_lightgbm_cov,1.5077501176855445e-05,0.04567888502548996
Rohlik_h7_moirai2_vs_lightgbm_cov,Favorita_h14_moirai2_vs_lightgbm_cov,1.7449020489971307e-07,0.0014001735554565768
Rohlik_h7_moirai2_vs_lightgbm_cov,Favorita_h14_timesfm25_vs_lightgbm_cov,3.5572189241388254e-06,0.014416310129918872
Rohlik_h7_moirai2_vs_lightgbm_cov,Favorita_h14_tirex_vs_lightgbm_cov,4.866328440497183e-06,0.03478681340253459
Rohlik_h7_moirai2_vs_lightgbm_cov,Favorita_h28_chronos2_vs_lightgbm_direct,-1.3252648912364928e-05,-0.033148323198361154
Rohlik_h7_moirai2_vs_lightgbm_cov,Favorita_h28_chronos_bolt_tiny_vs_lightgbm_direct,-3.422156159204498e-06,-0.008528089209743255
Rohlik_h7_moirai2_vs_lightgbm_cov,Favorita_h28_moirai2_vs_lightgbm_direct,-1.4325537095837222e-05,-0.043766617378442896
Rohlik_h7_moirai2_vs_lightgbm_cov,Favorita_h28_timesfm25_vs_lightgbm_direct,-1.304044612630058e-05,-0.04228570894710025
Rohlik_h7_moirai2_vs_lightgbm_cov,Favorita_h28_tirex_vs_lightgbm_direct,-1.1595203850595399e-05,-0.032220269531087656
Rohlik_h7_moirai2_vs_lightgbm_cov,Favorita_h7_chronos2_vs_lightgbm_cov,-3.8134746019084373e-07,-0.002730858999900022
Rohlik_h7_moirai2_vs_lightgbm_cov,Favorita_h7_chronos_bolt_tiny_vs_lightgbm_cov,1.281313706907232e-05,0.03763711549511118
Rohlik_h7_moirai2_vs_lightgbm_cov,Favorita_h7_moirai2_vs_lightgbm_cov,-3.124745829390678e-06,-0.027455783456847984
Rohlik_h7_moirai2_vs_lightgbm_cov,Favorita_h7_timesfm25_vs_lightgbm_cov,1.0745843880343812e-06,0.0048784011135784185
Rohlik_h7_moirai2_vs_lightgbm_cov,Favorita_h7_tirex_vs_lightgbm_cov,1.7154735690381953e-06,0.011167655988667728
Rohlik_h7_moirai2_vs_lightgbm_cov,M5_h14_chronos2_vs_lightgbm_cov,-8.384454663582282e-07,-0.007529974228357676
Rohlik_h7_moirai2_vs_lightgbm_cov,M5_h14_chronos_bolt_tiny_vs_lightgbm_cov,2.6451722836958524e-06,0.018618563792615873
Rohlik_h7_moirai2_vs_lightgbm_cov,M5_h14_moirai2_vs_lightgbm_cov,3.4036871584760705e-06,0.02558241931341876
Rohlik_h7_moirai2_vs_lightgbm_cov,M5_h14_timesfm25_vs_lightgbm_cov,3.1094121656498532e-06,0.024561059556633486
Rohlik_h7_moirai2_vs_lightgbm_cov,M5_h14_tirex_vs_lightgbm_cov,7.586010940441876e-07,0.006527641908298948
Rohlik_h7_moirai2_vs_lightgbm_cov,M5_h28_chronos2_vs_lightgbm_direct,-8.601399480698696e-06,-0.04762538249868758
Rohlik_h7_moirai2_vs_lightgbm_cov,M5_h28_chronos_bolt_tiny_vs_lightgbm_direct,-3.555040575421629e-06,-0.017161937469288145
Rohlik_h7_moirai2_vs_lightgbm_cov,M5_h28_moirai2_vs_lightgbm_direct,-6.282577082478346e-06,-0.03991589663560641
Rohlik_h7_moirai2_vs_lightgbm_cov,M5_h28_timesfm25_vs_lightgbm_direct,-6.330390733255793e-06,-0.03547464697178106
Rohlik_h7_moirai2_vs_lightgbm_cov,M5_h28_tirex_vs_lightgbm_direct,-4.543789755003275e-06,-0.020545686751403516
Rohlik_h7_moirai2_vs_lightgbm_cov,M5_h7_chronos2_vs_lightgbm_cov,-1.9290598694251317e-06,-0.01864634425661953
Rohlik_h7_moirai2_vs_lightgbm_cov,M5_h7_chronos_bolt_tiny_vs_lightgbm_cov,4.380315144607472e-07,0.0036917559698048277
Rohlik_h7_moirai2_vs_lightgbm_cov,M5_h7_moirai2_vs_lightgbm_cov,8.478863088676583e-07,0.007593842286864609
Rohlik_h7_moirai2_vs_lightgbm_cov,M5_h7_timesfm25_vs_lightgbm_cov,5.032365413084754e-07,0.004653221466735603
Rohlik_h7_moirai2_vs_lightgbm_cov,M5_h7_tirex_vs_lightgbm_cov,-3.2090794869031154e-08,-0.00029725269685645505
Rohlik_h7_moirai2_vs_lightgbm_cov,Rohlik_h14_chronos2_vs_lightgbm_cov,9.731866280664361e-05,0.7207542383424933
Rohlik_h7_moirai2_vs_lightgbm_cov,Rohlik_h14_chronos_bolt_tiny_vs_lightgbm_cov,6.952302455021602e-05,0.5583933753139211
Rohlik_h7_moirai2_vs_lightgbm_cov,Rohlik_h14_moirai2_vs_lightgbm_cov,0.00013681397394749514,0.847736638839777
Rohlik_h7_moirai2_vs_lightgbm_cov,Rohlik_h14_timesfm25_vs_lightgbm_cov,0.00012865228289427809,0.7552367327277745
Rohlik_h7_moirai2_vs_lightgbm_cov,Rohlik_h14_tirex_vs_lightgbm_cov,0.0001448179234951735,0.7807311532952131
Rohlik_h7_moirai2_vs_lightgbm_cov,Rohlik_h28_chronos2_vs_lightgbm_cov,8.943765512212982e-05,0.5262259407192087
Rohlik_h7_moirai2_vs_lightgbm_cov,Rohlik_h28_chronos_bolt_tiny_vs_lightgbm_cov,5.4715409118819884e-05,0.3249668094371004
Rohlik_h7_moirai2_vs_lightgbm_cov,Rohlik_h28_moirai2_vs_lightgbm_cov,0.00011584538862464058,0.5973701016562645
Rohlik_h7_moirai2_vs_lightgbm_cov,Rohlik_h28_timesfm25_vs_lightgbm_cov,0.00012441273644134038,0.6211205188620814
Rohlik_h7_moirai2_vs_lightgbm_cov,Rohlik_h28_tirex_vs_lightgbm_cov,0.00014076236860368943,0.6679602474253316
Rohlik_h7_moirai2_vs_lightgbm_cov,Rohlik_h7_chronos2_vs_lightgbm_cov,0.00012047284294436193,0.8588424529843687
Rohlik_h7_moirai2_vs_lightgbm_cov,Rohlik_h7_chronos_bolt_tiny_vs_lightgbm_cov,0.00010331515820030582,0.7572009062808233
Rohlik_h7_moirai2_vs_lightgbm_cov,Rohlik_h7_moirai2_vs_lightgbm_cov,0.0001750909023437143,1.0
Rohlik_h7_moirai2_vs_lightgbm_cov,Rohlik_h7_timesfm25_vs_lightgbm_cov,0.00015243331808656828,0.9267264825331422
Rohlik_h7_moirai2_vs_lightgbm_cov,Rohlik_h7_tirex_vs_lightgbm_cov,0.00015151512559267625,0.9062997047662863
Rohlik_h7_timesfm25_vs_lightgbm_cov,Favorita_h14_chronos2_vs_lightgbm_cov,-4.928369343212562e-07,-0.0035262545718757186
Rohlik_h7_timesfm25_vs_lightgbm_cov,Favorita_h14_chronos_bolt_tiny_vs_lightgbm_cov,1.686962859423647e-05,0.05440350698062771
Rohlik_h7_timesfm25_vs_lightgbm_cov,Favorita_h14_moirai2_vs_lightgbm_cov,1.142410908245068e-06,0.00975817070416101
Rohlik_h7_timesfm25_vs_lightgbm_cov,Favorita_h14_timesfm25_vs_lightgbm_cov,6.951997874249659e-06,0.029990824435640818
Rohlik_h7_timesfm25_vs_lightgbm_cov,Favorita_h14_tirex_vs_lightgbm_cov,3.3130062040429407e-06,0.025209877250363825
Rohlik_h7_timesfm25_vs_lightgbm_cov,Favorita_h28_chronos2_vs_lightgbm_direct,-1.5692165434785572e-05,-0.04178082403575698
Rohlik_h7_timesfm25_vs_lightgbm_cov,Favorita_h28_chronos_bolt_tiny_vs_lightgbm_direct,-3.428471730275426e-06,-0.009094686551443031
Rohlik_h7_timesfm25_vs_lightgbm_cov,Favorita_h28_moirai2_vs_lightgbm_direct,-1.3890241325267455e-05,-0.04517281045002444
Rohlik_h7_timesfm25_vs_lightgbm_cov,Favorita_h28_timesfm25_vs_lightgbm_direct,-1.1205965491076225e-05,-0.03867993174967426
Rohlik_h7_timesfm25_vs_lightgbm_cov,Favorita_h28_tirex_vs_lightgbm_direct,-1.3061053261926005e-05,-0.03863351583510622
Rohlik_h7_timesfm25_vs_lightgbm_cov,Favorita_h7_chronos2_vs_lightgbm_cov,-1.0486561386815548e-06,-0.007993680277169839
Rohlik_h7_timesfm25_vs_lightgbm_cov,Favorita_h7_chronos_bolt_tiny_vs_lightgbm_cov,1.565747128025908e-05,0.04895733116942299
Rohlik_h7_timesfm25_vs_lightgbm_cov,Favorita_h7_moirai2_vs_lightgbm_cov,-1.8387381834299626e-06,-0.01719785528083532
Rohlik_h7_timesfm25_vs_lightgbm_cov,Favorita_h7_timesfm25_vs_lightgbm_cov,4.897715292197906e-06,0.023668229217224807
Rohlik_h7_timesfm25_vs_lightgbm_cov,Favorita_h7_tirex_vs_lightgbm_cov,1.9385588912537091e-07,0.001343359486777587
Rohlik_h7_timesfm25_vs_lightgbm_cov,M5_h14_chronos2_vs_lightgbm_cov,-1.2731452287483157e-07,-0.0012171157077269928
Rohlik_h7_timesfm25_vs_lightgbm_cov,M5_h14_chronos_bolt_tiny_vs_lightgbm_cov,2.7062619260259353e-06,0.020276700792285902
Rohlik_h7_timesfm25_vs_lightgbm_cov,M5_h14_moirai2_vs_lightgbm_cov,1.9933825472492345e-06,0.015948427919690984
Rohlik_h7_timesfm25_vs_lightgbm_cov,M5_h14_timesfm25_vs_lightgbm_cov,2.9567078951917826e-06,0.024860649875509823
Rohlik_h7_timesfm25_vs_lightgbm_cov,M5_h14_tirex_vs_lightgbm_cov,7.555104993619148e-07,0.006920199469816193
Rohlik_h7_timesfm25_vs_lightgbm_cov,M5_h28_chronos2_vs_lightgbm_direct,-6.213900934482329e-06,-0.03662426645413353
Rohlik_h7_timesfm25_vs_lightgbm_cov,M5_h28_chronos_bolt_tiny_vs_lightgbm_direct,-1.9184419847056318e-06,-0.009858382739843588
Rohlik_h7_timesfm25_vs_lightgbm_cov,M5_h28_moirai2_vs_lightgbm_direct,-6.220728759276277e-06,-0.042071169072945426
Rohlik_h7_timesfm25_vs_lightgbm_cov,M5_h28_timesfm25_vs_lightgbm_direct,-4.001670238492167e-06,-0.023870642799224864
Rohlik_h7_timesfm25_vs_lightgbm_cov,M5_h28_tirex_vs_lightgbm_direct,-2.8097720085996886e-06,-0.013524112274054968
Rohlik_h7_timesfm25_vs_lightgbm_cov,M5_h7_chronos2_vs_lightgbm_cov,-1.3420530305473674e-06,-0.013808703998051468
Rohlik_h7_timesfm25_vs_lightgbm_cov,M5_h7_chronos_bolt_tiny_vs_lightgbm_cov,6.388228813045776e-07,0.005731170692654949
Rohlik_h7_timesfm25_vs_lightgbm_cov,M5_h7_moirai2_vs_lightgbm_cov,7.433781859692992e-07,0.007087107410694372
Rohlik_h7_timesfm25_vs_lightgbm_cov,M5_h7_timesfm25_vs_lightgbm_cov,6.412621668847894e-07,0.006311788296698678
Rohlik_h7_timesfm25_vs_lightgbm_cov,M5_h7_tirex_vs_lightgbm_cov,-2.2908852897208823e-08,-0.00022588319607918419
Rohlik_h7_timesfm25_vs_lightgbm_cov,Rohlik_h14_chronos2_vs_lightgbm_cov,0.00010421504024650794,0.8215929879011554
Rohlik_h7_timesfm25_vs_lightgbm_cov,Rohlik_h14_chronos_bolt_tiny_vs_lightgbm_cov,7.129811007054523e-05,0.6095718023582625
Rohlik_h7_timesfm25_vs_lightgbm_cov,Rohlik_h14_moirai2_vs_lightgbm_cov,0.0001294351685237038,0.8537250816849667
Rohlik_h7_timesfm25_vs_lightgbm_cov,Rohlik_h14_timesfm25_vs_lightgbm_cov,0.0001376551922895927,0.8601881523703534
Rohlik_h7_timesfm25_vs_lightgbm_cov,Rohlik_h14_tirex_vs_lightgbm_cov,0.0001499819453091232,0.8607032185025437
Rohlik_h7_timesfm25_vs_lightgbm_cov,Rohlik_h28_chronos2_vs_lightgbm_cov,8.509402618247639e-05,0.5329496395801618
Rohlik_h7_timesfm25_vs_lightgbm_cov,Rohlik_h28_chronos_bolt_tiny_vs_lightgbm_cov,4.485339367064848e-05,0.28356975958693126
Rohlik_h7_timesfm25_vs_lightgbm_cov,Rohlik_h28_moirai2_vs_lightgbm_cov,0.00010077071938941391,0.553139078666875
Rohlik_h7_timesfm25_vs_lightgbm_cov,Rohlik_h28_timesfm25_vs_lightgbm_cov,0.00012274701308336152,0.6523147793637886
Rohlik_h7_timesfm25_vs_lightgbm_cov,Rohlik_h28_tirex_vs_lightgbm_cov,0.00013393631183639218,0.6765464787794032
Rohlik_h7_timesfm25_vs_lightgbm_cov,Rohlik_h7_chronos2_vs_lightgbm_cov,0.00012399769281076816,0.9409644166633733
Rohlik_h7_timesfm25_vs_lightgbm_cov,Rohlik_h7_chronos_bolt_tiny_vs_lightgbm_cov,9.636809470135111e-05,0.7518229938813783
Rohlik_h7_timesfm25_vs_lightgbm_cov,Rohlik_h7_moirai2_vs_lightgbm_cov,0.00015243331808656828,0.9267264825331422
Rohlik_h7_timesfm25_vs_lightgbm_cov,Rohlik_h7_timesfm25_vs_lightgbm_cov,0.00015452298106406675,1.0
Rohlik_h7_timesfm25_vs_lightgbm_cov,Rohlik_h7_tirex_vs_lightgbm_cov,0.00015231802826852348,0.9698451739120836
Rohlik_h7_tirex_vs_lightgbm_cov,Favorita_h14_chronos2_vs_lightgbm_cov,-1.6287525793482483e-06,-0.011465941169603791
Rohlik_h7_tirex_vs_lightgbm_cov,Favorita_h14_chronos_bolt_tiny_vs_lightgbm_cov,2.182189684499514e-05,0.06924015818359779
Rohlik_h7_tirex_vs_lightgbm_cov,Favorita_h14_moirai2_vs_lightgbm_cov,1.1610953201498562e-06,0.0097579395261329
Rohlik_h7_tirex_vs_lightgbm_cov,Favorita_h14_timesfm25_vs_lightgbm_cov,9.405036439130681e-06,0.03991934752400761
Rohlik_h7_tirex_vs_lightgbm_cov,Favorita_h14_tirex_vs_lightgbm_cov,2.9354496964760204e-06,0.021976944031176802
Rohlik_h7_tirex_vs_lightgbm_cov,Favorita_h28_chronos2_vs_lightgbm_direct,-1.8650262863719438e-05,-0.04885660200043875
Rohlik_h7_tirex_vs_lightgbm_cov,Favorita_h28_chronos_bolt_tiny_vs_lightgbm_direct,-6.122568380357255e-07,-0.001597956618838687
Rohlik_h7_tirex_vs_lightgbm_cov,Favorita_h28_moirai2_vs_lightgbm_direct,-1.5141944358985563e-05,-0.048449928884618285
Rohlik_h7_tirex_vs_lightgbm_cov,Favorita_h28_timesfm25_vs_lightgbm_direct,-1.0337027754796562e-05,-0.03510559017470361
Rohlik_h7_tirex_vs_lightgbm_cov,Favorita_h28_tirex_vs_lightgbm_direct,-1.4573131864606383e-05,-0.042411448438829914
Rohlik_h7_tirex_vs_lightgbm_cov,Favorita_h7_chronos2_vs_lightgbm_cov,-1.9800536188954447e-06,-0.014850285359593585
Rohlik_h7_tirex_vs_lightgbm_cov,Favorita_h7_chronos_bolt_tiny_vs_lightgbm_cov,2.1187320899545837e-05,0.0651802967446844
Rohlik_h7_tirex_vs_lightgbm_cov,Favorita_h7_moirai2_vs_lightgbm_cov,-1.830564670279173e-06,-0.016845490044194632
Rohlik_h7_tirex_vs_lightgbm_cov,Favorita_h7_timesfm25_vs_lightgbm_cov,7.534721353680217e-06,0.035824785995457104
Rohlik_h7_tirex_vs_lightgbm_cov,Favorita_h7_tirex_vs_lightgbm_cov,-2.4893211686689867e-07,-0.0016972208478819922
Rohlik_h7_tirex_vs_lightgbm_cov,M5_h14_chronos2_vs_lightgbm_cov,-6.162110693323412e-07,-0.005795989550741274
Rohlik_h7_tirex_vs_lightgbm_cov,M5_h14_chronos_bolt_tiny_vs_lightgbm_cov,3.2318457295352883e-06,0.023824416052238832
Rohlik_h7_tirex_vs_lightgbm_cov,M5_h14_moirai2_vs_lightgbm_cov,2.648378961125523e-06,0.020847382527773947
Rohlik_h7_tirex_vs_lightgbm_cov,M5_h14_timesfm25_vs_lightgbm_cov,3.1156502282945578e-06,0.025774896536851468
Rohlik_h7_tirex_vs_lightgbm_cov,M5_h14_tirex_vs_lightgbm_cov,1.1484562689469386e-06,0.01034991419358365
Rohlik_h7_tirex_vs_lightgbm_cov,M5_h28_chronos2_vs_lightgbm_direct,-6.21782786051451e-06,-0.03605682500094168
Rohlik_h7_tirex_vs_lightgbm_cov,M5_h28_chronos_bolt_tiny_vs_lightgbm_direct,-1.2705369548872464e-06,-0.006423747831414563
Rohlik_h7_tirex_vs_lightgbm_cov,M5_h28_moirai2_vs_lightgbm_direct,-5.5512961727118785e-06,-0.03693872417175694
Rohlik_h7_tirex_vs_lightgbm_cov,M5_h28_timesfm25_vs_lightgbm_direct,-4.246016432858983e-06,-0.02492003598710306
Rohlik_h7_tirex_vs_lightgbm_cov,M5_h28_tirex_vs_lightgbm_direct,-1.784745477914873e-06,-0.008451974028887952
Rohlik_h7_tirex_vs_lightgbm_cov,M5_h7_chronos2_vs_lightgbm_cov,-1.3329563617374707e-06,-0.013494082240404486
Rohlik_h7_tirex_vs_lightgbm_cov,M5_h7_chronos_bolt_tiny_vs_lightgbm_cov,1.1117315946375216e-06,0.009813117658888103
Rohlik_h7_tirex_vs_lightgbm_cov,M5_h7_moirai2_vs_lightgbm_cov,9.218904626416011e-07,0.008647343321475258
Rohlik_h7_tirex_vs_lightgbm_cov,M5_h7_timesfm25_vs_lightgbm_cov,1.1645768068526134e-06,0.011277922868332667
Rohlik_h7_tirex_vs_lightgbm_cov,M5_h7_tirex_vs_lightgbm_cov,6.630220420455452e-07,0.006432099070225379
Rohlik_h7_tirex_vs_lightgbm_cov,Rohlik_h14_chronos2_vs_lightgbm_cov,0.0001008233671760667,0.7820449187799532
Rohlik_h7_tirex_vs_lightgbm_cov,Rohlik_h14_chronos_bolt_tiny_vs_lightgbm_cov,6.795035439257415e-05,0.5715875426786987
Rohlik_h7_tirex_vs_lightgbm_cov,Rohlik_h14_moirai2_vs_lightgbm_cov,0.0001278254423011106,0.829520702472546
Rohlik_h7_tirex_vs_lightgbm_cov,Rohlik_h14_timesfm25_vs_lightgbm_cov,0.0001316961372734812,0.8096886919592985
Rohlik_h7_tirex_vs_lightgbm_cov,Rohlik_h14_tirex_vs_lightgbm_cov,0.00015667430411228566,0.8846192728627075
Rohlik_h7_tirex_vs_lightgbm_cov,Rohlik_h28_chronos2_vs_lightgbm_cov,8.150761214884732e-05,0.5022609899240734
Rohlik_h7_tirex_vs_lightgbm_cov,Rohlik_h28_chronos_bolt_tiny_vs_lightgbm_cov,4.411454841017645e-05,0.27440411679850546
Rohlik_h7_tirex_vs_lightgbm_cov,Rohlik_h28_moirai2_vs_lightgbm_cov,0.00010273823559209204,0.5548508603569685
Rohlik_h7_tirex_vs_lightgbm_cov,Rohlik_h28_timesfm25_vs_lightgbm_cov,0.00012142582828638476,0.6348944606558568
Rohlik_h7_tirex_vs_lightgbm_cov,Rohlik_h28_tirex_vs_lightgbm_cov,0.0001432134730554404,0.7117498052449392
Rohlik_h7_tirex_vs_lightgbm_cov,Rohlik_h7_chronos2_vs_lightgbm_cov,0.00012120238683505911,0.9049299172546471
Rohlik_h7_tirex_vs_lightgbm_cov,Rohlik_h7_chronos_bolt_tiny_vs_lightgbm_cov,9.535516427574197e-05,0.7319319883700158
Rohlik_h7_tirex_vs_lightgbm_cov,Rohlik_h7_moirai2_vs_lightgbm_cov,0.00015151512559267625,0.9062997047662863
Rohlik_h7_tirex_vs_lightgbm_cov,Rohlik_h7_timesfm25_vs_lightgbm_cov,0.00015231802826852348,0.9698451739120836
Rohlik_h7_tirex_vs_lightgbm_cov,Rohlik_h7_tirex_vs_lightgbm_cov,0.00015962640114699342,0.9999999999999998
