pair_id,paper_id,study_id,suite_id,task_id,cluster_id,dataset_norm,horizon_bucket,metric_name,model_name,model_scale,has_covariates,zero_shot,metric_num,baseline_metric,baseline_family,log_ratio,delta,delta_rel,vi,source,is_source_b,paired_inference_ok,quality_flag,n_series_num,baseline_n_series
b02_fev_favorita_stores_1d__Chronos-2__SQL,B02_fev_favorita_stores_1D,shchur_2025_fev_bench,fev-bench,b02_fev_favorita_stores_1d,b02_fev_favorita_stores_1d,Favorita,long,SQL,Chronos-2,8.079181246047625,TRUE,TRUE,0.9164,1.2171,ML_TREE,-0.28377330830117087,-0.3007000000000001,-0.24706269000082168,0.001266624445851805,LIT,FALSE,TRUE,Source A benchmark extraction,1579,1579
b02_fev_favorita_stores_1d__Chronos-2__MASE,B02_fev_favorita_stores_1D,shchur_2025_fev_bench,fev-bench,b02_fev_favorita_stores_1d,b02_fev_favorita_stores_1d,Favorita,long,MASE,Chronos-2,8.079181246047625,TRUE,TRUE,1.1402,1.2171,ML_TREE,-0.0652672942830297,-0.07689999999999997,-0.06318297592638235,0.001266624445851805,LIT,FALSE,TRUE,Source A benchmark extraction,1579,1579
b02_fev_favorita_stores_1d__Chronos-2__WAPE,B02_fev_favorita_stores_1D,shchur_2025_fev_bench,fev-bench,b02_fev_favorita_stores_1d,b02_fev_favorita_stores_1d,Favorita,long,WAPE,Chronos-2,8.079181246047625,TRUE,TRUE,0.1383,0.1567,ML_TREE,-0.1249079106912626,-0.0184,-0.11742182514358647,0.001266624445851805,LIT,FALSE,TRUE,Source A benchmark extraction,1579,1579
b02_fev_favorita_stores_1d__Chronos-Bolt-Base__SQL,B02_fev_favorita_stores_1D,shchur_2025_fev_bench,fev-bench,b02_fev_favorita_stores_1d,b02_fev_favorita_stores_1d,Favorita,long,SQL,Chronos-Bolt-Base,7.662757831681574,TRUE,TRUE,1.0322,1.2171,ML_TREE,-0.16477853316588448,-0.18490000000000006,-0.15191849478268019,0.001266624445851805,LIT,FALSE,TRUE,Source A benchmark extraction,1579,1579
b02_fev_favorita_stores_1d__Chronos-Bolt-Base__MASE,B02_fev_favorita_stores_1D,shchur_2025_fev_bench,fev-bench,b02_fev_favorita_stores_1d,b02_fev_favorita_stores_1d,Favorita,long,MASE,Chronos-Bolt-Base,7.662757831681574,TRUE,TRUE,1.2689,1.2171,ML_TREE,0.041679403522357585,0.051799999999999846,0.04256018404403898,0.001266624445851805,LIT,FALSE,TRUE,Source A benchmark extraction,1579,1579
b02_fev_favorita_stores_1d__Chronos-Bolt-Base__WAPE,B02_fev_favorita_stores_1D,shchur_2025_fev_bench,fev-bench,b02_fev_favorita_stores_1d,b02_fev_favorita_stores_1d,Favorita,long,WAPE,Chronos-Bolt-Base,7.662757831681574,TRUE,TRUE,0.1743,0.1567,ML_TREE,0.1064448031640002,0.017600000000000005,0.11231652839821317,0.001266624445851805,LIT,FALSE,TRUE,Source A benchmark extraction,1579,1579
b02_fev_favorita_stores_1d__Moirai-2.0-Small__SQL,B02_fev_favorita_stores_1D,shchur_2025_fev_bench,fev-bench,b02_fev_favorita_stores_1d,b02_fev_favorita_stores_1d,Favorita,long,SQL,Moirai-2.0-Small,7.041392685158225,TRUE,TRUE,0.98,1.2171,ML_TREE,-0.21667368721589378,-0.2371000000000001,-0.19480732889655744,0.001266624445851805,LIT,FALSE,TRUE,Source A benchmark extraction,1579,1579
b02_fev_favorita_stores_1d__Moirai-2.0-Small__MASE,B02_fev_favorita_stores_1D,shchur_2025_fev_bench,fev-bench,b02_fev_favorita_stores_1d,b02_fev_favorita_stores_1d,Favorita,long,MASE,Moirai-2.0-Small,7.041392685158225,TRUE,TRUE,1.205,1.2171,ML_TREE,-0.009991412955755848,-0.0121,-0.00994166461260373,0.001266624445851805,LIT,FALSE,TRUE,Source A benchmark extraction,1579,1579
b02_fev_favorita_stores_1d__Moirai-2.0-Small__WAPE,B02_fev_favorita_stores_1D,shchur_2025_fev_bench,fev-bench,b02_fev_favorita_stores_1d,b02_fev_favorita_stores_1d,Favorita,long,WAPE,Moirai-2.0-Small,7.041392685158225,TRUE,TRUE,0.1568,0.1567,ML_TREE,6.37958554332354e-4,9.999999999998899e-5,6.381620931715953e-4,0.001266624445851805,LIT,FALSE,TRUE,Source A benchmark extraction,1579,1579
b02_fev_favorita_stores_1d__TabPFN-TS__SQL,B02_fev_favorita_stores_1D,shchur_2025_fev_bench,fev-bench,b02_fev_favorita_stores_1d,b02_fev_favorita_stores_1d,Favorita,long,SQL,TabPFN-TS,7.079181246047625,TRUE,TRUE,0.9698,1.2171,ML_TREE,-0.22713639420925946,-0.24730000000000008,-0.20318790567743,0.001266624445851805,LIT,FALSE,TRUE,Source A benchmark extraction,1579,1579
b02_fev_favorita_stores_1d__TabPFN-TS__MASE,B02_fev_favorita_stores_1D,shchur_2025_fev_bench,fev-bench,b02_fev_favorita_stores_1d,b02_fev_favorita_stores_1d,Favorita,long,MASE,TabPFN-TS,7.079181246047625,TRUE,TRUE,1.1943,1.2171,ML_TREE,-0.018910740206130136,-0.022800000000000153,-0.018733053980774097,0.001266624445851805,LIT,FALSE,TRUE,Source A benchmark extraction,1579,1579
b02_fev_favorita_stores_1d__TabPFN-TS__WAPE,B02_fev_favorita_stores_1D,shchur_2025_fev_bench,fev-bench,b02_fev_favorita_stores_1d,b02_fev_favorita_stores_1d,Favorita,long,WAPE,TabPFN-TS,7.079181246047625,TRUE,TRUE,0.1486,0.1567,ML_TREE,-0.053075017078316356,-0.008099999999999996,-0.051691129546904885,0.001266624445851805,LIT,FALSE,TRUE,Source A benchmark extraction,1579,1579
b02_fev_favorita_stores_1d__TiRex__SQL,B02_fev_favorita_stores_1D,shchur_2025_fev_bench,fev-bench,b02_fev_favorita_stores_1d,b02_fev_favorita_stores_1d,Favorita,long,SQL,TiRex,7.544068044350276,TRUE,TRUE,0.9682,1.2171,ML_TREE,-0.22878758137491742,-0.24890000000000012,-0.2045025059567826,0.001266624445851805,LIT,FALSE,TRUE,Source A benchmark extraction,1579,1579
b02_fev_favorita_stores_1d__TiRex__MASE,B02_fev_favorita_stores_1D,shchur_2025_fev_bench,fev-bench,b02_fev_favorita_stores_1d,b02_fev_favorita_stores_1d,Favorita,long,MASE,TiRex,7.544068044350276,TRUE,TRUE,1.1934,1.2171,ML_TREE,-0.01966460379252977,-0.023700000000000054,-0.019472516637909828,0.001266624445851805,LIT,FALSE,TRUE,Source A benchmark extraction,1579,1579
b02_fev_favorita_stores_1d__TiRex__WAPE,B02_fev_favorita_stores_1D,shchur_2025_fev_bench,fev-bench,b02_fev_favorita_stores_1d,b02_fev_favorita_stores_1d,Favorita,long,WAPE,TiRex,7.544068044350276,TRUE,TRUE,0.1518,0.1567,ML_TREE,-0.03176928440044569,-0.0049000000000000155,-0.03126994256541171,0.001266624445851805,LIT,FALSE,TRUE,Source A benchmark extraction,1579,1579
b02_fev_favorita_stores_1d__TimesFM-2.5__SQL,B02_fev_favorita_stores_1D,shchur_2025_fev_bench,fev-bench,b02_fev_favorita_stores_1d,b02_fev_favorita_stores_1d,Favorita,long,SQL,TimesFM-2.5,8.301029995663981,TRUE,TRUE,0.9494,1.2171,ML_TREE,-0.24839605276329355,-0.26770000000000005,-0.21994905923917513,0.001266624445851805,LIT,FALSE,TRUE,Source A benchmark extraction,1579,1579
b02_fev_favorita_stores_1d__TimesFM-2.5__MASE,B02_fev_favorita_stores_1D,shchur_2025_fev_bench,fev-bench,b02_fev_favorita_stores_1d,b02_fev_favorita_stores_1d,Favorita,long,MASE,TimesFM-2.5,8.301029995663981,TRUE,TRUE,1.1676,1.2171,ML_TREE,-0.041520619900551586,-0.0495000000000001,-0.04067044614246988,0.001266624445851805,LIT,FALSE,TRUE,Source A benchmark extraction,1579,1579
b02_fev_favorita_stores_1d__TimesFM-2.5__WAPE,B02_fev_favorita_stores_1D,shchur_2025_fev_bench,fev-bench,b02_fev_favorita_stores_1d,b02_fev_favorita_stores_1d,Favorita,long,WAPE,TimesFM-2.5,8.301029995663981,TRUE,TRUE,0.1452,0.1567,ML_TREE,-0.07622104697127949,-0.01150000000000001,-0.0733886407147416,0.001266624445851805,LIT,FALSE,TRUE,Source A benchmark extraction,1579,1579
b02_fev_favorita_stores_1d__Toto-1.0__SQL,B02_fev_favorita_stores_1D,shchur_2025_fev_bench,fev-bench,b02_fev_favorita_stores_1d,b02_fev_favorita_stores_1d,Favorita,long,SQL,Toto-1.0,8,TRUE,TRUE,1.0364,1.2171,ML_TREE,-0.16071781019255635,-0.18070000000000008,-0.14846766904937972,0.001266624445851805,LIT,FALSE,TRUE,Source A benchmark extraction,1579,1579
b02_fev_favorita_stores_1d__Toto-1.0__MASE,B02_fev_favorita_stores_1D,shchur_2025_fev_bench,fev-bench,b02_fev_favorita_stores_1d,b02_fev_favorita_stores_1d,Favorita,long,MASE,Toto-1.0,8,TRUE,TRUE,1.2804,1.2171,ML_TREE,0.05070154921519667,0.06329999999999991,0.052008873551885555,0.001266624445851805,LIT,FALSE,TRUE,Source A benchmark extraction,1579,1579
b02_fev_favorita_stores_1d__Toto-1.0__WAPE,B02_fev_favorita_stores_1D,shchur_2025_fev_bench,fev-bench,b02_fev_favorita_stores_1d,b02_fev_favorita_stores_1d,Favorita,long,WAPE,Toto-1.0,8,TRUE,TRUE,0.1784,0.1567,ML_TREE,0.12969507078393389,0.021699999999999997,0.1384811742182514,0.001266624445851805,LIT,FALSE,TRUE,Source A benchmark extraction,1579,1579
b02_fev_favorita_stores_1m__Chronos-2__SQL,B02_fev_favorita_stores_1M,shchur_2025_fev_bench,fev-bench,b02_fev_favorita_stores_1m,b02_fev_favorita_stores_1m,Favorita,medium,SQL,Chronos-2,8.079181246047625,TRUE,TRUE,1.7944,2.386,ML_TREE,-0.28494761945186287,-0.5916000000000001,-0.24794635373009224,6.333122229259025e-4,LIT,FALSE,TRUE,Source A benchmark extraction,3158,3158
b02_fev_favorita_stores_1m__Chronos-2__MASE,B02_fev_favorita_stores_1M,shchur_2025_fev_bench,fev-bench,b02_fev_favorita_stores_1m,b02_fev_favorita_stores_1m,Favorita,medium,MASE,Chronos-2,8.079181246047625,TRUE,TRUE,1.9752,2.386,ML_TREE,-0.18894866462689175,-0.41080000000000005,-0.1721709974853311,6.333122229259025e-4,LIT,FALSE,TRUE,Source A benchmark extraction,3158,3158
b02_fev_favorita_stores_1m__Chronos-2__WAPE,B02_fev_favorita_stores_1M,shchur_2025_fev_bench,fev-bench,b02_fev_favorita_stores_1m,b02_fev_favorita_stores_1m,Favorita,medium,WAPE,Chronos-2,8.079181246047625,TRUE,TRUE,0.1303,0.2205,ML_TREE,-0.5260582107561012,-0.0902,-0.4090702947845805,6.333122229259025e-4,LIT,FALSE,TRUE,Source A benchmark extraction,3158,3158
b02_fev_favorita_stores_1m__Chronos-Bolt-Base__SQL,B02_fev_favorita_stores_1M,shchur_2025_fev_bench,fev-bench,b02_fev_favorita_stores_1m,b02_fev_favorita_stores_1m,Favorita,medium,SQL,Chronos-Bolt-Base,7.662757831681574,TRUE,TRUE,2.0865,2.386,ML_TREE,-0.1341303026262542,-0.2995000000000001,-0.12552388935456835,6.333122229259025e-4,LIT,FALSE,TRUE,Source A benchmark extraction,3158,3158
b02_fev_favorita_stores_1m__Chronos-Bolt-Base__MASE,B02_fev_favorita_stores_1M,shchur_2025_fev_bench,fev-bench,b02_fev_favorita_stores_1m,b02_fev_favorita_stores_1m,Favorita,medium,MASE,Chronos-Bolt-Base,7.662757831681574,TRUE,TRUE,2.4178,2.386,ML_TREE,0.013239712110030234,0.03180000000000005,0.013327745180217959,6.333122229259025e-4,LIT,FALSE,TRUE,Source A benchmark extraction,3158,3158
b02_fev_favorita_stores_1m__Chronos-Bolt-Base__WAPE,B02_fev_favorita_stores_1M,shchur_2025_fev_bench,fev-bench,b02_fev_favorita_stores_1m,b02_fev_favorita_stores_1m,Favorita,medium,WAPE,Chronos-Bolt-Base,7.662757831681574,TRUE,TRUE,0.2637,0.2205,ML_TREE,0.17891439847234025,0.04319999999999999,0.1959183673469387,6.333122229259025e-4,LIT,FALSE,TRUE,Source A benchmark extraction,3158,3158
b02_fev_favorita_stores_1m__Moirai-2.0-Small__SQL,B02_fev_favorita_stores_1M,shchur_2025_fev_bench,fev-bench,b02_fev_favorita_stores_1m,b02_fev_favorita_stores_1m,Favorita,medium,SQL,Moirai-2.0-Small,7.041392685158225,TRUE,TRUE,2.091,2.386,ML_TREE,-0.1319759032292278,-0.29499999999999993,-0.12363788767812234,6.333122229259025e-4,LIT,FALSE,TRUE,Source A benchmark extraction,3158,3158
b02_fev_favorita_stores_1m__Moirai-2.0-Small__MASE,B02_fev_favorita_stores_1M,shchur_2025_fev_bench,fev-bench,b02_fev_favorita_stores_1m,b02_fev_favorita_stores_1m,Favorita,medium,MASE,Moirai-2.0-Small,7.041392685158225,TRUE,TRUE,2.324,2.386,ML_TREE,-0.026328484686059736,-0.06200000000000028,-0.025984911986588546,6.333122229259025e-4,LIT,FALSE,TRUE,Source A benchmark extraction,3158,3158
b02_fev_favorita_stores_1m__Moirai-2.0-Small__WAPE,B02_fev_favorita_stores_1M,shchur_2025_fev_bench,fev-bench,b02_fev_favorita_stores_1m,b02_fev_favorita_stores_1m,Favorita,medium,WAPE,Moirai-2.0-Small,7.041392685158225,TRUE,TRUE,0.2355,0.2205,ML_TREE,0.06581321856957162,0.014999999999999986,0.06802721088435368,6.333122229259025e-4,LIT,FALSE,TRUE,Source A benchmark extraction,3158,3158
b02_fev_favorita_stores_1m__TabPFN-TS__SQL,B02_fev_favorita_stores_1M,shchur_2025_fev_bench,fev-bench,b02_fev_favorita_stores_1m,b02_fev_favorita_stores_1m,Favorita,medium,SQL,TabPFN-TS,7.079181246047625,TRUE,TRUE,1.9336,2.386,ML_TREE,-0.21023477326858822,-0.45240000000000014,-0.18960603520536468,6.333122229259025e-4,LIT,FALSE,TRUE,Source A benchmark extraction,3158,3158
b02_fev_favorita_stores_1m__TabPFN-TS__MASE,B02_fev_favorita_stores_1M,shchur_2025_fev_bench,fev-bench,b02_fev_favorita_stores_1m,b02_fev_favorita_stores_1m,Favorita,medium,MASE,TabPFN-TS,7.079181246047625,TRUE,TRUE,2.1758,2.386,ML_TREE,-0.09222191067087913,-0.21019999999999994,-0.08809723386420786,6.333122229259025e-4,LIT,FALSE,TRUE,Source A benchmark extraction,3158,3158
b02_fev_favorita_stores_1m__TabPFN-TS__WAPE,B02_fev_favorita_stores_1M,shchur_2025_fev_bench,fev-bench,b02_fev_favorita_stores_1m,b02_fev_favorita_stores_1m,Favorita,medium,WAPE,TabPFN-TS,7.079181246047625,TRUE,TRUE,0.1159,0.2205,ML_TREE,-0.6431699445411946,-0.1046,-0.47437641723356005,6.333122229259025e-4,LIT,FALSE,TRUE,Source A benchmark extraction,3158,3158
b02_fev_favorita_stores_1m__TiRex__SQL,B02_fev_favorita_stores_1M,shchur_2025_fev_bench,fev-bench,b02_fev_favorita_stores_1m,b02_fev_favorita_stores_1m,Favorita,medium,SQL,TiRex,7.544068044350276,TRUE,TRUE,1.8559,2.386,ML_TREE,-0.2512485700736025,-0.5301,-0.2221709974853311,6.333122229259025e-4,LIT,FALSE,TRUE,Source A benchmark extraction,3158,3158
b02_fev_favorita_stores_1m__TiRex__MASE,B02_fev_favorita_stores_1M,shchur_2025_fev_bench,fev-bench,b02_fev_favorita_stores_1m,b02_fev_favorita_stores_1m,Favorita,medium,MASE,TiRex,7.544068044350276,TRUE,TRUE,2.2147,2.386,ML_TREE,-0.07450136953206178,-0.1713,-0.07179379715004192,6.333122229259025e-4,LIT,FALSE,TRUE,Source A benchmark extraction,3158,3158
b02_fev_favorita_stores_1m__TiRex__WAPE,B02_fev_favorita_stores_1M,shchur_2025_fev_bench,fev-bench,b02_fev_favorita_stores_1m,b02_fev_favorita_stores_1m,Favorita,medium,WAPE,TiRex,7.544068044350276,TRUE,TRUE,0.1894,0.2205,ML_TREE,-0.15203651413492272,-0.03109999999999999,-0.1410430839002267,6.333122229259025e-4,LIT,FALSE,TRUE,Source A benchmark extraction,3158,3158
b02_fev_favorita_stores_1m__TimesFM-2.5__SQL,B02_fev_favorita_stores_1M,shchur_2025_fev_bench,fev-bench,b02_fev_favorita_stores_1m,b02_fev_favorita_stores_1m,Favorita,medium,SQL,TimesFM-2.5,8.301029995663981,TRUE,TRUE,1.9983,2.386,ML_TREE,-0.17732150457061804,-0.38770000000000016,-0.1624895222129087,6.333122229259025e-4,LIT,FALSE,TRUE,Source A benchmark extraction,3158,3158
b02_fev_favorita_stores_1m__TimesFM-2.5__MASE,B02_fev_favorita_stores_1M,shchur_2025_fev_bench,fev-bench,b02_fev_favorita_stores_1m,b02_fev_favorita_stores_1m,Favorita,medium,MASE,TimesFM-2.5,8.301029995663981,TRUE,TRUE,2.2338,2.386,ML_TREE,-0.06591415255113522,-0.1522000000000001,-0.0637887678122381,6.333122229259025e-4,LIT,FALSE,TRUE,Source A benchmark extraction,3158,3158
b02_fev_favorita_stores_1m__TimesFM-2.5__WAPE,B02_fev_favorita_stores_1M,shchur_2025_fev_bench,fev-bench,b02_fev_favorita_stores_1m,b02_fev_favorita_stores_1m,Favorita,medium,WAPE,TimesFM-2.5,8.301029995663981,TRUE,TRUE,0.2103,0.2205,ML_TREE,-0.047362612178246666,-0.010200000000000015,-0.04625850340136061,6.333122229259025e-4,LIT,FALSE,TRUE,Source A benchmark extraction,3158,3158
b02_fev_favorita_stores_1m__Toto-1.0__SQL,B02_fev_favorita_stores_1M,shchur_2025_fev_bench,fev-bench,b02_fev_favorita_stores_1m,b02_fev_favorita_stores_1m,Favorita,medium,SQL,Toto-1.0,8,TRUE,TRUE,2.0094,2.386,ML_TREE,-0.1717821536296476,-0.37660000000000027,-0.1578373847443421,6.333122229259025e-4,LIT,FALSE,TRUE,Source A benchmark extraction,3158,3158
b02_fev_favorita_stores_1m__Toto-1.0__MASE,B02_fev_favorita_stores_1M,shchur_2025_fev_bench,fev-bench,b02_fev_favorita_stores_1m,b02_fev_favorita_stores_1m,Favorita,medium,MASE,Toto-1.0,8,TRUE,TRUE,2.2865,2.386,ML_TREE,-0.04259605955975147,-0.09949999999999992,-0.04170159262363785,6.333122229259025e-4,LIT,FALSE,TRUE,Source A benchmark extraction,3158,3158
b02_fev_favorita_stores_1m__Toto-1.0__WAPE,B02_fev_favorita_stores_1M,shchur_2025_fev_bench,fev-bench,b02_fev_favorita_stores_1m,b02_fev_favorita_stores_1m,Favorita,medium,WAPE,Toto-1.0,8,TRUE,TRUE,0.1978,0.2205,ML_TREE,-0.1086412756982889,-0.022699999999999998,-0.10294784580498866,6.333122229259025e-4,LIT,FALSE,TRUE,Source A benchmark extraction,3158,3158
b02_fev_favorita_stores_1w__Chronos-2__SQL,B02_fev_favorita_stores_1W,shchur_2025_fev_bench,fev-bench,b02_fev_favorita_stores_1w,b02_fev_favorita_stores_1w,Favorita,medium,SQL,Chronos-2,8.079181246047625,TRUE,TRUE,2.0241,2.4207,ML_TREE,-0.1789315972210814,-0.3966000000000003,-0.1638369066798861,0.001266624445851805,LIT,FALSE,TRUE,Source A benchmark extraction,1579,1579
b02_fev_favorita_stores_1w__Chronos-2__MASE,B02_fev_favorita_stores_1W,shchur_2025_fev_bench,fev-bench,b02_fev_favorita_stores_1w,b02_fev_favorita_stores_1w,Favorita,medium,MASE,Chronos-2,8.079181246047625,TRUE,TRUE,2.2987,2.4207,ML_TREE,-0.051713008792199144,-0.12199999999999989,-0.05039864502003548,0.001266624445851805,LIT,FALSE,TRUE,Source A benchmark extraction,1579,1579
b02_fev_favorita_stores_1w__Chronos-2__WAPE,B02_fev_favorita_stores_1W,shchur_2025_fev_bench,fev-bench,b02_fev_favorita_stores_1w,b02_fev_favorita_stores_1w,Favorita,medium,WAPE,Chronos-2,8.079181246047625,TRUE,TRUE,0.1289,0.1307,ML_TREE,-0.013867710685034769,-0.0018000000000000238,-0.013771996939556417,0.001266624445851805,LIT,FALSE,TRUE,Source A benchmark extraction,1579,1579
b02_fev_favorita_stores_1w__Chronos-Bolt-Base__SQL,B02_fev_favorita_stores_1W,shchur_2025_fev_bench,fev-bench,b02_fev_favorita_stores_1w,b02_fev_favorita_stores_1w,Favorita,medium,SQL,Chronos-Bolt-Base,7.662757831681574,TRUE,TRUE,2.1011,2.4207,ML_TREE,-0.1415957374275671,-0.3195999999999999,-0.13202792580658482,0.001266624445851805,LIT,FALSE,TRUE,Source A benchmark extraction,1579,1579
b02_fev_favorita_stores_1w__Chronos-Bolt-Base__MASE,B02_fev_favorita_stores_1W,shchur_2025_fev_bench,fev-bench,b02_fev_favorita_stores_1w,b02_fev_favorita_stores_1w,Favorita,medium,MASE,Chronos-Bolt-Base,7.662757831681574,TRUE,TRUE,2.4749,2.4207,ML_TREE,0.022143236623550826,0.054199999999999804,0.02239021770562226,0.001266624445851805,LIT,FALSE,TRUE,Source A benchmark extraction,1579,1579
b02_fev_favorita_stores_1w__Chronos-Bolt-Base__WAPE,B02_fev_favorita_stores_1W,shchur_2025_fev_bench,fev-bench,b02_fev_favorita_stores_1w,b02_fev_favorita_stores_1w,Favorita,medium,WAPE,Chronos-Bolt-Base,7.662757831681574,TRUE,TRUE,0.158,0.1307,ML_TREE,0.1896904123967905,0.02729999999999999,0.20887528691660281,0.001266624445851805,LIT,FALSE,TRUE,Source A benchmark extraction,1579,1579
b02_fev_favorita_stores_1w__Moirai-2.0-Small__SQL,B02_fev_favorita_stores_1W,shchur_2025_fev_bench,fev-bench,b02_fev_favorita_stores_1w,b02_fev_favorita_stores_1w,Favorita,medium,SQL,Moirai-2.0-Small,7.041392685158225,TRUE,TRUE,2.197,2.4207,ML_TREE,-0.096963961137960325,-0.2237,-0.09241128599165531,0.001266624445851805,LIT,FALSE,TRUE,Source A benchmark extraction,1579,1579
b02_fev_favorita_stores_1w__Moirai-2.0-Small__MASE,B02_fev_favorita_stores_1W,shchur_2025_fev_bench,fev-bench,b02_fev_favorita_stores_1w,b02_fev_favorita_stores_1w,Favorita,medium,MASE,Moirai-2.0-Small,7.041392685158225,TRUE,TRUE,2.577,2.4207,ML_TREE,0.06256917712979437,0.15629999999999988,0.06456810013632415,0.001266624445851805,LIT,FALSE,TRUE,Source A benchmark extraction,1579,1579
b02_fev_favorita_stores_1w__Moirai-2.0-Small__WAPE,B02_fev_favorita_stores_1W,shchur_2025_fev_bench,fev-bench,b02_fev_favorita_stores_1w,b02_fev_favorita_stores_1w,Favorita,medium,WAPE,Moirai-2.0-Small,7.041392685158225,TRUE,TRUE,0.1555,0.1307,ML_TREE,0.1737411109891124,0.02479999999999999,0.18974751338944137,0.001266624445851805,LIT,FALSE,TRUE,Source A benchmark extraction,1579,1579
b02_fev_favorita_stores_1w__TabPFN-TS__SQL,B02_fev_favorita_stores_1W,shchur_2025_fev_bench,fev-bench,b02_fev_favorita_stores_1w,b02_fev_favorita_stores_1w,Favorita,medium,SQL,TabPFN-TS,7.079181246047625,TRUE,TRUE,2.1227,2.4207,ML_TREE,-0.13136789127217238,-0.29800000000000004,-0.12310488701615237,0.001266624445851805,LIT,FALSE,TRUE,Source A benchmark extraction,1579,1579
b02_fev_favorita_stores_1w__TabPFN-TS__MASE,B02_fev_favorita_stores_1W,shchur_2025_fev_bench,fev-bench,b02_fev_favorita_stores_1w,b02_fev_favorita_stores_1w,Favorita,medium,MASE,TabPFN-TS,7.079181246047625,TRUE,TRUE,2.5268,2.4207,ML_TREE,0.0428969255019748,0.10610000000000008,0.04383029702152273,0.001266624445851805,LIT,FALSE,TRUE,Source A benchmark extraction,1579,1579
b02_fev_favorita_stores_1w__TabPFN-TS__WAPE,B02_fev_favorita_stores_1W,shchur_2025_fev_bench,fev-bench,b02_fev_favorita_stores_1w,b02_fev_favorita_stores_1w,Favorita,medium,WAPE,TabPFN-TS,7.079181246047625,TRUE,TRUE,0.126,0.1307,ML_TREE,-0.036622713678698314,-0.00470000000000001,-0.035960214231063575,0.001266624445851805,LIT,FALSE,TRUE,Source A benchmark extraction,1579,1579
b02_fev_favorita_stores_1w__TiRex__SQL,B02_fev_favorita_stores_1W,shchur_2025_fev_bench,fev-bench,b02_fev_favorita_stores_1w,b02_fev_favorita_stores_1w,Favorita,medium,SQL,TiRex,7.544068044350276,TRUE,TRUE,2.0462,2.4207,ML_TREE,-0.16807234007773109,-0.3745000000000003,-0.15470731606560098,0.001266624445851805,LIT,FALSE,TRUE,Source A benchmark extraction,1579,1579
b02_fev_favorita_stores_1w__TiRex__MASE,B02_fev_favorita_stores_1W,shchur_2025_fev_bench,fev-bench,b02_fev_favorita_stores_1w,b02_fev_favorita_stores_1w,Favorita,medium,MASE,TiRex,7.544068044350276,TRUE,TRUE,2.4235,2.4207,ML_TREE,0.0011560217628601955,0.0028000000000001357,0.0011566902135746418,0.001266624445851805,LIT,FALSE,TRUE,Source A benchmark extraction,1579,1579
b02_fev_favorita_stores_1w__TiRex__WAPE,B02_fev_favorita_stores_1W,shchur_2025_fev_bench,fev-bench,b02_fev_favorita_stores_1w,b02_fev_favorita_stores_1w,Favorita,medium,WAPE,TiRex,7.544068044350276,TRUE,TRUE,0.1346,0.1307,ML_TREE,0.029402796580451095,0.003899999999999987,0.02983932670237174,0.001266624445851805,LIT,FALSE,TRUE,Source A benchmark extraction,1579,1579
b02_fev_favorita_stores_1w__TimesFM-2.5__SQL,B02_fev_favorita_stores_1W,shchur_2025_fev_bench,fev-bench,b02_fev_favorita_stores_1w,b02_fev_favorita_stores_1w,Favorita,medium,SQL,TimesFM-2.5,8.301029995663981,TRUE,TRUE,1.9684,2.4207,ML_TREE,-0.20683572453074753,-0.45230000000000015,-0.1868467798570662,0.001266624445851805,LIT,FALSE,TRUE,Source A benchmark extraction,1579,1579
b02_fev_favorita_stores_1w__TimesFM-2.5__MASE,B02_fev_favorita_stores_1W,shchur_2025_fev_bench,fev-bench,b02_fev_favorita_stores_1w,b02_fev_favorita_stores_1w,Favorita,medium,MASE,TimesFM-2.5,8.301029995663981,TRUE,TRUE,2.2901,2.4207,ML_TREE,-0.05546126980543935,-0.13060000000000027,-0.05395133639030043,0.001266624445851805,LIT,FALSE,TRUE,Source A benchmark extraction,1579,1579
b02_fev_favorita_stores_1w__TimesFM-2.5__WAPE,B02_fev_favorita_stores_1W,shchur_2025_fev_bench,fev-bench,b02_fev_favorita_stores_1w,b02_fev_favorita_stores_1w,Favorita,medium,WAPE,TimesFM-2.5,8.301029995663981,TRUE,TRUE,0.1308,0.1307,ML_TREE,7.648183929220497e-4,9.999999999998899e-5,7.651109410863732e-4,0.001266624445851805,LIT,FALSE,TRUE,Source A benchmark extraction,1579,1579
b02_fev_favorita_stores_1w__Toto-1.0__SQL,B02_fev_favorita_stores_1W,shchur_2025_fev_bench,fev-bench,b02_fev_favorita_stores_1w,b02_fev_favorita_stores_1w,Favorita,medium,SQL,Toto-1.0,8,TRUE,TRUE,2.1277,2.4207,ML_TREE,-0.12901517044289848,-0.29300000000000015,-0.12103936877762636,0.001266624445851805,LIT,FALSE,TRUE,Source A benchmark extraction,1579,1579
b02_fev_favorita_stores_1w__Toto-1.0__MASE,B02_fev_favorita_stores_1W,shchur_2025_fev_bench,fev-bench,b02_fev_favorita_stores_1w,b02_fev_favorita_stores_1w,Favorita,medium,MASE,Toto-1.0,8,TRUE,TRUE,2.508,2.4207,ML_TREE,0.03542886823024074,0.08729999999999993,0.03606394844466474,0.001266624445851805,LIT,FALSE,TRUE,Source A benchmark extraction,1579,1579
b02_fev_favorita_stores_1w__Toto-1.0__WAPE,B02_fev_favorita_stores_1W,shchur_2025_fev_bench,fev-bench,b02_fev_favorita_stores_1w,b02_fev_favorita_stores_1w,Favorita,medium,WAPE,Toto-1.0,8,TRUE,TRUE,0.1511,0.1307,ML_TREE,0.14503724864851758,0.0204,0.15608263198163733,0.001266624445851805,LIT,FALSE,TRUE,Source A benchmark extraction,1579,1579
b02_fev_favorita_transactions_1d__Chronos-2__SQL,B02_fev_favorita_transactions_1D,shchur_2025_fev_bench,fev-bench,b02_fev_favorita_transactions_1d,b02_fev_favorita_transactions_1d,Favorita,long,SQL,Chronos-2,8.079181246047625,TRUE,TRUE,0.6846,1.323,ML_TREE,-0.6588224380188706,-0.6384,-0.48253968253968255,0.0392156862745098,LIT,FALSE,TRUE,Source A benchmark extraction,51,51
b02_fev_favorita_transactions_1d__Chronos-2__MASE,B02_fev_favorita_transactions_1D,shchur_2025_fev_bench,fev-bench,b02_fev_favorita_transactions_1d,b02_fev_favorita_transactions_1d,Favorita,long,MASE,Chronos-2,8.079181246047625,TRUE,TRUE,0.8494,1.323,ML_TREE,-0.44312694623578486,-0.4735999999999999,-0.35797430083144366,0.0392156862745098,LIT,FALSE,TRUE,Source A benchmark extraction,51,51
b02_fev_favorita_transactions_1d__Chronos-2__WAPE,B02_fev_favorita_transactions_1D,shchur_2025_fev_bench,fev-bench,b02_fev_favorita_transactions_1d,b02_fev_favorita_transactions_1d,Favorita,long,WAPE,Chronos-2,8.079181246047625,TRUE,TRUE,0.0612,0.0814,ML_TREE,-0.2852280834902142,-0.020200000000000003,-0.24815724815724818,0.0392156862745098,LIT,FALSE,TRUE,Source A benchmark extraction,51,51
b02_fev_favorita_transactions_1d__Chronos-Bolt-Base__SQL,B02_fev_favorita_transactions_1D,shchur_2025_fev_bench,fev-bench,b02_fev_favorita_transactions_1d,b02_fev_favorita_transactions_1d,Favorita,long,SQL,Chronos-Bolt-Base,7.662757831681574,TRUE,TRUE,0.975,1.323,ML_TREE,-0.30521969311710856,-0.348,-0.26303854875283444,0.0392156862745098,LIT,FALSE,TRUE,Source A benchmark extraction,51,51
b02_fev_favorita_transactions_1d__Chronos-Bolt-Base__MASE,B02_fev_favorita_transactions_1D,shchur_2025_fev_bench,fev-bench,b02_fev_favorita_transactions_1d,b02_fev_favorita_transactions_1d,Favorita,long,MASE,Chronos-Bolt-Base,7.662757831681574,TRUE,TRUE,1.1515,1.323,ML_TREE,-0.1388364448542158,-0.17149999999999999,-0.12962962962962962,0.0392156862745098,LIT,FALSE,TRUE,Source A benchmark extraction,51,51
b02_fev_favorita_transactions_1d__Chronos-Bolt-Base__WAPE,B02_fev_favorita_transactions_1D,shchur_2025_fev_bench,fev-bench,b02_fev_favorita_transactions_1d,b02_fev_favorita_transactions_1d,Favorita,long,WAPE,Chronos-Bolt-Base,7.662757831681574,TRUE,TRUE,0.0873,0.0814,ML_TREE,0.06997518983706202,0.0059000000000000025,0.07248157248157251,0.0392156862745098,LIT,FALSE,TRUE,Source A benchmark extraction,51,51
b02_fev_favorita_transactions_1d__Moirai-2.0-Small__SQL,B02_fev_favorita_transactions_1D,shchur_2025_fev_bench,fev-bench,b02_fev_favorita_transactions_1d,b02_fev_favorita_transactions_1d,Favorita,long,SQL,Moirai-2.0-Small,7.041392685158225,TRUE,TRUE,1.121,1.323,ML_TREE,-0.16568074104279573,-0.20199999999999996,-0.15268329554043836,0.0392156862745098,LIT,FALSE,TRUE,Source A benchmark extraction,51,51
b02_fev_favorita_transactions_1d__Moirai-2.0-Small__MASE,B02_fev_favorita_transactions_1D,shchur_2025_fev_bench,fev-bench,b02_fev_favorita_transactions_1d,b02_fev_favorita_transactions_1d,Favorita,long,MASE,Moirai-2.0-Small,7.041392685158225,TRUE,TRUE,1.33,1.323,ML_TREE,0.005277057100843819,0.007000000000000117,0.00529100529100538,0.0392156862745098,LIT,FALSE,TRUE,Source A benchmark extraction,51,51
b02_fev_favorita_transactions_1d__Moirai-2.0-Small__WAPE,B02_fev_favorita_transactions_1D,shchur_2025_fev_bench,fev-bench,b02_fev_favorita_transactions_1d,b02_fev_favorita_transactions_1d,Favorita,long,WAPE,Moirai-2.0-Small,7.041392685158225,TRUE,TRUE,0.0837,0.0814,ML_TREE,0.027863704486934898,0.0022999999999999965,0.02825552825552821,0.0392156862745098,LIT,FALSE,TRUE,Source A benchmark extraction,51,51
b02_fev_favorita_transactions_1d__TabPFN-TS__SQL,B02_fev_favorita_transactions_1D,shchur_2025_fev_bench,fev-bench,b02_fev_favorita_transactions_1d,b02_fev_favorita_transactions_1d,Favorita,long,SQL,TabPFN-TS,7.079181246047625,TRUE,TRUE,1.2252,1.323,ML_TREE,-0.07679778915633541,-0.09779999999999989,-0.07392290249433098,0.0392156862745098,LIT,FALSE,TRUE,Source A benchmark extraction,51,51
b02_fev_favorita_transactions_1d__TabPFN-TS__MASE,B02_fev_favorita_transactions_1D,shchur_2025_fev_bench,fev-bench,b02_fev_favorita_transactions_1d,b02_fev_favorita_transactions_1d,Favorita,long,MASE,TabPFN-TS,7.079181246047625,TRUE,TRUE,1.6727,1.323,ML_TREE,0.2345372022030075,0.3497000000000001,0.2643235071806501,0.0392156862745098,LIT,FALSE,TRUE,Source A benchmark extraction,51,51
b02_fev_favorita_transactions_1d__TabPFN-TS__WAPE,B02_fev_favorita_transactions_1D,shchur_2025_fev_bench,fev-bench,b02_fev_favorita_transactions_1d,b02_fev_favorita_transactions_1d,Favorita,long,WAPE,TabPFN-TS,7.079181246047625,TRUE,TRUE,0.0773,0.0814,ML_TREE,-0.05168131741511845,-0.004100000000000006,-0.050368550368550445,0.0392156862745098,LIT,FALSE,TRUE,Source A benchmark extraction,51,51
b02_fev_favorita_transactions_1d__TiRex__SQL,B02_fev_favorita_transactions_1D,shchur_2025_fev_bench,fev-bench,b02_fev_favorita_transactions_1d,b02_fev_favorita_transactions_1d,Favorita,long,SQL,TiRex,7.544068044350276,TRUE,TRUE,1.0314,1.323,ML_TREE,-0.24898478249809694,-0.29159999999999986,-0.22040816326530602,0.0392156862745098,LIT,FALSE,TRUE,Source A benchmark extraction,51,51
b02_fev_favorita_transactions_1d__TiRex__MASE,B02_fev_favorita_transactions_1D,shchur_2025_fev_bench,fev-bench,b02_fev_favorita_transactions_1d,b02_fev_favorita_transactions_1d,Favorita,long,MASE,TiRex,7.544068044350276,TRUE,TRUE,1.3493,1.323,ML_TREE,0.0196840543217859,0.02629999999999999,0.019879062736205586,0.0392156862745098,LIT,FALSE,TRUE,Source A benchmark extraction,51,51
b02_fev_favorita_transactions_1d__TiRex__WAPE,B02_fev_favorita_transactions_1D,shchur_2025_fev_bench,fev-bench,b02_fev_favorita_transactions_1d,b02_fev_favorita_transactions_1d,Favorita,long,WAPE,TiRex,7.544068044350276,TRUE,TRUE,0.082,0.0814,ML_TREE,0.007343974255758505,6.000000000000033e-4,0.007371007371007412,0.0392156862745098,LIT,FALSE,TRUE,Source A benchmark extraction,51,51
b02_fev_favorita_transactions_1d__TimesFM-2.5__SQL,B02_fev_favorita_transactions_1D,shchur_2025_fev_bench,fev-bench,b02_fev_favorita_transactions_1d,b02_fev_favorita_transactions_1d,Favorita,long,SQL,TimesFM-2.5,8.301029995663981,TRUE,TRUE,0.8736,1.323,ML_TREE,-0.4150345591243149,-0.4493999999999999,-0.33968253968253964,0.0392156862745098,LIT,FALSE,TRUE,Source A benchmark extraction,51,51
b02_fev_favorita_transactions_1d__TimesFM-2.5__MASE,B02_fev_favorita_transactions_1D,shchur_2025_fev_bench,fev-bench,b02_fev_favorita_transactions_1d,b02_fev_favorita_transactions_1d,Favorita,long,MASE,TimesFM-2.5,8.301029995663981,TRUE,TRUE,1.0842,1.323,ML_TREE,-0.19905949728871772,-0.2387999999999999,-0.18049886621315187,0.0392156862745098,LIT,FALSE,TRUE,Source A benchmark extraction,51,51
b02_fev_favorita_transactions_1d__TimesFM-2.5__WAPE,B02_fev_favorita_transactions_1D,shchur_2025_fev_bench,fev-bench,b02_fev_favorita_transactions_1d,b02_fev_favorita_transactions_1d,Favorita,long,WAPE,TimesFM-2.5,8.301029995663981,TRUE,TRUE,0.0655,0.0814,ML_TREE,-0.2173251303672883,-0.015899999999999997,-0.1953316953316953,0.0392156862745098,LIT,FALSE,TRUE,Source A benchmark extraction,51,51
b02_fev_favorita_transactions_1d__Toto-1.0__SQL,B02_fev_favorita_transactions_1D,shchur_2025_fev_bench,fev-bench,b02_fev_favorita_transactions_1d,b02_fev_favorita_transactions_1d,Favorita,long,SQL,Toto-1.0,8,TRUE,TRUE,1.1139,1.323,ML_TREE,-0.17203451426381167,-0.20910000000000006,-0.15804988662131525,0.0392156862745098,LIT,FALSE,TRUE,Source A benchmark extraction,51,51
b02_fev_favorita_transactions_1d__Toto-1.0__MASE,B02_fev_favorita_transactions_1D,shchur_2025_fev_bench,fev-bench,b02_fev_favorita_transactions_1d,b02_fev_favorita_transactions_1d,Favorita,long,MASE,Toto-1.0,8,TRUE,TRUE,1.4307,1.323,ML_TREE,0.07826194985733284,0.10770000000000013,0.08140589569161008,0.0392156862745098,LIT,FALSE,TRUE,Source A benchmark extraction,51,51
b02_fev_favorita_transactions_1d__Toto-1.0__WAPE,B02_fev_favorita_transactions_1D,shchur_2025_fev_bench,fev-bench,b02_fev_favorita_transactions_1d,b02_fev_favorita_transactions_1d,Favorita,long,WAPE,Toto-1.0,8,TRUE,TRUE,0.0947,0.0814,ML_TREE,0.151338727183538,0.013300000000000006,0.16339066339066347,0.0392156862745098,LIT,FALSE,TRUE,Source A benchmark extraction,51,51
b02_fev_favorita_transactions_1m__Chronos-2__SQL,B02_fev_favorita_transactions_1M,shchur_2025_fev_bench,fev-bench,b02_fev_favorita_transactions_1m,b02_fev_favorita_transactions_1m,Favorita,medium,SQL,Chronos-2,8.079181246047625,TRUE,TRUE,0.9426,1.5469,ML_TREE,-0.49536619275298865,-0.6043,-0.3906522722865085,0.0196078431372549,LIT,FALSE,TRUE,Source A benchmark extraction,102,102
b02_fev_favorita_transactions_1m__Chronos-2__MASE,B02_fev_favorita_transactions_1M,shchur_2025_fev_bench,fev-bench,b02_fev_favorita_transactions_1m,b02_fev_favorita_transactions_1m,Favorita,medium,MASE,Chronos-2,8.079181246047625,TRUE,TRUE,1.2531,1.5469,ML_TREE,-0.2106324470713798,-0.29379999999999984,-0.18992824358394197,0.0196078431372549,LIT,FALSE,TRUE,Source A benchmark extraction,102,102
b02_fev_favorita_transactions_1m__Chronos-2__WAPE,B02_fev_favorita_transactions_1M,shchur_2025_fev_bench,fev-bench,b02_fev_favorita_transactions_1m,b02_fev_favorita_transactions_1m,Favorita,medium,WAPE,Chronos-2,8.079181246047625,TRUE,TRUE,0.0719,0.1009,ML_TREE,-0.33885366263256217,-0.028999999999999998,-0.2874132804757185,0.0196078431372549,LIT,FALSE,TRUE,Source A benchmark extraction,102,102
b02_fev_favorita_transactions_1m__Chronos-Bolt-Base__SQL,B02_fev_favorita_transactions_1M,shchur_2025_fev_bench,fev-bench,b02_fev_favorita_transactions_1m,b02_fev_favorita_transactions_1m,Favorita,medium,SQL,Chronos-Bolt-Base,7.662757831681574,TRUE,TRUE,1.3585,1.5469,ML_TREE,-0.12987177837621677,-0.1883999999999999,-0.12179197103885184,0.0196078431372549,LIT,FALSE,TRUE,Source A benchmark extraction,102,102
b02_fev_favorita_transactions_1m__Chronos-Bolt-Base__MASE,B02_fev_favorita_transactions_1M,shchur_2025_fev_bench,fev-bench,b02_fev_favorita_transactions_1m,b02_fev_favorita_transactions_1m,Favorita,medium,MASE,Chronos-Bolt-Base,7.662757831681574,TRUE,TRUE,1.6365,1.5469,ML_TREE,0.05630688669861598,0.08960000000000012,0.05792229620531394,0.0196078431372549,LIT,FALSE,TRUE,Source A benchmark extraction,102,102
b02_fev_favorita_transactions_1m__Chronos-Bolt-Base__WAPE,B02_fev_favorita_transactions_1M,shchur_2025_fev_bench,fev-bench,b02_fev_favorita_transactions_1m,b02_fev_favorita_transactions_1m,Favorita,medium,WAPE,Chronos-Bolt-Base,7.662757831681574,TRUE,TRUE,0.0941,0.1009,ML_TREE,-0.0697718807682293,-0.0068000000000000005,-0.06739345887016848,0.0196078431372549,LIT,FALSE,TRUE,Source A benchmark extraction,102,102
b02_fev_favorita_transactions_1m__Moirai-2.0-Small__SQL,B02_fev_favorita_transactions_1M,shchur_2025_fev_bench,fev-bench,b02_fev_favorita_transactions_1m,b02_fev_favorita_transactions_1m,Favorita,medium,SQL,Moirai-2.0-Small,7.041392685158225,TRUE,TRUE,1.39,1.5469,ML_TREE,-0.1069491811178818,-0.15690000000000004,-0.10142866377917127,0.0196078431372549,LIT,FALSE,TRUE,Source A benchmark extraction,102,102
b02_fev_favorita_transactions_1m__Moirai-2.0-Small__MASE,B02_fev_favorita_transactions_1M,shchur_2025_fev_bench,fev-bench,b02_fev_favorita_transactions_1m,b02_fev_favorita_transactions_1m,Favorita,medium,MASE,Moirai-2.0-Small,7.041392685158225,TRUE,TRUE,1.611,1.5469,ML_TREE,0.04060217593435521,0.06410000000000005,0.04143771413795336,0.0196078431372549,LIT,FALSE,TRUE,Source A benchmark extraction,102,102
b02_fev_favorita_transactions_1m__Moirai-2.0-Small__WAPE,B02_fev_favorita_transactions_1M,shchur_2025_fev_bench,fev-bench,b02_fev_favorita_transactions_1m,b02_fev_favorita_transactions_1m,Favorita,medium,WAPE,Moirai-2.0-Small,7.041392685158225,TRUE,TRUE,0.0863,0.1009,ML_TREE,-0.15630032927018106,-0.014600000000000002,-0.14469772051536176,0.0196078431372549,LIT,FALSE,TRUE,Source A benchmark extraction,102,102
b02_fev_favorita_transactions_1m__TabPFN-TS__SQL,B02_fev_favorita_transactions_1M,shchur_2025_fev_bench,fev-bench,b02_fev_favorita_transactions_1m,b02_fev_favorita_transactions_1m,Favorita,medium,SQL,TabPFN-TS,7.079181246047625,TRUE,TRUE,1.2438,1.5469,ML_TREE,-0.21808171857283024,-0.3030999999999999,-0.19594026763203823,0.0196078431372549,LIT,FALSE,TRUE,Source A benchmark extraction,102,102
b02_fev_favorita_transactions_1m__TabPFN-TS__MASE,B02_fev_favorita_transactions_1M,shchur_2025_fev_bench,fev-bench,b02_fev_favorita_transactions_1m,b02_fev_favorita_transactions_1m,Favorita,medium,MASE,TabPFN-TS,7.079181246047625,TRUE,TRUE,1.4262,1.5469,ML_TREE,-0.08123936364841595,-0.12070000000000003,-0.07802702178550652,0.0196078431372549,LIT,FALSE,TRUE,Source A benchmark extraction,102,102
b02_fev_favorita_transactions_1m__TabPFN-TS__WAPE,B02_fev_favorita_transactions_1M,shchur_2025_fev_bench,fev-bench,b02_fev_favorita_transactions_1m,b02_fev_favorita_transactions_1m,Favorita,medium,WAPE,TabPFN-TS,7.079181246047625,TRUE,TRUE,0.0822,0.1009,ML_TREE,-0.20497462529742919,-0.01870000000000001,-0.18533201189296342,0.0196078431372549,LIT,FALSE,TRUE,Source A benchmark extraction,102,102
b02_fev_favorita_transactions_1m__TiRex__SQL,B02_fev_favorita_transactions_1M,shchur_2025_fev_bench,fev-bench,b02_fev_favorita_transactions_1m,b02_fev_favorita_transactions_1m,Favorita,medium,SQL,TiRex,7.544068044350276,TRUE,TRUE,1.0893,1.5469,ML_TREE,-0.3507176401542194,-0.4576,-0.2958174413342815,0.0196078431372549,LIT,FALSE,TRUE,Source A benchmark extraction,102,102
b02_fev_favorita_transactions_1m__TiRex__MASE,B02_fev_favorita_transactions_1M,shchur_2025_fev_bench,fev-bench,b02_fev_favorita_transactions_1m,b02_fev_favorita_transactions_1m,Favorita,medium,MASE,TiRex,7.544068044350276,TRUE,TRUE,1.3596,1.5469,ML_TREE,-0.12906238942065834,-0.18730000000000002,-0.12108087142025989,0.0196078431372549,LIT,FALSE,TRUE,Source A benchmark extraction,102,102
b02_fev_favorita_transactions_1m__TiRex__WAPE,B02_fev_favorita_transactions_1M,shchur_2025_fev_bench,fev-bench,b02_fev_favorita_transactions_1m,b02_fev_favorita_transactions_1m,Favorita,medium,WAPE,TiRex,7.544068044350276,TRUE,TRUE,0.0772,0.1009,ML_TREE,-0.2677304703288327,-0.0237,-0.2348860257680872,0.0196078431372549,LIT,FALSE,TRUE,Source A benchmark extraction,102,102
b02_fev_favorita_transactions_1m__TimesFM-2.5__SQL,B02_fev_favorita_transactions_1M,shchur_2025_fev_bench,fev-bench,b02_fev_favorita_transactions_1m,b02_fev_favorita_transactions_1m,Favorita,medium,SQL,TimesFM-2.5,8.301029995663981,TRUE,TRUE,1.1327,1.5469,ML_TREE,-0.3116487650359513,-0.4141999999999999,-0.2677613291098325,0.0196078431372549,LIT,FALSE,TRUE,Source A benchmark extraction,102,102
b02_fev_favorita_transactions_1m__TimesFM-2.5__MASE,B02_fev_favorita_transactions_1M,shchur_2025_fev_bench,fev-bench,b02_fev_favorita_transactions_1m,b02_fev_favorita_transactions_1m,Favorita,medium,MASE,TimesFM-2.5,8.301029995663981,TRUE,TRUE,1.3316,1.5469,ML_TREE,-0.14987170154174936,-0.21530000000000005,-0.13918158898442048,0.0196078431372549,LIT,FALSE,TRUE,Source A benchmark extraction,102,102
b02_fev_favorita_transactions_1m__TimesFM-2.5__WAPE,B02_fev_favorita_transactions_1M,shchur_2025_fev_bench,fev-bench,b02_fev_favorita_transactions_1m,b02_fev_favorita_transactions_1m,Favorita,medium,WAPE,TimesFM-2.5,8.301029995663981,TRUE,TRUE,0.0742,0.1009,ML_TREE,-0.3073657771862285,-0.0267,-0.26461843409316155,0.0196078431372549,LIT,FALSE,TRUE,Source A benchmark extraction,102,102
b02_fev_favorita_transactions_1m__Toto-1.0__SQL,B02_fev_favorita_transactions_1M,shchur_2025_fev_bench,fev-bench,b02_fev_favorita_transactions_1m,b02_fev_favorita_transactions_1m,Favorita,medium,SQL,Toto-1.0,8,TRUE,TRUE,1.3969,1.5469,ML_TREE,-0.10199743250911397,-0.1499999999999999,-0.09696812980800305,0.0196078431372549,LIT,FALSE,TRUE,Source A benchmark extraction,102,102
b02_fev_favorita_transactions_1m__Toto-1.0__MASE,B02_fev_favorita_transactions_1M,shchur_2025_fev_bench,fev-bench,b02_fev_favorita_transactions_1m,b02_fev_favorita_transactions_1m,Favorita,medium,MASE,Toto-1.0,8,TRUE,TRUE,1.6656,1.5469,ML_TREE,0.07393249061808532,0.11870000000000003,0.07673411338806647,0.0196078431372549,LIT,FALSE,TRUE,Source A benchmark extraction,102,102
b02_fev_favorita_transactions_1m__Toto-1.0__WAPE,B02_fev_favorita_transactions_1M,shchur_2025_fev_bench,fev-bench,b02_fev_favorita_transactions_1m,b02_fev_favorita_transactions_1m,Favorita,medium,WAPE,Toto-1.0,8,TRUE,TRUE,0.0891,0.1009,ML_TREE,-0.12437059288279965,-0.011800000000000005,-0.11694747274529241,0.0196078431372549,LIT,FALSE,TRUE,Source A benchmark extraction,102,102
b02_fev_favorita_transactions_1w__Chronos-2__SQL,B02_fev_favorita_transactions_1W,shchur_2025_fev_bench,fev-bench,b02_fev_favorita_transactions_1w,b02_fev_favorita_transactions_1w,Favorita,medium,SQL,Chronos-2,8.079181246047625,TRUE,TRUE,1.2279,1.4269,ML_TREE,-0.1501988657700626,-0.19900000000000007,-0.13946317191113608,0.0392156862745098,LIT,FALSE,TRUE,Source A benchmark extraction,51,51
b02_fev_favorita_transactions_1w__Chronos-2__MASE,B02_fev_favorita_transactions_1W,shchur_2025_fev_bench,fev-bench,b02_fev_favorita_transactions_1w,b02_fev_favorita_transactions_1w,Favorita,medium,MASE,Chronos-2,8.079181246047625,TRUE,TRUE,1.4988,1.4269,ML_TREE,0.049160528983002744,0.07189999999999985,0.0503889550774405,0.0392156862745098,LIT,FALSE,TRUE,Source A benchmark extraction,51,51
b02_fev_favorita_transactions_1w__Chronos-2__WAPE,B02_fev_favorita_transactions_1W,shchur_2025_fev_bench,fev-bench,b02_fev_favorita_transactions_1w,b02_fev_favorita_transactions_1w,Favorita,medium,WAPE,Chronos-2,8.079181246047625,TRUE,TRUE,0.0562,0.0633,ML_TREE,-0.118968572250485,-0.007099999999999995,-0.11216429699842015,0.0392156862745098,LIT,FALSE,TRUE,Source A benchmark extraction,51,51
b02_fev_favorita_transactions_1w__Chronos-Bolt-Base__SQL,B02_fev_favorita_transactions_1W,shchur_2025_fev_bench,fev-bench,b02_fev_favorita_transactions_1w,b02_fev_favorita_transactions_1w,Favorita,medium,SQL,Chronos-Bolt-Base,7.662757831681574,TRUE,TRUE,1.4283,1.4269,ML_TREE,9.806669320530626e-4,0.0013999999999998458,9.811479430933113e-4,0.0392156862745098,LIT,FALSE,TRUE,Source A benchmark extraction,51,51
b02_fev_favorita_transactions_1w__Chronos-Bolt-Base__MASE,B02_fev_favorita_transactions_1W,shchur_2025_fev_bench,fev-bench,b02_fev_favorita_transactions_1w,b02_fev_favorita_transactions_1w,Favorita,medium,MASE,Chronos-Bolt-Base,7.662757831681574,TRUE,TRUE,1.7479,1.4269,ML_TREE,0.20291080840451123,0.32099999999999995,0.22496320695213395,0.0392156862745098,LIT,FALSE,TRUE,Source A benchmark extraction,51,51
b02_fev_favorita_transactions_1w__Chronos-Bolt-Base__WAPE,B02_fev_favorita_transactions_1W,shchur_2025_fev_bench,fev-bench,b02_fev_favorita_transactions_1w,b02_fev_favorita_transactions_1w,Favorita,medium,WAPE,Chronos-Bolt-Base,7.662757831681574,TRUE,TRUE,0.0629,0.0633,ML_TREE,-0.006339165443735654,-3.999999999999976e-4,-0.006319115323854623,0.0392156862745098,LIT,FALSE,TRUE,Source A benchmark extraction,51,51
b02_fev_favorita_transactions_1w__Moirai-2.0-Small__SQL,B02_fev_favorita_transactions_1W,shchur_2025_fev_bench,fev-bench,b02_fev_favorita_transactions_1w,b02_fev_favorita_transactions_1w,Favorita,medium,SQL,Moirai-2.0-Small,7.041392685158225,TRUE,TRUE,1.463,1.4269,ML_TREE,0.024984863083594766,0.03610000000000002,0.025299600532623184,0.0392156862745098,LIT,FALSE,TRUE,Source A benchmark extraction,51,51
b02_fev_favorita_transactions_1w__Moirai-2.0-Small__MASE,B02_fev_favorita_transactions_1W,shchur_2025_fev_bench,fev-bench,b02_fev_favorita_transactions_1w,b02_fev_favorita_transactions_1w,Favorita,medium,MASE,Moirai-2.0-Small,7.041392685158225,TRUE,TRUE,1.685,1.4269,ML_TREE,0.16626130484993248,0.2581,0.18088163150886535,0.0392156862745098,LIT,FALSE,TRUE,Source A benchmark extraction,51,51
b02_fev_favorita_transactions_1w__Moirai-2.0-Small__WAPE,B02_fev_favorita_transactions_1W,shchur_2025_fev_bench,fev-bench,b02_fev_favorita_transactions_1w,b02_fev_favorita_transactions_1w,Favorita,medium,WAPE,Moirai-2.0-Small,7.041392685158225,TRUE,TRUE,0.0672,0.0633,ML_TREE,0.05978791837897343,0.0039000000000000007,0.06161137440758296,0.0392156862745098,LIT,FALSE,TRUE,Source A benchmark extraction,51,51
b02_fev_favorita_transactions_1w__TabPFN-TS__SQL,B02_fev_favorita_transactions_1W,shchur_2025_fev_bench,fev-bench,b02_fev_favorita_transactions_1w,b02_fev_favorita_transactions_1w,Favorita,medium,SQL,TabPFN-TS,7.079181246047625,TRUE,TRUE,1.9116,1.4269,ML_TREE,0.2924363287674735,0.4846999999999999,0.33968743429812875,0.0392156862745098,LIT,FALSE,TRUE,Source A benchmark extraction,51,51
b02_fev_favorita_transactions_1w__TabPFN-TS__MASE,B02_fev_favorita_transactions_1W,shchur_2025_fev_bench,fev-bench,b02_fev_favorita_transactions_1w,b02_fev_favorita_transactions_1w,Favorita,medium,MASE,TabPFN-TS,7.079181246047625,TRUE,TRUE,2.4368,1.4269,ML_TREE,0.5351814442043678,1.0098999999999998,0.7077580769500313,0.0392156862745098,LIT,FALSE,TRUE,Source A benchmark extraction,51,51
b02_fev_favorita_transactions_1w__TabPFN-TS__WAPE,B02_fev_favorita_transactions_1W,shchur_2025_fev_bench,fev-bench,b02_fev_favorita_transactions_1w,b02_fev_favorita_transactions_1w,Favorita,medium,WAPE,TabPFN-TS,7.079181246047625,TRUE,TRUE,0.071,0.0633,ML_TREE,0.11479454789118482,0.0076999999999999985,0.1216429699842022,0.0392156862745098,LIT,FALSE,TRUE,Source A benchmark extraction,51,51
b02_fev_favorita_transactions_1w__TiRex__SQL,B02_fev_favorita_transactions_1W,shchur_2025_fev_bench,fev-bench,b02_fev_favorita_transactions_1w,b02_fev_favorita_transactions_1w,Favorita,medium,SQL,TiRex,7.544068044350276,TRUE,TRUE,1.3836,1.4269,ML_TREE,-0.03081546087351597,-0.043300000000000116,-0.030345504239960835,0.0392156862745098,LIT,FALSE,TRUE,Source A benchmark extraction,51,51
b02_fev_favorita_transactions_1w__TiRex__MASE,B02_fev_favorita_transactions_1W,shchur_2025_fev_bench,fev-bench,b02_fev_favorita_transactions_1w,b02_fev_favorita_transactions_1w,Favorita,medium,MASE,TiRex,7.544068044350276,TRUE,TRUE,1.7465,1.4269,ML_TREE,0.20210952631035703,0.3195999999999999,0.22398205900904047,0.0392156862745098,LIT,FALSE,TRUE,Source A benchmark extraction,51,51
b02_fev_favorita_transactions_1w__TiRex__WAPE,B02_fev_favorita_transactions_1W,shchur_2025_fev_bench,fev-bench,b02_fev_favorita_transactions_1w,b02_fev_favorita_transactions_1w,Favorita,medium,WAPE,TiRex,7.544068044350276,TRUE,TRUE,0.0591,0.0633,ML_TREE,-0.06865440473807789,-0.004199999999999995,-0.06635071090047387,0.0392156862745098,LIT,FALSE,TRUE,Source A benchmark extraction,51,51
b02_fev_favorita_transactions_1w__TimesFM-2.5__SQL,B02_fev_favorita_transactions_1W,shchur_2025_fev_bench,fev-bench,b02_fev_favorita_transactions_1w,b02_fev_favorita_transactions_1w,Favorita,medium,SQL,TimesFM-2.5,8.301029995663981,TRUE,TRUE,1.2228,1.4269,ML_TREE,-0.15436094791985,-0.20409999999999995,-0.14303735370383344,0.0392156862745098,LIT,FALSE,TRUE,Source A benchmark extraction,51,51
b02_fev_favorita_transactions_1w__TimesFM-2.5__MASE,B02_fev_favorita_transactions_1W,shchur_2025_fev_bench,fev-bench,b02_fev_favorita_transactions_1w,b02_fev_favorita_transactions_1w,Favorita,medium,MASE,TimesFM-2.5,8.301029995663981,TRUE,TRUE,1.4718,1.4269,ML_TREE,0.03098188255596897,0.04489999999999994,0.03146681617492462,0.0392156862745098,LIT,FALSE,TRUE,Source A benchmark extraction,51,51
b02_fev_favorita_transactions_1w__TimesFM-2.5__WAPE,B02_fev_favorita_transactions_1W,shchur_2025_fev_bench,fev-bench,b02_fev_favorita_transactions_1w,b02_fev_favorita_transactions_1w,Favorita,medium,WAPE,TimesFM-2.5,8.301029995663981,TRUE,TRUE,0.0559,0.0633,ML_TREE,-0.12432094898907697,-0.007399999999999997,-0.11690363349131118,0.0392156862745098,LIT,FALSE,TRUE,Source A benchmark extraction,51,51
b02_fev_favorita_transactions_1w__Toto-1.0__SQL,B02_fev_favorita_transactions_1W,shchur_2025_fev_bench,fev-bench,b02_fev_favorita_transactions_1w,b02_fev_favorita_transactions_1w,Favorita,medium,SQL,Toto-1.0,8,TRUE,TRUE,1.5566,1.4269,ML_TREE,0.08699969658875818,0.12969999999999993,0.09089634872801172,0.0392156862745098,LIT,FALSE,TRUE,Source A benchmark extraction,51,51
b02_fev_favorita_transactions_1w__Toto-1.0__MASE,B02_fev_favorita_transactions_1W,shchur_2025_fev_bench,fev-bench,b02_fev_favorita_transactions_1w,b02_fev_favorita_transactions_1w,Favorita,medium,MASE,Toto-1.0,8,TRUE,TRUE,1.9304,1.4269,ML_TREE,0.3022229763742923,0.5034999999999998,0.3528628495339546,0.0392156862745098,LIT,FALSE,TRUE,Source A benchmark extraction,51,51
b02_fev_favorita_transactions_1w__Toto-1.0__WAPE,B02_fev_favorita_transactions_1W,shchur_2025_fev_bench,fev-bench,b02_fev_favorita_transactions_1w,b02_fev_favorita_transactions_1w,Favorita,medium,WAPE,Toto-1.0,8,TRUE,TRUE,0.0687,0.0633,ML_TREE,0.08186387007817314,0.005400000000000002,0.08530805687203795,0.0392156862745098,LIT,FALSE,TRUE,Source A benchmark extraction,51,51
b02_fev_hermes__Chronos-2__SQL,B02_fev_hermes,shchur_2025_fev_bench,fev-bench,b02_fev_hermes,b02_fev_hermes,Hermes,long,SQL,Chronos-2,8.079181246047625,TRUE,TRUE,0.6092,1.167,ML_TREE,-0.6500450112655494,-0.5578000000000001,-0.47797772065124255,2e-4,LIT,FALSE,TRUE,Source A benchmark extraction,10000,10000
b02_fev_hermes__Chronos-2__MASE,B02_fev_hermes,shchur_2025_fev_bench,fev-bench,b02_fev_hermes,b02_fev_hermes,Hermes,long,MASE,Chronos-2,8.079181246047625,TRUE,TRUE,0.7761,1.167,ML_TREE,-0.40791025442646284,-0.3909,-0.33496143958868896,2e-4,LIT,FALSE,TRUE,Source A benchmark extraction,10000,10000
b02_fev_hermes__Chronos-2__WAPE,B02_fev_hermes,shchur_2025_fev_bench,fev-bench,b02_fev_hermes,b02_fev_hermes,Hermes,long,WAPE,Chronos-2,8.079181246047625,TRUE,TRUE,0.0029,0.0045,ML_TREE,-0.43936665978384565,-0.0015999999999999999,-0.35555555555555557,2e-4,LIT,FALSE,TRUE,Source A benchmark extraction,10000,10000
b02_fev_hermes__Chronos-Bolt-Base__SQL,B02_fev_hermes,shchur_2025_fev_bench,fev-bench,b02_fev_hermes,b02_fev_hermes,Hermes,long,SQL,Chronos-Bolt-Base,7.662757831681574,TRUE,TRUE,0.6752,1.167,ML_TREE,-0.5471826890048087,-0.4918,-0.4214224507283633,2e-4,LIT,FALSE,TRUE,Source A benchmark extraction,10000,10000
b02_fev_hermes__Chronos-Bolt-Base__MASE,B02_fev_hermes,shchur_2025_fev_bench,fev-bench,b02_fev_hermes,b02_fev_hermes,Hermes,long,MASE,Chronos-Bolt-Base,7.662757831681574,TRUE,TRUE,0.8579,1.167,ML_TREE,-0.3077040897076365,-0.30910000000000004,-0.26486718080548416,2e-4,LIT,FALSE,TRUE,Source A benchmark extraction,10000,10000
b02_fev_hermes__Chronos-Bolt-Base__WAPE,B02_fev_hermes,shchur_2025_fev_bench,fev-bench,b02_fev_hermes,b02_fev_hermes,Hermes,long,WAPE,Chronos-Bolt-Base,7.662757831681574,TRUE,TRUE,0.0032,0.0045,ML_TREE,-0.340926586970593,-0.0012999999999999995,-0.2888888888888888,2e-4,LIT,FALSE,TRUE,Source A benchmark extraction,10000,10000
b02_fev_hermes__Moirai-2.0-Small__SQL,B02_fev_hermes,shchur_2025_fev_bench,fev-bench,b02_fev_hermes,b02_fev_hermes,Hermes,long,SQL,Moirai-2.0-Small,7.041392685158225,TRUE,TRUE,0.704,1.167,ML_TREE,-0.5054132761285137,-0.4630000000000001,-0.39674378748928885,2e-4,LIT,FALSE,TRUE,Source A benchmark extraction,10000,10000
b02_fev_hermes__Moirai-2.0-Small__MASE,B02_fev_hermes,shchur_2025_fev_bench,fev-bench,b02_fev_hermes,b02_fev_hermes,Hermes,long,MASE,Moirai-2.0-Small,7.041392685158225,TRUE,TRUE,0.885,1.167,ML_TREE,-0.27660398727862656,-0.28200000000000003,-0.24164524421593833,2e-4,LIT,FALSE,TRUE,Source A benchmark extraction,10000,10000
b02_fev_hermes__Moirai-2.0-Small__WAPE,B02_fev_hermes,shchur_2025_fev_bench,fev-bench,b02_fev_hermes,b02_fev_hermes,Hermes,long,WAPE,Moirai-2.0-Small,7.041392685158225,TRUE,TRUE,0.0034,0.0045,ML_TREE,-0.2803019651541584,-0.0010999999999999998,-0.24444444444444444,2e-4,LIT,FALSE,TRUE,Source A benchmark extraction,10000,10000
b02_fev_hermes__TabPFN-TS__SQL,B02_fev_hermes,shchur_2025_fev_bench,fev-bench,b02_fev_hermes,b02_fev_hermes,Hermes,long,SQL,TabPFN-TS,7.079181246047625,TRUE,TRUE,0.7049,1.167,ML_TREE,-0.5041356835067261,-0.46210000000000007,-0.3959725792630677,2e-4,LIT,FALSE,TRUE,Source A benchmark extraction,10000,10000
b02_fev_hermes__TabPFN-TS__MASE,B02_fev_hermes,shchur_2025_fev_bench,fev-bench,b02_fev_hermes,b02_fev_hermes,Hermes,long,MASE,TabPFN-TS,7.079181246047625,TRUE,TRUE,0.9123,1.167,ML_TREE,-0.24622274893512738,-0.25470000000000004,-0.2182519280205656,2e-4,LIT,FALSE,TRUE,Source A benchmark extraction,10000,10000
b02_fev_hermes__TabPFN-TS__WAPE,B02_fev_hermes,shchur_2025_fev_bench,fev-bench,b02_fev_hermes,b02_fev_hermes,Hermes,long,WAPE,TabPFN-TS,7.079181246047625,TRUE,TRUE,0.0034,0.0045,ML_TREE,-0.2803019651541584,-0.0010999999999999998,-0.24444444444444444,2e-4,LIT,FALSE,TRUE,Source A benchmark extraction,10000,10000
b02_fev_hermes__TiRex__SQL,B02_fev_hermes,shchur_2025_fev_bench,fev-bench,b02_fev_hermes,b02_fev_hermes,Hermes,long,SQL,TiRex,7.544068044350276,TRUE,TRUE,0.651,1.167,ML_TREE,-0.5836819900779868,-0.516,-0.442159383033419,2e-4,LIT,FALSE,TRUE,Source A benchmark extraction,10000,10000
b02_fev_hermes__TiRex__MASE,B02_fev_hermes,shchur_2025_fev_bench,fev-bench,b02_fev_hermes,b02_fev_hermes,Hermes,long,MASE,TiRex,7.544068044350276,TRUE,TRUE,0.831,1.167,ML_TREE,-0.3395618374311079,-0.3360000000000001,-0.28791773778920315,2e-4,LIT,FALSE,TRUE,Source A benchmark extraction,10000,10000
b02_fev_hermes__TiRex__WAPE,B02_fev_hermes,shchur_2025_fev_bench,fev-bench,b02_fev_hermes,b02_fev_hermes,Hermes,long,WAPE,TiRex,7.544068044350276,TRUE,TRUE,0.0031,0.0045,ML_TREE,-0.3726752852851735,-0.0013999999999999998,-0.31111111111111106,2e-4,LIT,FALSE,TRUE,Source A benchmark extraction,10000,10000
b02_fev_hermes__TimesFM-2.5__SQL,B02_fev_hermes,shchur_2025_fev_bench,fev-bench,b02_fev_hermes,b02_fev_hermes,Hermes,long,SQL,TimesFM-2.5,8.301029995663981,TRUE,TRUE,0.6184,1.167,ML_TREE,-0.6350561350133439,-0.5486000000000001,-0.4700942587832049,2e-4,LIT,FALSE,TRUE,Source A benchmark extraction,10000,10000
b02_fev_hermes__TimesFM-2.5__MASE,B02_fev_hermes,shchur_2025_fev_bench,fev-bench,b02_fev_hermes,b02_fev_hermes,Hermes,long,MASE,TimesFM-2.5,8.301029995663981,TRUE,TRUE,0.7872,1.167,ML_TREE,-0.3937092865485124,-0.3798,-0.32544987146529564,2e-4,LIT,FALSE,TRUE,Source A benchmark extraction,10000,10000
b02_fev_hermes__TimesFM-2.5__WAPE,B02_fev_hermes,shchur_2025_fev_bench,fev-bench,b02_fev_hermes,b02_fev_hermes,Hermes,long,WAPE,TimesFM-2.5,8.301029995663981,TRUE,TRUE,0.0029,0.0045,ML_TREE,-0.43936665978384565,-0.0015999999999999999,-0.35555555555555557,2e-4,LIT,FALSE,TRUE,Source A benchmark extraction,10000,10000
b02_fev_hermes__Toto-1.0__SQL,B02_fev_hermes,shchur_2025_fev_bench,fev-bench,b02_fev_hermes,b02_fev_hermes,Hermes,long,SQL,Toto-1.0,8,TRUE,TRUE,0.9853,1.167,ML_TREE,-0.16924546895812717,-0.18170000000000008,-0.15569837189374472,2e-4,LIT,FALSE,TRUE,Source A benchmark extraction,10000,10000
b02_fev_hermes__Toto-1.0__MASE,B02_fev_hermes,shchur_2025_fev_bench,fev-bench,b02_fev_hermes,b02_fev_hermes,Hermes,long,MASE,Toto-1.0,8,TRUE,TRUE,1.2023,1.167,ML_TREE,0.029800035694307378,0.03529999999999989,0.030248500428448916,2e-4,LIT,FALSE,TRUE,Source A benchmark extraction,10000,10000
b02_fev_hermes__Toto-1.0__WAPE,B02_fev_hermes,shchur_2025_fev_bench,fev-bench,b02_fev_hermes,b02_fev_hermes,Hermes,long,WAPE,Toto-1.0,8,TRUE,TRUE,0.0044,0.0045,ML_TREE,-0.022472855852058514,-9.99999999999994e-5,-0.022222222222222088,2e-4,LIT,FALSE,TRUE,Source A benchmark extraction,10000,10000
b02_fev_hierarchical_sales_1d__Chronos-2__SQL,B02_fev_hierarchical_sales_1D,shchur_2025_fev_bench,fev-bench,b02_fev_hierarchical_sales_1d,b02_fev_hierarchical_sales_1d,Hierarchical Sales,long,SQL,Chronos-2,8.079181246047625,FALSE,TRUE,0.5567,0.6854,ML_TREE,-0.20797611425104642,-0.12870000000000004,-0.18777356288298808,0.01694915254237288,LIT,FALSE,TRUE,Source A benchmark extraction,118,118
b02_fev_hierarchical_sales_1d__Chronos-2__MASE,B02_fev_hierarchical_sales_1D,shchur_2025_fev_bench,fev-bench,b02_fev_hierarchical_sales_1d,b02_fev_hierarchical_sales_1d,Hierarchical Sales,long,MASE,Chronos-2,8.079181246047625,FALSE,TRUE,0.6889,0.6854,ML_TREE,0.005093513158641571,0.0034999999999999476,0.0051065071491099324,0.01694915254237288,LIT,FALSE,TRUE,Source A benchmark extraction,118,118
b02_fev_hierarchical_sales_1d__Chronos-2__WAPE,B02_fev_hierarchical_sales_1D,shchur_2025_fev_bench,fev-bench,b02_fev_hierarchical_sales_1d,b02_fev_hierarchical_sales_1d,Hierarchical Sales,long,WAPE,Chronos-2,8.079181246047625,FALSE,TRUE,0.7005,0.6876,ML_TREE,0.0185870922683676,0.012900000000000023,0.018760907504363034,0.01694915254237288,LIT,FALSE,TRUE,Source A benchmark extraction,118,118
b02_fev_hierarchical_sales_1d__Chronos-Bolt-Base__SQL,B02_fev_hierarchical_sales_1D,shchur_2025_fev_bench,fev-bench,b02_fev_hierarchical_sales_1d,b02_fev_hierarchical_sales_1d,Hierarchical Sales,long,SQL,Chronos-Bolt-Base,7.662757831681574,FALSE,TRUE,0.5509,0.6854,ML_TREE,-0.2184493049618377,-0.13450000000000006,-0.19623577473008472,0.01694915254237288,LIT,FALSE,TRUE,Source A benchmark extraction,118,118
b02_fev_hierarchical_sales_1d__Chronos-Bolt-Base__MASE,B02_fev_hierarchical_sales_1D,shchur_2025_fev_bench,fev-bench,b02_fev_hierarchical_sales_1d,b02_fev_hierarchical_sales_1d,Hierarchical Sales,long,MASE,Chronos-Bolt-Base,7.662757831681574,FALSE,TRUE,0.686,0.6854,ML_TREE,8.750182853768965e-4,6.000000000000449e-4,8.754012255617813e-4,0.01694915254237288,LIT,FALSE,TRUE,Source A benchmark extraction,118,118
b02_fev_hierarchical_sales_1d__Chronos-Bolt-Base__WAPE,B02_fev_hierarchical_sales_1D,shchur_2025_fev_bench,fev-bench,b02_fev_hierarchical_sales_1d,b02_fev_hierarchical_sales_1d,Hierarchical Sales,long,WAPE,Chronos-Bolt-Base,7.662757831681574,FALSE,TRUE,0.695,0.6876,ML_TREE,0.01070457205609795,0.007399999999999962,0.010762070971495001,0.01694915254237288,LIT,FALSE,TRUE,Source A benchmark extraction,118,118
b02_fev_hierarchical_sales_1d__Moirai-2.0-Small__SQL,B02_fev_hierarchical_sales_1D,shchur_2025_fev_bench,fev-bench,b02_fev_hierarchical_sales_1d,b02_fev_hierarchical_sales_1d,Hierarchical Sales,long,SQL,Moirai-2.0-Small,7.041392685158225,FALSE,TRUE,0.552,0.6854,ML_TREE,-0.21645456316341308,-0.13339999999999996,-0.19463087248322142,0.01694915254237288,LIT,FALSE,TRUE,Source A benchmark extraction,118,118
b02_fev_hierarchical_sales_1d__Moirai-2.0-Small__MASE,B02_fev_hierarchical_sales_1D,shchur_2025_fev_bench,fev-bench,b02_fev_hierarchical_sales_1d,b02_fev_hierarchical_sales_1d,Hierarchical Sales,long,MASE,Moirai-2.0-Small,7.041392685158225,FALSE,TRUE,0.688,0.6854,ML_TREE,0.0037862284928350974,0.0025999999999999357,0.0037934053107673412,0.01694915254237288,LIT,FALSE,TRUE,Source A benchmark extraction,118,118
b02_fev_hierarchical_sales_1d__Moirai-2.0-Small__WAPE,B02_fev_hierarchical_sales_1D,shchur_2025_fev_bench,fev-bench,b02_fev_hierarchical_sales_1d,b02_fev_hierarchical_sales_1d,Hierarchical Sales,long,WAPE,Moirai-2.0-Small,7.041392685158225,FALSE,TRUE,0.693,0.6876,ML_TREE,0.007822725681209078,0.00539999999999996,0.007853403141361199,0.01694915254237288,LIT,FALSE,TRUE,Source A benchmark extraction,118,118
b02_fev_hierarchical_sales_1d__TabPFN-TS__SQL,B02_fev_hierarchical_sales_1D,shchur_2025_fev_bench,fev-bench,b02_fev_hierarchical_sales_1d,b02_fev_hierarchical_sales_1d,Hierarchical Sales,long,SQL,TabPFN-TS,7.079181246047625,FALSE,TRUE,0.572,0.6854,ML_TREE,-0.18086361806071066,-0.11340000000000006,-0.16545083163116436,0.01694915254237288,LIT,FALSE,TRUE,Source A benchmark extraction,118,118
b02_fev_hierarchical_sales_1d__TabPFN-TS__MASE,B02_fev_hierarchical_sales_1D,shchur_2025_fev_bench,fev-bench,b02_fev_hierarchical_sales_1d,b02_fev_hierarchical_sales_1d,Hierarchical Sales,long,MASE,TabPFN-TS,7.079181246047625,FALSE,TRUE,0.708,0.6854,ML_TREE,0.03244148425321128,0.022599999999999953,0.03297344616282456,0.01694915254237288,LIT,FALSE,TRUE,Source A benchmark extraction,118,118
b02_fev_hierarchical_sales_1d__TabPFN-TS__WAPE,B02_fev_hierarchical_sales_1D,shchur_2025_fev_bench,fev-bench,b02_fev_hierarchical_sales_1d,b02_fev_hierarchical_sales_1d,Hierarchical Sales,long,WAPE,TabPFN-TS,7.079181246047625,FALSE,TRUE,0.7258,0.6876,ML_TREE,0.05406722127027579,0.03820000000000001,0.05555555555555557,0.01694915254237288,LIT,FALSE,TRUE,Source A benchmark extraction,118,118
b02_fev_hierarchical_sales_1d__TiRex__SQL,B02_fev_hierarchical_sales_1D,shchur_2025_fev_bench,fev-bench,b02_fev_hierarchical_sales_1d,b02_fev_hierarchical_sales_1d,Hierarchical Sales,long,SQL,TiRex,7.544068044350276,FALSE,TRUE,0.5473,0.6854,ML_TREE,-0.22500551129063592,-0.1381,-0.20148818208345493,0.01694915254237288,LIT,FALSE,TRUE,Source A benchmark extraction,118,118
b02_fev_hierarchical_sales_1d__TiRex__MASE,B02_fev_hierarchical_sales_1D,shchur_2025_fev_bench,fev-bench,b02_fev_hierarchical_sales_1d,b02_fev_hierarchical_sales_1d,Hierarchical Sales,long,MASE,TiRex,7.544068044350276,FALSE,TRUE,0.6854,0.6854,ML_TREE,0,0,0,0.01694915254237288,LIT,FALSE,TRUE,Source A benchmark extraction,118,118
b02_fev_hierarchical_sales_1d__TiRex__WAPE,B02_fev_hierarchical_sales_1D,shchur_2025_fev_bench,fev-bench,b02_fev_hierarchical_sales_1d,b02_fev_hierarchical_sales_1d,Hierarchical Sales,long,WAPE,TiRex,7.544068044350276,FALSE,TRUE,0.6894,0.6876,ML_TREE,0.0026143805740708936,0.0018000000000000238,0.0026178010471204537,0.01694915254237288,LIT,FALSE,TRUE,Source A benchmark extraction,118,118
b02_fev_hierarchical_sales_1d__TimesFM-2.5__SQL,B02_fev_hierarchical_sales_1D,shchur_2025_fev_bench,fev-bench,b02_fev_hierarchical_sales_1d,b02_fev_hierarchical_sales_1d,Hierarchical Sales,long,SQL,TimesFM-2.5,8.301029995663981,FALSE,TRUE,0.5516,0.6854,ML_TREE,-0.21717946352136175,-0.13380000000000003,-0.19521447330026268,0.01694915254237288,LIT,FALSE,TRUE,Source A benchmark extraction,118,118
b02_fev_hierarchical_sales_1d__TimesFM-2.5__MASE,B02_fev_hierarchical_sales_1D,shchur_2025_fev_bench,fev-bench,b02_fev_hierarchical_sales_1d,b02_fev_hierarchical_sales_1d,Hierarchical Sales,long,MASE,TimesFM-2.5,8.301029995663981,FALSE,TRUE,0.6882,0.6854,ML_TREE,0.004076883922871487,0.0028000000000000247,0.004085205719288043,0.01694915254237288,LIT,FALSE,TRUE,Source A benchmark extraction,118,118
b02_fev_hierarchical_sales_1d__TimesFM-2.5__WAPE,B02_fev_hierarchical_sales_1D,shchur_2025_fev_bench,fev-bench,b02_fev_hierarchical_sales_1d,b02_fev_hierarchical_sales_1d,Hierarchical Sales,long,WAPE,TimesFM-2.5,8.301029995663981,FALSE,TRUE,0.6944,0.6876,ML_TREE,0.00984088983744635,0.006800000000000028,0.009889470622454957,0.01694915254237288,LIT,FALSE,TRUE,Source A benchmark extraction,118,118
b02_fev_hierarchical_sales_1d__Toto-1.0__SQL,B02_fev_hierarchical_sales_1D,shchur_2025_fev_bench,fev-bench,b02_fev_hierarchical_sales_1d,b02_fev_hierarchical_sales_1d,Hierarchical Sales,long,SQL,Toto-1.0,8,FALSE,TRUE,0.5468,0.6854,ML_TREE,-0.22591950459071403,-0.13860000000000006,-0.20221768310475643,0.01694915254237288,LIT,FALSE,TRUE,Source A benchmark extraction,118,118
b02_fev_hierarchical_sales_1d__Toto-1.0__MASE,B02_fev_hierarchical_sales_1D,shchur_2025_fev_bench,fev-bench,b02_fev_hierarchical_sales_1d,b02_fev_hierarchical_sales_1d,Hierarchical Sales,long,MASE,Toto-1.0,8,FALSE,TRUE,0.6821,0.6854,ML_TREE,-0.004826334779834741,-0.0032999999999999696,-0.004814706740589392,0.01694915254237288,LIT,FALSE,TRUE,Source A benchmark extraction,118,118
b02_fev_hierarchical_sales_1d__Toto-1.0__WAPE,B02_fev_hierarchical_sales_1D,shchur_2025_fev_bench,fev-bench,b02_fev_hierarchical_sales_1d,b02_fev_hierarchical_sales_1d,Hierarchical Sales,long,WAPE,Toto-1.0,8,FALSE,TRUE,0.6905,0.6876,ML_TREE,0.0042086993406526335,0.0029000000000000137,0.004217568353694028,0.01694915254237288,LIT,FALSE,TRUE,Source A benchmark extraction,118,118
b02_fev_hierarchical_sales_1w__Chronos-2__SQL,B02_fev_hierarchical_sales_1W,shchur_2025_fev_bench,fev-bench,b02_fev_hierarchical_sales_1w,b02_fev_hierarchical_sales_1w,Hierarchical Sales,medium,SQL,Chronos-2,8.079181246047625,FALSE,TRUE,0.6161,0.7843,ML_TREE,-0.24138231219809575,-0.16820000000000002,-0.21445875302817802,0.01694915254237288,LIT,FALSE,TRUE,Source A benchmark extraction,118,118
b02_fev_hierarchical_sales_1w__Chronos-2__MASE,B02_fev_hierarchical_sales_1W,shchur_2025_fev_bench,fev-bench,b02_fev_hierarchical_sales_1w,b02_fev_hierarchical_sales_1w,Hierarchical Sales,medium,MASE,Chronos-2,8.079181246047625,FALSE,TRUE,0.7539,0.7843,ML_TREE,-0.03953186700096462,-0.030399999999999983,-0.03876067831187044,0.01694915254237288,LIT,FALSE,TRUE,Source A benchmark extraction,118,118
b02_fev_hierarchical_sales_1w__Chronos-2__WAPE,B02_fev_hierarchical_sales_1W,shchur_2025_fev_bench,fev-bench,b02_fev_hierarchical_sales_1w,b02_fev_hierarchical_sales_1w,Hierarchical Sales,medium,WAPE,Chronos-2,8.079181246047625,FALSE,TRUE,0.4328,0.441,ML_TREE,-0.01876914791457424,-0.008199999999999985,-0.018594104308389987,0.01694915254237288,LIT,FALSE,TRUE,Source A benchmark extraction,118,118
b02_fev_hierarchical_sales_1w__Chronos-Bolt-Base__SQL,B02_fev_hierarchical_sales_1W,shchur_2025_fev_bench,fev-bench,b02_fev_hierarchical_sales_1w,b02_fev_hierarchical_sales_1w,Hierarchical Sales,medium,SQL,Chronos-Bolt-Base,7.662757831681574,FALSE,TRUE,0.6367,0.7843,ML_TREE,-0.20849301319564106,-0.14759999999999995,-0.18819329338263413,0.01694915254237288,LIT,FALSE,TRUE,Source A benchmark extraction,118,118
b02_fev_hierarchical_sales_1w__Chronos-Bolt-Base__MASE,B02_fev_hierarchical_sales_1W,shchur_2025_fev_bench,fev-bench,b02_fev_hierarchical_sales_1w,b02_fev_hierarchical_sales_1w,Hierarchical Sales,medium,MASE,Chronos-Bolt-Base,7.662757831681574,FALSE,TRUE,0.7733,0.7843,ML_TREE,-0.014124528603631089,-0.01100000000000001,-0.014025245441795243,0.01694915254237288,LIT,FALSE,TRUE,Source A benchmark extraction,118,118
b02_fev_hierarchical_sales_1w__Chronos-Bolt-Base__WAPE,B02_fev_hierarchical_sales_1W,shchur_2025_fev_bench,fev-bench,b02_fev_hierarchical_sales_1w,b02_fev_hierarchical_sales_1w,Hierarchical Sales,medium,WAPE,Chronos-Bolt-Base,7.662757831681574,FALSE,TRUE,0.4394,0.441,ML_TREE,-0.0036347154963361785,-0.0015999999999999903,-0.0036281179138321776,0.01694915254237288,LIT,FALSE,TRUE,Source A benchmark extraction,118,118
b02_fev_hierarchical_sales_1w__Moirai-2.0-Small__SQL,B02_fev_hierarchical_sales_1W,shchur_2025_fev_bench,fev-bench,b02_fev_hierarchical_sales_1w,b02_fev_hierarchical_sales_1w,Hierarchical Sales,medium,SQL,Moirai-2.0-Small,7.041392685158225,FALSE,TRUE,0.628,0.7843,ML_TREE,-0.2222514337504221,-0.1563,-0.19928598750478133,0.01694915254237288,LIT,FALSE,TRUE,Source A benchmark extraction,118,118
b02_fev_hierarchical_sales_1w__Moirai-2.0-Small__MASE,B02_fev_hierarchical_sales_1W,shchur_2025_fev_bench,fev-bench,b02_fev_hierarchical_sales_1w,b02_fev_hierarchical_sales_1w,Hierarchical Sales,medium,MASE,Moirai-2.0-Small,7.041392685158225,FALSE,TRUE,0.766,0.7843,ML_TREE,-0.023609430478029422,-0.018299999999999983,-0.02333290832589568,0.01694915254237288,LIT,FALSE,TRUE,Source A benchmark extraction,118,118
b02_fev_hierarchical_sales_1w__Moirai-2.0-Small__WAPE,B02_fev_hierarchical_sales_1W,shchur_2025_fev_bench,fev-bench,b02_fev_hierarchical_sales_1w,b02_fev_hierarchical_sales_1w,Hierarchical Sales,medium,WAPE,Moirai-2.0-Small,7.041392685158225,FALSE,TRUE,0.4365,0.441,ML_TREE,-0.01025650016718911,-0.004500000000000004,-0.01020408163265307,0.01694915254237288,LIT,FALSE,TRUE,Source A benchmark extraction,118,118
b02_fev_hierarchical_sales_1w__TabPFN-TS__SQL,B02_fev_hierarchical_sales_1W,shchur_2025_fev_bench,fev-bench,b02_fev_hierarchical_sales_1w,b02_fev_hierarchical_sales_1w,Hierarchical Sales,medium,SQL,TabPFN-TS,7.079181246047625,FALSE,TRUE,0.6369,0.7843,ML_TREE,-0.20817894284130062,-0.14739999999999998,-0.18793828892005607,0.01694915254237288,LIT,FALSE,TRUE,Source A benchmark extraction,118,118
b02_fev_hierarchical_sales_1w__TabPFN-TS__MASE,B02_fev_hierarchical_sales_1W,shchur_2025_fev_bench,fev-bench,b02_fev_hierarchical_sales_1w,b02_fev_hierarchical_sales_1w,Hierarchical Sales,medium,MASE,TabPFN-TS,7.079181246047625,FALSE,TRUE,0.774,0.7843,ML_TREE,-0.013219726628893699,-0.010299999999999976,-0.013132729822771867,0.01694915254237288,LIT,FALSE,TRUE,Source A benchmark extraction,118,118
b02_fev_hierarchical_sales_1w__TabPFN-TS__WAPE,B02_fev_hierarchical_sales_1W,shchur_2025_fev_bench,fev-bench,b02_fev_hierarchical_sales_1w,b02_fev_hierarchical_sales_1w,Hierarchical Sales,medium,WAPE,TabPFN-TS,7.079181246047625,FALSE,TRUE,0.4384,0.441,ML_TREE,-0.005913139813040162,-0.002599999999999991,-0.0058956916099773046,0.01694915254237288,LIT,FALSE,TRUE,Source A benchmark extraction,118,118
b02_fev_hierarchical_sales_1w__TiRex__SQL,B02_fev_hierarchical_sales_1W,shchur_2025_fev_bench,fev-bench,b02_fev_hierarchical_sales_1w,b02_fev_hierarchical_sales_1w,Hierarchical Sales,medium,SQL,TiRex,7.544068044350276,FALSE,TRUE,0.6209,0.7843,ML_TREE,-0.23362156184777366,-0.1634,-0.2083386459263037,0.01694915254237288,LIT,FALSE,TRUE,Source A benchmark extraction,118,118
b02_fev_hierarchical_sales_1w__TiRex__MASE,B02_fev_hierarchical_sales_1W,shchur_2025_fev_bench,fev-bench,b02_fev_hierarchical_sales_1w,b02_fev_hierarchical_sales_1w,Hierarchical Sales,medium,MASE,TiRex,7.544068044350276,FALSE,TRUE,0.7567,0.7843,ML_TREE,-0.03582472651814487,-0.027599999999999958,-0.035190615835777074,0.01694915254237288,LIT,FALSE,TRUE,Source A benchmark extraction,118,118
b02_fev_hierarchical_sales_1w__TiRex__WAPE,B02_fev_hierarchical_sales_1W,shchur_2025_fev_bench,fev-bench,b02_fev_hierarchical_sales_1w,b02_fev_hierarchical_sales_1w,Hierarchical Sales,medium,WAPE,TiRex,7.544068044350276,FALSE,TRUE,0.4324,0.441,ML_TREE,-0.019693789681792744,-0.008599999999999997,-0.019501133786848066,0.01694915254237288,LIT,FALSE,TRUE,Source A benchmark extraction,118,118
b02_fev_hierarchical_sales_1w__TimesFM-2.5__SQL,B02_fev_hierarchical_sales_1W,shchur_2025_fev_bench,fev-bench,b02_fev_hierarchical_sales_1w,b02_fev_hierarchical_sales_1w,Hierarchical Sales,medium,SQL,TimesFM-2.5,8.301029995663981,FALSE,TRUE,0.6178,0.7843,ML_TREE,-0.2386268197341394,-0.16649999999999998,-0.21229121509626417,0.01694915254237288,LIT,FALSE,TRUE,Source A benchmark extraction,118,118
b02_fev_hierarchical_sales_1w__TimesFM-2.5__MASE,B02_fev_hierarchical_sales_1W,shchur_2025_fev_bench,fev-bench,b02_fev_hierarchical_sales_1w,b02_fev_hierarchical_sales_1w,Hierarchical Sales,medium,MASE,TimesFM-2.5,8.301029995663981,FALSE,TRUE,0.7508,0.7843,ML_TREE,-0.04365229550626703,-0.033499999999999974,-0.0427132474818309,0.01694915254237288,LIT,FALSE,TRUE,Source A benchmark extraction,118,118
b02_fev_hierarchical_sales_1w__TimesFM-2.5__WAPE,B02_fev_hierarchical_sales_1W,shchur_2025_fev_bench,fev-bench,b02_fev_hierarchical_sales_1w,b02_fev_hierarchical_sales_1w,Hierarchical Sales,medium,WAPE,TimesFM-2.5,8.301029995663981,FALSE,TRUE,0.4307,0.441,ML_TREE,-0.023633083386781092,-0.010299999999999976,-0.02335600907029473,0.01694915254237288,LIT,FALSE,TRUE,Source A benchmark extraction,118,118
b02_fev_hierarchical_sales_1w__Toto-1.0__SQL,B02_fev_hierarchical_sales_1W,shchur_2025_fev_bench,fev-bench,b02_fev_hierarchical_sales_1w,b02_fev_hierarchical_sales_1w,Hierarchical Sales,medium,SQL,Toto-1.0,8,FALSE,TRUE,0.6373,0.7843,ML_TREE,-0.20755109789837242,-0.14700000000000002,-0.18742827999489994,0.01694915254237288,LIT,FALSE,TRUE,Source A benchmark extraction,118,118
b02_fev_hierarchical_sales_1w__Toto-1.0__MASE,B02_fev_hierarchical_sales_1W,shchur_2025_fev_bench,fev-bench,b02_fev_hierarchical_sales_1w,b02_fev_hierarchical_sales_1w,Hierarchical Sales,medium,MASE,Toto-1.0,8,FALSE,TRUE,0.779,0.7843,ML_TREE,-0.006780554347872454,-0.005299999999999971,-0.006757618258319484,0.01694915254237288,LIT,FALSE,TRUE,Source A benchmark extraction,118,118
b02_fev_hierarchical_sales_1w__Toto-1.0__WAPE,B02_fev_hierarchical_sales_1W,shchur_2025_fev_bench,fev-bench,b02_fev_hierarchical_sales_1w,b02_fev_hierarchical_sales_1w,Hierarchical Sales,medium,WAPE,Toto-1.0,8,FALSE,TRUE,0.4364,0.441,ML_TREE,-0.010485621487930266,-0.004599999999999993,-0.010430839002267558,0.01694915254237288,LIT,FALSE,TRUE,Source A benchmark extraction,118,118
b02_fev_m5_1d__Chronos-2__SQL,B02_fev_m5_1D,shchur_2025_fev_bench,fev-bench,b02_fev_m5_1d,b02_fev_m5_1d,M5,long,SQL,Chronos-2,8.079181246047625,TRUE,TRUE,0.7216,0.9079,ML_TREE,-0.22966327162929767,-0.18630000000000002,-0.20519881044167862,6.559527714004592e-5,LIT,FALSE,TRUE,Source A benchmark extraction,30490,30490
b02_fev_m5_1d__Chronos-2__MASE,B02_fev_m5_1D,shchur_2025_fev_bench,fev-bench,b02_fev_m5_1d,b02_fev_m5_1d,M5,long,MASE,Chronos-2,8.079181246047625,TRUE,TRUE,0.8799,0.9079,ML_TREE,-0.03132597572619644,-0.028000000000000025,-0.030840400925212053,6.559527714004592e-5,LIT,FALSE,TRUE,Source A benchmark extraction,30490,30490
b02_fev_m5_1d__Chronos-2__WAPE,B02_fev_m5_1D,shchur_2025_fev_bench,fev-bench,b02_fev_m5_1d,b02_fev_m5_1d,M5,long,WAPE,Chronos-2,8.079181246047625,TRUE,TRUE,0.7031,0.7322,ML_TREE,-0.04055457148102018,-0.029100000000000015,-0.03974323955203499,6.559527714004592e-5,LIT,FALSE,TRUE,Source A benchmark extraction,30490,30490
b02_fev_m5_1d__Chronos-Bolt-Base__SQL,B02_fev_m5_1D,shchur_2025_fev_bench,fev-bench,b02_fev_m5_1d,b02_fev_m5_1d,M5,long,SQL,Chronos-Bolt-Base,7.662757831681574,TRUE,TRUE,0.7293,0.9079,ML_TREE,-0.2190490703875243,-0.1786000000000001,-0.19671770018724538,6.559527714004592e-5,LIT,FALSE,TRUE,Source A benchmark extraction,30490,30490
b02_fev_m5_1d__Chronos-Bolt-Base__MASE,B02_fev_m5_1D,shchur_2025_fev_bench,fev-bench,b02_fev_m5_1d,b02_fev_m5_1d,M5,long,MASE,Chronos-Bolt-Base,7.662757831681574,TRUE,TRUE,0.8852,0.9079,ML_TREE,-0.025320632200816925,-0.022700000000000053,-0.025002753607225522,6.559527714004592e-5,LIT,FALSE,TRUE,Source A benchmark extraction,30490,30490
b02_fev_m5_1d__Chronos-Bolt-Base__WAPE,B02_fev_m5_1D,shchur_2025_fev_bench,fev-bench,b02_fev_m5_1d,b02_fev_m5_1d,M5,long,WAPE,Chronos-Bolt-Base,7.662757831681574,TRUE,TRUE,0.711,0.7322,ML_TREE,-0.029381270882894984,-0.021199999999999997,-0.028953837749248836,6.559527714004592e-5,LIT,FALSE,TRUE,Source A benchmark extraction,30490,30490
b02_fev_m5_1d__Moirai-2.0-Small__SQL,B02_fev_m5_1D,shchur_2025_fev_bench,fev-bench,b02_fev_m5_1d,b02_fev_m5_1d,M5,long,SQL,Moirai-2.0-Small,7.041392685158225,TRUE,TRUE,0.71,0.9079,ML_TREE,-0.24586927034235045,-0.19790000000000008,-0.21797554796783794,6.559527714004592e-5,LIT,FALSE,TRUE,Source A benchmark extraction,30490,30490
b02_fev_m5_1d__Moirai-2.0-Small__MASE,B02_fev_m5_1D,shchur_2025_fev_bench,fev-bench,b02_fev_m5_1d,b02_fev_m5_1d,M5,long,MASE,Moirai-2.0-Small,7.041392685158225,TRUE,TRUE,0.869,0.9079,ML_TREE,-0.04379111511231957,-0.038900000000000046,-0.042846128428241044,6.559527714004592e-5,LIT,FALSE,TRUE,Source A benchmark extraction,30490,30490
b02_fev_m5_1d__Moirai-2.0-Small__WAPE,B02_fev_m5_1D,shchur_2025_fev_bench,fev-bench,b02_fev_m5_1d,b02_fev_m5_1d,M5,long,WAPE,Moirai-2.0-Small,7.041392685158225,TRUE,TRUE,0.6984,0.7322,ML_TREE,-0.04726169616074325,-0.03379999999999994,-0.04616225075116081,6.559527714004592e-5,LIT,FALSE,TRUE,Source A benchmark extraction,30490,30490
b02_fev_m5_1d__TiRex__SQL,B02_fev_m5_1D,shchur_2025_fev_bench,fev-bench,b02_fev_m5_1d,b02_fev_m5_1d,M5,long,SQL,TiRex,7.544068044350276,TRUE,TRUE,0.7144,0.9079,ML_TREE,-0.2396912108154222,-0.1935,-0.21312919925101884,6.559527714004592e-5,LIT,FALSE,TRUE,Source A benchmark extraction,30490,30490
b02_fev_m5_1d__TiRex__MASE,B02_fev_m5_1D,shchur_2025_fev_bench,fev-bench,b02_fev_m5_1d,b02_fev_m5_1d,M5,long,MASE,TiRex,7.544068044350276,TRUE,TRUE,0.8753,0.9079,ML_TREE,-0.03656755563931925,-0.03260000000000007,-0.03590703822006837,6.559527714004592e-5,LIT,FALSE,TRUE,Source A benchmark extraction,30490,30490
b02_fev_m5_1d__TiRex__WAPE,B02_fev_m5_1D,shchur_2025_fev_bench,fev-bench,b02_fev_m5_1d,b02_fev_m5_1d,M5,long,WAPE,TiRex,7.544068044350276,TRUE,TRUE,0.7025,0.7322,ML_TREE,-0.041408299478234954,-0.02969999999999995,-0.04056268779022118,6.559527714004592e-5,LIT,FALSE,TRUE,Source A benchmark extraction,30490,30490
b02_fev_m5_1d__TimesFM-2.5__SQL,B02_fev_m5_1D,shchur_2025_fev_bench,fev-bench,b02_fev_m5_1d,b02_fev_m5_1d,M5,long,SQL,TimesFM-2.5,8.301029995663981,TRUE,TRUE,0.7189,0.9079,ML_TREE,-0.23341197438788572,-0.18900000000000006,-0.20817270624518125,6.559527714004592e-5,LIT,FALSE,TRUE,Source A benchmark extraction,30490,30490
b02_fev_m5_1d__TimesFM-2.5__MASE,B02_fev_m5_1D,shchur_2025_fev_bench,fev-bench,b02_fev_m5_1d,b02_fev_m5_1d,M5,long,MASE,TimesFM-2.5,8.301029995663981,TRUE,TRUE,0.8721,0.9079,ML_TREE,-0.040230144144771635,-0.035800000000000054,-0.039431655468664006,6.559527714004592e-5,LIT,FALSE,TRUE,Source A benchmark extraction,30490,30490
b02_fev_m5_1d__TimesFM-2.5__WAPE,B02_fev_m5_1D,shchur_2025_fev_bench,fev-bench,b02_fev_m5_1d,b02_fev_m5_1d,M5,long,WAPE,TimesFM-2.5,8.301029995663981,TRUE,TRUE,0.6968,0.7322,ML_TREE,-0.049555275147842824,-0.03539999999999999,-0.04834744605299097,6.559527714004592e-5,LIT,FALSE,TRUE,Source A benchmark extraction,30490,30490
b02_fev_m5_1d__Toto-1.0__SQL,B02_fev_m5_1D,shchur_2025_fev_bench,fev-bench,b02_fev_m5_1d,b02_fev_m5_1d,M5,long,SQL,Toto-1.0,8,TRUE,TRUE,0.7076,0.9079,ML_TREE,-0.24925527809208128,-0.20030000000000003,-0.22061901090428465,6.559527714004592e-5,LIT,FALSE,TRUE,Source A benchmark extraction,30490,30490
b02_fev_m5_1d__Toto-1.0__MASE,B02_fev_m5_1D,shchur_2025_fev_bench,fev-bench,b02_fev_m5_1d,b02_fev_m5_1d,M5,long,MASE,Toto-1.0,8,TRUE,TRUE,0.8683,0.9079,ML_TREE,-0.04459696331111212,-0.03960000000000008,-0.043617138451371384,6.559527714004592e-5,LIT,FALSE,TRUE,Source A benchmark extraction,30490,30490
b02_fev_m5_1d__Toto-1.0__WAPE,B02_fev_m5_1D,shchur_2025_fev_bench,fev-bench,b02_fev_m5_1d,b02_fev_m5_1d,M5,long,WAPE,Toto-1.0,8,TRUE,TRUE,0.6986,0.7322,ML_TREE,-0.04697536831340416,-0.03359999999999996,-0.045889101338432076,6.559527714004592e-5,LIT,FALSE,TRUE,Source A benchmark extraction,30490,30490
b02_fev_m5_1m__Chronos-2__SQL,B02_fev_m5_1M,shchur_2025_fev_bench,fev-bench,b02_fev_m5_1m,b02_fev_m5_1m,M5,medium,SQL,Chronos-2,8.079181246047625,TRUE,TRUE,0.977,1.1692,ML_TREE,-0.17958838119430817,-0.19220000000000004,-0.16438590489223404,6.811061163329247e-5,LIT,FALSE,TRUE,Source A benchmark extraction,29364,29364
b02_fev_m5_1m__Chronos-2__MASE,B02_fev_m5_1M,shchur_2025_fev_bench,fev-bench,b02_fev_m5_1m,b02_fev_m5_1m,M5,medium,MASE,Chronos-2,8.079181246047625,TRUE,TRUE,1.1638,1.1692,ML_TREE,-0.0046292410145214345,-0.005400000000000071,-0.004618542593226199,6.811061163329247e-5,LIT,FALSE,TRUE,Source A benchmark extraction,29364,29364
b02_fev_m5_1m__Chronos-2__WAPE,B02_fev_m5_1M,shchur_2025_fev_bench,fev-bench,b02_fev_m5_1m,b02_fev_m5_1m,M5,medium,WAPE,Chronos-2,8.079181246047625,TRUE,TRUE,0.4289,0.4387,ML_TREE,-0.0225920166493335,-0.009799999999999975,-0.022338728060177743,6.811061163329247e-5,LIT,FALSE,TRUE,Source A benchmark extraction,29364,29364
b02_fev_m5_1m__Chronos-Bolt-Base__SQL,B02_fev_m5_1M,shchur_2025_fev_bench,fev-bench,b02_fev_m5_1m,b02_fev_m5_1m,M5,medium,SQL,Chronos-Bolt-Base,7.662757831681574,TRUE,TRUE,1.0001,1.1692,ML_TREE,-0.1562197592546205,-0.16910000000000003,-0.14462880602121111,6.811061163329247e-5,LIT,FALSE,TRUE,Source A benchmark extraction,29364,29364
b02_fev_m5_1m__Chronos-Bolt-Base__MASE,B02_fev_m5_1M,shchur_2025_fev_bench,fev-bench,b02_fev_m5_1m,b02_fev_m5_1m,M5,medium,MASE,Chronos-Bolt-Base,7.662757831681574,TRUE,TRUE,1.1852,1.1692,ML_TREE,0.013591782462319344,0.016000000000000014,0.013684570646595975,6.811061163329247e-5,LIT,FALSE,TRUE,Source A benchmark extraction,29364,29364
b02_fev_m5_1m__Chronos-Bolt-Base__WAPE,B02_fev_m5_1M,shchur_2025_fev_bench,fev-bench,b02_fev_m5_1m,b02_fev_m5_1m,M5,medium,WAPE,Chronos-Bolt-Base,7.662757831681574,TRUE,TRUE,0.4455,0.4387,ML_TREE,0.01538143873869582,0.006800000000000028,0.015500341919307109,6.811061163329247e-5,LIT,FALSE,TRUE,Source A benchmark extraction,29364,29364
b02_fev_m5_1m__Moirai-2.0-Small__SQL,B02_fev_m5_1M,shchur_2025_fev_bench,fev-bench,b02_fev_m5_1m,b02_fev_m5_1m,M5,medium,SQL,Moirai-2.0-Small,7.041392685158225,TRUE,TRUE,0.996,1.1692,ML_TREE,-0.1603277756524927,-0.17320000000000002,-0.14813547724940132,6.811061163329247e-5,LIT,FALSE,TRUE,Source A benchmark extraction,29364,29364
b02_fev_m5_1m__Moirai-2.0-Small__MASE,B02_fev_m5_1M,shchur_2025_fev_bench,fev-bench,b02_fev_m5_1m,b02_fev_m5_1m,M5,medium,MASE,Moirai-2.0-Small,7.041392685158225,TRUE,TRUE,1.177,1.1692,ML_TREE,0.006649074023185796,0.007800000000000029,0.006671228190215556,6.811061163329247e-5,LIT,FALSE,TRUE,Source A benchmark extraction,29364,29364
b02_fev_m5_1m__Moirai-2.0-Small__WAPE,B02_fev_m5_1M,shchur_2025_fev_bench,fev-bench,b02_fev_m5_1m,b02_fev_m5_1m,M5,medium,WAPE,Moirai-2.0-Small,7.041392685158225,TRUE,TRUE,0.4363,0.4387,ML_TREE,-0.005485728042604289,-0.0023999999999999577,-0.005470708912696507,6.811061163329247e-5,LIT,FALSE,TRUE,Source A benchmark extraction,29364,29364
b02_fev_m5_1m__TabPFN-TS__SQL,B02_fev_m5_1M,shchur_2025_fev_bench,fev-bench,b02_fev_m5_1m,b02_fev_m5_1m,M5,medium,SQL,TabPFN-TS,7.079181246047625,TRUE,TRUE,1.0017,1.1692,ML_TREE,-0.15462119761937235,-0.16749999999999998,-0.14326034895655146,6.811061163329247e-5,LIT,FALSE,TRUE,Source A benchmark extraction,29364,29364
b02_fev_m5_1m__TabPFN-TS__MASE,B02_fev_m5_1M,shchur_2025_fev_bench,fev-bench,b02_fev_m5_1m,b02_fev_m5_1m,M5,medium,MASE,TabPFN-TS,7.079181246047625,TRUE,TRUE,1.1871,1.1692,ML_TREE,0.01519360382239741,0.017900000000000027,0.015309613410879257,6.811061163329247e-5,LIT,FALSE,TRUE,Source A benchmark extraction,29364,29364
b02_fev_m5_1m__TabPFN-TS__WAPE,B02_fev_m5_1M,shchur_2025_fev_bench,fev-bench,b02_fev_m5_1m,b02_fev_m5_1m,M5,medium,WAPE,TabPFN-TS,7.079181246047625,TRUE,TRUE,0.4365,0.4387,ML_TREE,-0.0050274328925113305,-0.0021999999999999797,-0.005014816503305174,6.811061163329247e-5,LIT,FALSE,TRUE,Source A benchmark extraction,29364,29364
b02_fev_m5_1m__TiRex__SQL,B02_fev_m5_1M,shchur_2025_fev_bench,fev-bench,b02_fev_m5_1m,b02_fev_m5_1m,M5,medium,SQL,TiRex,7.544068044350276,TRUE,TRUE,0.974,1.1692,ML_TREE,-0.18266372959455587,-0.19520000000000004,-0.16695176188847077,6.811061163329247e-5,LIT,FALSE,TRUE,Source A benchmark extraction,29364,29364
b02_fev_m5_1m__TiRex__MASE,B02_fev_m5_1M,shchur_2025_fev_bench,fev-bench,b02_fev_m5_1m,b02_fev_m5_1m,M5,medium,MASE,TiRex,7.544068044350276,TRUE,TRUE,1.1629,1.1692,ML_TREE,-0.0054028689380932705,-0.006299999999999972,-0.005388299692097137,6.811061163329247e-5,LIT,FALSE,TRUE,Source A benchmark extraction,29364,29364
b02_fev_m5_1m__TiRex__WAPE,B02_fev_m5_1M,shchur_2025_fev_bench,fev-bench,b02_fev_m5_1m,b02_fev_m5_1m,M5,medium,WAPE,TiRex,7.544068044350276,TRUE,TRUE,0.4306,0.4387,ML_TREE,-0.01863622324190565,-0.008099999999999996,-0.01846364258035103,6.811061163329247e-5,LIT,FALSE,TRUE,Source A benchmark extraction,29364,29364
b02_fev_m5_1m__TimesFM-2.5__SQL,B02_fev_m5_1M,shchur_2025_fev_bench,fev-bench,b02_fev_m5_1m,b02_fev_m5_1m,M5,medium,SQL,TimesFM-2.5,8.301029995663981,TRUE,TRUE,0.9798,1.1692,ML_TREE,-0.1767265640326165,-0.1894,-0.16199110502907973,6.811061163329247e-5,LIT,FALSE,TRUE,Source A benchmark extraction,29364,29364
b02_fev_m5_1m__TimesFM-2.5__MASE,B02_fev_m5_1M,shchur_2025_fev_bench,fev-bench,b02_fev_m5_1m,b02_fev_m5_1m,M5,medium,MASE,TimesFM-2.5,8.301029995663981,TRUE,TRUE,1.1576,1.1692,ML_TREE,-0.009970857919816827,-0.011600000000000055,-0.00992131371878212,6.811061163329247e-5,LIT,FALSE,TRUE,Source A benchmark extraction,29364,29364
b02_fev_m5_1m__TimesFM-2.5__WAPE,B02_fev_m5_1M,shchur_2025_fev_bench,fev-bench,b02_fev_m5_1m,b02_fev_m5_1m,M5,medium,WAPE,TimesFM-2.5,8.301029995663981,TRUE,TRUE,0.4249,0.4387,ML_TREE,-0.0319619610514024,-0.013799999999999979,-0.03145657624800542,6.811061163329247e-5,LIT,FALSE,TRUE,Source A benchmark extraction,29364,29364
b02_fev_m5_1m__Toto-1.0__SQL,B02_fev_m5_1M,shchur_2025_fev_bench,fev-bench,b02_fev_m5_1m,b02_fev_m5_1m,M5,medium,SQL,Toto-1.0,8,TRUE,TRUE,1.044,1.1692,ML_TREE,-0.11326026479450688,-0.12519999999999998,-0.10708176530961339,6.811061163329247e-5,LIT,FALSE,TRUE,Source A benchmark extraction,29364,29364
b02_fev_m5_1m__Toto-1.0__MASE,B02_fev_m5_1M,shchur_2025_fev_bench,fev-bench,b02_fev_m5_1m,b02_fev_m5_1m,M5,medium,MASE,Toto-1.0,8,TRUE,TRUE,1.2422,1.1692,ML_TREE,0.060564246888111614,0.07299999999999995,0.06243585357509404,6.811061163329247e-5,LIT,FALSE,TRUE,Source A benchmark extraction,29364,29364
b02_fev_m5_1m__Toto-1.0__WAPE,B02_fev_m5_1M,shchur_2025_fev_bench,fev-bench,b02_fev_m5_1m,b02_fev_m5_1m,M5,medium,WAPE,Toto-1.0,8,TRUE,TRUE,0.4597,0.4387,ML_TREE,0.04675829464001409,0.02100000000000002,0.04786870298609533,6.811061163329247e-5,LIT,FALSE,TRUE,Source A benchmark extraction,29364,29364
b02_fev_m5_1w__Chronos-2__SQL,B02_fev_m5_1W,shchur_2025_fev_bench,fev-bench,b02_fev_m5_1w,b02_fev_m5_1w,M5,medium,SQL,Chronos-2,8.079181246047625,TRUE,TRUE,0.9002,1.1347,ML_TREE,-0.23150661693811145,-0.23450000000000004,-0.20666255397902533,6.559527714004592e-5,LIT,FALSE,TRUE,Source A benchmark extraction,30490,30490
b02_fev_m5_1w__Chronos-2__MASE,B02_fev_m5_1W,shchur_2025_fev_bench,fev-bench,b02_fev_m5_1w,b02_fev_m5_1w,M5,medium,MASE,Chronos-2,8.079181246047625,TRUE,TRUE,1.14,1.1347,ML_TREE,0.00465996359159722,0.00529999999999986,0.004670838106988508,6.559527714004592e-5,LIT,FALSE,TRUE,Source A benchmark extraction,30490,30490
b02_fev_m5_1w__Chronos-2__WAPE,B02_fev_m5_1W,shchur_2025_fev_bench,fev-bench,b02_fev_m5_1w,b02_fev_m5_1w,M5,medium,WAPE,Chronos-2,8.079181246047625,TRUE,TRUE,0.4283,0.4229,ML_TREE,0.012688140142882543,0.005400000000000016,0.012768976117285448,6.559527714004592e-5,LIT,FALSE,TRUE,Source A benchmark extraction,30490,30490
b02_fev_m5_1w__Chronos-Bolt-Base__SQL,B02_fev_m5_1W,shchur_2025_fev_bench,fev-bench,b02_fev_m5_1w,b02_fev_m5_1w,M5,medium,SQL,Chronos-Bolt-Base,7.662757831681574,TRUE,TRUE,0.9165,1.1347,ML_TREE,-0.21356151051718408,-0.21820000000000006,-0.19229752357451313,6.559527714004592e-5,LIT,FALSE,TRUE,Source A benchmark extraction,30490,30490
b02_fev_m5_1w__Chronos-Bolt-Base__MASE,B02_fev_m5_1W,shchur_2025_fev_bench,fev-bench,b02_fev_m5_1w,b02_fev_m5_1w,M5,medium,MASE,Chronos-Bolt-Base,7.662757831681574,TRUE,TRUE,1.1647,1.1347,ML_TREE,0.02609524431166251,0.030000000000000027,0.026438706265973406,6.559527714004592e-5,LIT,FALSE,TRUE,Source A benchmark extraction,30490,30490
b02_fev_m5_1w__Chronos-Bolt-Base__WAPE,B02_fev_m5_1W,shchur_2025_fev_bench,fev-bench,b02_fev_m5_1w,b02_fev_m5_1w,M5,medium,WAPE,Chronos-Bolt-Base,7.662757831681574,TRUE,TRUE,0.4334,0.4229,ML_TREE,0.024525344623815868,0.01050000000000001,0.024828564672499432,6.559527714004592e-5,LIT,FALSE,TRUE,Source A benchmark extraction,30490,30490
b02_fev_m5_1w__Moirai-2.0-Small__SQL,B02_fev_m5_1W,shchur_2025_fev_bench,fev-bench,b02_fev_m5_1w,b02_fev_m5_1w,M5,medium,SQL,Moirai-2.0-Small,7.041392685158225,TRUE,TRUE,0.907,1.1347,ML_TREE,-0.22398112768180709,-0.2277,-0.200669780558738,6.559527714004592e-5,LIT,FALSE,TRUE,Source A benchmark extraction,30490,30490
b02_fev_m5_1w__Moirai-2.0-Small__MASE,B02_fev_m5_1W,shchur_2025_fev_bench,fev-bench,b02_fev_m5_1w,b02_fev_m5_1w,M5,medium,MASE,Moirai-2.0-Small,7.041392685158225,TRUE,TRUE,1.15,1.1347,ML_TREE,0.013393643560351845,0.01529999999999987,0.013483740195646311,6.559527714004592e-5,LIT,FALSE,TRUE,Source A benchmark extraction,30490,30490
b02_fev_m5_1w__Moirai-2.0-Small__WAPE,B02_fev_m5_1W,shchur_2025_fev_bench,fev-bench,b02_fev_m5_1w,b02_fev_m5_1w,M5,medium,WAPE,Moirai-2.0-Small,7.041392685158225,TRUE,TRUE,0.4286,0.4229,ML_TREE,0.013388338561033657,0.005699999999999983,0.013478363679356781,6.559527714004592e-5,LIT,FALSE,TRUE,Source A benchmark extraction,30490,30490
b02_fev_m5_1w__TabPFN-TS__SQL,B02_fev_m5_1W,shchur_2025_fev_bench,fev-bench,b02_fev_m5_1w,b02_fev_m5_1w,M5,medium,SQL,TabPFN-TS,7.079181246047625,TRUE,TRUE,0.9282,1.1347,ML_TREE,-0.20087635098986828,-0.20650000000000002,-0.18198642813078347,6.559527714004592e-5,LIT,FALSE,TRUE,Source A benchmark extraction,30490,30490
b02_fev_m5_1w__TabPFN-TS__MASE,B02_fev_m5_1W,shchur_2025_fev_bench,fev-bench,b02_fev_m5_1w,b02_fev_m5_1w,M5,medium,MASE,TabPFN-TS,7.079181246047625,TRUE,TRUE,1.1605,1.1347,ML_TREE,0.022482647917548153,0.025800000000000045,0.02273728738873715,6.559527714004592e-5,LIT,FALSE,TRUE,Source A benchmark extraction,30490,30490
b02_fev_m5_1w__TabPFN-TS__WAPE,B02_fev_m5_1W,shchur_2025_fev_bench,fev-bench,b02_fev_m5_1w,b02_fev_m5_1w,M5,medium,WAPE,TabPFN-TS,7.079181246047625,TRUE,TRUE,0.4358,0.4229,ML_TREE,0.03004767803207656,0.012900000000000023,0.030503665169070757,6.559527714004592e-5,LIT,FALSE,TRUE,Source A benchmark extraction,30490,30490
b02_fev_m5_1w__TiRex__SQL,B02_fev_m5_1W,shchur_2025_fev_bench,fev-bench,b02_fev_m5_1w,b02_fev_m5_1w,M5,medium,SQL,TiRex,7.544068044350276,TRUE,TRUE,0.9026,1.1347,ML_TREE,-0.228844090404043,-0.23210000000000008,-0.2045474574777475,6.559527714004592e-5,LIT,FALSE,TRUE,Source A benchmark extraction,30490,30490
b02_fev_m5_1w__TiRex__MASE,B02_fev_m5_1W,shchur_2025_fev_bench,fev-bench,b02_fev_m5_1w,b02_fev_m5_1w,M5,medium,MASE,TiRex,7.544068044350276,TRUE,TRUE,1.1477,1.1347,ML_TREE,0.011391640889678843,0.0129999999999999,0.011456772715255045,6.559527714004592e-5,LIT,FALSE,TRUE,Source A benchmark extraction,30490,30490
b02_fev_m5_1w__TiRex__WAPE,B02_fev_m5_1W,shchur_2025_fev_bench,fev-bench,b02_fev_m5_1w,b02_fev_m5_1w,M5,medium,WAPE,TiRex,7.544068044350276,TRUE,TRUE,0.4281,0.4229,ML_TREE,0.012221068672457537,0.005199999999999982,0.012296051075904427,6.559527714004592e-5,LIT,FALSE,TRUE,Source A benchmark extraction,30490,30490
b02_fev_m5_1w__TimesFM-2.5__SQL,B02_fev_m5_1W,shchur_2025_fev_bench,fev-bench,b02_fev_m5_1w,b02_fev_m5_1w,M5,medium,SQL,TimesFM-2.5,8.301029995663981,TRUE,TRUE,0.889,1.1347,ML_TREE,-0.24402634228303913,-0.24570000000000003,-0.21653300431832204,6.559527714004592e-5,LIT,FALSE,TRUE,Source A benchmark extraction,30490,30490
b02_fev_m5_1w__TimesFM-2.5__MASE,B02_fev_m5_1W,shchur_2025_fev_bench,fev-bench,b02_fev_m5_1w,b02_fev_m5_1w,M5,medium,MASE,TimesFM-2.5,8.301029995663981,TRUE,TRUE,1.1222,1.1347,ML_TREE,-0.011077254480072019,-0.012499999999999956,-0.011016127610822204,6.559527714004592e-5,LIT,FALSE,TRUE,Source A benchmark extraction,30490,30490
b02_fev_m5_1w__TimesFM-2.5__WAPE,B02_fev_m5_1W,shchur_2025_fev_bench,fev-bench,b02_fev_m5_1w,b02_fev_m5_1w,M5,medium,WAPE,TimesFM-2.5,8.301029995663981,TRUE,TRUE,0.4201,0.4229,ML_TREE,-0.00664296630310655,-0.0028000000000000247,-0.006620950579333234,6.559527714004592e-5,LIT,FALSE,TRUE,Source A benchmark extraction,30490,30490
b02_fev_m5_1w__Toto-1.0__SQL,B02_fev_m5_1W,shchur_2025_fev_bench,fev-bench,b02_fev_m5_1w,b02_fev_m5_1w,M5,medium,SQL,Toto-1.0,8,TRUE,TRUE,0.905,1.1347,ML_TREE,-0.2261886340970176,-0.22970000000000002,-0.20243236097646955,6.559527714004592e-5,LIT,FALSE,TRUE,Source A benchmark extraction,30490,30490
b02_fev_m5_1w__Toto-1.0__MASE,B02_fev_m5_1W,shchur_2025_fev_bench,fev-bench,b02_fev_m5_1w,b02_fev_m5_1w,M5,medium,MASE,Toto-1.0,8,TRUE,TRUE,1.1448,1.1347,ML_TREE,0.008861650445297378,0.010099999999999998,0.00890103110954437,6.559527714004592e-5,LIT,FALSE,TRUE,Source A benchmark extraction,30490,30490
b02_fev_m5_1w__Toto-1.0__WAPE,B02_fev_m5_1W,shchur_2025_fev_bench,fev-bench,b02_fev_m5_1w,b02_fev_m5_1w,M5,medium,WAPE,Toto-1.0,8,TRUE,TRUE,0.4278,0.4229,ML_TREE,0.011520052169862384,0.0049000000000000155,0.011586663513833095,6.559527714004592e-5,LIT,FALSE,TRUE,Source A benchmark extraction,30490,30490
b02_fev_restaurant__Chronos-2__SQL,B02_fev_restaurant,shchur_2025_fev_bench,fev-bench,b02_fev_restaurant,b02_fev_restaurant,Restaurant,long,SQL,Chronos-2,8.079181246047625,TRUE,TRUE,0.6853,0.9515,ML_TREE,-0.32818298814442615,-0.2662,-0.2797687861271676,0.0024600246002460025,LIT,FALSE,TRUE,Source A benchmark extraction,813,813
b02_fev_restaurant__Chronos-2__MASE,B02_fev_restaurant,shchur_2025_fev_bench,fev-bench,b02_fev_restaurant,b02_fev_restaurant,Restaurant,long,MASE,Chronos-2,8.079181246047625,TRUE,TRUE,0.8599,0.9515,ML_TREE,-0.10122358331935334,-0.09160000000000001,-0.09626904887020496,0.0024600246002460025,LIT,FALSE,TRUE,Source A benchmark extraction,813,813
b02_fev_restaurant__Chronos-2__WAPE,B02_fev_restaurant,shchur_2025_fev_bench,fev-bench,b02_fev_restaurant,b02_fev_restaurant,Restaurant,long,WAPE,Chronos-2,8.079181246047625,TRUE,TRUE,0.3584,0.4055,ML_TREE,-0.12347119245469226,-0.04710000000000003,-0.11615289765721339,0.0024600246002460025,LIT,FALSE,TRUE,Source A benchmark extraction,813,813
b02_fev_restaurant__Chronos-Bolt-Base__SQL,B02_fev_restaurant,shchur_2025_fev_bench,fev-bench,b02_fev_restaurant,b02_fev_restaurant,Restaurant,long,SQL,Chronos-Bolt-Base,7.662757831681574,TRUE,TRUE,0.689,0.9515,ML_TREE,-0.3227984157225457,-0.26250000000000007,-0.2758801891749869,0.0024600246002460025,LIT,FALSE,TRUE,Source A benchmark extraction,813,813
b02_fev_restaurant__Chronos-Bolt-Base__MASE,B02_fev_restaurant,shchur_2025_fev_bench,fev-bench,b02_fev_restaurant,b02_fev_restaurant,Restaurant,long,MASE,Chronos-Bolt-Base,7.662757831681574,TRUE,TRUE,0.866,0.9515,ML_TREE,-0.094154778173769,-0.08550000000000002,-0.08985811875985289,0.0024600246002460025,LIT,FALSE,TRUE,Source A benchmark extraction,813,813
b02_fev_restaurant__Chronos-Bolt-Base__WAPE,B02_fev_restaurant,shchur_2025_fev_bench,fev-bench,b02_fev_restaurant,b02_fev_restaurant,Restaurant,long,WAPE,Chronos-Bolt-Base,7.662757831681574,TRUE,TRUE,0.3649,0.4055,ML_TREE,-0.10549753011306566,-0.040600000000000025,-0.10012330456226885,0.0024600246002460025,LIT,FALSE,TRUE,Source A benchmark extraction,813,813
b02_fev_restaurant__Moirai-2.0-Small__SQL,B02_fev_restaurant,shchur_2025_fev_bench,fev-bench,b02_fev_restaurant,b02_fev_restaurant,Restaurant,long,SQL,Moirai-2.0-Small,7.041392685158225,TRUE,TRUE,0.681,0.9515,ML_TREE,-0.3344773805866918,-0.27049999999999996,-0.2842879663688912,0.0024600246002460025,LIT,FALSE,TRUE,Source A benchmark extraction,813,813
b02_fev_restaurant__Moirai-2.0-Small__MASE,B02_fev_restaurant,shchur_2025_fev_bench,fev-bench,b02_fev_restaurant,b02_fev_restaurant,Restaurant,long,MASE,Moirai-2.0-Small,7.041392685158225,TRUE,TRUE,0.852,0.9515,ML_TREE,-0.11045315990688849,-0.09950000000000003,-0.10457172884918553,0.0024600246002460025,LIT,FALSE,TRUE,Source A benchmark extraction,813,813
b02_fev_restaurant__Moirai-2.0-Small__WAPE,B02_fev_restaurant,shchur_2025_fev_bench,fev-bench,b02_fev_restaurant,b02_fev_restaurant,Restaurant,long,WAPE,Moirai-2.0-Small,7.041392685158225,TRUE,TRUE,0.3573,0.4055,ML_TREE,-0.12654510852610354,-0.04820000000000002,-0.11886559802712705,0.0024600246002460025,LIT,FALSE,TRUE,Source A benchmark extraction,813,813
b02_fev_restaurant__TabPFN-TS__SQL,B02_fev_restaurant,shchur_2025_fev_bench,fev-bench,b02_fev_restaurant,b02_fev_restaurant,Restaurant,long,SQL,TabPFN-TS,7.079181246047625,TRUE,TRUE,0.693,0.9515,ML_TREE,-0.317009687546301,-0.25850000000000006,-0.27167630057803477,0.0024600246002460025,LIT,FALSE,TRUE,Source A benchmark extraction,813,813
b02_fev_restaurant__TabPFN-TS__MASE,B02_fev_restaurant,shchur_2025_fev_bench,fev-bench,b02_fev_restaurant,b02_fev_restaurant,Restaurant,long,MASE,TabPFN-TS,7.079181246047625,TRUE,TRUE,0.8689,0.9515,ML_TREE,-0.09081164289104389,-0.0826,-0.08681029952706254,0.0024600246002460025,LIT,FALSE,TRUE,Source A benchmark extraction,813,813
b02_fev_restaurant__TabPFN-TS__WAPE,B02_fev_restaurant,shchur_2025_fev_bench,fev-bench,b02_fev_restaurant,b02_fev_restaurant,Restaurant,long,WAPE,TabPFN-TS,7.079181246047625,TRUE,TRUE,0.3642,0.4055,ML_TREE,-0.10741770626196001,-0.0413,-0.10184956843403206,0.0024600246002460025,LIT,FALSE,TRUE,Source A benchmark extraction,813,813
b02_fev_restaurant__TiRex__SQL,B02_fev_restaurant,shchur_2025_fev_bench,fev-bench,b02_fev_restaurant,b02_fev_restaurant,Restaurant,long,SQL,TiRex,7.544068044350276,TRUE,TRUE,0.6816,0.9515,ML_TREE,-0.3335967112210982,-0.26990000000000003,-0.2836573830793484,0.0024600246002460025,LIT,FALSE,TRUE,Source A benchmark extraction,813,813
b02_fev_restaurant__TiRex__MASE,B02_fev_restaurant,shchur_2025_fev_bench,fev-bench,b02_fev_restaurant,b02_fev_restaurant,Restaurant,long,MASE,TiRex,7.544068044350276,TRUE,TRUE,0.8522,0.9515,ML_TREE,-0.11021844567039257,-0.09930000000000005,-0.10436153441933795,0.0024600246002460025,LIT,FALSE,TRUE,Source A benchmark extraction,813,813
b02_fev_restaurant__TiRex__WAPE,B02_fev_restaurant,shchur_2025_fev_bench,fev-bench,b02_fev_restaurant,b02_fev_restaurant,Restaurant,long,WAPE,TiRex,7.544068044350276,TRUE,TRUE,0.3584,0.4055,ML_TREE,-0.12347119245469226,-0.04710000000000003,-0.11615289765721339,0.0024600246002460025,LIT,FALSE,TRUE,Source A benchmark extraction,813,813
b02_fev_restaurant__TimesFM-2.5__SQL,B02_fev_restaurant,shchur_2025_fev_bench,fev-bench,b02_fev_restaurant,b02_fev_restaurant,Restaurant,long,SQL,TimesFM-2.5,8.301029995663981,TRUE,TRUE,0.6774,0.9515,ML_TREE,-0.3397777463525329,-0.2741,-0.2880714661061482,0.0024600246002460025,LIT,FALSE,TRUE,Source A benchmark extraction,813,813
b02_fev_restaurant__TimesFM-2.5__MASE,B02_fev_restaurant,shchur_2025_fev_bench,fev-bench,b02_fev_restaurant,b02_fev_restaurant,Restaurant,long,MASE,TimesFM-2.5,8.301029995663981,TRUE,TRUE,0.8503,0.9515,ML_TREE,-0.11245045834445742,-0.10120000000000007,-0.10635838150289025,0.0024600246002460025,LIT,FALSE,TRUE,Source A benchmark extraction,813,813
b02_fev_restaurant__TimesFM-2.5__WAPE,B02_fev_restaurant,shchur_2025_fev_bench,fev-bench,b02_fev_restaurant,b02_fev_restaurant,Restaurant,long,WAPE,TimesFM-2.5,8.301029995663981,TRUE,TRUE,0.357,0.4055,ML_TREE,-0.12738509177582866,-0.04850000000000004,-0.11960542540073993,0.0024600246002460025,LIT,FALSE,TRUE,Source A benchmark extraction,813,813
b02_fev_restaurant__Toto-1.0__SQL,B02_fev_restaurant,shchur_2025_fev_bench,fev-bench,b02_fev_restaurant,b02_fev_restaurant,Restaurant,long,SQL,Toto-1.0,8,TRUE,TRUE,0.704,0.9515,ML_TREE,-0.30126133057816185,-0.24750000000000005,-0.2601156069364162,0.0024600246002460025,LIT,FALSE,TRUE,Source A benchmark extraction,813,813
b02_fev_restaurant__Toto-1.0__MASE,B02_fev_restaurant,shchur_2025_fev_bench,fev-bench,b02_fev_restaurant,b02_fev_restaurant,Restaurant,long,MASE,Toto-1.0,8,TRUE,TRUE,0.8859,0.9515,ML_TREE,-0.07143560931821749,-0.06559999999999999,-0.06894377299001575,0.0024600246002460025,LIT,FALSE,TRUE,Source A benchmark extraction,813,813
b02_fev_restaurant__Toto-1.0__WAPE,B02_fev_restaurant,shchur_2025_fev_bench,fev-bench,b02_fev_restaurant,b02_fev_restaurant,Restaurant,long,WAPE,Toto-1.0,8,TRUE,TRUE,0.3732,0.4055,ML_TREE,-0.08300640458227898,-0.03230000000000005,-0.07965474722564747,0.0024600246002460025,LIT,FALSE,TRUE,Source A benchmark extraction,813,813
b02_fev_rohlik_orders_1d__Chronos-2__SQL,B02_fev_rohlik_orders_1D,shchur_2025_fev_bench,fev-bench,b02_fev_rohlik_orders_1d,b02_fev_rohlik_orders_1d,Rohlik,long,SQL,Chronos-2,8.079181246047625,TRUE,TRUE,0.9592,1.1489,ML_TREE,-0.1804606381460146,-0.18969999999999998,-0.16511445730698926,0.2857142857142857,LIT,FALSE,TRUE,Source A benchmark extraction,7,7
b02_fev_rohlik_orders_1d__Chronos-2__MASE,B02_fev_rohlik_orders_1D,shchur_2025_fev_bench,fev-bench,b02_fev_rohlik_orders_1d,b02_fev_rohlik_orders_1d,Rohlik,long,MASE,Chronos-2,8.079181246047625,TRUE,TRUE,1.1869,1.1489,ML_TREE,0.03253990320314032,0.038000000000000034,0.03307511532770479,0.2857142857142857,LIT,FALSE,TRUE,Source A benchmark extraction,7,7
b02_fev_rohlik_orders_1d__Chronos-2__WAPE,B02_fev_rohlik_orders_1D,shchur_2025_fev_bench,fev-bench,b02_fev_rohlik_orders_1d,b02_fev_rohlik_orders_1d,Rohlik,long,WAPE,Chronos-2,8.079181246047625,TRUE,TRUE,0.0561,0.0543,ML_TREE,0.032611585588760796,0.001799999999999996,0.03314917127071816,0.2857142857142857,LIT,FALSE,TRUE,Source A benchmark extraction,7,7
b02_fev_rohlik_orders_1d__Chronos-Bolt-Base__SQL,B02_fev_rohlik_orders_1D,shchur_2025_fev_bench,fev-bench,b02_fev_rohlik_orders_1d,b02_fev_rohlik_orders_1d,Rohlik,long,SQL,Chronos-Bolt-Base,7.662757831681574,TRUE,TRUE,1.0508,1.1489,ML_TREE,-0.08925318404793434,-0.09810000000000008,-0.08538602141178525,0.2857142857142857,LIT,FALSE,TRUE,Source A benchmark extraction,7,7
b02_fev_rohlik_orders_1d__Chronos-Bolt-Base__MASE,B02_fev_rohlik_orders_1D,shchur_2025_fev_bench,fev-bench,b02_fev_rohlik_orders_1d,b02_fev_rohlik_orders_1d,Rohlik,long,MASE,Chronos-Bolt-Base,7.662757831681574,TRUE,TRUE,1.3016,1.1489,ML_TREE,0.12478931404550901,0.15270000000000006,0.1329097397510663,0.2857142857142857,LIT,FALSE,TRUE,Source A benchmark extraction,7,7
b02_fev_rohlik_orders_1d__Chronos-Bolt-Base__WAPE,B02_fev_rohlik_orders_1D,shchur_2025_fev_bench,fev-bench,b02_fev_rohlik_orders_1d,b02_fev_rohlik_orders_1d,Rohlik,long,WAPE,Chronos-Bolt-Base,7.662757831681574,TRUE,TRUE,0.0614,0.0543,ML_TREE,0.12288560821320703,0.007100000000000002,0.13075506445672194,0.2857142857142857,LIT,FALSE,TRUE,Source A benchmark extraction,7,7
b02_fev_rohlik_orders_1d__Moirai-2.0-Small__SQL,B02_fev_rohlik_orders_1D,shchur_2025_fev_bench,fev-bench,b02_fev_rohlik_orders_1d,b02_fev_rohlik_orders_1d,Rohlik,long,SQL,Moirai-2.0-Small,7.041392685158225,TRUE,TRUE,0.97,1.1489,ML_TREE,-0.16926417036189073,-0.17890000000000006,-0.15571416137174693,0.2857142857142857,LIT,FALSE,TRUE,Source A benchmark extraction,7,7
b02_fev_rohlik_orders_1d__Moirai-2.0-Small__MASE,B02_fev_rohlik_orders_1D,shchur_2025_fev_bench,fev-bench,b02_fev_rohlik_orders_1d,b02_fev_rohlik_orders_1d,Rohlik,long,MASE,Moirai-2.0-Small,7.041392685158225,TRUE,TRUE,1.176,1.1489,ML_TREE,0.02331388659925305,0.027099999999999902,0.023587779615284098,0.2857142857142857,LIT,FALSE,TRUE,Source A benchmark extraction,7,7
b02_fev_rohlik_orders_1d__Moirai-2.0-Small__WAPE,B02_fev_rohlik_orders_1D,shchur_2025_fev_bench,fev-bench,b02_fev_rohlik_orders_1d,b02_fev_rohlik_orders_1d,Rohlik,long,WAPE,Moirai-2.0-Small,7.041392685158225,TRUE,TRUE,0.0552,0.0543,ML_TREE,0.01643872634315994,8.99999999999998e-4,0.01657458563535908,0.2857142857142857,LIT,FALSE,TRUE,Source A benchmark extraction,7,7
b02_fev_rohlik_orders_1d__TabPFN-TS__SQL,B02_fev_rohlik_orders_1D,shchur_2025_fev_bench,fev-bench,b02_fev_rohlik_orders_1d,b02_fev_rohlik_orders_1d,Rohlik,long,SQL,TabPFN-TS,7.079181246047625,TRUE,TRUE,1.3411,1.1489,ML_TREE,0.1546852098575753,0.19219999999999993,0.1672904517364435,0.2857142857142857,LIT,FALSE,TRUE,Source A benchmark extraction,7,7
b02_fev_rohlik_orders_1d__TabPFN-TS__MASE,B02_fev_rohlik_orders_1D,shchur_2025_fev_bench,fev-bench,b02_fev_rohlik_orders_1d,b02_fev_rohlik_orders_1d,Rohlik,long,MASE,TabPFN-TS,7.079181246047625,TRUE,TRUE,1.5479,1.1489,ML_TREE,0.2980942107205127,0.399,0.3472887109409,0.2857142857142857,LIT,FALSE,TRUE,Source A benchmark extraction,7,7
b02_fev_rohlik_orders_1d__TabPFN-TS__WAPE,B02_fev_rohlik_orders_1D,shchur_2025_fev_bench,fev-bench,b02_fev_rohlik_orders_1d,b02_fev_rohlik_orders_1d,Rohlik,long,WAPE,TabPFN-TS,7.079181246047625,TRUE,TRUE,0.0656,0.0543,ML_TREE,0.18905146901015363,0.011300000000000004,0.20810313075506454,0.2857142857142857,LIT,FALSE,TRUE,Source A benchmark extraction,7,7
b02_fev_rohlik_orders_1d__TiRex__SQL,B02_fev_rohlik_orders_1D,shchur_2025_fev_bench,fev-bench,b02_fev_rohlik_orders_1d,b02_fev_rohlik_orders_1d,Rohlik,long,SQL,TiRex,7.544068044350276,TRUE,TRUE,0.9858,1.1489,ML_TREE,-0.15310674758804174,-0.16310000000000002,-0.14196187657759599,0.2857142857142857,LIT,FALSE,TRUE,Source A benchmark extraction,7,7
b02_fev_rohlik_orders_1d__TiRex__MASE,B02_fev_rohlik_orders_1D,shchur_2025_fev_bench,fev-bench,b02_fev_rohlik_orders_1d,b02_fev_rohlik_orders_1d,Rohlik,long,MASE,TiRex,7.544068044350276,TRUE,TRUE,1.2034,1.1489,ML_TREE,0.046345920926932134,0.05449999999999999,0.047436678562102874,0.2857142857142857,LIT,FALSE,TRUE,Source A benchmark extraction,7,7
b02_fev_rohlik_orders_1d__TiRex__WAPE,B02_fev_rohlik_orders_1D,shchur_2025_fev_bench,fev-bench,b02_fev_rohlik_orders_1d,b02_fev_rohlik_orders_1d,Rohlik,long,WAPE,TiRex,7.544068044350276,TRUE,TRUE,0.0572,0.0543,ML_TREE,0.05202967144586244,0.0029,0.05340699815837937,0.2857142857142857,LIT,FALSE,TRUE,Source A benchmark extraction,7,7
b02_fev_rohlik_orders_1d__TimesFM-2.5__SQL,B02_fev_rohlik_orders_1D,shchur_2025_fev_bench,fev-bench,b02_fev_rohlik_orders_1d,b02_fev_rohlik_orders_1d,Rohlik,long,SQL,TimesFM-2.5,8.301029995663981,TRUE,TRUE,1.0057,1.1489,ML_TREE,-0.13312114640888437,-0.1432,-0.12464096091914004,0.2857142857142857,LIT,FALSE,TRUE,Source A benchmark extraction,7,7
b02_fev_rohlik_orders_1d__TimesFM-2.5__MASE,B02_fev_rohlik_orders_1D,shchur_2025_fev_bench,fev-bench,b02_fev_rohlik_orders_1d,b02_fev_rohlik_orders_1d,Rohlik,long,MASE,TimesFM-2.5,8.301029995663981,TRUE,TRUE,1.2504,1.1489,ML_TREE,0.0846585372479476,0.10149999999999992,0.08834537383584291,0.2857142857142857,LIT,FALSE,TRUE,Source A benchmark extraction,7,7
b02_fev_rohlik_orders_1d__TimesFM-2.5__WAPE,B02_fev_rohlik_orders_1D,shchur_2025_fev_bench,fev-bench,b02_fev_rohlik_orders_1d,b02_fev_rohlik_orders_1d,Rohlik,long,WAPE,TimesFM-2.5,8.301029995663981,TRUE,TRUE,0.0591,0.0543,ML_TREE,0.08470669747216275,0.004799999999999999,0.08839779005524859,0.2857142857142857,LIT,FALSE,TRUE,Source A benchmark extraction,7,7
b02_fev_rohlik_orders_1d__Toto-1.0__SQL,B02_fev_rohlik_orders_1D,shchur_2025_fev_bench,fev-bench,b02_fev_rohlik_orders_1d,b02_fev_rohlik_orders_1d,Rohlik,long,SQL,Toto-1.0,8,TRUE,TRUE,1.1351,1.1489,ML_TREE,-0.012084210098025499,-0.013800000000000034,-0.012011489250587547,0.2857142857142857,LIT,FALSE,TRUE,Source A benchmark extraction,7,7
b02_fev_rohlik_orders_1d__Toto-1.0__MASE,B02_fev_rohlik_orders_1D,shchur_2025_fev_bench,fev-bench,b02_fev_rohlik_orders_1d,b02_fev_rohlik_orders_1d,Rohlik,long,MASE,Toto-1.0,8,TRUE,TRUE,1.3776,1.1489,ML_TREE,0.1815378918141472,0.2286999999999999,0.19905997040647566,0.2857142857142857,LIT,FALSE,TRUE,Source A benchmark extraction,7,7
b02_fev_rohlik_orders_1d__Toto-1.0__WAPE,B02_fev_rohlik_orders_1D,shchur_2025_fev_bench,fev-bench,b02_fev_rohlik_orders_1d,b02_fev_rohlik_orders_1d,Rohlik,long,WAPE,Toto-1.0,8,TRUE,TRUE,0.0646,0.0543,ML_TREE,0.17369018384866647,0.010300000000000004,0.1896869244935544,0.2857142857142857,LIT,FALSE,TRUE,Source A benchmark extraction,7,7
b02_fev_rohlik_orders_1w__Chronos-2__SQL,B02_fev_rohlik_orders_1W,shchur_2025_fev_bench,fev-bench,b02_fev_rohlik_orders_1w,b02_fev_rohlik_orders_1w,Rohlik,medium,SQL,Chronos-2,8.079181246047625,TRUE,TRUE,1.2997,1.4545,ML_TREE,-0.11252873034771348,-0.15479999999999983,-0.1064283258851838,0.2857142857142857,LIT,FALSE,TRUE,Source A benchmark extraction,7,7
b02_fev_rohlik_orders_1w__Chronos-2__MASE,B02_fev_rohlik_orders_1W,shchur_2025_fev_bench,fev-bench,b02_fev_rohlik_orders_1w,b02_fev_rohlik_orders_1w,Rohlik,medium,MASE,Chronos-2,8.079181246047625,TRUE,TRUE,1.5471,1.4545,ML_TREE,0.06172001178976663,0.09260000000000002,0.063664489515297365,0.2857142857142857,LIT,FALSE,TRUE,Source A benchmark extraction,7,7
b02_fev_rohlik_orders_1w__Chronos-2__WAPE,B02_fev_rohlik_orders_1W,shchur_2025_fev_bench,fev-bench,b02_fev_rohlik_orders_1w,b02_fev_rohlik_orders_1w,Rohlik,medium,WAPE,Chronos-2,8.079181246047625,TRUE,TRUE,0.0503,0.0468,ML_TREE,0.07212187418209243,0.003499999999999996,0.0747863247863247,0.2857142857142857,LIT,FALSE,TRUE,Source A benchmark extraction,7,7
b02_fev_rohlik_orders_1w__Chronos-Bolt-Base__SQL,B02_fev_rohlik_orders_1W,shchur_2025_fev_bench,fev-bench,b02_fev_rohlik_orders_1w,b02_fev_rohlik_orders_1w,Rohlik,medium,SQL,Chronos-Bolt-Base,7.662757831681574,TRUE,TRUE,1.4282,1.4545,ML_TREE,-0.018247288820246642,-0.02629999999999999,-0.018081815056720518,0.2857142857142857,LIT,FALSE,TRUE,Source A benchmark extraction,7,7
b02_fev_rohlik_orders_1w__Chronos-Bolt-Base__MASE,B02_fev_rohlik_orders_1W,shchur_2025_fev_bench,fev-bench,b02_fev_rohlik_orders_1w,b02_fev_rohlik_orders_1w,Rohlik,medium,MASE,Chronos-Bolt-Base,7.662757831681574,TRUE,TRUE,1.7219,1.4545,ML_TREE,0.168766133356884,0.2674000000000001,0.18384324510140948,0.2857142857142857,LIT,FALSE,TRUE,Source A benchmark extraction,7,7
b02_fev_rohlik_orders_1w__Chronos-Bolt-Base__WAPE,B02_fev_rohlik_orders_1W,shchur_2025_fev_bench,fev-bench,b02_fev_rohlik_orders_1w,b02_fev_rohlik_orders_1w,Rohlik,medium,WAPE,Chronos-Bolt-Base,7.662757831681574,TRUE,TRUE,0.057,0.0468,ML_TREE,0.19716806491094918,0.0102,0.21794871794871795,0.2857142857142857,LIT,FALSE,TRUE,Source A benchmark extraction,7,7
b02_fev_rohlik_orders_1w__Moirai-2.0-Small__SQL,B02_fev_rohlik_orders_1W,shchur_2025_fev_bench,fev-bench,b02_fev_rohlik_orders_1w,b02_fev_rohlik_orders_1w,Rohlik,medium,SQL,Moirai-2.0-Small,7.041392685158225,TRUE,TRUE,1.532,1.4545,ML_TREE,0.05191187236528041,0.07750000000000012,0.053282915091096686,0.2857142857142857,LIT,FALSE,TRUE,Source A benchmark extraction,7,7
b02_fev_rohlik_orders_1w__Moirai-2.0-Small__MASE,B02_fev_rohlik_orders_1W,shchur_2025_fev_bench,fev-bench,b02_fev_rohlik_orders_1w,b02_fev_rohlik_orders_1w,Rohlik,medium,MASE,Moirai-2.0-Small,7.041392685158225,TRUE,TRUE,1.874,1.4545,ML_TREE,0.25341298486311137,0.4195000000000002,0.2884152629769682,0.2857142857142857,LIT,FALSE,TRUE,Source A benchmark extraction,7,7
b02_fev_rohlik_orders_1w__Moirai-2.0-Small__WAPE,B02_fev_rohlik_orders_1W,shchur_2025_fev_bench,fev-bench,b02_fev_rohlik_orders_1w,b02_fev_rohlik_orders_1w,Rohlik,medium,WAPE,Moirai-2.0-Small,7.041392685158225,TRUE,TRUE,0.0612,0.0468,ML_TREE,0.26826398659467937,0.014399999999999996,0.3076923076923076,0.2857142857142857,LIT,FALSE,TRUE,Source A benchmark extraction,7,7
b02_fev_rohlik_orders_1w__TabPFN-TS__SQL,B02_fev_rohlik_orders_1W,shchur_2025_fev_bench,fev-bench,b02_fev_rohlik_orders_1w,b02_fev_rohlik_orders_1w,Rohlik,medium,SQL,TabPFN-TS,7.079181246047625,TRUE,TRUE,1.524,1.4545,ML_TREE,0.04667625831133532,0.06950000000000012,0.04778274321072542,0.2857142857142857,LIT,FALSE,TRUE,Source A benchmark extraction,7,7
b02_fev_rohlik_orders_1w__TabPFN-TS__MASE,B02_fev_rohlik_orders_1W,shchur_2025_fev_bench,fev-bench,b02_fev_rohlik_orders_1w,b02_fev_rohlik_orders_1w,Rohlik,medium,MASE,TabPFN-TS,7.079181246047625,TRUE,TRUE,1.9887,1.4545,ML_TREE,0.31281895998019926,0.5342,0.367273977311791,0.2857142857142857,LIT,FALSE,TRUE,Source A benchmark extraction,7,7
b02_fev_rohlik_orders_1w__TabPFN-TS__WAPE,B02_fev_rohlik_orders_1W,shchur_2025_fev_bench,fev-bench,b02_fev_rohlik_orders_1w,b02_fev_rohlik_orders_1w,Rohlik,medium,WAPE,TabPFN-TS,7.079181246047625,TRUE,TRUE,0.0652,0.0468,ML_TREE,0.3315762660090062,0.018399999999999993,0.393162393162393,0.2857142857142857,LIT,FALSE,TRUE,Source A benchmark extraction,7,7
b02_fev_rohlik_orders_1w__TiRex__SQL,B02_fev_rohlik_orders_1W,shchur_2025_fev_bench,fev-bench,b02_fev_rohlik_orders_1w,b02_fev_rohlik_orders_1w,Rohlik,medium,SQL,TiRex,7.544068044350276,TRUE,TRUE,1.3004,1.4545,ML_TREE,-0.11199028950550603,-0.1540999999999999,-0.10594706084565136,0.2857142857142857,LIT,FALSE,TRUE,Source A benchmark extraction,7,7
b02_fev_rohlik_orders_1w__TiRex__MASE,B02_fev_rohlik_orders_1W,shchur_2025_fev_bench,fev-bench,b02_fev_rohlik_orders_1w,b02_fev_rohlik_orders_1w,Rohlik,medium,MASE,TiRex,7.544068044350276,TRUE,TRUE,1.5829,1.4545,ML_TREE,0.0845964087564364,0.12840000000000007,0.08827775867995881,0.2857142857142857,LIT,FALSE,TRUE,Source A benchmark extraction,7,7
b02_fev_rohlik_orders_1w__TiRex__WAPE,B02_fev_rohlik_orders_1W,shchur_2025_fev_bench,fev-bench,b02_fev_rohlik_orders_1w,b02_fev_rohlik_orders_1w,Rohlik,medium,WAPE,TiRex,7.544068044350276,TRUE,TRUE,0.0521,0.0468,ML_TREE,0.10728174583572021,0.005299999999999999,0.11324786324786322,0.2857142857142857,LIT,FALSE,TRUE,Source A benchmark extraction,7,7
b02_fev_rohlik_orders_1w__TimesFM-2.5__SQL,B02_fev_rohlik_orders_1W,shchur_2025_fev_bench,fev-bench,b02_fev_rohlik_orders_1w,b02_fev_rohlik_orders_1w,Rohlik,medium,SQL,TimesFM-2.5,8.301029995663981,TRUE,TRUE,1.3278,1.4545,ML_TREE,-0.0911387616501972,-0.1266999999999998,-0.08710897215537973,0.2857142857142857,LIT,FALSE,TRUE,Source A benchmark extraction,7,7
b02_fev_rohlik_orders_1w__TimesFM-2.5__MASE,B02_fev_rohlik_orders_1W,shchur_2025_fev_bench,fev-bench,b02_fev_rohlik_orders_1w,b02_fev_rohlik_orders_1w,Rohlik,medium,MASE,TimesFM-2.5,8.301029995663981,TRUE,TRUE,1.6592,1.4545,ML_TREE,0.13167335954000672,0.2047000000000001,0.14073564798899973,0.2857142857142857,LIT,FALSE,TRUE,Source A benchmark extraction,7,7
b02_fev_rohlik_orders_1w__TimesFM-2.5__WAPE,B02_fev_rohlik_orders_1W,shchur_2025_fev_bench,fev-bench,b02_fev_rohlik_orders_1w,b02_fev_rohlik_orders_1w,Rohlik,medium,WAPE,TimesFM-2.5,8.301029995663981,TRUE,TRUE,0.0542,0.0468,ML_TREE,0.14679770552199936,0.007399999999999997,0.15811965811965806,0.2857142857142857,LIT,FALSE,TRUE,Source A benchmark extraction,7,7
b02_fev_rohlik_orders_1w__Toto-1.0__SQL,B02_fev_rohlik_orders_1W,shchur_2025_fev_bench,fev-bench,b02_fev_rohlik_orders_1w,b02_fev_rohlik_orders_1w,Rohlik,medium,SQL,Toto-1.0,8,TRUE,TRUE,1.4934,1.4545,ML_TREE,0.026393200666345033,0.03890000000000016,0.02674458576830537,0.2857142857142857,LIT,FALSE,TRUE,Source A benchmark extraction,7,7
b02_fev_rohlik_orders_1w__Toto-1.0__MASE,B02_fev_rohlik_orders_1W,shchur_2025_fev_bench,fev-bench,b02_fev_rohlik_orders_1w,b02_fev_rohlik_orders_1w,Rohlik,medium,MASE,Toto-1.0,8,TRUE,TRUE,1.798,1.4545,ML_TREE,0.2120127370963093,0.34350000000000014,0.23616363011344116,0.2857142857142857,LIT,FALSE,TRUE,Source A benchmark extraction,7,7
b02_fev_rohlik_orders_1w__Toto-1.0__WAPE,B02_fev_rohlik_orders_1W,shchur_2025_fev_bench,fev-bench,b02_fev_rohlik_orders_1w,b02_fev_rohlik_orders_1w,Rohlik,medium,WAPE,Toto-1.0,8,TRUE,TRUE,0.0591,0.0468,ML_TREE,0.23334772148845143,0.012299999999999998,0.2628205128205128,0.2857142857142857,LIT,FALSE,TRUE,Source A benchmark extraction,7,7
b02_fev_rohlik_sales_1d__Chronos-2__SQL,B02_fev_rohlik_sales_1D,shchur_2025_fev_bench,fev-bench,b02_fev_rohlik_sales_1d,b02_fev_rohlik_sales_1d,Rohlik,medium,SQL,Chronos-2,8.079181246047625,TRUE,TRUE,0.8808,1.2715,ML_TREE,-0.3671219994537042,-0.39070000000000005,-0.3072748721981911,4.8590864917395527e-4,LIT,FALSE,TRUE,Source A benchmark extraction,4116,4116
b02_fev_rohlik_sales_1d__Chronos-2__MASE,B02_fev_rohlik_sales_1D,shchur_2025_fev_bench,fev-bench,b02_fev_rohlik_sales_1d,b02_fev_rohlik_sales_1d,Rohlik,medium,MASE,Chronos-2,8.079181246047625,TRUE,TRUE,1.1016,1.2715,ML_TREE,-0.14343363744772936,-0.16990000000000016,-0.13362170664569417,4.8590864917395527e-4,LIT,FALSE,TRUE,Source A benchmark extraction,4116,4116
b02_fev_rohlik_sales_1d__Chronos-2__WAPE,B02_fev_rohlik_sales_1D,shchur_2025_fev_bench,fev-bench,b02_fev_rohlik_sales_1d,b02_fev_rohlik_sales_1d,Rohlik,medium,WAPE,Chronos-2,8.079181246047625,TRUE,TRUE,0.2763,0.3378,ML_TREE,-0.20096677244432887,-0.0615,-0.18206039076376554,4.8590864917395527e-4,LIT,FALSE,TRUE,Source A benchmark extraction,4116,4116
b02_fev_rohlik_sales_1d__Chronos-Bolt-Base__SQL,B02_fev_rohlik_sales_1D,shchur_2025_fev_bench,fev-bench,b02_fev_rohlik_sales_1d,b02_fev_rohlik_sales_1d,Rohlik,medium,SQL,Chronos-Bolt-Base,7.662757831681574,TRUE,TRUE,1.1471,1.2715,ML_TREE,-0.10296028757495239,-0.12440000000000007,-0.09783720015729458,4.8590864917395527e-4,LIT,FALSE,TRUE,Source A benchmark extraction,4116,4116
b02_fev_rohlik_sales_1d__Chronos-Bolt-Base__MASE,B02_fev_rohlik_sales_1D,shchur_2025_fev_bench,fev-bench,b02_fev_rohlik_sales_1d,b02_fev_rohlik_sales_1d,Rohlik,medium,MASE,Chronos-Bolt-Base,7.662757831681574,TRUE,TRUE,1.3871,1.2715,ML_TREE,0.08701793090707002,0.11559999999999993,0.09091624066063698,4.8590864917395527e-4,LIT,FALSE,TRUE,Source A benchmark extraction,4116,4116
b02_fev_rohlik_sales_1d__Chronos-Bolt-Base__WAPE,B02_fev_rohlik_sales_1D,shchur_2025_fev_bench,fev-bench,b02_fev_rohlik_sales_1d,b02_fev_rohlik_sales_1d,Rohlik,medium,WAPE,Chronos-Bolt-Base,7.662757831681574,TRUE,TRUE,0.3783,0.3378,ML_TREE,0.1132335272652839,0.040500000000000036,0.11989342806394328,4.8590864917395527e-4,LIT,FALSE,TRUE,Source A benchmark extraction,4116,4116
b02_fev_rohlik_sales_1d__Moirai-2.0-Small__SQL,B02_fev_rohlik_sales_1D,shchur_2025_fev_bench,fev-bench,b02_fev_rohlik_sales_1d,b02_fev_rohlik_sales_1d,Rohlik,medium,SQL,Moirai-2.0-Small,7.041392685158225,TRUE,TRUE,1.17,1.2715,ML_TREE,-0.08319355707037268,-0.10150000000000015,-0.07982697601258368,4.8590864917395527e-4,LIT,FALSE,TRUE,Source A benchmark extraction,4116,4116
b02_fev_rohlik_sales_1d__Moirai-2.0-Small__MASE,B02_fev_rohlik_sales_1D,shchur_2025_fev_bench,fev-bench,b02_fev_rohlik_sales_1d,b02_fev_rohlik_sales_1d,Rohlik,medium,MASE,Moirai-2.0-Small,7.041392685158225,TRUE,TRUE,1.402,1.2715,ML_TREE,0.09770248273236103,0.13049999999999984,0.10263468344475016,4.8590864917395527e-4,LIT,FALSE,TRUE,Source A benchmark extraction,4116,4116
b02_fev_rohlik_sales_1d__Moirai-2.0-Small__WAPE,B02_fev_rohlik_sales_1D,shchur_2025_fev_bench,fev-bench,b02_fev_rohlik_sales_1d,b02_fev_rohlik_sales_1d,Rohlik,medium,WAPE,Moirai-2.0-Small,7.041392685158225,TRUE,TRUE,0.3821,0.3378,ML_TREE,0.12322835007915467,0.044300000000000006,0.1311426879810539,4.8590864917395527e-4,LIT,FALSE,TRUE,Source A benchmark extraction,4116,4116
b02_fev_rohlik_sales_1d__TiRex__SQL,B02_fev_rohlik_sales_1D,shchur_2025_fev_bench,fev-bench,b02_fev_rohlik_sales_1d,b02_fev_rohlik_sales_1d,Rohlik,medium,SQL,TiRex,7.544068044350276,TRUE,TRUE,1.1481,1.2715,ML_TREE,-0.10208890376240824,-0.12340000000000018,-0.09705072748721995,4.8590864917395527e-4,LIT,FALSE,TRUE,Source A benchmark extraction,4116,4116
b02_fev_rohlik_sales_1d__TiRex__MASE,B02_fev_rohlik_sales_1D,shchur_2025_fev_bench,fev-bench,b02_fev_rohlik_sales_1d,b02_fev_rohlik_sales_1d,Rohlik,medium,MASE,TiRex,7.544068044350276,TRUE,TRUE,1.3845,1.2715,ML_TREE,0.08514175774884224,0.11299999999999999,0.08887141171844277,4.8590864917395527e-4,LIT,FALSE,TRUE,Source A benchmark extraction,4116,4116
b02_fev_rohlik_sales_1d__TiRex__WAPE,B02_fev_rohlik_sales_1D,shchur_2025_fev_bench,fev-bench,b02_fev_rohlik_sales_1d,b02_fev_rohlik_sales_1d,Rohlik,medium,WAPE,TiRex,7.544068044350276,TRUE,TRUE,0.3784,0.3378,ML_TREE,0.11349783280402369,0.040600000000000025,0.12018946121965668,4.8590864917395527e-4,LIT,FALSE,TRUE,Source A benchmark extraction,4116,4116
b02_fev_rohlik_sales_1d__TimesFM-2.5__SQL,B02_fev_rohlik_sales_1D,shchur_2025_fev_bench,fev-bench,b02_fev_rohlik_sales_1d,b02_fev_rohlik_sales_1d,Rohlik,medium,SQL,TimesFM-2.5,8.301029995663981,TRUE,TRUE,1.0958,1.2715,ML_TREE,-0.1487126157578589,-0.17569999999999997,-0.13818324813212737,4.8590864917395527e-4,LIT,FALSE,TRUE,Source A benchmark extraction,4116,4116
b02_fev_rohlik_sales_1d__TimesFM-2.5__MASE,B02_fev_rohlik_sales_1D,shchur_2025_fev_bench,fev-bench,b02_fev_rohlik_sales_1d,b02_fev_rohlik_sales_1d,Rohlik,medium,MASE,TimesFM-2.5,8.301029995663981,TRUE,TRUE,1.3238,1.2715,ML_TREE,0.040309082822648085,0.05230000000000001,0.0411325206449076,4.8590864917395527e-4,LIT,FALSE,TRUE,Source A benchmark extraction,4116,4116
b02_fev_rohlik_sales_1d__TimesFM-2.5__WAPE,B02_fev_rohlik_sales_1D,shchur_2025_fev_bench,fev-bench,b02_fev_rohlik_sales_1d,b02_fev_rohlik_sales_1d,Rohlik,medium,WAPE,TimesFM-2.5,8.301029995663981,TRUE,TRUE,0.3586,0.3378,ML_TREE,0.05975355679733283,0.020799999999999985,0.06157489638839546,4.8590864917395527e-4,LIT,FALSE,TRUE,Source A benchmark extraction,4116,4116
b02_fev_rohlik_sales_1d__Toto-1.0__SQL,B02_fev_rohlik_sales_1D,shchur_2025_fev_bench,fev-bench,b02_fev_rohlik_sales_1d,b02_fev_rohlik_sales_1d,Rohlik,medium,SQL,Toto-1.0,8,TRUE,TRUE,1.2181,1.2715,ML_TREE,-0.04290503815626116,-0.053400000000000114,-0.04199764058198986,4.8590864917395527e-4,LIT,FALSE,TRUE,Source A benchmark extraction,4116,4116
b02_fev_rohlik_sales_1d__Toto-1.0__MASE,B02_fev_rohlik_sales_1D,shchur_2025_fev_bench,fev-bench,b02_fev_rohlik_sales_1d,b02_fev_rohlik_sales_1d,Rohlik,medium,MASE,Toto-1.0,8,TRUE,TRUE,1.4539,1.2715,ML_TREE,0.13405229507520558,0.1823999999999999,0.1434526150216279,4.8590864917395527e-4,LIT,FALSE,TRUE,Source A benchmark extraction,4116,4116
b02_fev_rohlik_sales_1d__Toto-1.0__WAPE,B02_fev_rohlik_sales_1D,shchur_2025_fev_bench,fev-bench,b02_fev_rohlik_sales_1d,b02_fev_rohlik_sales_1d,Rohlik,medium,WAPE,Toto-1.0,8,TRUE,TRUE,0.3975,0.3378,ML_TREE,0.1627409297206869,0.05970000000000003,0.17673179396092373,4.8590864917395527e-4,LIT,FALSE,TRUE,Source A benchmark extraction,4116,4116
b02_fev_rohlik_sales_1w__Chronos-2__SQL,B02_fev_rohlik_sales_1W,shchur_2025_fev_bench,fev-bench,b02_fev_rohlik_sales_1w,b02_fev_rohlik_sales_1w,Rohlik,medium,SQL,Chronos-2,8.079181246047625,TRUE,TRUE,1.2741,1.8282,ML_TREE,-0.3610918292323832,-0.5541,-0.3030850016409583,5.073566717402334e-4,LIT,FALSE,TRUE,Source A benchmark extraction,3942,3942
b02_fev_rohlik_sales_1w__Chronos-2__MASE,B02_fev_rohlik_sales_1W,shchur_2025_fev_bench,fev-bench,b02_fev_rohlik_sales_1w,b02_fev_rohlik_sales_1w,Rohlik,medium,MASE,Chronos-2,8.079181246047625,TRUE,TRUE,1.5597,1.8282,ML_TREE,-0.15883838116193852,-0.26849999999999996,-0.14686576960945188,5.073566717402334e-4,LIT,FALSE,TRUE,Source A benchmark extraction,3942,3942
b02_fev_rohlik_sales_1w__Chronos-2__WAPE,B02_fev_rohlik_sales_1W,shchur_2025_fev_bench,fev-bench,b02_fev_rohlik_sales_1w,b02_fev_rohlik_sales_1w,Rohlik,medium,WAPE,Chronos-2,8.079181246047625,TRUE,TRUE,0.2291,0.2969,ML_TREE,-0.2592367923102643,-0.0678,-0.22835971707645672,5.073566717402334e-4,LIT,FALSE,TRUE,Source A benchmark extraction,3942,3942
b02_fev_rohlik_sales_1w__Chronos-Bolt-Base__SQL,B02_fev_rohlik_sales_1W,shchur_2025_fev_bench,fev-bench,b02_fev_rohlik_sales_1w,b02_fev_rohlik_sales_1w,Rohlik,medium,SQL,Chronos-Bolt-Base,7.662757831681574,TRUE,TRUE,1.5216,1.8282,ML_TREE,-0.18356946342859246,-0.3066,-0.16770594026911714,5.073566717402334e-4,LIT,FALSE,TRUE,Source A benchmark extraction,3942,3942
b02_fev_rohlik_sales_1w__Chronos-Bolt-Base__MASE,B02_fev_rohlik_sales_1W,shchur_2025_fev_bench,fev-bench,b02_fev_rohlik_sales_1w,b02_fev_rohlik_sales_1w,Rohlik,medium,MASE,Chronos-Bolt-Base,7.662757831681574,TRUE,TRUE,1.8467,1.8282,ML_TREE,0.010068386232108551,0.01849999999999996,0.01011924297122851,5.073566717402334e-4,LIT,FALSE,TRUE,Source A benchmark extraction,3942,3942
b02_fev_rohlik_sales_1w__Chronos-Bolt-Base__WAPE,B02_fev_rohlik_sales_1W,shchur_2025_fev_bench,fev-bench,b02_fev_rohlik_sales_1w,b02_fev_rohlik_sales_1w,Rohlik,medium,WAPE,Chronos-Bolt-Base,7.662757831681574,TRUE,TRUE,0.2846,0.2969,ML_TREE,-0.042310696113962,-0.012299999999999978,-0.04142809026608278,5.073566717402334e-4,LIT,FALSE,TRUE,Source A benchmark extraction,3942,3942
b02_fev_rohlik_sales_1w__Moirai-2.0-Small__SQL,B02_fev_rohlik_sales_1W,shchur_2025_fev_bench,fev-bench,b02_fev_rohlik_sales_1w,b02_fev_rohlik_sales_1w,Rohlik,medium,SQL,Moirai-2.0-Small,7.041392685158225,TRUE,TRUE,1.516,1.8282,ML_TREE,-0.1872565890174014,-0.31220000000000003,-0.1707690624658134,5.073566717402334e-4,LIT,FALSE,TRUE,Source A benchmark extraction,3942,3942
b02_fev_rohlik_sales_1w__Moirai-2.0-Small__MASE,B02_fev_rohlik_sales_1W,shchur_2025_fev_bench,fev-bench,b02_fev_rohlik_sales_1w,b02_fev_rohlik_sales_1w,Rohlik,medium,MASE,Moirai-2.0-Small,7.041392685158225,TRUE,TRUE,1.822,1.8282,ML_TREE,-0.003397077399814755,-0.006199999999999983,-0.003391313860627931,5.073566717402334e-4,LIT,FALSE,TRUE,Source A benchmark extraction,3942,3942
b02_fev_rohlik_sales_1w__Moirai-2.0-Small__WAPE,B02_fev_rohlik_sales_1W,shchur_2025_fev_bench,fev-bench,b02_fev_rohlik_sales_1w,b02_fev_rohlik_sales_1w,Rohlik,medium,WAPE,Moirai-2.0-Small,7.041392685158225,TRUE,TRUE,0.2871,0.2969,ML_TREE,-0.033564794642695704,-0.009799999999999975,-0.03300774671606593,5.073566717402334e-4,LIT,FALSE,TRUE,Source A benchmark extraction,3942,3942
b02_fev_rohlik_sales_1w__TabPFN-TS__SQL,B02_fev_rohlik_sales_1W,shchur_2025_fev_bench,fev-bench,b02_fev_rohlik_sales_1w,b02_fev_rohlik_sales_1w,Rohlik,medium,SQL,TabPFN-TS,7.079181246047625,TRUE,TRUE,1.2205,1.8282,ML_TREE,-0.4040712653867036,-0.6077000000000001,-0.3324034569521935,5.073566717402334e-4,LIT,FALSE,TRUE,Source A benchmark extraction,3942,3942
b02_fev_rohlik_sales_1w__TabPFN-TS__MASE,B02_fev_rohlik_sales_1W,shchur_2025_fev_bench,fev-bench,b02_fev_rohlik_sales_1w,b02_fev_rohlik_sales_1w,Rohlik,medium,MASE,TabPFN-TS,7.079181246047625,TRUE,TRUE,1.5205,1.8282,ML_TREE,-0.184292648102299,-0.3077000000000001,-0.1683076249863254,5.073566717402334e-4,LIT,FALSE,TRUE,Source A benchmark extraction,3942,3942
b02_fev_rohlik_sales_1w__TabPFN-TS__WAPE,B02_fev_rohlik_sales_1W,shchur_2025_fev_bench,fev-bench,b02_fev_rohlik_sales_1w,b02_fev_rohlik_sales_1w,Rohlik,medium,WAPE,TabPFN-TS,7.079181246047625,TRUE,TRUE,0.2152,0.2969,ML_TREE,-0.3218275534820848,-0.0817,-0.27517682721455033,5.073566717402334e-4,LIT,FALSE,TRUE,Source A benchmark extraction,3942,3942
b02_fev_rohlik_sales_1w__TiRex__SQL,B02_fev_rohlik_sales_1W,shchur_2025_fev_bench,fev-bench,b02_fev_rohlik_sales_1w,b02_fev_rohlik_sales_1w,Rohlik,medium,SQL,TiRex,7.544068044350276,TRUE,TRUE,1.4252,1.8282,ML_TREE,-0.24901972148803744,-0.403,-0.22043540094081612,5.073566717402334e-4,LIT,FALSE,TRUE,Source A benchmark extraction,3942,3942
b02_fev_rohlik_sales_1w__TiRex__MASE,B02_fev_rohlik_sales_1W,shchur_2025_fev_bench,fev-bench,b02_fev_rohlik_sales_1w,b02_fev_rohlik_sales_1w,Rohlik,medium,MASE,TiRex,7.544068044350276,TRUE,TRUE,1.7354,1.8282,ML_TREE,-0.05209394186032899,-0.0928,-0.05076031068810852,5.073566717402334e-4,LIT,FALSE,TRUE,Source A benchmark extraction,3942,3942
b02_fev_rohlik_sales_1w__TiRex__WAPE,B02_fev_rohlik_sales_1W,shchur_2025_fev_bench,fev-bench,b02_fev_rohlik_sales_1w,b02_fev_rohlik_sales_1w,Rohlik,medium,WAPE,TiRex,7.544068044350276,TRUE,TRUE,0.2736,0.2969,ML_TREE,-0.0817281960213187,-0.023299999999999987,-0.07847760188615692,5.073566717402334e-4,LIT,FALSE,TRUE,Source A benchmark extraction,3942,3942
b02_fev_rohlik_sales_1w__TimesFM-2.5__SQL,B02_fev_rohlik_sales_1W,shchur_2025_fev_bench,fev-bench,b02_fev_rohlik_sales_1w,b02_fev_rohlik_sales_1w,Rohlik,medium,SQL,TimesFM-2.5,8.301029995663981,TRUE,TRUE,1.401,1.8282,ML_TREE,-0.26614560888271144,-0.4272,-0.23367246471939612,5.073566717402334e-4,LIT,FALSE,TRUE,Source A benchmark extraction,3942,3942
b02_fev_rohlik_sales_1w__TimesFM-2.5__MASE,B02_fev_rohlik_sales_1W,shchur_2025_fev_bench,fev-bench,b02_fev_rohlik_sales_1w,b02_fev_rohlik_sales_1w,Rohlik,medium,MASE,TimesFM-2.5,8.301029995663981,TRUE,TRUE,1.6891,1.8282,ML_TREE,-0.07913603353341904,-0.1391,-0.0760857674215075,5.073566717402334e-4,LIT,FALSE,TRUE,Source A benchmark extraction,3942,3942
b02_fev_rohlik_sales_1w__TimesFM-2.5__WAPE,B02_fev_rohlik_sales_1W,shchur_2025_fev_bench,fev-bench,b02_fev_rohlik_sales_1w,b02_fev_rohlik_sales_1w,Rohlik,medium,WAPE,TimesFM-2.5,8.301029995663981,TRUE,TRUE,0.2667,0.2969,ML_TREE,-0.10727095058174557,-0.030200000000000005,-0.10171775008420345,5.073566717402334e-4,LIT,FALSE,TRUE,Source A benchmark extraction,3942,3942
b02_fev_rohlik_sales_1w__Toto-1.0__SQL,B02_fev_rohlik_sales_1W,shchur_2025_fev_bench,fev-bench,b02_fev_rohlik_sales_1w,b02_fev_rohlik_sales_1w,Rohlik,medium,SQL,Toto-1.0,8,TRUE,TRUE,1.5046,1.8282,ML_TREE,-0.19480479409359722,-0.3236000000000001,-0.1770047040805164,5.073566717402334e-4,LIT,FALSE,TRUE,Source A benchmark extraction,3942,3942
b02_fev_rohlik_sales_1w__Toto-1.0__MASE,B02_fev_rohlik_sales_1W,shchur_2025_fev_bench,fev-bench,b02_fev_rohlik_sales_1w,b02_fev_rohlik_sales_1w,Rohlik,medium,MASE,Toto-1.0,8,TRUE,TRUE,1.8031,1.8282,ML_TREE,-0.013824470437395812,-0.025100000000000122,-0.013729351274477695,5.073566717402334e-4,LIT,FALSE,TRUE,Source A benchmark extraction,3942,3942
b02_fev_rohlik_sales_1w__Toto-1.0__WAPE,B02_fev_rohlik_sales_1W,shchur_2025_fev_bench,fev-bench,b02_fev_rohlik_sales_1w,b02_fev_rohlik_sales_1w,Rohlik,medium,WAPE,Toto-1.0,8,TRUE,TRUE,0.2812,0.2969,ML_TREE,-0.05432922183320431,-0.015699999999999992,-0.052879757494105735,5.073566717402334e-4,LIT,FALSE,TRUE,Source A benchmark extraction,3942,3942
b02_fev_rossmann_1d__Chronos-2__SQL,B02_fev_rossmann_1D,shchur_2025_fev_bench,fev-bench,b02_fev_rossmann_1d,b02_fev_rossmann_1d,Rossmann,long,SQL,Chronos-2,8.079181246047625,TRUE,TRUE,0.2835,0.3327,ML_TREE,-0.1600290598566243,-0.04920000000000002,-0.14788097385031568,0.0017937219730941704,LIT,FALSE,TRUE,Source A benchmark extraction,1115,1115
b02_fev_rossmann_1d__Chronos-2__MASE,B02_fev_rossmann_1D,shchur_2025_fev_bench,fev-bench,b02_fev_rossmann_1d,b02_fev_rossmann_1d,Rossmann,long,MASE,Chronos-2,8.079181246047625,TRUE,TRUE,0.3558,0.3327,ML_TREE,0.06712759220730372,0.02310000000000001,0.06943192064923358,0.0017937219730941704,LIT,FALSE,TRUE,Source A benchmark extraction,1115,1115
b02_fev_rossmann_1d__Chronos-2__WAPE,B02_fev_rossmann_1D,shchur_2025_fev_bench,fev-bench,b02_fev_rossmann_1d,b02_fev_rossmann_1d,Rossmann,long,WAPE,Chronos-2,8.079181246047625,TRUE,TRUE,0.1198,0.1098,ML_TREE,0.08716315660591888,0.010000000000000009,0.09107468123861576,0.0017937219730941704,LIT,FALSE,TRUE,Source A benchmark extraction,1115,1115
b02_fev_rossmann_1d__Chronos-Bolt-Base__SQL,B02_fev_rossmann_1D,shchur_2025_fev_bench,fev-bench,b02_fev_rossmann_1d,b02_fev_rossmann_1d,Rossmann,long,SQL,Chronos-Bolt-Base,7.662757831681574,TRUE,TRUE,0.5246,0.3327,ML_TREE,0.45539488440834225,0.19189999999999996,0.576795912233243,0.0017937219730941704,LIT,FALSE,TRUE,Source A benchmark extraction,1115,1115
b02_fev_rossmann_1d__Chronos-Bolt-Base__MASE,B02_fev_rossmann_1D,shchur_2025_fev_bench,fev-bench,b02_fev_rossmann_1d,b02_fev_rossmann_1d,Rossmann,long,MASE,Chronos-Bolt-Base,7.662757831681574,TRUE,TRUE,0.6371,0.3327,ML_TREE,0.6496854460980115,0.3044,0.9149383829275624,0.0017937219730941704,LIT,FALSE,TRUE,Source A benchmark extraction,1115,1115
b02_fev_rossmann_1d__Chronos-Bolt-Base__WAPE,B02_fev_rossmann_1D,shchur_2025_fev_bench,fev-bench,b02_fev_rossmann_1d,b02_fev_rossmann_1d,Rossmann,long,WAPE,Chronos-Bolt-Base,7.662757831681574,TRUE,TRUE,0.2176,0.1098,ML_TREE,0.6839979859063573,0.10779999999999999,0.9817850637522768,0.0017937219730941704,LIT,FALSE,TRUE,Source A benchmark extraction,1115,1115
b02_fev_rossmann_1d__Moirai-2.0-Small__SQL,B02_fev_rossmann_1D,shchur_2025_fev_bench,fev-bench,b02_fev_rossmann_1d,b02_fev_rossmann_1d,Rossmann,long,SQL,Moirai-2.0-Small,7.041392685158225,TRUE,TRUE,0.527,0.3327,ML_TREE,0.45995936551693134,0.19430000000000003,0.5840096182747221,0.0017937219730941704,LIT,FALSE,TRUE,Source A benchmark extraction,1115,1115
b02_fev_rossmann_1d__Moirai-2.0-Small__MASE,B02_fev_rossmann_1D,shchur_2025_fev_bench,fev-bench,b02_fev_rossmann_1d,b02_fev_rossmann_1d,Rossmann,long,MASE,Moirai-2.0-Small,7.041392685158225,TRUE,TRUE,0.648,0.3327,ML_TREE,0.6666495133278436,0.3153,0.9477006311992787,0.0017937219730941704,LIT,FALSE,TRUE,Source A benchmark extraction,1115,1115
b02_fev_rossmann_1d__Moirai-2.0-Small__WAPE,B02_fev_rossmann_1D,shchur_2025_fev_bench,fev-bench,b02_fev_rossmann_1d,b02_fev_rossmann_1d,Rossmann,long,WAPE,Moirai-2.0-Small,7.041392685158225,TRUE,TRUE,0.2215,0.1098,ML_TREE,0.7017620604097601,0.11170000000000001,1.0173041894353372,0.0017937219730941704,LIT,FALSE,TRUE,Source A benchmark extraction,1115,1115
b02_fev_rossmann_1d__TabPFN-TS__SQL,B02_fev_rossmann_1D,shchur_2025_fev_bench,fev-bench,b02_fev_rossmann_1d,b02_fev_rossmann_1d,Rossmann,long,SQL,TabPFN-TS,7.079181246047625,TRUE,TRUE,0.2321,0.3327,ML_TREE,-0.36007286974403974,-0.1006,-0.30237451157198675,0.0017937219730941704,LIT,FALSE,TRUE,Source A benchmark extraction,1115,1115
b02_fev_rossmann_1d__TabPFN-TS__MASE,B02_fev_rossmann_1D,shchur_2025_fev_bench,fev-bench,b02_fev_rossmann_1d,b02_fev_rossmann_1d,Rossmann,long,MASE,TabPFN-TS,7.079181246047625,TRUE,TRUE,0.2945,0.3327,ML_TREE,-0.12196217993278964,-0.03820000000000001,-0.11481815449353776,0.0017937219730941704,LIT,FALSE,TRUE,Source A benchmark extraction,1115,1115
b02_fev_rossmann_1d__TabPFN-TS__WAPE,B02_fev_rossmann_1D,shchur_2025_fev_bench,fev-bench,b02_fev_rossmann_1d,b02_fev_rossmann_1d,Rossmann,long,WAPE,TabPFN-TS,7.079181246047625,TRUE,TRUE,0.0979,0.1098,ML_TREE,-0.11471397953896549,-0.011899999999999994,-0.10837887067395259,0.0017937219730941704,LIT,FALSE,TRUE,Source A benchmark extraction,1115,1115
b02_fev_rossmann_1d__TiRex__SQL,B02_fev_rossmann_1D,shchur_2025_fev_bench,fev-bench,b02_fev_rossmann_1d,b02_fev_rossmann_1d,Rossmann,long,SQL,TiRex,7.544068044350276,TRUE,TRUE,0.5391,0.3327,ML_TREE,0.48265989943319204,0.20640000000000003,0.6203787195671777,0.0017937219730941704,LIT,FALSE,TRUE,Source A benchmark extraction,1115,1115
b02_fev_rossmann_1d__TiRex__MASE,B02_fev_rossmann_1D,shchur_2025_fev_bench,fev-bench,b02_fev_rossmann_1d,b02_fev_rossmann_1d,Rossmann,long,MASE,TiRex,7.544068044350276,TRUE,TRUE,0.6601,0.3327,ML_TREE,0.6851501556702941,0.3274,0.9840697324917344,0.0017937219730941704,LIT,FALSE,TRUE,Source A benchmark extraction,1115,1115
b02_fev_rossmann_1d__TiRex__WAPE,B02_fev_rossmann_1D,shchur_2025_fev_bench,fev-bench,b02_fev_rossmann_1d,b02_fev_rossmann_1d,Rossmann,long,WAPE,TiRex,7.544068044350276,TRUE,TRUE,0.2251,0.1098,ML_TREE,0.7178842188372563,0.1153,1.0500910746812386,0.0017937219730941704,LIT,FALSE,TRUE,Source A benchmark extraction,1115,1115
b02_fev_rossmann_1d__TimesFM-2.5__SQL,B02_fev_rossmann_1D,shchur_2025_fev_bench,fev-bench,b02_fev_rossmann_1d,b02_fev_rossmann_1d,Rossmann,long,SQL,TimesFM-2.5,8.301029995663981,TRUE,TRUE,0.5016,0.3327,ML_TREE,0.41056180629428,0.16890000000000005,0.5076645626690713,0.0017937219730941704,LIT,FALSE,TRUE,Source A benchmark extraction,1115,1115
b02_fev_rossmann_1d__TimesFM-2.5__MASE,B02_fev_rossmann_1D,shchur_2025_fev_bench,fev-bench,b02_fev_rossmann_1d,b02_fev_rossmann_1d,Rossmann,long,MASE,TimesFM-2.5,8.301029995663981,TRUE,TRUE,0.6106,0.3327,ML_TREE,0.6072008972763465,0.27790000000000004,0.835287045386234,0.0017937219730941704,LIT,FALSE,TRUE,Source A benchmark extraction,1115,1115
b02_fev_rossmann_1d__TimesFM-2.5__WAPE,B02_fev_rossmann_1D,shchur_2025_fev_bench,fev-bench,b02_fev_rossmann_1d,b02_fev_rossmann_1d,Rossmann,long,WAPE,TimesFM-2.5,8.301029995663981,TRUE,TRUE,0.2086,0.1098,ML_TREE,0.641758013491242,0.09880000000000001,0.899817850637523,0.0017937219730941704,LIT,FALSE,TRUE,Source A benchmark extraction,1115,1115
b02_fev_rossmann_1d__Toto-1.0__SQL,B02_fev_rossmann_1D,shchur_2025_fev_bench,fev-bench,b02_fev_rossmann_1d,b02_fev_rossmann_1d,Rossmann,long,SQL,Toto-1.0,8,TRUE,TRUE,0.5677,0.3327,ML_TREE,0.5343519271522494,0.235,0.7063420498948001,0.0017937219730941704,LIT,FALSE,TRUE,Source A benchmark extraction,1115,1115
b02_fev_rossmann_1d__Toto-1.0__MASE,B02_fev_rossmann_1D,shchur_2025_fev_bench,fev-bench,b02_fev_rossmann_1d,b02_fev_rossmann_1d,Rossmann,long,MASE,Toto-1.0,8,TRUE,TRUE,0.6814,0.3327,ML_TREE,0.7169083222024353,0.3487,1.0480913736098587,0.0017937219730941704,LIT,FALSE,TRUE,Source A benchmark extraction,1115,1115
b02_fev_rossmann_1d__Toto-1.0__WAPE,B02_fev_rossmann_1D,shchur_2025_fev_bench,fev-bench,b02_fev_rossmann_1d,b02_fev_rossmann_1d,Rossmann,long,WAPE,Toto-1.0,8,TRUE,TRUE,0.2321,0.1098,ML_TREE,0.7485077842049612,0.1223,1.1138433515482697,0.0017937219730941704,LIT,FALSE,TRUE,Source A benchmark extraction,1115,1115
b02_fev_rossmann_1w__Chronos-2__SQL,B02_fev_rossmann_1W,shchur_2025_fev_bench,fev-bench,b02_fev_rossmann_1w,b02_fev_rossmann_1w,Rossmann,medium,SQL,Chronos-2,8.079181246047625,TRUE,TRUE,0.3077,0.6779,ML_TREE,-0.7898745021089237,-0.3702,-0.5460982445788465,0.0017937219730941704,LIT,FALSE,TRUE,Source A benchmark extraction,1115,1115
b02_fev_rossmann_1w__Chronos-2__MASE,B02_fev_rossmann_1W,shchur_2025_fev_bench,fev-bench,b02_fev_rossmann_1w,b02_fev_rossmann_1w,Rossmann,medium,MASE,Chronos-2,8.079181246047625,TRUE,TRUE,0.3712,0.6779,ML_TREE,-0.6022587835248745,-0.3067,-0.4524266115946305,0.0017937219730941704,LIT,FALSE,TRUE,Source A benchmark extraction,1115,1115
b02_fev_rossmann_1w__Chronos-2__WAPE,B02_fev_rossmann_1W,shchur_2025_fev_bench,fev-bench,b02_fev_rossmann_1w,b02_fev_rossmann_1w,Rossmann,medium,WAPE,Chronos-2,8.079181246047625,TRUE,TRUE,0.0964,0.1884,ML_TREE,-0.6700611605257628,-0.09200000000000001,-0.48832271762208074,0.0017937219730941704,LIT,FALSE,TRUE,Source A benchmark extraction,1115,1115
b02_fev_rossmann_1w__Chronos-Bolt-Base__SQL,B02_fev_rossmann_1W,shchur_2025_fev_bench,fev-bench,b02_fev_rossmann_1w,b02_fev_rossmann_1w,Rossmann,medium,SQL,Chronos-Bolt-Base,7.662757831681574,TRUE,TRUE,0.4871,0.6779,ML_TREE,-0.33053034362442285,-0.19079999999999997,-0.2814574421006048,0.0017937219730941704,LIT,FALSE,TRUE,Source A benchmark extraction,1115,1115
b02_fev_rossmann_1w__Chronos-Bolt-Base__MASE,B02_fev_rossmann_1W,shchur_2025_fev_bench,fev-bench,b02_fev_rossmann_1w,b02_fev_rossmann_1w,Rossmann,medium,MASE,Chronos-Bolt-Base,7.662757831681574,TRUE,TRUE,0.6452,0.6779,ML_TREE,-0.049439438185866054,-0.03269999999999995,-0.04823720312730485,0.0017937219730941704,LIT,FALSE,TRUE,Source A benchmark extraction,1115,1115
b02_fev_rossmann_1w__Chronos-Bolt-Base__WAPE,B02_fev_rossmann_1W,shchur_2025_fev_bench,fev-bench,b02_fev_rossmann_1w,b02_fev_rossmann_1w,Rossmann,medium,WAPE,Chronos-Bolt-Base,7.662757831681574,TRUE,TRUE,0.176,0.1884,ML_TREE,-0.068083367104111,-0.012400000000000022,-0.06581740976645446,0.0017937219730941704,LIT,FALSE,TRUE,Source A benchmark extraction,1115,1115
b02_fev_rossmann_1w__Moirai-2.0-Small__SQL,B02_fev_rossmann_1W,shchur_2025_fev_bench,fev-bench,b02_fev_rossmann_1w,b02_fev_rossmann_1w,Rossmann,medium,SQL,Moirai-2.0-Small,7.041392685158225,TRUE,TRUE,0.497,0.6779,ML_TREE,-0.31040975834029105,-0.18089999999999995,-0.2668535182180262,0.0017937219730941704,LIT,FALSE,TRUE,Source A benchmark extraction,1115,1115
b02_fev_rossmann_1w__Moirai-2.0-Small__MASE,B02_fev_rossmann_1W,shchur_2025_fev_bench,fev-bench,b02_fev_rossmann_1w,b02_fev_rossmann_1w,Rossmann,medium,MASE,Moirai-2.0-Small,7.041392685158225,TRUE,TRUE,0.644,0.6779,ML_TREE,-0.051301058332566186,-0.03389999999999993,-0.05000737571913252,0.0017937219730941704,LIT,FALSE,TRUE,Source A benchmark extraction,1115,1115
b02_fev_rossmann_1w__Moirai-2.0-Small__WAPE,B02_fev_rossmann_1W,shchur_2025_fev_bench,fev-bench,b02_fev_rossmann_1w,b02_fev_rossmann_1w,Rossmann,medium,WAPE,Moirai-2.0-Small,7.041392685158225,TRUE,TRUE,0.1759,0.1884,ML_TREE,-0.06865171039875025,-0.012500000000000011,-0.0663481953290871,0.0017937219730941704,LIT,FALSE,TRUE,Source A benchmark extraction,1115,1115
b02_fev_rossmann_1w__TabPFN-TS__SQL,B02_fev_rossmann_1W,shchur_2025_fev_bench,fev-bench,b02_fev_rossmann_1w,b02_fev_rossmann_1w,Rossmann,medium,SQL,TabPFN-TS,7.079181246047625,TRUE,TRUE,0.2539,0.6779,ML_TREE,-0.982059295726287,-0.42399999999999993,-0.6254609824457884,0.0017937219730941704,LIT,FALSE,TRUE,Source A benchmark extraction,1115,1115
b02_fev_rossmann_1w__TabPFN-TS__MASE,B02_fev_rossmann_1W,shchur_2025_fev_bench,fev-bench,b02_fev_rossmann_1w,b02_fev_rossmann_1w,Rossmann,medium,MASE,TabPFN-TS,7.079181246047625,TRUE,TRUE,0.3046,0.6779,ML_TREE,-0.8000003439758585,-0.37329999999999997,-0.550671190441068,0.0017937219730941704,LIT,FALSE,TRUE,Source A benchmark extraction,1115,1115
b02_fev_rossmann_1w__TabPFN-TS__WAPE,B02_fev_rossmann_1W,shchur_2025_fev_bench,fev-bench,b02_fev_rossmann_1w,b02_fev_rossmann_1w,Rossmann,medium,WAPE,TabPFN-TS,7.079181246047625,TRUE,TRUE,0.0792,0.1884,ML_TREE,-0.8665910633218825,-0.1092,-0.5796178343949044,0.0017937219730941704,LIT,FALSE,TRUE,Source A benchmark extraction,1115,1115
b02_fev_rossmann_1w__TiRex__SQL,B02_fev_rossmann_1W,shchur_2025_fev_bench,fev-bench,b02_fev_rossmann_1w,b02_fev_rossmann_1w,Rossmann,medium,SQL,TiRex,7.544068044350276,TRUE,TRUE,0.4816,0.6779,ML_TREE,-0.3418858904423086,-0.19629999999999997,-0.28957073314648174,0.0017937219730941704,LIT,FALSE,TRUE,Source A benchmark extraction,1115,1115
b02_fev_rossmann_1w__TiRex__MASE,B02_fev_rossmann_1W,shchur_2025_fev_bench,fev-bench,b02_fev_rossmann_1w,b02_fev_rossmann_1w,Rossmann,medium,MASE,TiRex,7.544068044350276,TRUE,TRUE,0.6218,0.6779,ML_TREE,-0.08638128681226634,-0.05609999999999993,-0.08275556866794502,0.0017937219730941704,LIT,FALSE,TRUE,Source A benchmark extraction,1115,1115
b02_fev_rossmann_1w__TiRex__WAPE,B02_fev_rossmann_1W,shchur_2025_fev_bench,fev-bench,b02_fev_rossmann_1w,b02_fev_rossmann_1w,Rossmann,medium,WAPE,TiRex,7.544068044350276,TRUE,TRUE,0.1697,0.1884,ML_TREE,-0.10453518990208222,-0.018700000000000022,-0.09925690021231434,0.0017937219730941704,LIT,FALSE,TRUE,Source A benchmark extraction,1115,1115
b02_fev_rossmann_1w__TimesFM-2.5__SQL,B02_fev_rossmann_1W,shchur_2025_fev_bench,fev-bench,b02_fev_rossmann_1w,b02_fev_rossmann_1w,Rossmann,medium,SQL,TimesFM-2.5,8.301029995663981,TRUE,TRUE,0.4952,0.6779,ML_TREE,-0.3140380630665336,-0.18269999999999997,-0.2695087771057678,0.0017937219730941704,LIT,FALSE,TRUE,Source A benchmark extraction,1115,1115
b02_fev_rossmann_1w__TimesFM-2.5__MASE,B02_fev_rossmann_1W,shchur_2025_fev_bench,fev-bench,b02_fev_rossmann_1w,b02_fev_rossmann_1w,Rossmann,medium,MASE,TimesFM-2.5,8.301029995663981,TRUE,TRUE,0.6543,0.6779,ML_TREE,-0.0354338225612268,-0.023599999999999954,-0.03481339430594477,0.0017937219730941704,LIT,FALSE,TRUE,Source A benchmark extraction,1115,1115
b02_fev_rossmann_1w__TimesFM-2.5__WAPE,B02_fev_rossmann_1W,shchur_2025_fev_bench,fev-bench,b02_fev_rossmann_1w,b02_fev_rossmann_1w,Rossmann,medium,WAPE,TimesFM-2.5,8.301029995663981,TRUE,TRUE,0.1803,0.1884,ML_TREE,-0.04394523193299126,-0.008100000000000024,-0.04299363057324853,0.0017937219730941704,LIT,FALSE,TRUE,Source A benchmark extraction,1115,1115
b02_fev_rossmann_1w__Toto-1.0__SQL,B02_fev_rossmann_1W,shchur_2025_fev_bench,fev-bench,b02_fev_rossmann_1w,b02_fev_rossmann_1w,Rossmann,medium,SQL,Toto-1.0,8,TRUE,TRUE,0.4944,0.6779,ML_TREE,-0.3156548782934388,-0.18349999999999994,-0.2706888921669862,0.0017937219730941704,LIT,FALSE,TRUE,Source A benchmark extraction,1115,1115
b02_fev_rossmann_1w__Toto-1.0__MASE,B02_fev_rossmann_1W,shchur_2025_fev_bench,fev-bench,b02_fev_rossmann_1w,b02_fev_rossmann_1w,Rossmann,medium,MASE,Toto-1.0,8,TRUE,TRUE,0.6319,0.6779,ML_TREE,-0.07026863065751027,-0.04599999999999993,-0.06785661602006186,0.0017937219730941704,LIT,FALSE,TRUE,Source A benchmark extraction,1115,1115
b02_fev_rossmann_1w__Toto-1.0__WAPE,B02_fev_rossmann_1W,shchur_2025_fev_bench,fev-bench,b02_fev_rossmann_1w,b02_fev_rossmann_1w,Rossmann,medium,WAPE,Toto-1.0,8,TRUE,TRUE,0.1733,0.1884,ML_TREE,-0.08354316542070232,-0.015100000000000002,-0.08014861995753716,0.0017937219730941704,LIT,FALSE,TRUE,Source A benchmark extraction,1115,1115
b02_fev_walmart__Chronos-2__SQL,B02_fev_walmart,shchur_2025_fev_bench,fev-bench,b02_fev_walmart,b02_fev_walmart,Walmart,long,SQL,Chronos-2,8.079181246047625,TRUE,TRUE,0.6478,1.2457,ML_TREE,-0.6538708931548181,-0.5979,-0.4799711005860159,6.811989100817438e-4,LIT,FALSE,TRUE,Source A benchmark extraction,2936,2936
b02_fev_walmart__Chronos-2__MASE,B02_fev_walmart,shchur_2025_fev_bench,fev-bench,b02_fev_walmart,b02_fev_walmart,Walmart,long,MASE,Chronos-2,8.079181246047625,TRUE,TRUE,0.8167,1.2457,ML_TREE,-0.4221810695278171,-0.42900000000000005,-0.34438468331058847,6.811989100817438e-4,LIT,FALSE,TRUE,Source A benchmark extraction,2936,2936
b02_fev_walmart__Chronos-2__WAPE,B02_fev_walmart,shchur_2025_fev_bench,fev-bench,b02_fev_walmart,b02_fev_walmart,Walmart,long,WAPE,Chronos-2,8.079181246047625,TRUE,TRUE,0.0934,0.1514,ML_TREE,-0.4830339957685516,-0.05800000000000001,-0.3830911492734479,6.811989100817438e-4,LIT,FALSE,TRUE,Source A benchmark extraction,2936,2936
b02_fev_walmart__Chronos-Bolt-Base__SQL,B02_fev_walmart,shchur_2025_fev_bench,fev-bench,b02_fev_walmart,b02_fev_walmart,Walmart,long,SQL,Chronos-Bolt-Base,7.662757831681574,TRUE,TRUE,0.774,1.2457,ML_TREE,-0.4758810263023198,-0.4717,-0.3786625993417356,6.811989100817438e-4,LIT,FALSE,TRUE,Source A benchmark extraction,2936,2936
b02_fev_walmart__Chronos-Bolt-Base__MASE,B02_fev_walmart,shchur_2025_fev_bench,fev-bench,b02_fev_walmart,b02_fev_walmart,Walmart,long,MASE,Chronos-Bolt-Base,7.662757831681574,TRUE,TRUE,0.9671,1.2457,ML_TREE,-0.25315099716912953,-0.27860000000000007,-0.2236493537769929,6.811989100817438e-4,LIT,FALSE,TRUE,Source A benchmark extraction,2936,2936
b02_fev_walmart__Chronos-Bolt-Base__WAPE,B02_fev_walmart,shchur_2025_fev_bench,fev-bench,b02_fev_walmart,b02_fev_walmart,Walmart,long,WAPE,Chronos-Bolt-Base,7.662757831681574,TRUE,TRUE,0.1173,0.1514,ML_TREE,-0.2551905853439187,-0.034100000000000005,-0.2252311756935271,6.811989100817438e-4,LIT,FALSE,TRUE,Source A benchmark extraction,2936,2936
b02_fev_walmart__Moirai-2.0-Small__SQL,B02_fev_walmart,shchur_2025_fev_bench,fev-bench,b02_fev_walmart,b02_fev_walmart,Walmart,long,SQL,Moirai-2.0-Small,7.041392685158225,TRUE,TRUE,0.845,1.2457,ML_TREE,-0.3881162725348732,-0.40070000000000006,-0.32166653287308344,6.811989100817438e-4,LIT,FALSE,TRUE,Source A benchmark extraction,2936,2936
b02_fev_walmart__Moirai-2.0-Small__MASE,B02_fev_walmart,shchur_2025_fev_bench,fev-bench,b02_fev_walmart,b02_fev_walmart,Walmart,long,MASE,Moirai-2.0-Small,7.041392685158225,TRUE,TRUE,1.056,1.2457,ML_TREE,-0.1652094356258402,-0.18969999999999998,-0.15228385646624387,6.811989100817438e-4,LIT,FALSE,TRUE,Source A benchmark extraction,2936,2936
b02_fev_walmart__Moirai-2.0-Small__WAPE,B02_fev_walmart,shchur_2025_fev_bench,fev-bench,b02_fev_walmart,b02_fev_walmart,Walmart,long,WAPE,Moirai-2.0-Small,7.041392685158225,TRUE,TRUE,0.1315,0.1514,ML_TREE,-0.14091848938552914,-0.0199,-0.13143989431968295,6.811989100817438e-4,LIT,FALSE,TRUE,Source A benchmark extraction,2936,2936
b02_fev_walmart__TabPFN-TS__SQL,B02_fev_walmart,shchur_2025_fev_bench,fev-bench,b02_fev_walmart,b02_fev_walmart,Walmart,long,SQL,TabPFN-TS,7.079181246047625,TRUE,TRUE,0.6619,1.2457,ML_TREE,-0.6323384127671697,-0.5838,-0.4686521634422413,6.811989100817438e-4,LIT,FALSE,TRUE,Source A benchmark extraction,2936,2936
b02_fev_walmart__TabPFN-TS__MASE,B02_fev_walmart,shchur_2025_fev_bench,fev-bench,b02_fev_walmart,b02_fev_walmart,Walmart,long,MASE,TabPFN-TS,7.079181246047625,TRUE,TRUE,0.8318,1.2457,ML_TREE,-0.40386087258323566,-0.41390000000000005,-0.3322629846672554,6.811989100817438e-4,LIT,FALSE,TRUE,Source A benchmark extraction,2936,2936
b02_fev_walmart__TabPFN-TS__WAPE,B02_fev_walmart,shchur_2025_fev_bench,fev-bench,b02_fev_walmart,b02_fev_walmart,Walmart,long,WAPE,TabPFN-TS,7.079181246047625,TRUE,TRUE,0.0943,0.1514,ML_TREE,-0.47344415136393664,-0.05710000000000001,-0.3771466314398944,6.811989100817438e-4,LIT,FALSE,TRUE,Source A benchmark extraction,2936,2936
b02_fev_walmart__TiRex__SQL,B02_fev_walmart,shchur_2025_fev_bench,fev-bench,b02_fev_walmart,b02_fev_walmart,Walmart,long,SQL,TiRex,7.544068044350276,TRUE,TRUE,0.7075,1.2457,ML_TREE,-0.5657152703746544,-0.5382,-0.43204623906237455,6.811989100817438e-4,LIT,FALSE,TRUE,Source A benchmark extraction,2936,2936
b02_fev_walmart__TiRex__MASE,B02_fev_walmart,shchur_2025_fev_bench,fev-bench,b02_fev_walmart,b02_fev_walmart,Walmart,long,MASE,TiRex,7.544068044350276,TRUE,TRUE,0.8862,1.2457,ML_TREE,-0.34051024112665795,-0.35950000000000004,-0.288592759091274,6.811989100817438e-4,LIT,FALSE,TRUE,Source A benchmark extraction,2936,2936
b02_fev_walmart__TiRex__WAPE,B02_fev_walmart,shchur_2025_fev_bench,fev-bench,b02_fev_walmart,b02_fev_walmart,Walmart,long,WAPE,TiRex,7.544068044350276,TRUE,TRUE,0.1054,0.1514,ML_TREE,-0.36216270489608654,-0.04600000000000001,-0.30383091149273456,6.811989100817438e-4,LIT,FALSE,TRUE,Source A benchmark extraction,2936,2936
b02_fev_walmart__TimesFM-2.5__SQL,B02_fev_walmart,shchur_2025_fev_bench,fev-bench,b02_fev_walmart,b02_fev_walmart,Walmart,long,SQL,TimesFM-2.5,8.301029995663981,TRUE,TRUE,0.6794,1.2457,ML_TREE,-0.6062428441655634,-0.5663,-0.4546038371999679,6.811989100817438e-4,LIT,FALSE,TRUE,Source A benchmark extraction,2936,2936
b02_fev_walmart__TimesFM-2.5__MASE,B02_fev_walmart,shchur_2025_fev_bench,fev-bench,b02_fev_walmart,b02_fev_walmart,Walmart,long,MASE,TimesFM-2.5,8.301029995663981,TRUE,TRUE,0.8615,1.2457,ML_TREE,-0.36877784392406265,-0.3842,-0.30842096813036846,6.811989100817438e-4,LIT,FALSE,TRUE,Source A benchmark extraction,2936,2936
b02_fev_walmart__TimesFM-2.5__WAPE,B02_fev_walmart,shchur_2025_fev_bench,fev-bench,b02_fev_walmart,b02_fev_walmart,Walmart,long,WAPE,TimesFM-2.5,8.301029995663981,TRUE,TRUE,0.1016,0.1514,ML_TREE,-0.398881805858967,-0.04980000000000001,-0.32892998678996044,6.811989100817438e-4,LIT,FALSE,TRUE,Source A benchmark extraction,2936,2936
b02_fev_walmart__Toto-1.0__SQL,B02_fev_walmart,shchur_2025_fev_bench,fev-bench,b02_fev_walmart,b02_fev_walmart,Walmart,long,SQL,Toto-1.0,8,TRUE,TRUE,0.9072,1.2457,ML_TREE,-0.31708996691855945,-0.3385,-0.2717347676005459,6.811989100817438e-4,LIT,FALSE,TRUE,Source A benchmark extraction,2936,2936
b02_fev_walmart__Toto-1.0__MASE,B02_fev_walmart,shchur_2025_fev_bench,fev-bench,b02_fev_walmart,b02_fev_walmart,Walmart,long,MASE,Toto-1.0,8,TRUE,TRUE,1.1258,1.2457,ML_TREE,-0.10120372686212094,-0.11990000000000012,-0.09625110379706199,6.811989100817438e-4,LIT,FALSE,TRUE,Source A benchmark extraction,2936,2936
b02_fev_walmart__Toto-1.0__WAPE,B02_fev_walmart,shchur_2025_fev_bench,fev-bench,b02_fev_walmart,b02_fev_walmart,Walmart,long,WAPE,Toto-1.0,8,TRUE,TRUE,0.1385,0.1514,ML_TREE,-0.08905501537595513,-0.012899999999999995,-0.08520475561426681,6.811989100817438e-4,LIT,FALSE,TRUE,Source A benchmark extraction,2936,2936
b03_gift_car_parts_m__Chronos-2__MASE,B03_gift_car_parts_M,aksu_2024_gift_eval,GIFT-Eval,b03_gift_car_parts_m,b03_gift_car_parts_m,Car Parts,medium,MASE,Chronos-2,8.079181246047625,FALSE,TRUE,0.836,1.2015,STATS,-0.36269744209182203,-0.36550000000000005,-0.3042030794839784,7.479431563201197e-4,LIT,FALSE,TRUE,Source A benchmark extraction,2674,2674
b03_gift_car_parts_m__Chronos-2__WAPE,B03_gift_car_parts_M,aksu_2024_gift_eval,GIFT-Eval,b03_gift_car_parts_m,b03_gift_car_parts_m,Car Parts,medium,WAPE,Chronos-2,8.079181246047625,FALSE,TRUE,1.0871,1.6,STATS,-0.386490029017918,-0.5129000000000001,-0.3205625000000001,7.479431563201197e-4,LIT,FALSE,TRUE,Source A benchmark extraction,2674,2674
b03_gift_car_parts_m__Chronos-2__SQL,B03_gift_car_parts_M,aksu_2024_gift_eval,GIFT-Eval,b03_gift_car_parts_m,b03_gift_car_parts_m,Car Parts,medium,SQL,Chronos-2,8.079181246047625,FALSE,TRUE,0.966,1.34,STATS,-0.3272610587324391,-0.3740000000000001,-0.27910447761194035,7.479431563201197e-4,LIT,FALSE,TRUE,Source A benchmark extraction,2674,2674
b03_gift_car_parts_m__TiRex__MASE,B03_gift_car_parts_M,aksu_2024_gift_eval,GIFT-Eval,b03_gift_car_parts_m,b03_gift_car_parts_m,Car Parts,medium,MASE,TiRex,7.544068044350276,FALSE,TRUE,0.8469,1.2015,STATS,-0.3497434312489702,-0.3546,-0.29513108614232214,7.479431563201197e-4,LIT,FALSE,TRUE,Source A benchmark extraction,2674,2674
b03_gift_car_parts_m__TiRex__WAPE,B03_gift_car_parts_M,aksu_2024_gift_eval,GIFT-Eval,b03_gift_car_parts_m,b03_gift_car_parts_m,Car Parts,medium,WAPE,TiRex,7.544068044350276,FALSE,TRUE,1.102,1.6,STATS,-0.37287691851501287,-0.498,-0.31124999999999997,7.479431563201197e-4,LIT,FALSE,TRUE,Source A benchmark extraction,2674,2674
b03_gift_car_parts_m__TiRex__SQL,B03_gift_car_parts_M,aksu_2024_gift_eval,GIFT-Eval,b03_gift_car_parts_m,b03_gift_car_parts_m,Car Parts,medium,SQL,TiRex,7.544068044350276,FALSE,TRUE,0.9952,1.34,STATS,-0.2974811709600422,-0.3448000000000001,-0.257313432835821,7.479431563201197e-4,LIT,FALSE,TRUE,Source A benchmark extraction,2674,2674
b03_gift_car_parts_m__TimesFM-2.5__MASE,B03_gift_car_parts_M,aksu_2024_gift_eval,GIFT-Eval,b03_gift_car_parts_m,b03_gift_car_parts_m,Car Parts,medium,MASE,TimesFM-2.5,8.301029995663981,FALSE,TRUE,0.8384,1.2015,STATS,-0.3598307416097458,-0.3631,-0.3022055763628797,7.479431563201197e-4,LIT,FALSE,TRUE,Source A benchmark extraction,2674,2674
b03_gift_car_parts_m__TimesFM-2.5__WAPE,B03_gift_car_parts_M,aksu_2024_gift_eval,GIFT-Eval,b03_gift_car_parts_m,b03_gift_car_parts_m,Car Parts,medium,WAPE,TimesFM-2.5,8.301029995663981,FALSE,TRUE,1.1121,1.6,STATS,-0.36375350940307627,-0.4879,-0.3049375,7.479431563201197e-4,LIT,FALSE,TRUE,Source A benchmark extraction,2674,2674
b03_gift_car_parts_m__TimesFM-2.5__SQL,B03_gift_car_parts_M,aksu_2024_gift_eval,GIFT-Eval,b03_gift_car_parts_m,b03_gift_car_parts_m,Car Parts,medium,SQL,TimesFM-2.5,8.301029995663981,FALSE,TRUE,0.9421,1.34,STATS,-0.35231346689033505,-0.39790000000000003,-0.2969402985074627,7.479431563201197e-4,LIT,FALSE,TRUE,Source A benchmark extraction,2674,2674
b03_gift_car_parts_m__Moirai-2.0-Small__MASE,B03_gift_car_parts_M,aksu_2024_gift_eval,GIFT-Eval,b03_gift_car_parts_m,b03_gift_car_parts_m,Car Parts,medium,MASE,Moirai-2.0-Small,7.041392685158225,FALSE,TRUE,0.8266,1.2015,STATS,-0.3740051530988916,-0.3749,-0.312026633374948,7.479431563201197e-4,LIT,FALSE,TRUE,Source A benchmark extraction,2674,2674
b03_gift_car_parts_m__Moirai-2.0-Small__WAPE,B03_gift_car_parts_M,aksu_2024_gift_eval,GIFT-Eval,b03_gift_car_parts_m,b03_gift_car_parts_m,Car Parts,medium,WAPE,Moirai-2.0-Small,7.041392685158225,FALSE,TRUE,1.0844,1.6,STATS,-0.3889767906033622,-0.5156000000000001,-0.32225000000000004,7.479431563201197e-4,LIT,FALSE,TRUE,Source A benchmark extraction,2674,2674
b03_gift_car_parts_m__Moirai-2.0-Small__SQL,B03_gift_car_parts_M,aksu_2024_gift_eval,GIFT-Eval,b03_gift_car_parts_m,b03_gift_car_parts_m,Car Parts,medium,SQL,Moirai-2.0-Small,7.041392685158225,FALSE,TRUE,0.9362,1.34,STATS,-0.35859576407898697,-0.40380000000000005,-0.30134328358208956,7.479431563201197e-4,LIT,FALSE,TRUE,Source A benchmark extraction,2674,2674
b03_gift_car_parts_m__Chronos-Bolt-Base__MASE,B03_gift_car_parts_M,aksu_2024_gift_eval,GIFT-Eval,b03_gift_car_parts_m,b03_gift_car_parts_m,Car Parts,medium,MASE,Chronos-Bolt-Base,7.662757831681574,FALSE,TRUE,0.8551,1.2015,STATS,-0.340107634014614,-0.34640000000000004,-0.2883062838119018,7.479431563201197e-4,LIT,FALSE,TRUE,Source A benchmark extraction,2674,2674
b03_gift_car_parts_m__Chronos-Bolt-Base__WAPE,B03_gift_car_parts_M,aksu_2024_gift_eval,GIFT-Eval,b03_gift_car_parts_m,b03_gift_car_parts_m,Car Parts,medium,WAPE,Chronos-Bolt-Base,7.662757831681574,FALSE,TRUE,1.1508,1.6,STATS,-0.32954627655047986,-0.44920000000000004,-0.28075,7.479431563201197e-4,LIT,FALSE,TRUE,Source A benchmark extraction,2674,2674
b03_gift_car_parts_m__Chronos-Bolt-Base__SQL,B03_gift_car_parts_M,aksu_2024_gift_eval,GIFT-Eval,b03_gift_car_parts_m,b03_gift_car_parts_m,Car Parts,medium,SQL,Chronos-Bolt-Base,7.662757831681574,FALSE,TRUE,0.9945,1.34,STATS,-0.2981847946509301,-0.34550000000000003,-0.25783582089552237,7.479431563201197e-4,LIT,FALSE,TRUE,Source A benchmark extraction,2674,2674
b03_gift_car_parts_m__Toto-1.0__MASE,B03_gift_car_parts_M,aksu_2024_gift_eval,GIFT-Eval,b03_gift_car_parts_m,b03_gift_car_parts_m,Car Parts,medium,MASE,Toto-1.0,8,FALSE,TRUE,0.8104,1.2015,STATS,-0.39379810224205,-0.3911,-0.3255097794423637,7.479431563201197e-4,LIT,FALSE,TRUE,Source A benchmark extraction,2674,2674
b03_gift_car_parts_m__Toto-1.0__WAPE,B03_gift_car_parts_M,aksu_2024_gift_eval,GIFT-Eval,b03_gift_car_parts_m,b03_gift_car_parts_m,Car Parts,medium,WAPE,Toto-1.0,8,FALSE,TRUE,1.0198,1.6,STATS,-0.45039709960681723,-0.5802,-0.36262500000000003,7.479431563201197e-4,LIT,FALSE,TRUE,Source A benchmark extraction,2674,2674
b03_gift_car_parts_m__Toto-1.0__SQL,B03_gift_car_parts_M,aksu_2024_gift_eval,GIFT-Eval,b03_gift_car_parts_m,b03_gift_car_parts_m,Car Parts,medium,SQL,Toto-1.0,8,FALSE,TRUE,0.899,1.34,STATS,-0.3991418584733368,-0.44100000000000006,-0.32910447761194034,7.479431563201197e-4,LIT,FALSE,TRUE,Source A benchmark extraction,2674,2674
b03_gift_car_parts_m__TabPFN-TS__MASE,B03_gift_car_parts_M,aksu_2024_gift_eval,GIFT-Eval,b03_gift_car_parts_m,b03_gift_car_parts_m,Car Parts,medium,MASE,TabPFN-TS,7.079181246047625,FALSE,TRUE,0.8476,1.2015,STATS,-0.3489172287823797,-0.3539,-0.294548481065335,7.479431563201197e-4,LIT,FALSE,TRUE,Source A benchmark extraction,2674,2674
b03_gift_car_parts_m__TabPFN-TS__WAPE,B03_gift_car_parts_M,aksu_2024_gift_eval,GIFT-Eval,b03_gift_car_parts_m,b03_gift_car_parts_m,Car Parts,medium,WAPE,TabPFN-TS,7.079181246047625,FALSE,TRUE,1.1239,1.6,STATS,-0.3531988497036513,-0.4761000000000002,-0.2975625000000001,7.479431563201197e-4,LIT,FALSE,TRUE,Source A benchmark extraction,2674,2674
b03_gift_car_parts_m__TabPFN-TS__SQL,B03_gift_car_parts_M,aksu_2024_gift_eval,GIFT-Eval,b03_gift_car_parts_m,b03_gift_car_parts_m,Car Parts,medium,SQL,TabPFN-TS,7.079181246047625,FALSE,TRUE,0.9696,1.34,STATS,-0.3235412776299071,-0.37040000000000006,-0.2764179104477612,7.479431563201197e-4,LIT,FALSE,TRUE,Source A benchmark extraction,2674,2674
b03_gift_hierarchical_sales_d__Chronos-2__MASE,B03_gift_hierarchical_sales_D,aksu_2024_gift_eval,GIFT-Eval,b03_gift_hierarchical_sales_d,b03_gift_hierarchical_sales_d,Hierarchical Sales,medium,MASE,Chronos-2,8.079181246047625,FALSE,TRUE,0.744,0.908,STATS,-0.1992033437682015,-0.16400000000000003,-0.18061674008810577,0.01694915254237288,LIT,FALSE,TRUE,Source A benchmark extraction,118,118
b03_gift_hierarchical_sales_d__Chronos-2__WAPE,B03_gift_hierarchical_sales_D,aksu_2024_gift_eval,GIFT-Eval,b03_gift_hierarchical_sales_d,b03_gift_hierarchical_sales_d,Hierarchical Sales,medium,WAPE,Chronos-2,8.079181246047625,FALSE,TRUE,0.7091,0.858,STATS,-0.19060753917801138,-0.14890000000000003,-0.1735431235431236,0.01694915254237288,LIT,FALSE,TRUE,Source A benchmark extraction,118,118
b03_gift_hierarchical_sales_d__Chronos-2__SQL,B03_gift_hierarchical_sales_D,aksu_2024_gift_eval,GIFT-Eval,b03_gift_hierarchical_sales_d,b03_gift_hierarchical_sales_d,Hierarchical Sales,medium,SQL,Chronos-2,8.079181246047625,FALSE,TRUE,0.5789,0.931,STATS,-0.4751295261921082,-0.3521000000000001,-0.3781954887218046,0.01694915254237288,LIT,FALSE,TRUE,Source A benchmark extraction,118,118
b03_gift_hierarchical_sales_d__TiRex__MASE,B03_gift_hierarchical_sales_D,aksu_2024_gift_eval,GIFT-Eval,b03_gift_hierarchical_sales_d,b03_gift_hierarchical_sales_d,Hierarchical Sales,medium,MASE,TiRex,7.544068044350276,FALSE,TRUE,0.7452,0.908,STATS,-0.19759173987385995,-0.16280000000000006,-0.1792951541850221,0.01694915254237288,LIT,FALSE,TRUE,Source A benchmark extraction,118,118
b03_gift_hierarchical_sales_d__TiRex__WAPE,B03_gift_hierarchical_sales_D,aksu_2024_gift_eval,GIFT-Eval,b03_gift_hierarchical_sales_d,b03_gift_hierarchical_sales_d,Hierarchical Sales,medium,WAPE,TiRex,7.544068044350276,FALSE,TRUE,0.7083,0.858,STATS,-0.19173636672838526,-0.14969999999999994,-0.17447552447552442,0.01694915254237288,LIT,FALSE,TRUE,Source A benchmark extraction,118,118
b03_gift_hierarchical_sales_d__TiRex__SQL,B03_gift_hierarchical_sales_D,aksu_2024_gift_eval,GIFT-Eval,b03_gift_hierarchical_sales_d,b03_gift_hierarchical_sales_d,Hierarchical Sales,medium,SQL,TiRex,7.544068044350276,FALSE,TRUE,0.5702,0.931,STATS,-0.4902721007984954,-0.3608,-0.38754027926960255,0.01694915254237288,LIT,FALSE,TRUE,Source A benchmark extraction,118,118
b03_gift_hierarchical_sales_d__TimesFM-2.5__MASE,B03_gift_hierarchical_sales_D,aksu_2024_gift_eval,GIFT-Eval,b03_gift_hierarchical_sales_d,b03_gift_hierarchical_sales_d,Hierarchical Sales,medium,MASE,TimesFM-2.5,8.301029995663981,FALSE,TRUE,0.745,0.908,STATS,-0.19786016022173378,-0.16300000000000003,-0.17951541850220268,0.01694915254237288,LIT,FALSE,TRUE,Source A benchmark extraction,118,118
b03_gift_hierarchical_sales_d__TimesFM-2.5__WAPE,B03_gift_hierarchical_sales_D,aksu_2024_gift_eval,GIFT-Eval,b03_gift_hierarchical_sales_d,b03_gift_hierarchical_sales_d,Hierarchical Sales,medium,WAPE,TimesFM-2.5,8.301029995663981,FALSE,TRUE,0.7087,0.858,STATS,-0.19117179367175197,-0.1493,-0.174009324009324,0.01694915254237288,LIT,FALSE,TRUE,Source A benchmark extraction,118,118
b03_gift_hierarchical_sales_d__TimesFM-2.5__SQL,B03_gift_hierarchical_sales_D,aksu_2024_gift_eval,GIFT-Eval,b03_gift_hierarchical_sales_d,b03_gift_hierarchical_sales_d,Hierarchical Sales,medium,SQL,TimesFM-2.5,8.301029995663981,FALSE,TRUE,0.5736,0.931,STATS,-0.4843269879916566,-0.35740000000000005,-0.38388829215896886,0.01694915254237288,LIT,FALSE,TRUE,Source A benchmark extraction,118,118
b03_gift_hierarchical_sales_d__Moirai-2.0-Small__MASE,B03_gift_hierarchical_sales_D,aksu_2024_gift_eval,GIFT-Eval,b03_gift_hierarchical_sales_d,b03_gift_hierarchical_sales_d,Hierarchical Sales,medium,MASE,Moirai-2.0-Small,7.041392685158225,FALSE,TRUE,0.748,0.908,STATS,-0.1938414006268161,-0.16000000000000003,-0.17621145374449343,0.01694915254237288,LIT,FALSE,TRUE,Source A benchmark extraction,118,118
b03_gift_hierarchical_sales_d__Moirai-2.0-Small__WAPE,B03_gift_hierarchical_sales_D,aksu_2024_gift_eval,GIFT-Eval,b03_gift_hierarchical_sales_d,b03_gift_hierarchical_sales_d,Hierarchical Sales,medium,WAPE,Moirai-2.0-Small,7.041392685158225,FALSE,TRUE,0.7112,0.858,STATS,-0.1876504152882674,-0.14679999999999993,-0.17109557109557103,0.01694915254237288,LIT,FALSE,TRUE,Source A benchmark extraction,118,118
b03_gift_hierarchical_sales_d__Moirai-2.0-Small__SQL,B03_gift_hierarchical_sales_D,aksu_2024_gift_eval,GIFT-Eval,b03_gift_hierarchical_sales_d,b03_gift_hierarchical_sales_d,Hierarchical Sales,medium,SQL,Moirai-2.0-Small,7.041392685158225,FALSE,TRUE,0.577,0.931,STATS,-0.4784170107689676,-0.3540000000000001,-0.3802363050483352,0.01694915254237288,LIT,FALSE,TRUE,Source A benchmark extraction,118,118
b03_gift_hierarchical_sales_d__Chronos-Bolt-Base__MASE,B03_gift_hierarchical_sales_D,aksu_2024_gift_eval,GIFT-Eval,b03_gift_hierarchical_sales_d,b03_gift_hierarchical_sales_d,Hierarchical Sales,medium,MASE,Chronos-Bolt-Base,7.662757831681574,FALSE,TRUE,0.7428,0.908,STATS,-0.20081754912274255,-0.1652,-0.18193832599118945,0.01694915254237288,LIT,FALSE,TRUE,Source A benchmark extraction,118,118
b03_gift_hierarchical_sales_d__Chronos-Bolt-Base__WAPE,B03_gift_hierarchical_sales_D,aksu_2024_gift_eval,GIFT-Eval,b03_gift_hierarchical_sales_d,b03_gift_hierarchical_sales_d,Hierarchical Sales,medium,WAPE,Chronos-Bolt-Base,7.662757831681574,FALSE,TRUE,0.708,0.858,STATS,-0.1921600057942426,-0.15000000000000002,-0.17482517482517484,0.01694915254237288,LIT,FALSE,TRUE,Source A benchmark extraction,118,118
b03_gift_hierarchical_sales_d__Chronos-Bolt-Base__SQL,B03_gift_hierarchical_sales_D,aksu_2024_gift_eval,GIFT-Eval,b03_gift_hierarchical_sales_d,b03_gift_hierarchical_sales_d,Hierarchical Sales,medium,SQL,Chronos-Bolt-Base,7.662757831681574,FALSE,TRUE,0.5761,0.931,STATS,-0.4799780205387298,-0.3549000000000001,-0.3812030075187971,0.01694915254237288,LIT,FALSE,TRUE,Source A benchmark extraction,118,118
b03_gift_hierarchical_sales_d__Toto-1.0__MASE,B03_gift_hierarchical_sales_D,aksu_2024_gift_eval,GIFT-Eval,b03_gift_hierarchical_sales_d,b03_gift_hierarchical_sales_d,Hierarchical Sales,medium,MASE,Toto-1.0,8,FALSE,TRUE,0.7354,0.908,STATS,-0.21082980973412158,-0.17259999999999998,-0.1900881057268722,0.01694915254237288,LIT,FALSE,TRUE,Source A benchmark extraction,118,118
b03_gift_hierarchical_sales_d__Toto-1.0__WAPE,B03_gift_hierarchical_sales_D,aksu_2024_gift_eval,GIFT-Eval,b03_gift_hierarchical_sales_d,b03_gift_hierarchical_sales_d,Hierarchical Sales,medium,WAPE,Toto-1.0,8,FALSE,TRUE,0.7031,0.858,STATS,-0.1991049702828467,-0.15490000000000004,-0.18053613053613057,0.01694915254237288,LIT,FALSE,TRUE,Source A benchmark extraction,118,118
b03_gift_hierarchical_sales_d__Toto-1.0__SQL,B03_gift_hierarchical_sales_D,aksu_2024_gift_eval,GIFT-Eval,b03_gift_hierarchical_sales_d,b03_gift_hierarchical_sales_d,Hierarchical Sales,medium,SQL,Toto-1.0,8,FALSE,TRUE,0.5704,0.931,STATS,-0.4899214081769808,-0.36060000000000003,-0.38732545649838884,0.01694915254237288,LIT,FALSE,TRUE,Source A benchmark extraction,118,118
b03_gift_hierarchical_sales_d__TabPFN-TS__MASE,B03_gift_hierarchical_sales_D,aksu_2024_gift_eval,GIFT-Eval,b03_gift_hierarchical_sales_d,b03_gift_hierarchical_sales_d,Hierarchical Sales,medium,MASE,TabPFN-TS,7.079181246047625,FALSE,TRUE,0.7595,0.908,STATS,-0.17858405656546592,-0.14850000000000008,-0.163546255506608,0.01694915254237288,LIT,FALSE,TRUE,Source A benchmark extraction,118,118
b03_gift_hierarchical_sales_d__TabPFN-TS__WAPE,B03_gift_hierarchical_sales_D,aksu_2024_gift_eval,GIFT-Eval,b03_gift_hierarchical_sales_d,b03_gift_hierarchical_sales_d,Hierarchical Sales,medium,WAPE,TabPFN-TS,7.079181246047625,FALSE,TRUE,0.7274,0.858,STATS,-0.16512756693507358,-0.13059999999999994,-0.15221445221445215,0.01694915254237288,LIT,FALSE,TRUE,Source A benchmark extraction,118,118
b03_gift_hierarchical_sales_d__TabPFN-TS__SQL,B03_gift_hierarchical_sales_D,aksu_2024_gift_eval,GIFT-Eval,b03_gift_hierarchical_sales_d,b03_gift_hierarchical_sales_d,Hierarchical Sales,medium,SQL,TabPFN-TS,7.079181246047625,FALSE,TRUE,0.5917,0.931,STATS,-0.4532595275944187,-0.33930000000000005,-0.36444683136412465,0.01694915254237288,LIT,FALSE,TRUE,Source A benchmark extraction,118,118
b03_gift_hierarchical_sales_w__Chronos-2__MASE,B03_gift_hierarchical_sales_W,aksu_2024_gift_eval,GIFT-Eval,b03_gift_hierarchical_sales_w,b03_gift_hierarchical_sales_w,Hierarchical Sales,medium,MASE,Chronos-2,8.079181246047625,FALSE,TRUE,0.7093,0.916,STATS,-0.25573779646608924,-0.2067,-0.2256550218340611,0.01694915254237288,LIT,FALSE,TRUE,Source A benchmark extraction,118,118
b03_gift_hierarchical_sales_w__Chronos-2__WAPE,B03_gift_hierarchical_sales_W,aksu_2024_gift_eval,GIFT-Eval,b03_gift_hierarchical_sales_w,b03_gift_hierarchical_sales_w,Hierarchical Sales,medium,WAPE,Chronos-2,8.079181246047625,FALSE,TRUE,0.4039,0.589,STATS,-0.37725886108221957,-0.1851,-0.31426146010186756,0.01694915254237288,LIT,FALSE,TRUE,Source A benchmark extraction,118,118
b03_gift_hierarchical_sales_w__Chronos-2__SQL,B03_gift_hierarchical_sales_W,aksu_2024_gift_eval,GIFT-Eval,b03_gift_hierarchical_sales_w,b03_gift_hierarchical_sales_w,Hierarchical Sales,medium,SQL,Chronos-2,8.079181246047625,FALSE,TRUE,0.3407,0.642,STATS,-0.6335859790230403,-0.3013,-0.4693146417445483,0.01694915254237288,LIT,FALSE,TRUE,Source A benchmark extraction,118,118
b03_gift_hierarchical_sales_w__TiRex__MASE,B03_gift_hierarchical_sales_W,aksu_2024_gift_eval,GIFT-Eval,b03_gift_hierarchical_sales_w,b03_gift_hierarchical_sales_w,Hierarchical Sales,medium,MASE,TiRex,7.544068044350276,FALSE,TRUE,0.722,0.916,STATS,-0.23799122578130416,-0.19400000000000006,-0.2117903930131005,0.01694915254237288,LIT,FALSE,TRUE,Source A benchmark extraction,118,118
b03_gift_hierarchical_sales_w__TiRex__WAPE,B03_gift_hierarchical_sales_W,aksu_2024_gift_eval,GIFT-Eval,b03_gift_hierarchical_sales_w,b03_gift_hierarchical_sales_w,Hierarchical Sales,medium,WAPE,TiRex,7.544068044350276,FALSE,TRUE,0.4093,0.589,STATS,-0.36397780015322934,-0.17969999999999997,-0.30509337860780983,0.01694915254237288,LIT,FALSE,TRUE,Source A benchmark extraction,118,118
b03_gift_hierarchical_sales_w__TiRex__SQL,B03_gift_hierarchical_sales_W,aksu_2024_gift_eval,GIFT-Eval,b03_gift_hierarchical_sales_w,b03_gift_hierarchical_sales_w,Hierarchical Sales,medium,SQL,TiRex,7.544068044350276,FALSE,TRUE,0.3477,0.642,STATS,-0.6132482646761453,-0.2943,-0.45841121495327103,0.01694915254237288,LIT,FALSE,TRUE,Source A benchmark extraction,118,118
b03_gift_hierarchical_sales_w__TimesFM-2.5__MASE,B03_gift_hierarchical_sales_W,aksu_2024_gift_eval,GIFT-Eval,b03_gift_hierarchical_sales_w,b03_gift_hierarchical_sales_w,Hierarchical Sales,medium,MASE,TimesFM-2.5,8.301029995663981,FALSE,TRUE,0.7191,0.916,STATS,-0.242015934565682,-0.19690000000000007,-0.21495633187772933,0.01694915254237288,LIT,FALSE,TRUE,Source A benchmark extraction,118,118
b03_gift_hierarchical_sales_w__TimesFM-2.5__WAPE,B03_gift_hierarchical_sales_W,aksu_2024_gift_eval,GIFT-Eval,b03_gift_hierarchical_sales_w,b03_gift_hierarchical_sales_w,Hierarchical Sales,medium,WAPE,TimesFM-2.5,8.301029995663981,FALSE,TRUE,0.4139,0.589,STATS,-0.3528017848969,-0.17509999999999998,-0.2972835314091681,0.01694915254237288,LIT,FALSE,TRUE,Source A benchmark extraction,118,118
b03_gift_hierarchical_sales_w__TimesFM-2.5__SQL,B03_gift_hierarchical_sales_W,aksu_2024_gift_eval,GIFT-Eval,b03_gift_hierarchical_sales_w,b03_gift_hierarchical_sales_w,Hierarchical Sales,medium,SQL,TimesFM-2.5,8.301029995663981,FALSE,TRUE,0.3478,0.642,STATS,-0.6129607017697786,-0.2942,-0.45825545171339566,0.01694915254237288,LIT,FALSE,TRUE,Source A benchmark extraction,118,118
b03_gift_hierarchical_sales_w__Moirai-2.0-Small__MASE,B03_gift_hierarchical_sales_W,aksu_2024_gift_eval,GIFT-Eval,b03_gift_hierarchical_sales_w,b03_gift_hierarchical_sales_w,Hierarchical Sales,medium,MASE,Moirai-2.0-Small,7.041392685158225,FALSE,TRUE,0.7381,0.916,STATS,-0.21593704789812362,-0.17790000000000006,-0.1942139737991267,0.01694915254237288,LIT,FALSE,TRUE,Source A benchmark extraction,118,118
b03_gift_hierarchical_sales_w__Moirai-2.0-Small__WAPE,B03_gift_hierarchical_sales_W,aksu_2024_gift_eval,GIFT-Eval,b03_gift_hierarchical_sales_w,b03_gift_hierarchical_sales_w,Hierarchical Sales,medium,WAPE,Moirai-2.0-Small,7.041392685158225,FALSE,TRUE,0.4199,0.589,STATS,-0.3384095959614391,-0.16909999999999997,-0.28709677419354834,0.01694915254237288,LIT,FALSE,TRUE,Source A benchmark extraction,118,118
b03_gift_hierarchical_sales_w__Moirai-2.0-Small__SQL,B03_gift_hierarchical_sales_W,aksu_2024_gift_eval,GIFT-Eval,b03_gift_hierarchical_sales_w,b03_gift_hierarchical_sales_w,Hierarchical Sales,medium,SQL,Moirai-2.0-Small,7.041392685158225,FALSE,TRUE,0.3521,0.642,STATS,-0.6006730775289544,-0.2899,-0.45155763239875385,0.01694915254237288,LIT,FALSE,TRUE,Source A benchmark extraction,118,118
b03_gift_hierarchical_sales_w__Chronos-Bolt-Base__MASE,B03_gift_hierarchical_sales_W,aksu_2024_gift_eval,GIFT-Eval,b03_gift_hierarchical_sales_w,b03_gift_hierarchical_sales_w,Hierarchical Sales,medium,MASE,Chronos-Bolt-Base,7.662757831681574,FALSE,TRUE,0.7327,0.916,STATS,-0.2232800235082121,-0.18330000000000002,-0.20010917030567688,0.01694915254237288,LIT,FALSE,TRUE,Source A benchmark extraction,118,118
b03_gift_hierarchical_sales_w__Chronos-Bolt-Base__WAPE,B03_gift_hierarchical_sales_W,aksu_2024_gift_eval,GIFT-Eval,b03_gift_hierarchical_sales_w,b03_gift_hierarchical_sales_w,Hierarchical Sales,medium,WAPE,Chronos-Bolt-Base,7.662757831681574,FALSE,TRUE,0.4171,0.589,STATS,-0.345100182448687,-0.17189999999999994,-0.29185059422750415,0.01694915254237288,LIT,FALSE,TRUE,Source A benchmark extraction,118,118
b03_gift_hierarchical_sales_w__Chronos-Bolt-Base__SQL,B03_gift_hierarchical_sales_W,aksu_2024_gift_eval,GIFT-Eval,b03_gift_hierarchical_sales_w,b03_gift_hierarchical_sales_w,Hierarchical Sales,medium,SQL,Chronos-Bolt-Base,7.662757831681574,FALSE,TRUE,0.3526,0.642,STATS,-0.5992540337261912,-0.2894,-0.45077881619937693,0.01694915254237288,LIT,FALSE,TRUE,Source A benchmark extraction,118,118
b03_gift_hierarchical_sales_w__Toto-1.0__MASE,B03_gift_hierarchical_sales_W,aksu_2024_gift_eval,GIFT-Eval,b03_gift_hierarchical_sales_w,b03_gift_hierarchical_sales_w,Hierarchical Sales,medium,MASE,Toto-1.0,8,FALSE,TRUE,0.7443,0.916,STATS,-0.2075721853082653,-0.17170000000000007,-0.18744541484716165,0.01694915254237288,LIT,FALSE,TRUE,Source A benchmark extraction,118,118
b03_gift_hierarchical_sales_w__Toto-1.0__WAPE,B03_gift_hierarchical_sales_W,aksu_2024_gift_eval,GIFT-Eval,b03_gift_hierarchical_sales_w,b03_gift_hierarchical_sales_w,Hierarchical Sales,medium,WAPE,Toto-1.0,8,FALSE,TRUE,0.4198,0.589,STATS,-0.33864777626505405,-0.16919999999999996,-0.2872665534804753,0.01694915254237288,LIT,FALSE,TRUE,Source A benchmark extraction,118,118
b03_gift_hierarchical_sales_w__Toto-1.0__SQL,B03_gift_hierarchical_sales_W,aksu_2024_gift_eval,GIFT-Eval,b03_gift_hierarchical_sales_w,b03_gift_hierarchical_sales_w,Hierarchical Sales,medium,SQL,Toto-1.0,8,FALSE,TRUE,0.3558,0.642,STATS,-0.59021952845822645,-0.2862,-0.4457943925233645,0.01694915254237288,LIT,FALSE,TRUE,Source A benchmark extraction,118,118
b03_gift_hierarchical_sales_w__TabPFN-TS__MASE,B03_gift_hierarchical_sales_W,aksu_2024_gift_eval,GIFT-Eval,b03_gift_hierarchical_sales_w,b03_gift_hierarchical_sales_w,Hierarchical Sales,medium,MASE,TabPFN-TS,7.079181246047625,FALSE,TRUE,0.7311,0.916,STATS,-0.22546611537486008,-0.18490000000000006,-0.20185589519650662,0.01694915254237288,LIT,FALSE,TRUE,Source A benchmark extraction,118,118
b03_gift_hierarchical_sales_w__TabPFN-TS__WAPE,B03_gift_hierarchical_sales_W,aksu_2024_gift_eval,GIFT-Eval,b03_gift_hierarchical_sales_w,b03_gift_hierarchical_sales_w,Hierarchical Sales,medium,WAPE,TabPFN-TS,7.079181246047625,FALSE,TRUE,0.413,0.589,STATS,-0.35497859069055404,-0.176,-0.298811544991511,0.01694915254237288,LIT,FALSE,TRUE,Source A benchmark extraction,118,118
b03_gift_hierarchical_sales_w__TabPFN-TS__SQL,B03_gift_hierarchical_sales_W,aksu_2024_gift_eval,GIFT-Eval,b03_gift_hierarchical_sales_w,b03_gift_hierarchical_sales_w,Hierarchical Sales,medium,SQL,TabPFN-TS,7.079181246047625,FALSE,TRUE,0.3455,0.642,STATS,-0.6195956604822366,-0.29650000000000004,-0.4618380062305297,0.01694915254237288,LIT,FALSE,TRUE,Source A benchmark extraction,118,118
b03_gift_restaurant_d__Chronos-2__MASE,B03_gift_restaurant_D,aksu_2024_gift_eval,GIFT-Eval,b03_gift_restaurant_d,b03_gift_restaurant_d,Restaurant,medium,MASE,Chronos-2,8.079181246047625,FALSE,TRUE,0.6777,0.861,STATS,-0.2393897922856635,-0.18330000000000002,-0.21289198606271778,0.0024600246002460025,LIT,FALSE,TRUE,Source A benchmark extraction,813,813
b03_gift_restaurant_d__Chronos-2__WAPE,B03_gift_restaurant_D,aksu_2024_gift_eval,GIFT-Eval,b03_gift_restaurant_d,b03_gift_restaurant_d,Restaurant,medium,WAPE,Chronos-2,8.079181246047625,FALSE,TRUE,0.3252,0.431,STATS,-0.2816677124300923,-0.1058,-0.2454756380510441,0.0024600246002460025,LIT,FALSE,TRUE,Source A benchmark extraction,813,813
b03_gift_restaurant_d__Chronos-2__SQL,B03_gift_restaurant_D,aksu_2024_gift_eval,GIFT-Eval,b03_gift_restaurant_d,b03_gift_restaurant_d,Restaurant,medium,SQL,Chronos-2,8.079181246047625,FALSE,TRUE,0.2543,0.677,STATS,-0.979156600484201,-0.4227,-0.6243722304283604,0.0024600246002460025,LIT,FALSE,TRUE,Source A benchmark extraction,813,813
b03_gift_restaurant_d__TiRex__MASE,B03_gift_restaurant_D,aksu_2024_gift_eval,GIFT-Eval,b03_gift_restaurant_d,b03_gift_restaurant_d,Restaurant,medium,MASE,TiRex,7.544068044350276,FALSE,TRUE,0.6779,0.861,STATS,-0.23909471999081094,-0.18310000000000004,-0.21265969802555174,0.0024600246002460025,LIT,FALSE,TRUE,Source A benchmark extraction,813,813
b03_gift_restaurant_d__TiRex__WAPE,B03_gift_restaurant_D,aksu_2024_gift_eval,GIFT-Eval,b03_gift_restaurant_d,b03_gift_restaurant_d,Restaurant,medium,WAPE,TiRex,7.544068044350276,FALSE,TRUE,0.3254,0.431,STATS,-0.2810528953188103,-0.10559999999999997,-0.2450116009280742,0.0024600246002460025,LIT,FALSE,TRUE,Source A benchmark extraction,813,813
b03_gift_restaurant_d__TiRex__SQL,B03_gift_restaurant_D,aksu_2024_gift_eval,GIFT-Eval,b03_gift_restaurant_d,b03_gift_restaurant_d,Restaurant,medium,SQL,TiRex,7.544068044350276,FALSE,TRUE,0.2548,0.677,STATS,-0.9771923492142667,-0.4222,-0.6236336779911373,0.0024600246002460025,LIT,FALSE,TRUE,Source A benchmark extraction,813,813
b03_gift_restaurant_d__TimesFM-2.5__MASE,B03_gift_restaurant_D,aksu_2024_gift_eval,GIFT-Eval,b03_gift_restaurant_d,b03_gift_restaurant_d,Restaurant,medium,MASE,TimesFM-2.5,8.301029995663981,FALSE,TRUE,0.6818,0.861,STATS,-0.23335814472392807,-0.17920000000000003,-0.20813008130081304,0.0024600246002460025,LIT,FALSE,TRUE,Source A benchmark extraction,813,813
b03_gift_restaurant_d__TimesFM-2.5__WAPE,B03_gift_restaurant_D,aksu_2024_gift_eval,GIFT-Eval,b03_gift_restaurant_d,b03_gift_restaurant_d,Restaurant,medium,WAPE,TimesFM-2.5,8.301029995663981,FALSE,TRUE,0.3274,0.431,STATS,-0.27492542516671314,-0.10359999999999997,-0.2403712296983758,0.0024600246002460025,LIT,FALSE,TRUE,Source A benchmark extraction,813,813
b03_gift_restaurant_d__TimesFM-2.5__SQL,B03_gift_restaurant_D,aksu_2024_gift_eval,GIFT-Eval,b03_gift_restaurant_d,b03_gift_restaurant_d,Restaurant,medium,SQL,TimesFM-2.5,8.301029995663981,FALSE,TRUE,0.2565,0.677,STATS,-0.9705426083014509,-0.42050000000000004,-0.6211225997045791,0.0024600246002460025,LIT,FALSE,TRUE,Source A benchmark extraction,813,813
b03_gift_restaurant_d__Moirai-2.0-Small__MASE,B03_gift_restaurant_D,aksu_2024_gift_eval,GIFT-Eval,b03_gift_restaurant_d,b03_gift_restaurant_d,Restaurant,medium,MASE,Moirai-2.0-Small,7.041392685158225,FALSE,TRUE,0.696,0.861,STATS,-0.21274484409331126,-0.16500000000000004,-0.19163763066202094,0.0024600246002460025,LIT,FALSE,TRUE,Source A benchmark extraction,813,813
b03_gift_restaurant_d__Moirai-2.0-Small__WAPE,B03_gift_restaurant_D,aksu_2024_gift_eval,GIFT-Eval,b03_gift_restaurant_d,b03_gift_restaurant_d,Restaurant,medium,WAPE,Moirai-2.0-Small,7.041392685158225,FALSE,TRUE,0.3323,0.431,STATS,-0.2600699147431992,-0.09870000000000001,-0.22900232018561487,0.0024600246002460025,LIT,FALSE,TRUE,Source A benchmark extraction,813,813
b03_gift_restaurant_d__Moirai-2.0-Small__SQL,B03_gift_restaurant_D,aksu_2024_gift_eval,GIFT-Eval,b03_gift_restaurant_d,b03_gift_restaurant_d,Restaurant,medium,SQL,Moirai-2.0-Small,7.041392685158225,FALSE,TRUE,0.2604,0.677,STATS,-0.9554523625778608,-0.4166,-0.6153618906942393,0.0024600246002460025,LIT,FALSE,TRUE,Source A benchmark extraction,813,813
b03_gift_restaurant_d__Chronos-Bolt-Base__MASE,B03_gift_restaurant_D,aksu_2024_gift_eval,GIFT-Eval,b03_gift_restaurant_d,b03_gift_restaurant_d,Restaurant,medium,MASE,Chronos-Bolt-Base,7.662757831681574,FALSE,TRUE,0.7004,0.861,STATS,-0.20644290401603393,-0.16059999999999997,-0.18652729384436698,0.0024600246002460025,LIT,FALSE,TRUE,Source A benchmark extraction,813,813
b03_gift_restaurant_d__Chronos-Bolt-Base__WAPE,B03_gift_restaurant_D,aksu_2024_gift_eval,GIFT-Eval,b03_gift_restaurant_d,b03_gift_restaurant_d,Restaurant,medium,WAPE,Chronos-Bolt-Base,7.662757831681574,FALSE,TRUE,0.3373,0.431,STATS,-0.2451353480361432,-0.0937,-0.2174013921113689,0.0024600246002460025,LIT,FALSE,TRUE,Source A benchmark extraction,813,813
b03_gift_restaurant_d__Chronos-Bolt-Base__SQL,B03_gift_restaurant_D,aksu_2024_gift_eval,GIFT-Eval,b03_gift_restaurant_d,b03_gift_restaurant_d,Restaurant,medium,SQL,Chronos-Bolt-Base,7.662757831681574,FALSE,TRUE,0.264,0.677,STATS,-0.9417221697659588,-0.41300000000000003,-0.6100443131462334,0.0024600246002460025,LIT,FALSE,TRUE,Source A benchmark extraction,813,813
b03_gift_restaurant_d__Toto-1.0__MASE,B03_gift_restaurant_D,aksu_2024_gift_eval,GIFT-Eval,b03_gift_restaurant_d,b03_gift_restaurant_d,Restaurant,medium,MASE,Toto-1.0,8,FALSE,TRUE,0.7835,0.861,STATS,-0.09432344263165532,-0.07750000000000001,-0.09001161440185831,0.0024600246002460025,LIT,FALSE,TRUE,Source A benchmark extraction,813,813
b03_gift_restaurant_d__Toto-1.0__WAPE,B03_gift_restaurant_D,aksu_2024_gift_eval,GIFT-Eval,b03_gift_restaurant_d,b03_gift_restaurant_d,Restaurant,medium,WAPE,Toto-1.0,8,FALSE,TRUE,0.3782,0.431,STATS,-0.13068493387939067,-0.052800000000000014,-0.12250580046403715,0.0024600246002460025,LIT,FALSE,TRUE,Source A benchmark extraction,813,813
b03_gift_restaurant_d__Toto-1.0__SQL,B03_gift_restaurant_D,aksu_2024_gift_eval,GIFT-Eval,b03_gift_restaurant_d,b03_gift_restaurant_d,Restaurant,medium,SQL,Toto-1.0,8,FALSE,TRUE,0.2974,0.677,STATS,-0.8225932388862204,-0.37960000000000005,-0.5607090103397342,0.0024600246002460025,LIT,FALSE,TRUE,Source A benchmark extraction,813,813
b03_gift_restaurant_d__TabPFN-TS__MASE,B03_gift_restaurant_D,aksu_2024_gift_eval,GIFT-Eval,b03_gift_restaurant_d,b03_gift_restaurant_d,Restaurant,medium,MASE,TabPFN-TS,7.079181246047625,FALSE,TRUE,0.6978,0.861,STATS,-0.21016197567505712,-0.1632,-0.18954703832752615,0.0024600246002460025,LIT,FALSE,TRUE,Source A benchmark extraction,813,813
b03_gift_restaurant_d__TabPFN-TS__WAPE,B03_gift_restaurant_D,aksu_2024_gift_eval,GIFT-Eval,b03_gift_restaurant_d,b03_gift_restaurant_d,Restaurant,medium,WAPE,TabPFN-TS,7.079181246047625,FALSE,TRUE,0.335,0.431,STATS,-0.25197755827868135,-0.09599999999999997,-0.22273781902552198,0.0024600246002460025,LIT,FALSE,TRUE,Source A benchmark extraction,813,813
b03_gift_restaurant_d__TabPFN-TS__SQL,B03_gift_restaurant_D,aksu_2024_gift_eval,GIFT-Eval,b03_gift_restaurant_d,b03_gift_restaurant_d,Restaurant,medium,SQL,TabPFN-TS,7.079181246047625,FALSE,TRUE,0.2629,0.677,STATS,-0.9458975411764394,-0.4141,-0.611669128508124,0.0024600246002460025,LIT,FALSE,TRUE,Source A benchmark extraction,813,813
