pair_id,paper_id,study_id,suite_id,task_id,cluster_id,dataset_norm,horizon_bucket,metric_name,model_name,model_scale,has_covariates,zero_shot,metric_num,baseline_metric,baseline_family,log_ratio,delta,delta_rel,vi,source,is_source_b,paired_inference_ok,quality_flag,n_series_num,baseline_n_series
b02_fev_favorita_stores_1d__Chronos-2__SQL,B02_fev_favorita_stores_1D,shchur_2025_fev_bench,fev-bench,b02_fev_favorita_stores_1d,b02_fev_favorita_stores_1d,Favorita,long,SQL,Chronos-2,8.079181246047625,TRUE,TRUE,0.9164,1.22465,ML_TREE,-0.28995741728966984,-0.30825,-0.25170456865226803,0.001266624445851805,LIT,FALSE,TRUE,Source A benchmark extraction,1579,1579
b02_fev_favorita_stores_1d__Chronos-2__MASE,B02_fev_favorita_stores_1D,shchur_2025_fev_bench,fev-bench,b02_fev_favorita_stores_1d,b02_fev_favorita_stores_1d,Favorita,long,MASE,Chronos-2,8.079181246047625,TRUE,TRUE,1.1402,1.22465,ML_TREE,-0.0714514032715288,-0.08444999999999991,-0.06895847793247042,0.001266624445851805,LIT,FALSE,TRUE,Source A benchmark extraction,1579,1579
b02_fev_favorita_stores_1d__Chronos-2__WAPE,B02_fev_favorita_stores_1D,shchur_2025_fev_bench,fev-bench,b02_fev_favorita_stores_1d,b02_fev_favorita_stores_1d,Favorita,long,WAPE,Chronos-2,8.079181246047625,TRUE,TRUE,0.1383,0.15760000000000002,ML_TREE,-0.13063493875306628,-0.01930000000000001,-0.12246192893401021,0.001266624445851805,LIT,FALSE,TRUE,Source A benchmark extraction,1579,1579
b02_fev_favorita_stores_1d__Chronos-Bolt-Base__SQL,B02_fev_favorita_stores_1D,shchur_2025_fev_bench,fev-bench,b02_fev_favorita_stores_1d,b02_fev_favorita_stores_1d,Favorita,long,SQL,Chronos-Bolt-Base,7.662757831681574,TRUE,TRUE,1.0322,1.22465,ML_TREE,-0.17096264215438353,-0.19245,-0.15714693994202425,0.001266624445851805,LIT,FALSE,TRUE,Source A benchmark extraction,1579,1579
b02_fev_favorita_stores_1d__Chronos-Bolt-Base__MASE,B02_fev_favorita_stores_1D,shchur_2025_fev_bench,fev-bench,b02_fev_favorita_stores_1d,b02_fev_favorita_stores_1d,Favorita,long,MASE,Chronos-Bolt-Base,7.662757831681574,TRUE,TRUE,1.2689,1.22465,ML_TREE,0.0354952945338584,0.0442499999999999,0.0361327726289143,0.001266624445851805,LIT,FALSE,TRUE,Source A benchmark extraction,1579,1579
b02_fev_favorita_stores_1d__Chronos-Bolt-Base__WAPE,B02_fev_favorita_stores_1D,shchur_2025_fev_bench,fev-bench,b02_fev_favorita_stores_1d,b02_fev_favorita_stores_1d,Favorita,long,WAPE,Chronos-Bolt-Base,7.662757831681574,TRUE,TRUE,0.1743,0.15760000000000002,ML_TREE,0.10071777510219646,0.016699999999999993,0.10596446700507609,0.001266624445851805,LIT,FALSE,TRUE,Source A benchmark extraction,1579,1579
b02_fev_favorita_stores_1d__Moirai-2.0-Small__SQL,B02_fev_favorita_stores_1D,shchur_2025_fev_bench,fev-bench,b02_fev_favorita_stores_1d,b02_fev_favorita_stores_1d,Favorita,long,SQL,Moirai-2.0-Small,7.041392685158225,TRUE,TRUE,0.98,1.22465,ML_TREE,-0.22285779620439275,-0.24465000000000003,-0.19977136324664194,0.001266624445851805,LIT,FALSE,TRUE,Source A benchmark extraction,1579,1579
b02_fev_favorita_stores_1d__Moirai-2.0-Small__MASE,B02_fev_favorita_stores_1D,shchur_2025_fev_bench,fev-bench,b02_fev_favorita_stores_1d,b02_fev_favorita_stores_1d,Favorita,long,MASE,Moirai-2.0-Small,7.041392685158225,TRUE,TRUE,1.205,1.22465,ML_TREE,-0.01617552194425493,-0.019649999999999945,-0.016045400726738206,0.001266624445851805,LIT,FALSE,TRUE,Source A benchmark extraction,1579,1579
b02_fev_favorita_stores_1d__Moirai-2.0-Small__WAPE,B02_fev_favorita_stores_1D,shchur_2025_fev_bench,fev-bench,b02_fev_favorita_stores_1d,b02_fev_favorita_stores_1d,Favorita,long,WAPE,Moirai-2.0-Small,7.041392685158225,TRUE,TRUE,0.1568,0.15760000000000002,ML_TREE,-0.005089069507471404,-8.000000000000229e-4,-0.00507614213197984,0.001266624445851805,LIT,FALSE,TRUE,Source A benchmark extraction,1579,1579
b02_fev_favorita_stores_1d__TabPFN-TS__SQL,B02_fev_favorita_stores_1D,shchur_2025_fev_bench,fev-bench,b02_fev_favorita_stores_1d,b02_fev_favorita_stores_1d,Favorita,long,SQL,TabPFN-TS,7.079181246047625,TRUE,TRUE,0.9698,1.22465,ML_TREE,-0.2333205031977585,-0.25485,-0.2081002735475442,0.001266624445851805,LIT,FALSE,TRUE,Source A benchmark extraction,1579,1579
b02_fev_favorita_stores_1d__TabPFN-TS__MASE,B02_fev_favorita_stores_1D,shchur_2025_fev_bench,fev-bench,b02_fev_favorita_stores_1d,b02_fev_favorita_stores_1d,Favorita,long,MASE,TabPFN-TS,7.079181246047625,TRUE,TRUE,1.1943,1.22465,ML_TREE,-0.02509484919462922,-0.0303500000000001,-0.024782590944351528,0.001266624445851805,LIT,FALSE,TRUE,Source A benchmark extraction,1579,1579
b02_fev_favorita_stores_1d__TabPFN-TS__WAPE,B02_fev_favorita_stores_1D,shchur_2025_fev_bench,fev-bench,b02_fev_favorita_stores_1d,b02_fev_favorita_stores_1d,Favorita,long,WAPE,TabPFN-TS,7.079181246047625,TRUE,TRUE,0.1486,0.15760000000000002,ML_TREE,-0.05880204514012005,-0.009000000000000008,-0.05710659898477162,0.001266624445851805,LIT,FALSE,TRUE,Source A benchmark extraction,1579,1579
b02_fev_favorita_stores_1d__TiRex__SQL,B02_fev_favorita_stores_1D,shchur_2025_fev_bench,fev-bench,b02_fev_favorita_stores_1d,b02_fev_favorita_stores_1d,Favorita,long,SQL,TiRex,7.544068044350276,TRUE,TRUE,0.9682,1.22465,ML_TREE,-0.2349716903634164,-0.25645000000000007,-0.20940676928101912,0.001266624445851805,LIT,FALSE,TRUE,Source A benchmark extraction,1579,1579
b02_fev_favorita_stores_1d__TiRex__MASE,B02_fev_favorita_stores_1D,shchur_2025_fev_bench,fev-bench,b02_fev_favorita_stores_1d,b02_fev_favorita_stores_1d,Favorita,long,MASE,TiRex,7.544068044350276,TRUE,TRUE,1.1934,1.22465,ML_TREE,-0.025848712781028866,-0.03125,-0.02551749479443106,0.001266624445851805,LIT,FALSE,TRUE,Source A benchmark extraction,1579,1579
b02_fev_favorita_stores_1d__TiRex__WAPE,B02_fev_favorita_stores_1D,shchur_2025_fev_bench,fev-bench,b02_fev_favorita_stores_1d,b02_fev_favorita_stores_1d,Favorita,long,WAPE,TiRex,7.544068044350276,TRUE,TRUE,0.1518,0.15760000000000002,ML_TREE,-0.03749631246224934,-0.005800000000000027,-0.036802030456852965,0.001266624445851805,LIT,FALSE,TRUE,Source A benchmark extraction,1579,1579
b02_fev_favorita_stores_1d__TimesFM-2.5__SQL,B02_fev_favorita_stores_1D,shchur_2025_fev_bench,fev-bench,b02_fev_favorita_stores_1d,b02_fev_favorita_stores_1d,Favorita,long,SQL,TimesFM-2.5,8.301029995663981,TRUE,TRUE,0.9494,1.22465,ML_TREE,-0.25458016175179266,-0.27525,-0.22475809414934877,0.001266624445851805,LIT,FALSE,TRUE,Source A benchmark extraction,1579,1579
b02_fev_favorita_stores_1d__TimesFM-2.5__MASE,B02_fev_favorita_stores_1D,shchur_2025_fev_bench,fev-bench,b02_fev_favorita_stores_1d,b02_fev_favorita_stores_1d,Favorita,long,MASE,TimesFM-2.5,8.301029995663981,TRUE,TRUE,1.1676,1.22465,ML_TREE,-0.04770472888905071,-0.057050000000000045,-0.046584738496713386,0.001266624445851805,LIT,FALSE,TRUE,Source A benchmark extraction,1579,1579
b02_fev_favorita_stores_1d__TimesFM-2.5__WAPE,B02_fev_favorita_stores_1D,shchur_2025_fev_bench,fev-bench,b02_fev_favorita_stores_1d,b02_fev_favorita_stores_1d,Favorita,long,WAPE,TimesFM-2.5,8.301029995663981,TRUE,TRUE,0.1452,0.15760000000000002,ML_TREE,-0.08194807503308323,-0.012400000000000022,-0.0786802030456854,0.001266624445851805,LIT,FALSE,TRUE,Source A benchmark extraction,1579,1579
b02_fev_favorita_stores_1d__Toto-1.0__SQL,B02_fev_favorita_stores_1D,shchur_2025_fev_bench,fev-bench,b02_fev_favorita_stores_1d,b02_fev_favorita_stores_1d,Favorita,long,SQL,Toto-1.0,8,TRUE,TRUE,1.0364,1.22465,ML_TREE,-0.16690191918105546,-0.18825000000000003,-0.15371738864165274,0.001266624445851805,LIT,FALSE,TRUE,Source A benchmark extraction,1579,1579
b02_fev_favorita_stores_1d__Toto-1.0__MASE,B02_fev_favorita_stores_1D,shchur_2025_fev_bench,fev-bench,b02_fev_favorita_stores_1d,b02_fev_favorita_stores_1d,Favorita,long,MASE,Toto-1.0,8,TRUE,TRUE,1.2804,1.22465,ML_TREE,0.04451744022669768,0.055749999999999966,0.04552321071326498,0.001266624445851805,LIT,FALSE,TRUE,Source A benchmark extraction,1579,1579
b02_fev_favorita_stores_1d__Toto-1.0__WAPE,B02_fev_favorita_stores_1D,shchur_2025_fev_bench,fev-bench,b02_fev_favorita_stores_1d,b02_fev_favorita_stores_1d,Favorita,long,WAPE,Toto-1.0,8,TRUE,TRUE,0.1784,0.15760000000000002,ML_TREE,0.1239680427221302,0.020799999999999985,0.13197969543147198,0.001266624445851805,LIT,FALSE,TRUE,Source A benchmark extraction,1579,1579
b02_fev_favorita_stores_1m__Chronos-2__SQL,B02_fev_favorita_stores_1M,shchur_2025_fev_bench,fev-bench,b02_fev_favorita_stores_1m,b02_fev_favorita_stores_1m,Favorita,medium,SQL,Chronos-2,8.079181246047625,TRUE,TRUE,1.7944,2.41115,ML_TREE,-0.29543310788851956,-0.6167500000000001,-0.2557908052174274,6.333122229259025e-4,LIT,FALSE,TRUE,Source A benchmark extraction,3158,3158
b02_fev_favorita_stores_1m__Chronos-2__MASE,B02_fev_favorita_stores_1M,shchur_2025_fev_bench,fev-bench,b02_fev_favorita_stores_1m,b02_fev_favorita_stores_1m,Favorita,medium,MASE,Chronos-2,8.079181246047625,TRUE,TRUE,1.9752,2.41115,ML_TREE,-0.19943415306354845,-0.43595000000000006,-0.18080583953715035,6.333122229259025e-4,LIT,FALSE,TRUE,Source A benchmark extraction,3158,3158
b02_fev_favorita_stores_1m__Chronos-2__WAPE,B02_fev_favorita_stores_1M,shchur_2025_fev_bench,fev-bench,b02_fev_favorita_stores_1m,b02_fev_favorita_stores_1m,Favorita,medium,WAPE,Chronos-2,8.079181246047625,TRUE,TRUE,0.1303,0.24180000000000001,ML_TREE,-0.618271454049893,-0.11150000000000002,-0.4611248966087676,6.333122229259025e-4,LIT,FALSE,TRUE,Source A benchmark extraction,3158,3158
b02_fev_favorita_stores_1m__Chronos-Bolt-Base__SQL,B02_fev_favorita_stores_1M,shchur_2025_fev_bench,fev-bench,b02_fev_favorita_stores_1m,b02_fev_favorita_stores_1m,Favorita,medium,SQL,Chronos-Bolt-Base,7.662757831681574,TRUE,TRUE,2.0865,2.41115,ML_TREE,-0.14461579106291095,-0.3246500000000001,-0.13464529373950193,6.333122229259025e-4,LIT,FALSE,TRUE,Source A benchmark extraction,3158,3158
b02_fev_favorita_stores_1m__Chronos-Bolt-Base__MASE,B02_fev_favorita_stores_1M,shchur_2025_fev_bench,fev-bench,b02_fev_favorita_stores_1m,b02_fev_favorita_stores_1m,Favorita,medium,MASE,Chronos-Bolt-Base,7.662757831681574,TRUE,TRUE,2.4178,2.41115,ML_TREE,0.002754223673373442,0.006650000000000045,0.002758020031934987,6.333122229259025e-4,LIT,FALSE,TRUE,Source A benchmark extraction,3158,3158
b02_fev_favorita_stores_1m__Chronos-Bolt-Base__WAPE,B02_fev_favorita_stores_1M,shchur_2025_fev_bench,fev-bench,b02_fev_favorita_stores_1m,b02_fev_favorita_stores_1m,Favorita,medium,WAPE,Chronos-Bolt-Base,7.662757831681574,TRUE,TRUE,0.2637,0.24180000000000001,ML_TREE,0.08670115517854853,0.021899999999999975,0.09057071960297756,6.333122229259025e-4,LIT,FALSE,TRUE,Source A benchmark extraction,3158,3158
b02_fev_favorita_stores_1m__Moirai-2.0-Small__SQL,B02_fev_favorita_stores_1M,shchur_2025_fev_bench,fev-bench,b02_fev_favorita_stores_1m,b02_fev_favorita_stores_1m,Favorita,medium,SQL,Moirai-2.0-Small,7.041392685158225,TRUE,TRUE,2.091,2.41115,ML_TREE,-0.14246139166588456,-0.32014999999999993,-0.13277896439458348,6.333122229259025e-4,LIT,FALSE,TRUE,Source A benchmark extraction,3158,3158
b02_fev_favorita_stores_1m__Moirai-2.0-Small__MASE,B02_fev_favorita_stores_1M,shchur_2025_fev_bench,fev-bench,b02_fev_favorita_stores_1m,b02_fev_favorita_stores_1m,Favorita,medium,MASE,Moirai-2.0-Small,7.041392685158225,TRUE,TRUE,2.324,2.41115,ML_TREE,-0.036813973122716434,-0.08715000000000028,-0.03614457831325313,6.333122229259025e-4,LIT,FALSE,TRUE,Source A benchmark extraction,3158,3158
b02_fev_favorita_stores_1m__Moirai-2.0-Small__WAPE,B02_fev_favorita_stores_1M,shchur_2025_fev_bench,fev-bench,b02_fev_favorita_stores_1m,b02_fev_favorita_stores_1m,Favorita,medium,WAPE,Moirai-2.0-Small,7.041392685158225,TRUE,TRUE,0.2355,0.24180000000000001,ML_TREE,-0.026400024724219942,-0.006300000000000028,-0.026054590570719717,6.333122229259025e-4,LIT,FALSE,TRUE,Source A benchmark extraction,3158,3158
b02_fev_favorita_stores_1m__TabPFN-TS__SQL,B02_fev_favorita_stores_1M,shchur_2025_fev_bench,fev-bench,b02_fev_favorita_stores_1m,b02_fev_favorita_stores_1m,Favorita,medium,SQL,TabPFN-TS,7.079181246047625,TRUE,TRUE,1.9336,2.41115,ML_TREE,-0.22072026170524503,-0.47755000000000014,-0.1980590174812849,6.333122229259025e-4,LIT,FALSE,TRUE,Source A benchmark extraction,3158,3158
b02_fev_favorita_stores_1m__TabPFN-TS__MASE,B02_fev_favorita_stores_1M,shchur_2025_fev_bench,fev-bench,b02_fev_favorita_stores_1m,b02_fev_favorita_stores_1m,Favorita,medium,MASE,TabPFN-TS,7.079181246047625,TRUE,TRUE,2.1758,2.41115,ML_TREE,-0.10270739910753583,-0.23534999999999995,-0.09760902473923229,6.333122229259025e-4,LIT,FALSE,TRUE,Source A benchmark extraction,3158,3158
b02_fev_favorita_stores_1m__TabPFN-TS__WAPE,B02_fev_favorita_stores_1M,shchur_2025_fev_bench,fev-bench,b02_fev_favorita_stores_1m,b02_fev_favorita_stores_1m,Favorita,medium,WAPE,TabPFN-TS,7.079181246047625,TRUE,TRUE,0.1159,0.24180000000000001,ML_TREE,-0.7353831878349864,-0.1259,-0.5206782464846981,6.333122229259025e-4,LIT,FALSE,TRUE,Source A benchmark extraction,3158,3158
b02_fev_favorita_stores_1m__TiRex__SQL,B02_fev_favorita_stores_1M,shchur_2025_fev_bench,fev-bench,b02_fev_favorita_stores_1m,b02_fev_favorita_stores_1m,Favorita,medium,SQL,TiRex,7.544068044350276,TRUE,TRUE,1.8559,2.41115,ML_TREE,-0.2617340585102593,-0.55525,-0.23028430417020923,6.333122229259025e-4,LIT,FALSE,TRUE,Source A benchmark extraction,3158,3158
b02_fev_favorita_stores_1m__TiRex__MASE,B02_fev_favorita_stores_1M,shchur_2025_fev_bench,fev-bench,b02_fev_favorita_stores_1m,b02_fev_favorita_stores_1m,Favorita,medium,MASE,TiRex,7.544068044350276,TRUE,TRUE,2.2147,2.41115,ML_TREE,-0.08498685796871855,-0.19645,-0.08147564440204881,6.333122229259025e-4,LIT,FALSE,TRUE,Source A benchmark extraction,3158,3158
b02_fev_favorita_stores_1m__TiRex__WAPE,B02_fev_favorita_stores_1M,shchur_2025_fev_bench,fev-bench,b02_fev_favorita_stores_1m,b02_fev_favorita_stores_1m,Favorita,medium,WAPE,TiRex,7.544068044350276,TRUE,TRUE,0.1894,0.24180000000000001,ML_TREE,-0.2442497574287145,-0.0524,-0.21670802315963605,6.333122229259025e-4,LIT,FALSE,TRUE,Source A benchmark extraction,3158,3158
b02_fev_favorita_stores_1m__TimesFM-2.5__SQL,B02_fev_favorita_stores_1M,shchur_2025_fev_bench,fev-bench,b02_fev_favorita_stores_1m,b02_fev_favorita_stores_1m,Favorita,medium,SQL,TimesFM-2.5,8.301029995663981,TRUE,TRUE,1.9983,2.41115,ML_TREE,-0.1878069930072748,-0.41285000000000016,-0.1712253488999026,6.333122229259025e-4,LIT,FALSE,TRUE,Source A benchmark extraction,3158,3158
b02_fev_favorita_stores_1m__TimesFM-2.5__MASE,B02_fev_favorita_stores_1M,shchur_2025_fev_bench,fev-bench,b02_fev_favorita_stores_1m,b02_fev_favorita_stores_1m,Favorita,medium,MASE,TimesFM-2.5,8.301029995663981,TRUE,TRUE,2.2338,2.41115,ML_TREE,-0.07639964098779194,-0.17735000000000012,-0.07355411318250632,6.333122229259025e-4,LIT,FALSE,TRUE,Source A benchmark extraction,3158,3158
b02_fev_favorita_stores_1m__TimesFM-2.5__WAPE,B02_fev_favorita_stores_1M,shchur_2025_fev_bench,fev-bench,b02_fev_favorita_stores_1m,b02_fev_favorita_stores_1m,Favorita,medium,WAPE,TimesFM-2.5,8.301029995663981,TRUE,TRUE,0.2103,0.24180000000000001,ML_TREE,-0.13957585547203827,-0.03150000000000003,-0.13027295285359813,6.333122229259025e-4,LIT,FALSE,TRUE,Source A benchmark extraction,3158,3158
b02_fev_favorita_stores_1m__Toto-1.0__SQL,B02_fev_favorita_stores_1M,shchur_2025_fev_bench,fev-bench,b02_fev_favorita_stores_1m,b02_fev_favorita_stores_1m,Favorita,medium,SQL,Toto-1.0,8,TRUE,TRUE,2.0094,2.41115,ML_TREE,-0.18226764206630441,-0.4017500000000003,-0.16662173651577059,6.333122229259025e-4,LIT,FALSE,TRUE,Source A benchmark extraction,3158,3158
b02_fev_favorita_stores_1m__Toto-1.0__MASE,B02_fev_favorita_stores_1M,shchur_2025_fev_bench,fev-bench,b02_fev_favorita_stores_1m,b02_fev_favorita_stores_1m,Favorita,medium,MASE,Toto-1.0,8,TRUE,TRUE,2.2865,2.41115,ML_TREE,-0.053081547996408275,-0.12464999999999993,-0.05169732285423965,6.333122229259025e-4,LIT,FALSE,TRUE,Source A benchmark extraction,3158,3158
b02_fev_favorita_stores_1m__Toto-1.0__WAPE,B02_fev_favorita_stores_1M,shchur_2025_fev_bench,fev-bench,b02_fev_favorita_stores_1m,b02_fev_favorita_stores_1m,Favorita,medium,WAPE,Toto-1.0,8,TRUE,TRUE,0.1978,0.24180000000000001,ML_TREE,-0.20085451899208062,-0.04400000000000001,-0.18196856906534328,6.333122229259025e-4,LIT,FALSE,TRUE,Source A benchmark extraction,3158,3158
b02_fev_favorita_stores_1w__Chronos-2__SQL,B02_fev_favorita_stores_1W,shchur_2025_fev_bench,fev-bench,b02_fev_favorita_stores_1w,b02_fev_favorita_stores_1w,Favorita,medium,SQL,Chronos-2,8.079181246047625,TRUE,TRUE,2.0241,2.45255,ML_TREE,-0.1920031422900464,-0.4284500000000002,-0.17469572485780116,0.001266624445851805,LIT,FALSE,TRUE,Source A benchmark extraction,1579,1579
b02_fev_favorita_stores_1w__Chronos-2__MASE,B02_fev_favorita_stores_1W,shchur_2025_fev_bench,fev-bench,b02_fev_favorita_stores_1w,b02_fev_favorita_stores_1w,Favorita,medium,MASE,Chronos-2,8.079181246047625,TRUE,TRUE,2.2987,2.45255,ML_TREE,-0.06478455386116425,-0.15384999999999982,-0.06273062730627299,0.001266624445851805,LIT,FALSE,TRUE,Source A benchmark extraction,1579,1579
b02_fev_favorita_stores_1w__Chronos-2__WAPE,B02_fev_favorita_stores_1W,shchur_2025_fev_bench,fev-bench,b02_fev_favorita_stores_1w,b02_fev_favorita_stores_1w,Favorita,medium,WAPE,Chronos-2,8.079181246047625,TRUE,TRUE,0.1289,0.13405,ML_TREE,-0.03917595473682668,-0.005150000000000016,-0.03841850055949284,0.001266624445851805,LIT,FALSE,TRUE,Source A benchmark extraction,1579,1579
b02_fev_favorita_stores_1w__Chronos-Bolt-Base__SQL,B02_fev_favorita_stores_1W,shchur_2025_fev_bench,fev-bench,b02_fev_favorita_stores_1w,b02_fev_favorita_stores_1w,Favorita,medium,SQL,Chronos-Bolt-Base,7.662757831681574,TRUE,TRUE,2.1011,2.45255,ML_TREE,-0.1546672824965321,-0.3514499999999998,-0.14329983078836306,0.001266624445851805,LIT,FALSE,TRUE,Source A benchmark extraction,1579,1579
b02_fev_favorita_stores_1w__Chronos-Bolt-Base__MASE,B02_fev_favorita_stores_1W,shchur_2025_fev_bench,fev-bench,b02_fev_favorita_stores_1w,b02_fev_favorita_stores_1w,Favorita,medium,MASE,Chronos-Bolt-Base,7.662757831681574,TRUE,TRUE,2.4749,2.45255,ML_TREE,0.009071691554585743,0.02234999999999987,0.009112964057817322,0.001266624445851805,LIT,FALSE,TRUE,Source A benchmark extraction,1579,1579
b02_fev_favorita_stores_1w__Chronos-Bolt-Base__WAPE,B02_fev_favorita_stores_1W,shchur_2025_fev_bench,fev-bench,b02_fev_favorita_stores_1w,b02_fev_favorita_stores_1w,Favorita,medium,WAPE,Chronos-Bolt-Base,7.662757831681574,TRUE,TRUE,0.158,0.13405,ML_TREE,0.16438216834499841,0.02395,0.1786646773591943,0.001266624445851805,LIT,FALSE,TRUE,Source A benchmark extraction,1579,1579
b02_fev_favorita_stores_1w__Moirai-2.0-Small__SQL,B02_fev_favorita_stores_1W,shchur_2025_fev_bench,fev-bench,b02_fev_favorita_stores_1w,b02_fev_favorita_stores_1w,Favorita,medium,SQL,Moirai-2.0-Small,7.041392685158225,TRUE,TRUE,2.197,2.45255,ML_TREE,-0.11003550620692548,-0.25554999999999994,-0.10419767181097223,0.001266624445851805,LIT,FALSE,TRUE,Source A benchmark extraction,1579,1579
b02_fev_favorita_stores_1w__Moirai-2.0-Small__MASE,B02_fev_favorita_stores_1W,shchur_2025_fev_bench,fev-bench,b02_fev_favorita_stores_1w,b02_fev_favorita_stores_1w,Favorita,medium,MASE,Moirai-2.0-Small,7.041392685158225,TRUE,TRUE,2.577,2.45255,ML_TREE,0.04949763206082931,0.12444999999999995,0.05074310411612401,0.001266624445851805,LIT,FALSE,TRUE,Source A benchmark extraction,1579,1579
b02_fev_favorita_stores_1w__Moirai-2.0-Small__WAPE,B02_fev_favorita_stores_1W,shchur_2025_fev_bench,fev-bench,b02_fev_favorita_stores_1w,b02_fev_favorita_stores_1w,Favorita,medium,WAPE,Moirai-2.0-Small,7.041392685158225,TRUE,TRUE,0.1555,0.13405,ML_TREE,0.14843286693732055,0.021449999999999997,0.1600149198060425,0.001266624445851805,LIT,FALSE,TRUE,Source A benchmark extraction,1579,1579
b02_fev_favorita_stores_1w__TabPFN-TS__SQL,B02_fev_favorita_stores_1W,shchur_2025_fev_bench,fev-bench,b02_fev_favorita_stores_1w,b02_fev_favorita_stores_1w,Favorita,medium,SQL,TabPFN-TS,7.079181246047625,TRUE,TRUE,2.1227,2.45255,ML_TREE,-0.1444394363411374,-0.32985,-0.13449267089355976,0.001266624445851805,LIT,FALSE,TRUE,Source A benchmark extraction,1579,1579
b02_fev_favorita_stores_1w__TabPFN-TS__MASE,B02_fev_favorita_stores_1W,shchur_2025_fev_bench,fev-bench,b02_fev_favorita_stores_1w,b02_fev_favorita_stores_1w,Favorita,medium,MASE,TabPFN-TS,7.079181246047625,TRUE,TRUE,2.5268,2.45255,ML_TREE,0.02982538043300965,0.07425000000000015,0.03027461213838664,0.001266624445851805,LIT,FALSE,TRUE,Source A benchmark extraction,1579,1579
b02_fev_favorita_stores_1w__TabPFN-TS__WAPE,B02_fev_favorita_stores_1W,shchur_2025_fev_bench,fev-bench,b02_fev_favorita_stores_1w,b02_fev_favorita_stores_1w,Favorita,medium,WAPE,TabPFN-TS,7.079181246047625,TRUE,TRUE,0.126,0.13405,ML_TREE,-0.06193095773049027,-0.008050000000000002,-0.060052219321148834,0.001266624445851805,LIT,FALSE,TRUE,Source A benchmark extraction,1579,1579
b02_fev_favorita_stores_1w__TiRex__SQL,B02_fev_favorita_stores_1W,shchur_2025_fev_bench,fev-bench,b02_fev_favorita_stores_1w,b02_fev_favorita_stores_1w,Favorita,medium,SQL,TiRex,7.544068044350276,TRUE,TRUE,2.0462,2.45255,ML_TREE,-0.18114388514669613,-0.4063500000000002,-0.16568469552098844,0.001266624445851805,LIT,FALSE,TRUE,Source A benchmark extraction,1579,1579
b02_fev_favorita_stores_1w__TiRex__MASE,B02_fev_favorita_stores_1W,shchur_2025_fev_bench,fev-bench,b02_fev_favorita_stores_1w,b02_fev_favorita_stores_1w,Favorita,medium,MASE,TiRex,7.544068044350276,TRUE,TRUE,2.4235,2.45255,ML_TREE,-0.011915523306104861,-0.029049999999999798,-0.01184481458074241,0.001266624445851805,LIT,FALSE,TRUE,Source A benchmark extraction,1579,1579
b02_fev_favorita_stores_1w__TiRex__WAPE,B02_fev_favorita_stores_1W,shchur_2025_fev_bench,fev-bench,b02_fev_favorita_stores_1w,b02_fev_favorita_stores_1w,Favorita,medium,WAPE,TiRex,7.544068044350276,TRUE,TRUE,0.1346,0.13405,ML_TREE,0.004094552528659038,5.499999999999949e-4,0.00410294666169336,0.001266624445851805,LIT,FALSE,TRUE,Source A benchmark extraction,1579,1579
b02_fev_favorita_stores_1w__TimesFM-2.5__SQL,B02_fev_favorita_stores_1W,shchur_2025_fev_bench,fev-bench,b02_fev_favorita_stores_1w,b02_fev_favorita_stores_1w,Favorita,medium,SQL,TimesFM-2.5,8.301029995663981,TRUE,TRUE,1.9684,2.45255,ML_TREE,-0.21990726959971257,-0.4841500000000001,-0.19740678069764125,0.001266624445851805,LIT,FALSE,TRUE,Source A benchmark extraction,1579,1579
b02_fev_favorita_stores_1w__TimesFM-2.5__MASE,B02_fev_favorita_stores_1W,shchur_2025_fev_bench,fev-bench,b02_fev_favorita_stores_1w,b02_fev_favorita_stores_1w,Favorita,medium,MASE,TimesFM-2.5,8.301029995663981,TRUE,TRUE,2.2901,2.45255,ML_TREE,-0.06853281487440437,-0.1624500000000002,-0.06623718170883375,0.001266624445851805,LIT,FALSE,TRUE,Source A benchmark extraction,1579,1579
b02_fev_favorita_stores_1w__TimesFM-2.5__WAPE,B02_fev_favorita_stores_1W,shchur_2025_fev_bench,fev-bench,b02_fev_favorita_stores_1w,b02_fev_favorita_stores_1w,Favorita,medium,WAPE,TimesFM-2.5,8.301029995663981,TRUE,TRUE,0.1308,0.13405,ML_TREE,-0.024543425658869987,-0.003250000000000003,-0.024244684819097372,0.001266624445851805,LIT,FALSE,TRUE,Source A benchmark extraction,1579,1579
b02_fev_favorita_stores_1w__Toto-1.0__SQL,B02_fev_favorita_stores_1W,shchur_2025_fev_bench,fev-bench,b02_fev_favorita_stores_1w,b02_fev_favorita_stores_1w,Favorita,medium,SQL,Toto-1.0,8,TRUE,TRUE,2.1277,2.45255,ML_TREE,-0.1420867155118636,-0.3248500000000001,-0.13245397647346643,0.001266624445851805,LIT,FALSE,TRUE,Source A benchmark extraction,1579,1579
b02_fev_favorita_stores_1w__Toto-1.0__MASE,B02_fev_favorita_stores_1W,shchur_2025_fev_bench,fev-bench,b02_fev_favorita_stores_1w,b02_fev_favorita_stores_1w,Favorita,medium,MASE,Toto-1.0,8,TRUE,TRUE,2.508,2.45255,ML_TREE,0.02235732316127567,0.05545,0.022609121118835496,0.001266624445851805,LIT,FALSE,TRUE,Source A benchmark extraction,1579,1579
b02_fev_favorita_stores_1w__Toto-1.0__WAPE,B02_fev_favorita_stores_1W,shchur_2025_fev_bench,fev-bench,b02_fev_favorita_stores_1w,b02_fev_favorita_stores_1w,Favorita,medium,WAPE,Toto-1.0,8,TRUE,TRUE,0.1511,0.13405,ML_TREE,0.11972900459672565,0.01705000000000001,0.12719134651249542,0.001266624445851805,LIT,FALSE,TRUE,Source A benchmark extraction,1579,1579
b02_fev_favorita_transactions_1d__Chronos-2__SQL,B02_fev_favorita_transactions_1D,shchur_2025_fev_bench,fev-bench,b02_fev_favorita_transactions_1d,b02_fev_favorita_transactions_1d,Favorita,long,SQL,Chronos-2,8.079181246047625,TRUE,TRUE,0.6846,1.3841999999999999,ML_TREE,-0.704042908311678,-0.6995999999999999,-0.5054182921543129,0.0392156862745098,LIT,FALSE,TRUE,Source A benchmark extraction,51,51
b02_fev_favorita_transactions_1d__Chronos-2__MASE,B02_fev_favorita_transactions_1D,shchur_2025_fev_bench,fev-bench,b02_fev_favorita_transactions_1d,b02_fev_favorita_transactions_1d,Favorita,long,MASE,Chronos-2,8.079181246047625,TRUE,TRUE,0.8494,1.3841999999999999,ML_TREE,-0.48834741652859204,-0.5347999999999998,-0.3863603525502094,0.0392156862745098,LIT,FALSE,TRUE,Source A benchmark extraction,51,51
b02_fev_favorita_transactions_1d__Chronos-2__WAPE,B02_fev_favorita_transactions_1D,shchur_2025_fev_bench,fev-bench,b02_fev_favorita_transactions_1d,b02_fev_favorita_transactions_1d,Favorita,long,WAPE,Chronos-2,8.079181246047625,TRUE,TRUE,0.0612,0.08175,ML_TREE,-0.2895186202590825,-0.020550000000000006,-0.2513761467889909,0.0392156862745098,LIT,FALSE,TRUE,Source A benchmark extraction,51,51
b02_fev_favorita_transactions_1d__Chronos-Bolt-Base__SQL,B02_fev_favorita_transactions_1D,shchur_2025_fev_bench,fev-bench,b02_fev_favorita_transactions_1d,b02_fev_favorita_transactions_1d,Favorita,long,SQL,Chronos-Bolt-Base,7.662757831681574,TRUE,TRUE,0.975,1.3841999999999999,ML_TREE,-0.3504401634099157,-0.4091999999999999,-0.2956220199393151,0.0392156862745098,LIT,FALSE,TRUE,Source A benchmark extraction,51,51
b02_fev_favorita_transactions_1d__Chronos-Bolt-Base__MASE,B02_fev_favorita_transactions_1D,shchur_2025_fev_bench,fev-bench,b02_fev_favorita_transactions_1d,b02_fev_favorita_transactions_1d,Favorita,long,MASE,Chronos-Bolt-Base,7.662757831681574,TRUE,TRUE,1.1515,1.3841999999999999,ML_TREE,-0.18405691514702305,-0.2326999999999999,-0.1681115445744834,0.0392156862745098,LIT,FALSE,TRUE,Source A benchmark extraction,51,51
b02_fev_favorita_transactions_1d__Chronos-Bolt-Base__WAPE,B02_fev_favorita_transactions_1D,shchur_2025_fev_bench,fev-bench,b02_fev_favorita_transactions_1d,b02_fev_favorita_transactions_1d,Favorita,long,WAPE,Chronos-Bolt-Base,7.662757831681574,TRUE,TRUE,0.0873,0.08175,ML_TREE,0.0656846530681937,0.005549999999999999,0.06788990825688072,0.0392156862745098,LIT,FALSE,TRUE,Source A benchmark extraction,51,51
b02_fev_favorita_transactions_1d__Moirai-2.0-Small__SQL,B02_fev_favorita_transactions_1D,shchur_2025_fev_bench,fev-bench,b02_fev_favorita_transactions_1d,b02_fev_favorita_transactions_1d,Favorita,long,SQL,Moirai-2.0-Small,7.041392685158225,TRUE,TRUE,1.121,1.3841999999999999,ML_TREE,-0.21090121133560294,-0.2631999999999999,-0.19014593266868943,0.0392156862745098,LIT,FALSE,TRUE,Source A benchmark extraction,51,51
b02_fev_favorita_transactions_1d__Moirai-2.0-Small__MASE,B02_fev_favorita_transactions_1D,shchur_2025_fev_bench,fev-bench,b02_fev_favorita_transactions_1d,b02_fev_favorita_transactions_1d,Favorita,long,MASE,Moirai-2.0-Small,7.041392685158225,TRUE,TRUE,1.33,1.3841999999999999,ML_TREE,-0.039943413191963435,-0.054199999999999804,-0.039156191301834856,0.0392156862745098,LIT,FALSE,TRUE,Source A benchmark extraction,51,51
b02_fev_favorita_transactions_1d__Moirai-2.0-Small__WAPE,B02_fev_favorita_transactions_1D,shchur_2025_fev_bench,fev-bench,b02_fev_favorita_transactions_1d,b02_fev_favorita_transactions_1d,Favorita,long,WAPE,Moirai-2.0-Small,7.041392685158225,TRUE,TRUE,0.0837,0.08175,ML_TREE,0.02357316771806681,0.0019499999999999934,0.02385321100917423,0.0392156862745098,LIT,FALSE,TRUE,Source A benchmark extraction,51,51
b02_fev_favorita_transactions_1d__TabPFN-TS__SQL,B02_fev_favorita_transactions_1D,shchur_2025_fev_bench,fev-bench,b02_fev_favorita_transactions_1d,b02_fev_favorita_transactions_1d,Favorita,long,SQL,TabPFN-TS,7.079181246047625,TRUE,TRUE,1.2252,1.3841999999999999,ML_TREE,-0.12201825944914264,-0.1589999999999998,-0.11486779367143464,0.0392156862745098,LIT,FALSE,TRUE,Source A benchmark extraction,51,51
b02_fev_favorita_transactions_1d__TabPFN-TS__MASE,B02_fev_favorita_transactions_1D,shchur_2025_fev_bench,fev-bench,b02_fev_favorita_transactions_1d,b02_fev_favorita_transactions_1d,Favorita,long,MASE,TabPFN-TS,7.079181246047625,TRUE,TRUE,1.6727,1.3841999999999999,ML_TREE,0.18931673191020026,0.2885000000000002,0.20842363820257204,0.0392156862745098,LIT,FALSE,TRUE,Source A benchmark extraction,51,51
b02_fev_favorita_transactions_1d__TabPFN-TS__WAPE,B02_fev_favorita_transactions_1D,shchur_2025_fev_bench,fev-bench,b02_fev_favorita_transactions_1d,b02_fev_favorita_transactions_1d,Favorita,long,WAPE,TabPFN-TS,7.079181246047625,TRUE,TRUE,0.0773,0.08175,ML_TREE,-0.05597185418398663,-0.0044500000000000095,-0.054434250764526106,0.0392156862745098,LIT,FALSE,TRUE,Source A benchmark extraction,51,51
b02_fev_favorita_transactions_1d__TiRex__SQL,B02_fev_favorita_transactions_1D,shchur_2025_fev_bench,fev-bench,b02_fev_favorita_transactions_1d,b02_fev_favorita_transactions_1d,Favorita,long,SQL,TiRex,7.544068044350276,TRUE,TRUE,1.0314,1.3841999999999999,ML_TREE,-0.29420525279090426,-0.3527999999999998,-0.25487646293888155,0.0392156862745098,LIT,FALSE,TRUE,Source A benchmark extraction,51,51
b02_fev_favorita_transactions_1d__TiRex__MASE,B02_fev_favorita_transactions_1D,shchur_2025_fev_bench,fev-bench,b02_fev_favorita_transactions_1d,b02_fev_favorita_transactions_1d,Favorita,long,MASE,TiRex,7.544068044350276,TRUE,TRUE,1.3493,1.3841999999999999,ML_TREE,-0.025536415971021298,-0.03489999999999993,-0.025213119491402928,0.0392156862745098,LIT,FALSE,TRUE,Source A benchmark extraction,51,51
b02_fev_favorita_transactions_1d__TiRex__WAPE,B02_fev_favorita_transactions_1D,shchur_2025_fev_bench,fev-bench,b02_fev_favorita_transactions_1d,b02_fev_favorita_transactions_1d,Favorita,long,WAPE,TiRex,7.544068044350276,TRUE,TRUE,0.082,0.08175,ML_TREE,0.003053437486890248,2.500000000000002e-4,0.003058103975535171,0.0392156862745098,LIT,FALSE,TRUE,Source A benchmark extraction,51,51
b02_fev_favorita_transactions_1d__TimesFM-2.5__SQL,B02_fev_favorita_transactions_1D,shchur_2025_fev_bench,fev-bench,b02_fev_favorita_transactions_1d,b02_fev_favorita_transactions_1d,Favorita,long,SQL,TimesFM-2.5,8.301029995663981,TRUE,TRUE,0.8736,1.3841999999999999,ML_TREE,-0.46025502941712226,-0.5105999999999998,-0.36887732986562627,0.0392156862745098,LIT,FALSE,TRUE,Source A benchmark extraction,51,51
b02_fev_favorita_transactions_1d__TimesFM-2.5__MASE,B02_fev_favorita_transactions_1D,shchur_2025_fev_bench,fev-bench,b02_fev_favorita_transactions_1d,b02_fev_favorita_transactions_1d,Favorita,long,MASE,TimesFM-2.5,8.301029995663981,TRUE,TRUE,1.0842,1.3841999999999999,ML_TREE,-0.2442799675815251,-0.2999999999999998,-0.2167316861725183,0.0392156862745098,LIT,FALSE,TRUE,Source A benchmark extraction,51,51
b02_fev_favorita_transactions_1d__TimesFM-2.5__WAPE,B02_fev_favorita_transactions_1D,shchur_2025_fev_bench,fev-bench,b02_fev_favorita_transactions_1d,b02_fev_favorita_transactions_1d,Favorita,long,WAPE,TimesFM-2.5,8.301029995663981,TRUE,TRUE,0.0655,0.08175,ML_TREE,-0.22161566713615652,-0.01625,-0.19877675840978593,0.0392156862745098,LIT,FALSE,TRUE,Source A benchmark extraction,51,51
b02_fev_favorita_transactions_1d__Toto-1.0__SQL,B02_fev_favorita_transactions_1D,shchur_2025_fev_bench,fev-bench,b02_fev_favorita_transactions_1d,b02_fev_favorita_transactions_1d,Favorita,long,SQL,Toto-1.0,8,TRUE,TRUE,1.1139,1.3841999999999999,ML_TREE,-0.21725498455661893,-0.2703,-0.1952752492414391,0.0392156862745098,LIT,FALSE,TRUE,Source A benchmark extraction,51,51
b02_fev_favorita_transactions_1d__Toto-1.0__MASE,B02_fev_favorita_transactions_1D,shchur_2025_fev_bench,fev-bench,b02_fev_favorita_transactions_1d,b02_fev_favorita_transactions_1d,Favorita,long,MASE,Toto-1.0,8,TRUE,TRUE,1.4307,1.3841999999999999,ML_TREE,0.033041479564525446,0.04650000000000021,0.03359341135674051,0.0392156862745098,LIT,FALSE,TRUE,Source A benchmark extraction,51,51
b02_fev_favorita_transactions_1d__Toto-1.0__WAPE,B02_fev_favorita_transactions_1D,shchur_2025_fev_bench,fev-bench,b02_fev_favorita_transactions_1d,b02_fev_favorita_transactions_1d,Favorita,long,WAPE,Toto-1.0,8,TRUE,TRUE,0.0947,0.08175,ML_TREE,0.14704819041466988,0.012950000000000003,0.15840978593272176,0.0392156862745098,LIT,FALSE,TRUE,Source A benchmark extraction,51,51
b02_fev_favorita_transactions_1m__Chronos-2__SQL,B02_fev_favorita_transactions_1M,shchur_2025_fev_bench,fev-bench,b02_fev_favorita_transactions_1m,b02_fev_favorita_transactions_1m,Favorita,medium,SQL,Chronos-2,8.079181246047625,TRUE,TRUE,0.9426,1.54855,ML_TREE,-0.4964322737145761,-0.6059500000000001,-0.39130154015046337,0.0196078431372549,LIT,FALSE,TRUE,Source A benchmark extraction,102,102
b02_fev_favorita_transactions_1m__Chronos-2__MASE,B02_fev_favorita_transactions_1M,shchur_2025_fev_bench,fev-bench,b02_fev_favorita_transactions_1m,b02_fev_favorita_transactions_1m,Favorita,medium,MASE,Chronos-2,8.079181246047625,TRUE,TRUE,1.2531,1.54855,ML_TREE,-0.21169852803296713,-0.29545,-0.1907913854896516,0.0196078431372549,LIT,FALSE,TRUE,Source A benchmark extraction,102,102
b02_fev_favorita_transactions_1m__Chronos-2__WAPE,B02_fev_favorita_transactions_1M,shchur_2025_fev_bench,fev-bench,b02_fev_favorita_transactions_1m,b02_fev_favorita_transactions_1m,Favorita,medium,WAPE,Chronos-2,8.079181246047625,TRUE,TRUE,0.0719,0.1021,ML_TREE,-0.3506764604436187,-0.03019999999999999,-0.29578844270323207,0.0196078431372549,LIT,FALSE,TRUE,Source A benchmark extraction,102,102
b02_fev_favorita_transactions_1m__Chronos-Bolt-Base__SQL,B02_fev_favorita_transactions_1M,shchur_2025_fev_bench,fev-bench,b02_fev_favorita_transactions_1m,b02_fev_favorita_transactions_1m,Favorita,medium,SQL,Chronos-Bolt-Base,7.662757831681574,TRUE,TRUE,1.3585,1.54855,ML_TREE,-0.13093785933780405,-0.19005000000000005,-0.12272771302185918,0.0196078431372549,LIT,FALSE,TRUE,Source A benchmark extraction,102,102
b02_fev_favorita_transactions_1m__Chronos-Bolt-Base__MASE,B02_fev_favorita_transactions_1M,shchur_2025_fev_bench,fev-bench,b02_fev_favorita_transactions_1m,b02_fev_favorita_transactions_1m,Favorita,medium,MASE,Chronos-Bolt-Base,7.662757831681574,TRUE,TRUE,1.6365,1.54855,ML_TREE,0.055240805737028685,0.08794999999999997,0.056795066352394154,0.0196078431372549,LIT,FALSE,TRUE,Source A benchmark extraction,102,102
b02_fev_favorita_transactions_1m__Chronos-Bolt-Base__WAPE,B02_fev_favorita_transactions_1M,shchur_2025_fev_bench,fev-bench,b02_fev_favorita_transactions_1m,b02_fev_favorita_transactions_1m,Favorita,medium,WAPE,Chronos-Bolt-Base,7.662757831681574,TRUE,TRUE,0.0941,0.1021,ML_TREE,-0.08159467857928589,-0.007999999999999993,-0.07835455435847202,0.0196078431372549,LIT,FALSE,TRUE,Source A benchmark extraction,102,102
b02_fev_favorita_transactions_1m__Moirai-2.0-Small__SQL,B02_fev_favorita_transactions_1M,shchur_2025_fev_bench,fev-bench,b02_fev_favorita_transactions_1m,b02_fev_favorita_transactions_1m,Favorita,medium,SQL,Moirai-2.0-Small,7.041392685158225,TRUE,TRUE,1.39,1.54855,ML_TREE,-0.10801526207946917,-0.1585500000000002,-0.10238610312873345,0.0196078431372549,LIT,FALSE,TRUE,Source A benchmark extraction,102,102
b02_fev_favorita_transactions_1m__Moirai-2.0-Small__MASE,B02_fev_favorita_transactions_1M,shchur_2025_fev_bench,fev-bench,b02_fev_favorita_transactions_1m,b02_fev_favorita_transactions_1m,Favorita,medium,MASE,Moirai-2.0-Small,7.041392685158225,TRUE,TRUE,1.611,1.54855,ML_TREE,0.039536094972767756,0.062449999999999894,0.040328048819863675,0.0196078431372549,LIT,FALSE,TRUE,Source A benchmark extraction,102,102
b02_fev_favorita_transactions_1m__Moirai-2.0-Small__WAPE,B02_fev_favorita_transactions_1M,shchur_2025_fev_bench,fev-bench,b02_fev_favorita_transactions_1m,b02_fev_favorita_transactions_1m,Favorita,medium,WAPE,Moirai-2.0-Small,7.041392685158225,TRUE,TRUE,0.0863,0.1021,ML_TREE,-0.1681231270812375,-0.015799999999999995,-0.15475024485798233,0.0196078431372549,LIT,FALSE,TRUE,Source A benchmark extraction,102,102
b02_fev_favorita_transactions_1m__TabPFN-TS__SQL,B02_fev_favorita_transactions_1M,shchur_2025_fev_bench,fev-bench,b02_fev_favorita_transactions_1m,b02_fev_favorita_transactions_1m,Favorita,medium,SQL,TabPFN-TS,7.079181246047625,TRUE,TRUE,1.2438,1.54855,ML_TREE,-0.2191477995344177,-0.3047500000000001,-0.1967970036485745,0.0196078431372549,LIT,FALSE,TRUE,Source A benchmark extraction,102,102
b02_fev_favorita_transactions_1m__TabPFN-TS__MASE,B02_fev_favorita_transactions_1M,shchur_2025_fev_bench,fev-bench,b02_fev_favorita_transactions_1m,b02_fev_favorita_transactions_1m,Favorita,medium,MASE,TabPFN-TS,7.079181246047625,TRUE,TRUE,1.4262,1.54855,ML_TREE,-0.08230544461000344,-0.12235000000000018,-0.07900939588647456,0.0196078431372549,LIT,FALSE,TRUE,Source A benchmark extraction,102,102
b02_fev_favorita_transactions_1m__TabPFN-TS__WAPE,B02_fev_favorita_transactions_1M,shchur_2025_fev_bench,fev-bench,b02_fev_favorita_transactions_1m,b02_fev_favorita_transactions_1m,Favorita,medium,WAPE,TabPFN-TS,7.079181246047625,TRUE,TRUE,0.0822,0.1021,ML_TREE,-0.21679742310848565,-0.0199,-0.19490695396669933,0.0196078431372549,LIT,FALSE,TRUE,Source A benchmark extraction,102,102
b02_fev_favorita_transactions_1m__TiRex__SQL,B02_fev_favorita_transactions_1M,shchur_2025_fev_bench,fev-bench,b02_fev_favorita_transactions_1m,b02_fev_favorita_transactions_1m,Favorita,medium,SQL,TiRex,7.544068044350276,TRUE,TRUE,1.0893,1.54855,ML_TREE,-0.35178372111580686,-0.45925000000000016,-0.296567756933906,0.0196078431372549,LIT,FALSE,TRUE,Source A benchmark extraction,102,102
b02_fev_favorita_transactions_1m__TiRex__MASE,B02_fev_favorita_transactions_1M,shchur_2025_fev_bench,fev-bench,b02_fev_favorita_transactions_1m,b02_fev_favorita_transactions_1m,Favorita,medium,MASE,TiRex,7.544068044350276,TRUE,TRUE,1.3596,1.54855,ML_TREE,-0.13012847038224565,-0.18895000000000017,-0.12201737108908343,0.0196078431372549,LIT,FALSE,TRUE,Source A benchmark extraction,102,102
b02_fev_favorita_transactions_1m__TiRex__WAPE,B02_fev_favorita_transactions_1M,shchur_2025_fev_bench,fev-bench,b02_fev_favorita_transactions_1m,b02_fev_favorita_transactions_1m,Favorita,medium,WAPE,TiRex,7.544068044350276,TRUE,TRUE,0.0772,0.1021,ML_TREE,-0.27955326813988923,-0.02489999999999999,-0.2438785504407443,0.0196078431372549,LIT,FALSE,TRUE,Source A benchmark extraction,102,102
b02_fev_favorita_transactions_1m__TimesFM-2.5__SQL,B02_fev_favorita_transactions_1M,shchur_2025_fev_bench,fev-bench,b02_fev_favorita_transactions_1m,b02_fev_favorita_transactions_1m,Favorita,medium,SQL,TimesFM-2.5,8.301029995663981,TRUE,TRUE,1.1327,1.54855,ML_TREE,-0.3127148459975387,-0.41585000000000005,-0.26854153885893256,0.0196078431372549,LIT,FALSE,TRUE,Source A benchmark extraction,102,102
b02_fev_favorita_transactions_1m__TimesFM-2.5__MASE,B02_fev_favorita_transactions_1M,shchur_2025_fev_bench,fev-bench,b02_fev_favorita_transactions_1m,b02_fev_favorita_transactions_1m,Favorita,medium,MASE,TimesFM-2.5,8.301029995663981,TRUE,TRUE,1.3316,1.54855,ML_TREE,-0.15093778250333678,-0.2169500000000002,-0.1400988021051953,0.0196078431372549,LIT,FALSE,TRUE,Source A benchmark extraction,102,102
b02_fev_favorita_transactions_1m__TimesFM-2.5__WAPE,B02_fev_favorita_transactions_1M,shchur_2025_fev_bench,fev-bench,b02_fev_favorita_transactions_1m,b02_fev_favorita_transactions_1m,Favorita,medium,WAPE,TimesFM-2.5,8.301029995663981,TRUE,TRUE,0.0742,0.1021,ML_TREE,-0.3191885749972851,-0.027899999999999994,-0.2732615083251714,0.0196078431372549,LIT,FALSE,TRUE,Source A benchmark extraction,102,102
b02_fev_favorita_transactions_1m__Toto-1.0__SQL,B02_fev_favorita_transactions_1M,shchur_2025_fev_bench,fev-bench,b02_fev_favorita_transactions_1m,b02_fev_favorita_transactions_1m,Favorita,medium,SQL,Toto-1.0,8,TRUE,TRUE,1.3969,1.54855,ML_TREE,-0.10306351347070139,-0.15165000000000006,-0.09793032191404866,0.0196078431372549,LIT,FALSE,TRUE,Source A benchmark extraction,102,102
b02_fev_favorita_transactions_1m__Toto-1.0__MASE,B02_fev_favorita_transactions_1M,shchur_2025_fev_bench,fev-bench,b02_fev_favorita_transactions_1m,b02_fev_favorita_transactions_1m,Favorita,medium,MASE,Toto-1.0,8,TRUE,TRUE,1.6656,1.54855,ML_TREE,0.07286640965649782,0.11704999999999988,0.07558683930128177,0.0196078431372549,LIT,FALSE,TRUE,Source A benchmark extraction,102,102
b02_fev_favorita_transactions_1m__Toto-1.0__WAPE,B02_fev_favorita_transactions_1M,shchur_2025_fev_bench,fev-bench,b02_fev_favorita_transactions_1m,b02_fev_favorita_transactions_1m,Favorita,medium,WAPE,Toto-1.0,8,TRUE,TRUE,0.0891,0.1021,ML_TREE,-0.1361933906938562,-0.012999999999999998,-0.1273261508325171,0.0196078431372549,LIT,FALSE,TRUE,Source A benchmark extraction,102,102
b02_fev_favorita_transactions_1w__Chronos-2__SQL,B02_fev_favorita_transactions_1W,shchur_2025_fev_bench,fev-bench,b02_fev_favorita_transactions_1w,b02_fev_favorita_transactions_1w,Favorita,medium,SQL,Chronos-2,8.079181246047625,TRUE,TRUE,1.2279,1.6670500000000001,ML_TREE,-0.30575020413571585,-0.43915000000000015,-0.2634294112354159,0.0392156862745098,LIT,FALSE,TRUE,Source A benchmark extraction,51,51
b02_fev_favorita_transactions_1w__Chronos-2__MASE,B02_fev_favorita_transactions_1W,shchur_2025_fev_bench,fev-bench,b02_fev_favorita_transactions_1w,b02_fev_favorita_transactions_1w,Favorita,medium,MASE,Chronos-2,8.079181246047625,TRUE,TRUE,1.4988,1.6670500000000001,ML_TREE,-0.1063908093826505,-0.16825000000000023,-0.10092678683902716,0.0392156862745098,LIT,FALSE,TRUE,Source A benchmark extraction,51,51
b02_fev_favorita_transactions_1w__Chronos-2__WAPE,B02_fev_favorita_transactions_1W,shchur_2025_fev_bench,fev-bench,b02_fev_favorita_transactions_1w,b02_fev_favorita_transactions_1w,Favorita,medium,WAPE,Chronos-2,8.079181246047625,TRUE,TRUE,0.0562,0.06409999999999999,ML_TREE,-0.13152760702697874,-0.00789999999999999,-0.12324492979719176,0.0392156862745098,LIT,FALSE,TRUE,Source A benchmark extraction,51,51
b02_fev_favorita_transactions_1w__Chronos-Bolt-Base__SQL,B02_fev_favorita_transactions_1W,shchur_2025_fev_bench,fev-bench,b02_fev_favorita_transactions_1w,b02_fev_favorita_transactions_1w,Favorita,medium,SQL,Chronos-Bolt-Base,7.662757831681574,TRUE,TRUE,1.4283,1.6670500000000001,ML_TREE,-0.1545706714336001,-0.23875000000000024,-0.14321706007618262,0.0392156862745098,LIT,FALSE,TRUE,Source A benchmark extraction,51,51
b02_fev_favorita_transactions_1w__Chronos-Bolt-Base__MASE,B02_fev_favorita_transactions_1W,shchur_2025_fev_bench,fev-bench,b02_fev_favorita_transactions_1w,b02_fev_favorita_transactions_1w,Favorita,medium,MASE,Chronos-Bolt-Base,7.662757831681574,TRUE,TRUE,1.7479,1.6670500000000001,ML_TREE,0.047359470038858015,0.08084999999999987,0.04849884526558883,0.0392156862745098,LIT,FALSE,TRUE,Source A benchmark extraction,51,51
b02_fev_favorita_transactions_1w__Chronos-Bolt-Base__WAPE,B02_fev_favorita_transactions_1W,shchur_2025_fev_bench,fev-bench,b02_fev_favorita_transactions_1w,b02_fev_favorita_transactions_1w,Favorita,medium,WAPE,Chronos-Bolt-Base,7.662757831681574,TRUE,TRUE,0.0629,0.06409999999999999,ML_TREE,-0.018898200220229432,-0.0011999999999999927,-0.018720748829953088,0.0392156862745098,LIT,FALSE,TRUE,Source A benchmark extraction,51,51
b02_fev_favorita_transactions_1w__Moirai-2.0-Small__SQL,B02_fev_favorita_transactions_1W,shchur_2025_fev_bench,fev-bench,b02_fev_favorita_transactions_1w,b02_fev_favorita_transactions_1w,Favorita,medium,SQL,Moirai-2.0-Small,7.041392685158225,TRUE,TRUE,1.463,1.6670500000000001,ML_TREE,-0.13056647528205845,-0.20405000000000006,-0.12240184757505776,0.0392156862745098,LIT,FALSE,TRUE,Source A benchmark extraction,51,51
b02_fev_favorita_transactions_1w__Moirai-2.0-Small__MASE,B02_fev_favorita_transactions_1W,shchur_2025_fev_bench,fev-bench,b02_fev_favorita_transactions_1w,b02_fev_favorita_transactions_1w,Favorita,medium,MASE,Moirai-2.0-Small,7.041392685158225,TRUE,TRUE,1.685,1.6670500000000001,ML_TREE,0.010709966484279266,0.01794999999999991,0.010767523469601937,0.0392156862745098,LIT,FALSE,TRUE,Source A benchmark extraction,51,51
b02_fev_favorita_transactions_1w__Moirai-2.0-Small__WAPE,B02_fev_favorita_transactions_1W,shchur_2025_fev_bench,fev-bench,b02_fev_favorita_transactions_1w,b02_fev_favorita_transactions_1w,Favorita,medium,WAPE,Moirai-2.0-Small,7.041392685158225,TRUE,TRUE,0.0672,0.06409999999999999,ML_TREE,0.04722888360247954,0.0031000000000000055,0.04836193447737919,0.0392156862745098,LIT,FALSE,TRUE,Source A benchmark extraction,51,51
b02_fev_favorita_transactions_1w__TabPFN-TS__SQL,B02_fev_favorita_transactions_1W,shchur_2025_fev_bench,fev-bench,b02_fev_favorita_transactions_1w,b02_fev_favorita_transactions_1w,Favorita,medium,SQL,TabPFN-TS,7.079181246047625,TRUE,TRUE,1.9116,1.6670500000000001,ML_TREE,0.13688499040182026,0.24454999999999982,0.14669625986023202,0.0392156862745098,LIT,FALSE,TRUE,Source A benchmark extraction,51,51
b02_fev_favorita_transactions_1w__TabPFN-TS__MASE,B02_fev_favorita_transactions_1W,shchur_2025_fev_bench,fev-bench,b02_fev_favorita_transactions_1w,b02_fev_favorita_transactions_1w,Favorita,medium,MASE,TabPFN-TS,7.079181246047625,TRUE,TRUE,2.4368,1.6670500000000001,ML_TREE,0.3796301058387145,0.7697499999999997,0.46174379892624673,0.0392156862745098,LIT,FALSE,TRUE,Source A benchmark extraction,51,51
b02_fev_favorita_transactions_1w__TabPFN-TS__WAPE,B02_fev_favorita_transactions_1W,shchur_2025_fev_bench,fev-bench,b02_fev_favorita_transactions_1w,b02_fev_favorita_transactions_1w,Favorita,medium,WAPE,TabPFN-TS,7.079181246047625,TRUE,TRUE,0.071,0.06409999999999999,ML_TREE,0.10223551311469112,0.006900000000000003,0.10764430577223096,0.0392156862745098,LIT,FALSE,TRUE,Source A benchmark extraction,51,51
b02_fev_favorita_transactions_1w__TiRex__SQL,B02_fev_favorita_transactions_1W,shchur_2025_fev_bench,fev-bench,b02_fev_favorita_transactions_1w,b02_fev_favorita_transactions_1w,Favorita,medium,SQL,TiRex,7.544068044350276,TRUE,TRUE,1.3836,1.6670500000000001,ML_TREE,-0.18636679923916918,-0.2834500000000002,-0.17003089289463433,0.0392156862745098,LIT,FALSE,TRUE,Source A benchmark extraction,51,51
b02_fev_favorita_transactions_1w__TiRex__MASE,B02_fev_favorita_transactions_1W,shchur_2025_fev_bench,fev-bench,b02_fev_favorita_transactions_1w,b02_fev_favorita_transactions_1w,Favorita,medium,MASE,TiRex,7.544068044350276,TRUE,TRUE,1.7465,1.6670500000000001,ML_TREE,0.046558187944703865,0.0794499999999998,0.04765903842116301,0.0392156862745098,LIT,FALSE,TRUE,Source A benchmark extraction,51,51
b02_fev_favorita_transactions_1w__TiRex__WAPE,B02_fev_favorita_transactions_1W,shchur_2025_fev_bench,fev-bench,b02_fev_favorita_transactions_1w,b02_fev_favorita_transactions_1w,Favorita,medium,WAPE,TiRex,7.544068044350276,TRUE,TRUE,0.0591,0.06409999999999999,ML_TREE,-0.08121343951457165,-0.0049999999999999906,-0.07800312012480486,0.0392156862745098,LIT,FALSE,TRUE,Source A benchmark extraction,51,51
b02_fev_favorita_transactions_1w__TimesFM-2.5__SQL,B02_fev_favorita_transactions_1W,shchur_2025_fev_bench,fev-bench,b02_fev_favorita_transactions_1w,b02_fev_favorita_transactions_1w,Favorita,medium,SQL,TimesFM-2.5,8.301029995663981,TRUE,TRUE,1.2228,1.6670500000000001,ML_TREE,-0.30991228628550327,-0.44425000000000003,-0.2664887075972526,0.0392156862745098,LIT,FALSE,TRUE,Source A benchmark extraction,51,51
b02_fev_favorita_transactions_1w__TimesFM-2.5__MASE,B02_fev_favorita_transactions_1W,shchur_2025_fev_bench,fev-bench,b02_fev_favorita_transactions_1w,b02_fev_favorita_transactions_1w,Favorita,medium,MASE,TimesFM-2.5,8.301029995663981,TRUE,TRUE,1.4718,1.6670500000000001,ML_TREE,-0.12456945580968412,-0.19525000000000015,-0.11712306169581004,0.0392156862745098,LIT,FALSE,TRUE,Source A benchmark extraction,51,51
b02_fev_favorita_transactions_1w__TimesFM-2.5__WAPE,B02_fev_favorita_transactions_1W,shchur_2025_fev_bench,fev-bench,b02_fev_favorita_transactions_1w,b02_fev_favorita_transactions_1w,Favorita,medium,WAPE,TimesFM-2.5,8.301029995663981,TRUE,TRUE,0.0559,0.06409999999999999,ML_TREE,-0.1368799837655708,-0.008199999999999992,-0.1279251170046801,0.0392156862745098,LIT,FALSE,TRUE,Source A benchmark extraction,51,51
b02_fev_favorita_transactions_1w__Toto-1.0__SQL,B02_fev_favorita_transactions_1W,shchur_2025_fev_bench,fev-bench,b02_fev_favorita_transactions_1w,b02_fev_favorita_transactions_1w,Favorita,medium,SQL,Toto-1.0,8,TRUE,TRUE,1.5566,1.6670500000000001,ML_TREE,-0.06855164177689499,-0.11045000000000016,-0.06625476140487697,0.0392156862745098,LIT,FALSE,TRUE,Source A benchmark extraction,51,51
b02_fev_favorita_transactions_1w__Toto-1.0__MASE,B02_fev_favorita_transactions_1W,shchur_2025_fev_bench,fev-bench,b02_fev_favorita_transactions_1w,b02_fev_favorita_transactions_1w,Favorita,medium,MASE,Toto-1.0,8,TRUE,TRUE,1.9304,1.6670500000000001,ML_TREE,0.1466716380086391,0.26334999999999975,0.15797366605680677,0.0392156862745098,LIT,FALSE,TRUE,Source A benchmark extraction,51,51
b02_fev_favorita_transactions_1w__Toto-1.0__WAPE,B02_fev_favorita_transactions_1W,shchur_2025_fev_bench,fev-bench,b02_fev_favorita_transactions_1w,b02_fev_favorita_transactions_1w,Favorita,medium,WAPE,Toto-1.0,8,TRUE,TRUE,0.0687,0.06409999999999999,ML_TREE,0.06930483530167947,0.004600000000000007,0.0717628705148207,0.0392156862745098,LIT,FALSE,TRUE,Source A benchmark extraction,51,51
b02_fev_hermes__Chronos-2__SQL,B02_fev_hermes,shchur_2025_fev_bench,fev-bench,b02_fev_hermes,b02_fev_hermes,Hermes,long,SQL,Chronos-2,8.079181246047625,TRUE,TRUE,0.6092,1.1747,ML_TREE,-0.6566214538088337,-0.5655000000000001,-0.48139950625691674,2e-4,LIT,FALSE,TRUE,Source A benchmark extraction,10000,10000
b02_fev_hermes__Chronos-2__MASE,B02_fev_hermes,shchur_2025_fev_bench,fev-bench,b02_fev_hermes,b02_fev_hermes,Hermes,long,MASE,Chronos-2,8.079181246047625,TRUE,TRUE,0.7761,1.1747,ML_TREE,-0.4144866969697472,-0.39860000000000007,-0.3393206776198179,2e-4,LIT,FALSE,TRUE,Source A benchmark extraction,10000,10000
b02_fev_hermes__Chronos-2__WAPE,B02_fev_hermes,shchur_2025_fev_bench,fev-bench,b02_fev_hermes,b02_fev_hermes,Hermes,long,WAPE,Chronos-2,8.079181246047625,TRUE,TRUE,0.0029,0.00455,ML_TREE,-0.45041649597043076,-0.0016500000000000004,-0.36263736263736274,2e-4,LIT,FALSE,TRUE,Source A benchmark extraction,10000,10000
b02_fev_hermes__Chronos-Bolt-Base__SQL,B02_fev_hermes,shchur_2025_fev_bench,fev-bench,b02_fev_hermes,b02_fev_hermes,Hermes,long,SQL,Chronos-Bolt-Base,7.662757831681574,TRUE,TRUE,0.6752,1.1747,ML_TREE,-0.553759131548093,-0.49950000000000006,-0.42521494849748875,2e-4,LIT,FALSE,TRUE,Source A benchmark extraction,10000,10000
b02_fev_hermes__Chronos-Bolt-Base__MASE,B02_fev_hermes,shchur_2025_fev_bench,fev-bench,b02_fev_hermes,b02_fev_hermes,Hermes,long,MASE,Chronos-Bolt-Base,7.662757831681574,TRUE,TRUE,0.8579,1.1747,ML_TREE,-0.31428053225092084,-0.3168000000000001,-0.26968587724525417,2e-4,LIT,FALSE,TRUE,Source A benchmark extraction,10000,10000
b02_fev_hermes__Chronos-Bolt-Base__WAPE,B02_fev_hermes,shchur_2025_fev_bench,fev-bench,b02_fev_hermes,b02_fev_hermes,Hermes,long,WAPE,Chronos-Bolt-Base,7.662757831681574,TRUE,TRUE,0.0032,0.00455,ML_TREE,-0.35197642315717825,-0.00135,-0.2967032967032967,2e-4,LIT,FALSE,TRUE,Source A benchmark extraction,10000,10000
b02_fev_hermes__Moirai-2.0-Small__SQL,B02_fev_hermes,shchur_2025_fev_bench,fev-bench,b02_fev_hermes,b02_fev_hermes,Hermes,long,SQL,Moirai-2.0-Small,7.041392685158225,TRUE,TRUE,0.704,1.1747,ML_TREE,-0.5119897186717981,-0.4707000000000001,-0.4006980505661021,2e-4,LIT,FALSE,TRUE,Source A benchmark extraction,10000,10000
b02_fev_hermes__Moirai-2.0-Small__MASE,B02_fev_hermes,shchur_2025_fev_bench,fev-bench,b02_fev_hermes,b02_fev_hermes,Hermes,long,MASE,Moirai-2.0-Small,7.041392685158225,TRUE,TRUE,0.885,1.1747,ML_TREE,-0.28318042982191083,-0.28970000000000007,-0.24661615731676176,2e-4,LIT,FALSE,TRUE,Source A benchmark extraction,10000,10000
b02_fev_hermes__Moirai-2.0-Small__WAPE,B02_fev_hermes,shchur_2025_fev_bench,fev-bench,b02_fev_hermes,b02_fev_hermes,Hermes,long,WAPE,Moirai-2.0-Small,7.041392685158225,TRUE,TRUE,0.0034,0.00455,ML_TREE,-0.29135180134074345,-0.0011500000000000004,-0.25274725274725285,2e-4,LIT,FALSE,TRUE,Source A benchmark extraction,10000,10000
b02_fev_hermes__TabPFN-TS__SQL,B02_fev_hermes,shchur_2025_fev_bench,fev-bench,b02_fev_hermes,b02_fev_hermes,Hermes,long,SQL,TabPFN-TS,7.079181246047625,TRUE,TRUE,0.7049,1.1747,ML_TREE,-0.5107121260500105,-0.4698000000000001,-0.3999318975057462,2e-4,LIT,FALSE,TRUE,Source A benchmark extraction,10000,10000
b02_fev_hermes__TabPFN-TS__MASE,B02_fev_hermes,shchur_2025_fev_bench,fev-bench,b02_fev_hermes,b02_fev_hermes,Hermes,long,MASE,TabPFN-TS,7.079181246047625,TRUE,TRUE,0.9123,1.1747,ML_TREE,-0.25279919147841173,-0.2624000000000001,-0.22337618115263477,2e-4,LIT,FALSE,TRUE,Source A benchmark extraction,10000,10000
b02_fev_hermes__TabPFN-TS__WAPE,B02_fev_hermes,shchur_2025_fev_bench,fev-bench,b02_fev_hermes,b02_fev_hermes,Hermes,long,WAPE,TabPFN-TS,7.079181246047625,TRUE,TRUE,0.0034,0.00455,ML_TREE,-0.29135180134074345,-0.0011500000000000004,-0.25274725274725285,2e-4,LIT,FALSE,TRUE,Source A benchmark extraction,10000,10000
b02_fev_hermes__TiRex__SQL,B02_fev_hermes,shchur_2025_fev_bench,fev-bench,b02_fev_hermes,b02_fev_hermes,Hermes,long,SQL,TiRex,7.544068044350276,TRUE,TRUE,0.651,1.1747,ML_TREE,-0.5902584326212711,-0.5237,-0.445815953009279,2e-4,LIT,FALSE,TRUE,Source A benchmark extraction,10000,10000
b02_fev_hermes__TiRex__MASE,B02_fev_hermes,shchur_2025_fev_bench,fev-bench,b02_fev_hermes,b02_fev_hermes,Hermes,long,MASE,TiRex,7.544068044350276,TRUE,TRUE,0.831,1.1747,ML_TREE,-0.3461382799743922,-0.3437000000000001,-0.29258534093811195,2e-4,LIT,FALSE,TRUE,Source A benchmark extraction,10000,10000
b02_fev_hermes__TiRex__WAPE,B02_fev_hermes,shchur_2025_fev_bench,fev-bench,b02_fev_hermes,b02_fev_hermes,Hermes,long,WAPE,TiRex,7.544068044350276,TRUE,TRUE,0.0031,0.00455,ML_TREE,-0.38372512147175863,-0.0014500000000000003,-0.3186813186813187,2e-4,LIT,FALSE,TRUE,Source A benchmark extraction,10000,10000
b02_fev_hermes__TimesFM-2.5__SQL,B02_fev_hermes,shchur_2025_fev_bench,fev-bench,b02_fev_hermes,b02_fev_hermes,Hermes,long,SQL,TimesFM-2.5,8.301029995663981,TRUE,TRUE,0.6184,1.1747,ML_TREE,-0.6416325775566283,-0.5563000000000001,-0.47356771941772374,2e-4,LIT,FALSE,TRUE,Source A benchmark extraction,10000,10000
b02_fev_hermes__TimesFM-2.5__MASE,B02_fev_hermes,shchur_2025_fev_bench,fev-bench,b02_fev_hermes,b02_fev_hermes,Hermes,long,MASE,TimesFM-2.5,8.301029995663981,TRUE,TRUE,0.7872,1.1747,ML_TREE,-0.4002857290917967,-0.38750000000000007,-0.3298714565420959,2e-4,LIT,FALSE,TRUE,Source A benchmark extraction,10000,10000
b02_fev_hermes__TimesFM-2.5__WAPE,B02_fev_hermes,shchur_2025_fev_bench,fev-bench,b02_fev_hermes,b02_fev_hermes,Hermes,long,WAPE,TimesFM-2.5,8.301029995663981,TRUE,TRUE,0.0029,0.00455,ML_TREE,-0.45041649597043076,-0.0016500000000000004,-0.36263736263736274,2e-4,LIT,FALSE,TRUE,Source A benchmark extraction,10000,10000
b02_fev_hermes__Toto-1.0__SQL,B02_fev_hermes,shchur_2025_fev_bench,fev-bench,b02_fev_hermes,b02_fev_hermes,Hermes,long,SQL,Toto-1.0,8,TRUE,TRUE,0.9853,1.1747,ML_TREE,-0.17582191150141155,-0.18940000000000012,-0.16123265514599483,2e-4,LIT,FALSE,TRUE,Source A benchmark extraction,10000,10000
b02_fev_hermes__Toto-1.0__MASE,B02_fev_hermes,shchur_2025_fev_bench,fev-bench,b02_fev_hermes,b02_fev_hermes,Hermes,long,MASE,Toto-1.0,8,TRUE,TRUE,1.2023,1.1747,ML_TREE,0.0232235931510229,0.027599999999999847,0.023495360517578823,2e-4,LIT,FALSE,TRUE,Source A benchmark extraction,10000,10000
b02_fev_hermes__Toto-1.0__WAPE,B02_fev_hermes,shchur_2025_fev_bench,fev-bench,b02_fev_hermes,b02_fev_hermes,Hermes,long,WAPE,Toto-1.0,8,TRUE,TRUE,0.0044,0.00455,ML_TREE,-0.03352269203864356,-1.4999999999999996e-4,-0.032967032967032954,2e-4,LIT,FALSE,TRUE,Source A benchmark extraction,10000,10000
b02_fev_hierarchical_sales_1d__Chronos-2__SQL,B02_fev_hierarchical_sales_1D,shchur_2025_fev_bench,fev-bench,b02_fev_hierarchical_sales_1d,b02_fev_hierarchical_sales_1d,Hierarchical Sales,long,SQL,Chronos-2,8.079181246047625,FALSE,TRUE,0.5567,0.6869000000000001,ML_TREE,-0.210162226030374,-0.1302000000000001,-0.1895472412287088,0.01694915254237288,LIT,FALSE,TRUE,Source A benchmark extraction,118,118
b02_fev_hierarchical_sales_1d__Chronos-2__MASE,B02_fev_hierarchical_sales_1D,shchur_2025_fev_bench,fev-bench,b02_fev_hierarchical_sales_1d,b02_fev_hierarchical_sales_1d,Hierarchical Sales,long,MASE,Chronos-2,8.079181246047625,FALSE,TRUE,0.6889,0.6869000000000001,ML_TREE,0.0029074013793140984,0.0019999999999998908,0.002911631969718868,0.01694915254237288,LIT,FALSE,TRUE,Source A benchmark extraction,118,118
b02_fev_hierarchical_sales_1d__Chronos-2__WAPE,B02_fev_hierarchical_sales_1D,shchur_2025_fev_bench,fev-bench,b02_fev_hierarchical_sales_1d,b02_fev_hierarchical_sales_1d,Hierarchical Sales,long,WAPE,Chronos-2,8.079181246047625,FALSE,TRUE,0.7005,0.6893,ML_TREE,0.016117775885455553,0.011199999999999988,0.01624836790947336,0.01694915254237288,LIT,FALSE,TRUE,Source A benchmark extraction,118,118
b02_fev_hierarchical_sales_1d__Chronos-Bolt-Base__SQL,B02_fev_hierarchical_sales_1D,shchur_2025_fev_bench,fev-bench,b02_fev_hierarchical_sales_1d,b02_fev_hierarchical_sales_1d,Hierarchical Sales,long,SQL,Chronos-Bolt-Base,7.662757831681574,FALSE,TRUE,0.5509,0.6869000000000001,ML_TREE,-0.2206354167411653,-0.13600000000000012,-0.19799097394089402,0.01694915254237288,LIT,FALSE,TRUE,Source A benchmark extraction,118,118
b02_fev_hierarchical_sales_1d__Chronos-Bolt-Base__MASE,B02_fev_hierarchical_sales_1D,shchur_2025_fev_bench,fev-bench,b02_fev_hierarchical_sales_1d,b02_fev_hierarchical_sales_1d,Hierarchical Sales,long,MASE,Chronos-Bolt-Base,7.662757831681574,FALSE,TRUE,0.686,0.6869000000000001,ML_TREE,-0.0013110934939507023,-9.000000000000119e-4,-0.0013102343863735796,0.01694915254237288,LIT,FALSE,TRUE,Source A benchmark extraction,118,118
b02_fev_hierarchical_sales_1d__Chronos-Bolt-Base__WAPE,B02_fev_hierarchical_sales_1D,shchur_2025_fev_bench,fev-bench,b02_fev_hierarchical_sales_1d,b02_fev_hierarchical_sales_1d,Hierarchical Sales,long,WAPE,Chronos-Bolt-Base,7.662757831681574,FALSE,TRUE,0.695,0.6893,ML_TREE,0.00823525567318591,0.005699999999999927,0.008269258668214024,0.01694915254237288,LIT,FALSE,TRUE,Source A benchmark extraction,118,118
b02_fev_hierarchical_sales_1d__Moirai-2.0-Small__SQL,B02_fev_hierarchical_sales_1D,shchur_2025_fev_bench,fev-bench,b02_fev_hierarchical_sales_1d,b02_fev_hierarchical_sales_1d,Hierarchical Sales,long,SQL,Moirai-2.0-Small,7.041392685158225,FALSE,TRUE,0.552,0.6869000000000001,ML_TREE,-0.2186406749427406,-0.13490000000000002,-0.19638957635754842,0.01694915254237288,LIT,FALSE,TRUE,Source A benchmark extraction,118,118
b02_fev_hierarchical_sales_1d__Moirai-2.0-Small__MASE,B02_fev_hierarchical_sales_1D,shchur_2025_fev_bench,fev-bench,b02_fev_hierarchical_sales_1d,b02_fev_hierarchical_sales_1d,Hierarchical Sales,long,MASE,Moirai-2.0-Small,7.041392685158225,FALSE,TRUE,0.688,0.6869000000000001,ML_TREE,0.001600116713507593,0.0010999999999998789,0.0016013975833452886,0.01694915254237288,LIT,FALSE,TRUE,Source A benchmark extraction,118,118
b02_fev_hierarchical_sales_1d__Moirai-2.0-Small__WAPE,B02_fev_hierarchical_sales_1D,shchur_2025_fev_bench,fev-bench,b02_fev_hierarchical_sales_1d,b02_fev_hierarchical_sales_1d,Hierarchical Sales,long,WAPE,Moirai-2.0-Small,7.041392685158225,FALSE,TRUE,0.693,0.6893,ML_TREE,0.00535340929829694,0.0036999999999999256,0.005367764398665205,0.01694915254237288,LIT,FALSE,TRUE,Source A benchmark extraction,118,118
b02_fev_hierarchical_sales_1d__TabPFN-TS__SQL,B02_fev_hierarchical_sales_1D,shchur_2025_fev_bench,fev-bench,b02_fev_hierarchical_sales_1d,b02_fev_hierarchical_sales_1d,Hierarchical Sales,long,SQL,TabPFN-TS,7.079181246047625,FALSE,TRUE,0.572,0.6869000000000001,ML_TREE,-0.18304972984003823,-0.11490000000000011,-0.16727325666035828,0.01694915254237288,LIT,FALSE,TRUE,Source A benchmark extraction,118,118
b02_fev_hierarchical_sales_1d__TabPFN-TS__MASE,B02_fev_hierarchical_sales_1D,shchur_2025_fev_bench,fev-bench,b02_fev_hierarchical_sales_1d,b02_fev_hierarchical_sales_1d,Hierarchical Sales,long,MASE,TabPFN-TS,7.079181246047625,FALSE,TRUE,0.708,0.6869000000000001,ML_TREE,0.03025537247388362,0.021099999999999897,0.030717717280535586,0.01694915254237288,LIT,FALSE,TRUE,Source A benchmark extraction,118,118
b02_fev_hierarchical_sales_1d__TabPFN-TS__WAPE,B02_fev_hierarchical_sales_1D,shchur_2025_fev_bench,fev-bench,b02_fev_hierarchical_sales_1d,b02_fev_hierarchical_sales_1d,Hierarchical Sales,long,WAPE,TabPFN-TS,7.079181246047625,FALSE,TRUE,0.7258,0.6893,ML_TREE,0.05159790488736388,0.03649999999999998,0.05295227041926589,0.01694915254237288,LIT,FALSE,TRUE,Source A benchmark extraction,118,118
b02_fev_hierarchical_sales_1d__TiRex__SQL,B02_fev_hierarchical_sales_1D,shchur_2025_fev_bench,fev-bench,b02_fev_hierarchical_sales_1d,b02_fev_hierarchical_sales_1d,Hierarchical Sales,long,SQL,TiRex,7.544068044350276,FALSE,TRUE,0.5473,0.6869000000000001,ML_TREE,-0.22719162306996354,-0.13960000000000006,-0.2032319114863882,0.01694915254237288,LIT,FALSE,TRUE,Source A benchmark extraction,118,118
b02_fev_hierarchical_sales_1d__TiRex__MASE,B02_fev_hierarchical_sales_1D,shchur_2025_fev_bench,fev-bench,b02_fev_hierarchical_sales_1d,b02_fev_hierarchical_sales_1d,Hierarchical Sales,long,MASE,TiRex,7.544068044350276,FALSE,TRUE,0.6854,0.6869000000000001,ML_TREE,-0.0021861117793275835,-0.0015000000000000568,-0.002183723977289353,0.01694915254237288,LIT,FALSE,TRUE,Source A benchmark extraction,118,118
b02_fev_hierarchical_sales_1d__TiRex__WAPE,B02_fev_hierarchical_sales_1D,shchur_2025_fev_bench,fev-bench,b02_fev_hierarchical_sales_1d,b02_fev_hierarchical_sales_1d,Hierarchical Sales,long,WAPE,TiRex,7.544068044350276,FALSE,TRUE,0.6894,0.6893,ML_TREE,1.4506419115889056e-4,9.999999999998899e-5,1.450747134774249e-4,0.01694915254237288,LIT,FALSE,TRUE,Source A benchmark extraction,118,118
b02_fev_hierarchical_sales_1d__TimesFM-2.5__SQL,B02_fev_hierarchical_sales_1D,shchur_2025_fev_bench,fev-bench,b02_fev_hierarchical_sales_1d,b02_fev_hierarchical_sales_1d,Hierarchical Sales,long,SQL,TimesFM-2.5,8.301029995663981,FALSE,TRUE,0.5516,0.6869000000000001,ML_TREE,-0.21936557530068934,-0.1353000000000001,-0.19697190275149232,0.01694915254237288,LIT,FALSE,TRUE,Source A benchmark extraction,118,118
b02_fev_hierarchical_sales_1d__TimesFM-2.5__MASE,B02_fev_hierarchical_sales_1D,shchur_2025_fev_bench,fev-bench,b02_fev_hierarchical_sales_1d,b02_fev_hierarchical_sales_1d,Hierarchical Sales,long,MASE,TimesFM-2.5,8.301029995663981,FALSE,TRUE,0.6882,0.6869000000000001,ML_TREE,0.0018907721435440137,0.0012999999999999678,0.001892560780317321,0.01694915254237288,LIT,FALSE,TRUE,Source A benchmark extraction,118,118
b02_fev_hierarchical_sales_1d__TimesFM-2.5__WAPE,B02_fev_hierarchical_sales_1D,shchur_2025_fev_bench,fev-bench,b02_fev_hierarchical_sales_1d,b02_fev_hierarchical_sales_1d,Hierarchical Sales,long,WAPE,TimesFM-2.5,8.301029995663981,FALSE,TRUE,0.6944,0.6893,ML_TREE,0.007371573454534259,0.005099999999999993,0.007398810387349475,0.01694915254237288,LIT,FALSE,TRUE,Source A benchmark extraction,118,118
b02_fev_hierarchical_sales_1d__Toto-1.0__SQL,B02_fev_hierarchical_sales_1D,shchur_2025_fev_bench,fev-bench,b02_fev_hierarchical_sales_1d,b02_fev_hierarchical_sales_1d,Hierarchical Sales,long,SQL,Toto-1.0,8,FALSE,TRUE,0.5468,0.6869000000000001,ML_TREE,-0.22810561637004162,-0.1401000000000001,-0.20395981947881803,0.01694915254237288,LIT,FALSE,TRUE,Source A benchmark extraction,118,118
b02_fev_hierarchical_sales_1d__Toto-1.0__MASE,B02_fev_hierarchical_sales_1D,shchur_2025_fev_bench,fev-bench,b02_fev_hierarchical_sales_1d,b02_fev_hierarchical_sales_1d,Hierarchical Sales,long,MASE,Toto-1.0,8,FALSE,TRUE,0.6821,0.6869000000000001,ML_TREE,-0.007012446559162291,-0.0048000000000000265,-0.006987916727325704,0.01694915254237288,LIT,FALSE,TRUE,Source A benchmark extraction,118,118
b02_fev_hierarchical_sales_1d__Toto-1.0__WAPE,B02_fev_hierarchical_sales_1D,shchur_2025_fev_bench,fev-bench,b02_fev_hierarchical_sales_1d,b02_fev_hierarchical_sales_1d,Hierarchical Sales,long,WAPE,Toto-1.0,8,FALSE,TRUE,0.6905,0.6893,ML_TREE,0.0017393829577405403,0.0011999999999999789,0.00174089656172926,0.01694915254237288,LIT,FALSE,TRUE,Source A benchmark extraction,118,118
b02_fev_hierarchical_sales_1w__Chronos-2__SQL,B02_fev_hierarchical_sales_1W,shchur_2025_fev_bench,fev-bench,b02_fev_hierarchical_sales_1w,b02_fev_hierarchical_sales_1w,Hierarchical Sales,medium,SQL,Chronos-2,8.079181246047625,FALSE,TRUE,0.6161,0.7867500000000001,ML_TREE,-0.24450124792399136,-0.17065000000000008,-0.21690498887829687,0.01694915254237288,LIT,FALSE,TRUE,Source A benchmark extraction,118,118
b02_fev_hierarchical_sales_1w__Chronos-2__MASE,B02_fev_hierarchical_sales_1W,shchur_2025_fev_bench,fev-bench,b02_fev_hierarchical_sales_1w,b02_fev_hierarchical_sales_1w,Hierarchical Sales,medium,MASE,Chronos-2,8.079181246047625,FALSE,TRUE,0.7539,0.7867500000000001,ML_TREE,-0.042650802726860164,-0.032850000000000046,-0.04175405147759777,0.01694915254237288,LIT,FALSE,TRUE,Source A benchmark extraction,118,118
b02_fev_hierarchical_sales_1w__Chronos-2__WAPE,B02_fev_hierarchical_sales_1W,shchur_2025_fev_bench,fev-bench,b02_fev_hierarchical_sales_1w,b02_fev_hierarchical_sales_1w,Hierarchical Sales,medium,WAPE,Chronos-2,8.079181246047625,FALSE,TRUE,0.4328,0.4427,ML_TREE,-0.022616612205823505,-0.009899999999999964,-0.022362773887508392,0.01694915254237288,LIT,FALSE,TRUE,Source A benchmark extraction,118,118
b02_fev_hierarchical_sales_1w__Chronos-Bolt-Base__SQL,B02_fev_hierarchical_sales_1W,shchur_2025_fev_bench,fev-bench,b02_fev_hierarchical_sales_1w,b02_fev_hierarchical_sales_1w,Hierarchical Sales,medium,SQL,Chronos-Bolt-Base,7.662757831681574,FALSE,TRUE,0.6367,0.7867500000000001,ML_TREE,-0.21161194892153656,-0.15005000000000002,-0.19072132189386717,0.01694915254237288,LIT,FALSE,TRUE,Source A benchmark extraction,118,118
b02_fev_hierarchical_sales_1w__Chronos-Bolt-Base__MASE,B02_fev_hierarchical_sales_1W,shchur_2025_fev_bench,fev-bench,b02_fev_hierarchical_sales_1w,b02_fev_hierarchical_sales_1w,Hierarchical Sales,medium,MASE,Chronos-Bolt-Base,7.662757831681574,FALSE,TRUE,0.7733,0.7867500000000001,ML_TREE,-0.017243464329526587,-0.013450000000000073,-0.017095646647600982,0.01694915254237288,LIT,FALSE,TRUE,Source A benchmark extraction,118,118
b02_fev_hierarchical_sales_1w__Chronos-Bolt-Base__WAPE,B02_fev_hierarchical_sales_1W,shchur_2025_fev_bench,fev-bench,b02_fev_hierarchical_sales_1w,b02_fev_hierarchical_sales_1w,Hierarchical Sales,medium,WAPE,Chronos-Bolt-Base,7.662757831681574,FALSE,TRUE,0.4394,0.4427,ML_TREE,-0.007482179787585448,-0.0032999999999999696,-0.007454257962502755,0.01694915254237288,LIT,FALSE,TRUE,Source A benchmark extraction,118,118
b02_fev_hierarchical_sales_1w__Moirai-2.0-Small__SQL,B02_fev_hierarchical_sales_1W,shchur_2025_fev_bench,fev-bench,b02_fev_hierarchical_sales_1w,b02_fev_hierarchical_sales_1w,Hierarchical Sales,medium,SQL,Moirai-2.0-Small,7.041392685158225,FALSE,TRUE,0.628,0.7867500000000001,ML_TREE,-0.2253703694763177,-0.15875000000000006,-0.20177947251350498,0.01694915254237288,LIT,FALSE,TRUE,Source A benchmark extraction,118,118
b02_fev_hierarchical_sales_1w__Moirai-2.0-Small__MASE,B02_fev_hierarchical_sales_1W,shchur_2025_fev_bench,fev-bench,b02_fev_hierarchical_sales_1w,b02_fev_hierarchical_sales_1w,Hierarchical Sales,medium,MASE,Moirai-2.0-Small,7.041392685158225,FALSE,TRUE,0.766,0.7867500000000001,ML_TREE,-0.026728366203925037,-0.020750000000000046,-0.02637432475373377,0.01694915254237288,LIT,FALSE,TRUE,Source A benchmark extraction,118,118
b02_fev_hierarchical_sales_1w__Moirai-2.0-Small__WAPE,B02_fev_hierarchical_sales_1W,shchur_2025_fev_bench,fev-bench,b02_fev_hierarchical_sales_1w,b02_fev_hierarchical_sales_1w,Hierarchical Sales,medium,WAPE,Moirai-2.0-Small,7.041392685158225,FALSE,TRUE,0.4365,0.4427,ML_TREE,-0.014103964458438383,-0.006199999999999983,-0.014004969505308298,0.01694915254237288,LIT,FALSE,TRUE,Source A benchmark extraction,118,118
b02_fev_hierarchical_sales_1w__TabPFN-TS__SQL,B02_fev_hierarchical_sales_1W,shchur_2025_fev_bench,fev-bench,b02_fev_hierarchical_sales_1w,b02_fev_hierarchical_sales_1w,Hierarchical Sales,medium,SQL,TabPFN-TS,7.079181246047625,FALSE,TRUE,0.6369,0.7867500000000001,ML_TREE,-0.21129787856719623,-0.14985000000000004,-0.19046711153479506,0.01694915254237288,LIT,FALSE,TRUE,Source A benchmark extraction,118,118
b02_fev_hierarchical_sales_1w__TabPFN-TS__MASE,B02_fev_hierarchical_sales_1W,shchur_2025_fev_bench,fev-bench,b02_fev_hierarchical_sales_1w,b02_fev_hierarchical_sales_1w,Hierarchical Sales,medium,MASE,TabPFN-TS,7.079181246047625,FALSE,TRUE,0.774,0.7867500000000001,ML_TREE,-0.016338662354789216,-0.012750000000000039,-0.016205910390848476,0.01694915254237288,LIT,FALSE,TRUE,Source A benchmark extraction,118,118
b02_fev_hierarchical_sales_1w__TabPFN-TS__WAPE,B02_fev_hierarchical_sales_1W,shchur_2025_fev_bench,fev-bench,b02_fev_hierarchical_sales_1w,b02_fev_hierarchical_sales_1w,Hierarchical Sales,medium,WAPE,TabPFN-TS,7.079181246047625,FALSE,TRUE,0.4384,0.4427,ML_TREE,-0.009760604104289526,-0.0042999999999999705,-0.009713124011746036,0.01694915254237288,LIT,FALSE,TRUE,Source A benchmark extraction,118,118
b02_fev_hierarchical_sales_1w__TiRex__SQL,B02_fev_hierarchical_sales_1W,shchur_2025_fev_bench,fev-bench,b02_fev_hierarchical_sales_1w,b02_fev_hierarchical_sales_1w,Hierarchical Sales,medium,SQL,TiRex,7.544068044350276,FALSE,TRUE,0.6209,0.7867500000000001,ML_TREE,-0.23674049757366925,-0.16585000000000005,-0.21080394026056568,0.01694915254237288,LIT,FALSE,TRUE,Source A benchmark extraction,118,118
b02_fev_hierarchical_sales_1w__TiRex__MASE,B02_fev_hierarchical_sales_1W,shchur_2025_fev_bench,fev-bench,b02_fev_hierarchical_sales_1w,b02_fev_hierarchical_sales_1w,Hierarchical Sales,medium,MASE,TiRex,7.544068044350276,FALSE,TRUE,0.7567,0.7867500000000001,ML_TREE,-0.03894366224404037,-0.03005000000000002,-0.038195106450587886,0.01694915254237288,LIT,FALSE,TRUE,Source A benchmark extraction,118,118
b02_fev_hierarchical_sales_1w__TiRex__WAPE,B02_fev_hierarchical_sales_1W,shchur_2025_fev_bench,fev-bench,b02_fev_hierarchical_sales_1w,b02_fev_hierarchical_sales_1w,Hierarchical Sales,medium,WAPE,TiRex,7.544068044350276,FALSE,TRUE,0.4324,0.4427,ML_TREE,-0.023541253973042114,-0.010299999999999976,-0.02326632030720573,0.01694915254237288,LIT,FALSE,TRUE,Source A benchmark extraction,118,118
b02_fev_hierarchical_sales_1w__TimesFM-2.5__SQL,B02_fev_hierarchical_sales_1W,shchur_2025_fev_bench,fev-bench,b02_fev_hierarchical_sales_1w,b02_fev_hierarchical_sales_1w,Hierarchical Sales,medium,SQL,TimesFM-2.5,8.301029995663981,FALSE,TRUE,0.6178,0.7867500000000001,ML_TREE,-0.241745755460035,-0.16895000000000004,-0.2147442008261837,0.01694915254237288,LIT,FALSE,TRUE,Source A benchmark extraction,118,118
b02_fev_hierarchical_sales_1w__TimesFM-2.5__MASE,B02_fev_hierarchical_sales_1W,shchur_2025_fev_bench,fev-bench,b02_fev_hierarchical_sales_1w,b02_fev_hierarchical_sales_1w,Hierarchical Sales,medium,MASE,TimesFM-2.5,8.301029995663981,FALSE,TRUE,0.7508,0.7867500000000001,ML_TREE,-0.04677123123216257,-0.03595000000000004,-0.04569431204321581,0.01694915254237288,LIT,FALSE,TRUE,Source A benchmark extraction,118,118
b02_fev_hierarchical_sales_1w__TimesFM-2.5__WAPE,B02_fev_hierarchical_sales_1W,shchur_2025_fev_bench,fev-bench,b02_fev_hierarchical_sales_1w,b02_fev_hierarchical_sales_1w,Hierarchical Sales,medium,WAPE,TimesFM-2.5,8.301029995663981,FALSE,TRUE,0.4307,0.4427,ML_TREE,-0.02748054767803038,-0.011999999999999955,-0.027106392590919258,0.01694915254237288,LIT,FALSE,TRUE,Source A benchmark extraction,118,118
b02_fev_hierarchical_sales_1w__Toto-1.0__SQL,B02_fev_hierarchical_sales_1W,shchur_2025_fev_bench,fev-bench,b02_fev_hierarchical_sales_1w,b02_fev_hierarchical_sales_1w,Hierarchical Sales,medium,SQL,Toto-1.0,8,FALSE,TRUE,0.6373,0.7867500000000001,ML_TREE,-0.2106700336242679,-0.14945000000000008,-0.18995869081665087,0.01694915254237288,LIT,FALSE,TRUE,Source A benchmark extraction,118,118
b02_fev_hierarchical_sales_1w__Toto-1.0__MASE,B02_fev_hierarchical_sales_1W,shchur_2025_fev_bench,fev-bench,b02_fev_hierarchical_sales_1w,b02_fev_hierarchical_sales_1w,Hierarchical Sales,medium,MASE,Toto-1.0,8,FALSE,TRUE,0.779,0.7867500000000001,ML_TREE,-0.009899490073768037,-0.007750000000000035,-0.009850651414045166,0.01694915254237288,LIT,FALSE,TRUE,Source A benchmark extraction,118,118
b02_fev_hierarchical_sales_1w__Toto-1.0__WAPE,B02_fev_hierarchical_sales_1W,shchur_2025_fev_bench,fev-bench,b02_fev_hierarchical_sales_1w,b02_fev_hierarchical_sales_1w,Hierarchical Sales,medium,WAPE,Toto-1.0,8,FALSE,TRUE,0.4364,0.4427,ML_TREE,-0.014333085779179482,-0.006299999999999972,-0.014230856110232601,0.01694915254237288,LIT,FALSE,TRUE,Source A benchmark extraction,118,118
b02_fev_m5_1d__Chronos-2__SQL,B02_fev_m5_1D,shchur_2025_fev_bench,fev-bench,b02_fev_m5_1d,b02_fev_m5_1d,M5,long,SQL,Chronos-2,8.079181246047625,TRUE,TRUE,0.7216,0.9092,ML_TREE,-0.23109412322997427,-0.1876,-0.20633523977122745,6.559527714004592e-5,LIT,FALSE,TRUE,Source A benchmark extraction,30490,30490
b02_fev_m5_1d__Chronos-2__MASE,B02_fev_m5_1D,shchur_2025_fev_bench,fev-bench,b02_fev_m5_1d,b02_fev_m5_1d,M5,long,MASE,Chronos-2,8.079181246047625,TRUE,TRUE,0.8799,0.9092,ML_TREE,-0.03275682732687307,-0.029299999999999993,-0.0322261328640563,6.559527714004592e-5,LIT,FALSE,TRUE,Source A benchmark extraction,30490,30490
b02_fev_m5_1d__Chronos-2__WAPE,B02_fev_m5_1D,shchur_2025_fev_bench,fev-bench,b02_fev_m5_1d,b02_fev_m5_1d,M5,long,WAPE,Chronos-2,8.079181246047625,TRUE,TRUE,0.7031,0.73445,ML_TREE,-0.04362279057230838,-0.0313500000000001,-0.04268500238273552,6.559527714004592e-5,LIT,FALSE,TRUE,Source A benchmark extraction,30490,30490
b02_fev_m5_1d__Chronos-Bolt-Base__SQL,B02_fev_m5_1D,shchur_2025_fev_bench,fev-bench,b02_fev_m5_1d,b02_fev_m5_1d,M5,long,SQL,Chronos-Bolt-Base,7.662757831681574,TRUE,TRUE,0.7293,0.9092,ML_TREE,-0.2204799219882008,-0.17990000000000006,-0.19786625604927416,6.559527714004592e-5,LIT,FALSE,TRUE,Source A benchmark extraction,30490,30490
b02_fev_m5_1d__Chronos-Bolt-Base__MASE,B02_fev_m5_1D,shchur_2025_fev_bench,fev-bench,b02_fev_m5_1d,b02_fev_m5_1d,M5,long,MASE,Chronos-Bolt-Base,7.662757831681574,TRUE,TRUE,0.8852,0.9092,ML_TREE,-0.026751483801493527,-0.02400000000000002,-0.02639683238011441,6.559527714004592e-5,LIT,FALSE,TRUE,Source A benchmark extraction,30490,30490
b02_fev_m5_1d__Chronos-Bolt-Base__WAPE,B02_fev_m5_1D,shchur_2025_fev_bench,fev-bench,b02_fev_m5_1d,b02_fev_m5_1d,M5,long,WAPE,Chronos-Bolt-Base,7.662757831681574,TRUE,TRUE,0.711,0.73445,ML_TREE,-0.032449489974183135,-0.023450000000000082,-0.03192865409490105,6.559527714004592e-5,LIT,FALSE,TRUE,Source A benchmark extraction,30490,30490
b02_fev_m5_1d__Moirai-2.0-Small__SQL,B02_fev_m5_1D,shchur_2025_fev_bench,fev-bench,b02_fev_m5_1d,b02_fev_m5_1d,M5,long,SQL,Moirai-2.0-Small,7.041392685158225,TRUE,TRUE,0.71,0.9092,ML_TREE,-0.24730012194302714,-0.19920000000000004,-0.21909370875494946,6.559527714004592e-5,LIT,FALSE,TRUE,Source A benchmark extraction,30490,30490
b02_fev_m5_1d__Moirai-2.0-Small__MASE,B02_fev_m5_1D,shchur_2025_fev_bench,fev-bench,b02_fev_m5_1d,b02_fev_m5_1d,M5,long,MASE,Moirai-2.0-Small,7.041392685158225,TRUE,TRUE,0.869,0.9092,ML_TREE,-0.04522196671299617,-0.040200000000000014,-0.04421469423669161,6.559527714004592e-5,LIT,FALSE,TRUE,Source A benchmark extraction,30490,30490
b02_fev_m5_1d__Moirai-2.0-Small__WAPE,B02_fev_m5_1D,shchur_2025_fev_bench,fev-bench,b02_fev_m5_1d,b02_fev_m5_1d,M5,long,WAPE,Moirai-2.0-Small,7.041392685158225,TRUE,TRUE,0.6984,0.73445,ML_TREE,-0.05032991525203147,-0.036050000000000026,-0.0490843488324597,6.559527714004592e-5,LIT,FALSE,TRUE,Source A benchmark extraction,30490,30490
b02_fev_m5_1d__TiRex__SQL,B02_fev_m5_1D,shchur_2025_fev_bench,fev-bench,b02_fev_m5_1d,b02_fev_m5_1d,M5,long,SQL,TiRex,7.544068044350276,TRUE,TRUE,0.7144,0.9092,ML_TREE,-0.24112206241609876,-0.19479999999999997,-0.21425428948526173,6.559527714004592e-5,LIT,FALSE,TRUE,Source A benchmark extraction,30490,30490
b02_fev_m5_1d__TiRex__MASE,B02_fev_m5_1D,shchur_2025_fev_bench,fev-bench,b02_fev_m5_1d,b02_fev_m5_1d,M5,long,MASE,TiRex,7.544068044350276,TRUE,TRUE,0.8753,0.9092,ML_TREE,-0.03799840723999583,-0.03390000000000004,-0.037285525736911615,6.559527714004592e-5,LIT,FALSE,TRUE,Source A benchmark extraction,30490,30490
b02_fev_m5_1d__TiRex__WAPE,B02_fev_m5_1D,shchur_2025_fev_bench,fev-bench,b02_fev_m5_1d,b02_fev_m5_1d,M5,long,WAPE,TiRex,7.544068044350276,TRUE,TRUE,0.7025,0.73445,ML_TREE,-0.044476518569523074,-0.031950000000000034,-0.043501940227381075,6.559527714004592e-5,LIT,FALSE,TRUE,Source A benchmark extraction,30490,30490
b02_fev_m5_1d__TimesFM-2.5__SQL,B02_fev_m5_1D,shchur_2025_fev_bench,fev-bench,b02_fev_m5_1d,b02_fev_m5_1d,M5,long,SQL,TimesFM-2.5,8.301029995663981,TRUE,TRUE,0.7189,0.9092,ML_TREE,-0.23484282598856232,-0.19030000000000002,-0.20930488341399034,6.559527714004592e-5,LIT,FALSE,TRUE,Source A benchmark extraction,30490,30490
b02_fev_m5_1d__TimesFM-2.5__MASE,B02_fev_m5_1D,shchur_2025_fev_bench,fev-bench,b02_fev_m5_1d,b02_fev_m5_1d,M5,long,MASE,TimesFM-2.5,8.301029995663981,TRUE,TRUE,0.8721,0.9092,ML_TREE,-0.04166099574544819,-0.03710000000000002,-0.040805103387593515,6.559527714004592e-5,LIT,FALSE,TRUE,Source A benchmark extraction,30490,30490
b02_fev_m5_1d__TimesFM-2.5__WAPE,B02_fev_m5_1D,shchur_2025_fev_bench,fev-bench,b02_fev_m5_1d,b02_fev_m5_1d,M5,long,WAPE,TimesFM-2.5,8.301029995663981,TRUE,TRUE,0.6968,0.73445,ML_TREE,-0.052623494239130944,-0.03765000000000007,-0.051262849751514836,6.559527714004592e-5,LIT,FALSE,TRUE,Source A benchmark extraction,30490,30490
b02_fev_m5_1d__Toto-1.0__SQL,B02_fev_m5_1D,shchur_2025_fev_bench,fev-bench,b02_fev_m5_1d,b02_fev_m5_1d,M5,long,SQL,Toto-1.0,8,TRUE,TRUE,0.7076,0.9092,ML_TREE,-0.2506861296927579,-0.2016,-0.22173339199296085,6.559527714004592e-5,LIT,FALSE,TRUE,Source A benchmark extraction,30490,30490
b02_fev_m5_1d__Toto-1.0__MASE,B02_fev_m5_1D,shchur_2025_fev_bench,fev-bench,b02_fev_m5_1d,b02_fev_m5_1d,M5,long,MASE,Toto-1.0,8,TRUE,TRUE,0.8683,0.9092,ML_TREE,-0.04602781491178871,-0.04090000000000005,-0.04498460184777832,6.559527714004592e-5,LIT,FALSE,TRUE,Source A benchmark extraction,30490,30490
b02_fev_m5_1d__Toto-1.0__WAPE,B02_fev_m5_1D,shchur_2025_fev_bench,fev-bench,b02_fev_m5_1d,b02_fev_m5_1d,M5,long,WAPE,Toto-1.0,8,TRUE,TRUE,0.6986,0.73445,ML_TREE,-0.05004358740469228,-0.03585000000000005,-0.04881203621757784,6.559527714004592e-5,LIT,FALSE,TRUE,Source A benchmark extraction,30490,30490
b02_fev_m5_1m__Chronos-2__SQL,B02_fev_m5_1M,shchur_2025_fev_bench,fev-bench,b02_fev_m5_1m,b02_fev_m5_1m,M5,medium,SQL,Chronos-2,8.079181246047625,TRUE,TRUE,0.977,1.1715499999999999,ML_TREE,-0.1815962853186588,-0.1945499999999999,-0.16606205454312656,6.811061163329247e-5,LIT,FALSE,TRUE,Source A benchmark extraction,29364,29364
b02_fev_m5_1m__Chronos-2__MASE,B02_fev_m5_1M,shchur_2025_fev_bench,fev-bench,b02_fev_m5_1m,b02_fev_m5_1m,M5,medium,MASE,Chronos-2,8.079181246047625,TRUE,TRUE,1.1638,1.1715499999999999,ML_TREE,-0.006637145138872036,-0.007749999999999924,-0.006615167939908603,6.811061163329247e-5,LIT,FALSE,TRUE,Source A benchmark extraction,29364,29364
b02_fev_m5_1m__Chronos-2__WAPE,B02_fev_m5_1M,shchur_2025_fev_bench,fev-bench,b02_fev_m5_1m,b02_fev_m5_1m,M5,medium,WAPE,Chronos-2,8.079181246047625,TRUE,TRUE,0.4289,0.43975,ML_TREE,-0.02498259209483269,-0.01084999999999997,-0.02467310972143257,6.811061163329247e-5,LIT,FALSE,TRUE,Source A benchmark extraction,29364,29364
b02_fev_m5_1m__Chronos-Bolt-Base__SQL,B02_fev_m5_1M,shchur_2025_fev_bench,fev-bench,b02_fev_m5_1m,b02_fev_m5_1m,M5,medium,SQL,Chronos-Bolt-Base,7.662757831681574,TRUE,TRUE,1.0001,1.1715499999999999,ML_TREE,-0.15822766337897126,-0.17144999999999988,-0.1463445862319149,6.811061163329247e-5,LIT,FALSE,TRUE,Source A benchmark extraction,29364,29364
b02_fev_m5_1m__Chronos-Bolt-Base__MASE,B02_fev_m5_1M,shchur_2025_fev_bench,fev-bench,b02_fev_m5_1m,b02_fev_m5_1m,M5,medium,MASE,Chronos-Bolt-Base,7.662757831681574,TRUE,TRUE,1.1852,1.1715499999999999,ML_TREE,0.011583878337968551,0.013650000000000162,0.011651231274807019,6.811061163329247e-5,LIT,FALSE,TRUE,Source A benchmark extraction,29364,29364
b02_fev_m5_1m__Chronos-Bolt-Base__WAPE,B02_fev_m5_1M,shchur_2025_fev_bench,fev-bench,b02_fev_m5_1m,b02_fev_m5_1m,M5,medium,WAPE,Chronos-Bolt-Base,7.662757831681574,TRUE,TRUE,0.4455,0.43975,ML_TREE,0.012990863293196578,0.005750000000000033,0.01307561114269479,6.811061163329247e-5,LIT,FALSE,TRUE,Source A benchmark extraction,29364,29364
b02_fev_m5_1m__Moirai-2.0-Small__SQL,B02_fev_m5_1M,shchur_2025_fev_bench,fev-bench,b02_fev_m5_1m,b02_fev_m5_1m,M5,medium,SQL,Moirai-2.0-Small,7.041392685158225,TRUE,TRUE,0.996,1.1715499999999999,ML_TREE,-0.16233567977684335,-0.17554999999999987,-0.14984422346464077,6.811061163329247e-5,LIT,FALSE,TRUE,Source A benchmark extraction,29364,29364
b02_fev_m5_1m__Moirai-2.0-Small__MASE,B02_fev_m5_1M,shchur_2025_fev_bench,fev-bench,b02_fev_m5_1m,b02_fev_m5_1m,M5,medium,MASE,Moirai-2.0-Small,7.041392685158225,TRUE,TRUE,1.177,1.1715499999999999,ML_TREE,0.004641169898835167,0.005450000000000177,0.0046519568093552795,6.811061163329247e-5,LIT,FALSE,TRUE,Source A benchmark extraction,29364,29364
b02_fev_m5_1m__Moirai-2.0-Small__WAPE,B02_fev_m5_1M,shchur_2025_fev_bench,fev-bench,b02_fev_m5_1m,b02_fev_m5_1m,M5,medium,WAPE,Moirai-2.0-Small,7.041392685158225,TRUE,TRUE,0.4363,0.43975,ML_TREE,-0.007876303488103552,-0.003449999999999953,-0.00784536668561672,6.811061163329247e-5,LIT,FALSE,TRUE,Source A benchmark extraction,29364,29364
b02_fev_m5_1m__TabPFN-TS__SQL,B02_fev_m5_1M,shchur_2025_fev_bench,fev-bench,b02_fev_m5_1m,b02_fev_m5_1m,M5,medium,SQL,TabPFN-TS,7.079181246047625,TRUE,TRUE,1.0017,1.1715499999999999,ML_TREE,-0.156629101743723,-0.16984999999999983,-0.144978874141095,6.811061163329247e-5,LIT,FALSE,TRUE,Source A benchmark extraction,29364,29364
b02_fev_m5_1m__TabPFN-TS__MASE,B02_fev_m5_1M,shchur_2025_fev_bench,fev-bench,b02_fev_m5_1m,b02_fev_m5_1m,M5,medium,MASE,TabPFN-TS,7.079181246047625,TRUE,TRUE,1.1871,1.1715499999999999,ML_TREE,0.013185699698046758,0.015550000000000175,0.013273014382655606,6.811061163329247e-5,LIT,FALSE,TRUE,Source A benchmark extraction,29364,29364
b02_fev_m5_1m__TabPFN-TS__WAPE,B02_fev_m5_1M,shchur_2025_fev_bench,fev-bench,b02_fev_m5_1m,b02_fev_m5_1m,M5,medium,WAPE,TabPFN-TS,7.079181246047625,TRUE,TRUE,0.4365,0.43975,ML_TREE,-0.007418008338010583,-0.003249999999999975,-0.0073905628197839125,6.811061163329247e-5,LIT,FALSE,TRUE,Source A benchmark extraction,29364,29364
b02_fev_m5_1m__TiRex__SQL,B02_fev_m5_1M,shchur_2025_fev_bench,fev-bench,b02_fev_m5_1m,b02_fev_m5_1m,M5,medium,SQL,TiRex,7.544068044350276,TRUE,TRUE,0.974,1.1715499999999999,ML_TREE,-0.18467163371890646,-0.1975499999999999,-0.16862276471341378,6.811061163329247e-5,LIT,FALSE,TRUE,Source A benchmark extraction,29364,29364
b02_fev_m5_1m__TiRex__MASE,B02_fev_m5_1M,shchur_2025_fev_bench,fev-bench,b02_fev_m5_1m,b02_fev_m5_1m,M5,medium,MASE,TiRex,7.544068044350276,TRUE,TRUE,1.1629,1.1715499999999999,ML_TREE,-0.007410773062443987,-0.008649999999999824,-0.007383380990994687,6.811061163329247e-5,LIT,FALSE,TRUE,Source A benchmark extraction,29364,29364
b02_fev_m5_1m__TiRex__WAPE,B02_fev_m5_1M,shchur_2025_fev_bench,fev-bench,b02_fev_m5_1m,b02_fev_m5_1m,M5,medium,WAPE,TiRex,7.544068044350276,TRUE,TRUE,0.4306,0.43975,ML_TREE,-0.02102679868740492,-0.009149999999999991,-0.020807276861853307,6.811061163329247e-5,LIT,FALSE,TRUE,Source A benchmark extraction,29364,29364
b02_fev_m5_1m__TimesFM-2.5__SQL,B02_fev_m5_1M,shchur_2025_fev_bench,fev-bench,b02_fev_m5_1m,b02_fev_m5_1m,M5,medium,SQL,TimesFM-2.5,8.301029995663981,TRUE,TRUE,0.9798,1.1715499999999999,ML_TREE,-0.17873446815696709,-0.19174999999999986,-0.1636720583841918,6.811061163329247e-5,LIT,FALSE,TRUE,Source A benchmark extraction,29364,29364
b02_fev_m5_1m__TimesFM-2.5__MASE,B02_fev_m5_1M,shchur_2025_fev_bench,fev-bench,b02_fev_m5_1m,b02_fev_m5_1m,M5,medium,MASE,TimesFM-2.5,8.301029995663981,TRUE,TRUE,1.1576,1.1715499999999999,ML_TREE,-0.01197876204416754,-0.013949999999999907,-0.011907302291835524,6.811061163329247e-5,LIT,FALSE,TRUE,Source A benchmark extraction,29364,29364
b02_fev_m5_1m__TimesFM-2.5__WAPE,B02_fev_m5_1M,shchur_2025_fev_bench,fev-bench,b02_fev_m5_1m,b02_fev_m5_1m,M5,medium,WAPE,TimesFM-2.5,8.301029995663981,TRUE,TRUE,0.4249,0.43975,ML_TREE,-0.03435253649690157,-0.014849999999999974,-0.03376918703808977,6.811061163329247e-5,LIT,FALSE,TRUE,Source A benchmark extraction,29364,29364
b02_fev_m5_1m__Toto-1.0__SQL,B02_fev_m5_1M,shchur_2025_fev_bench,fev-bench,b02_fev_m5_1m,b02_fev_m5_1m,M5,medium,SQL,Toto-1.0,8,TRUE,TRUE,1.044,1.1715499999999999,ML_TREE,-0.1152681689188575,-0.12754999999999983,-0.10887286074004511,6.811061163329247e-5,LIT,FALSE,TRUE,Source A benchmark extraction,29364,29364
b02_fev_m5_1m__Toto-1.0__MASE,B02_fev_m5_1M,shchur_2025_fev_bench,fev-bench,b02_fev_m5_1m,b02_fev_m5_1m,M5,medium,MASE,Toto-1.0,8,TRUE,TRUE,1.2422,1.1715499999999999,ML_TREE,0.05855634276376109,0.0706500000000001,0.06030472451026427,6.811061163329247e-5,LIT,FALSE,TRUE,Source A benchmark extraction,29364,29364
b02_fev_m5_1m__Toto-1.0__WAPE,B02_fev_m5_1M,shchur_2025_fev_bench,fev-bench,b02_fev_m5_1m,b02_fev_m5_1m,M5,medium,WAPE,Toto-1.0,8,TRUE,TRUE,0.4597,0.43975,ML_TREE,0.044367719194514786,0.019950000000000023,0.0453666856168278,6.811061163329247e-5,LIT,FALSE,TRUE,Source A benchmark extraction,29364,29364
b02_fev_m5_1w__Chronos-2__SQL,B02_fev_m5_1W,shchur_2025_fev_bench,fev-bench,b02_fev_m5_1w,b02_fev_m5_1w,M5,medium,SQL,Chronos-2,8.079181246047625,TRUE,TRUE,0.9002,1.13575,ML_TREE,-0.23243154378068043,-0.23555000000000004,-0.20739599383667182,6.559527714004592e-5,LIT,FALSE,TRUE,Source A benchmark extraction,30490,30490
b02_fev_m5_1w__Chronos-2__MASE,B02_fev_m5_1W,shchur_2025_fev_bench,fev-bench,b02_fev_m5_1w,b02_fev_m5_1w,M5,medium,MASE,Chronos-2,8.079181246047625,TRUE,TRUE,1.14,1.13575,ML_TREE,0.003735036749028362,0.004249999999999865,0.0037420206911731144,6.559527714004592e-5,LIT,FALSE,TRUE,Source A benchmark extraction,30490,30490
b02_fev_m5_1w__Chronos-2__WAPE,B02_fev_m5_1W,shchur_2025_fev_bench,fev-bench,b02_fev_m5_1w,b02_fev_m5_1w,M5,medium,WAPE,Chronos-2,8.079181246047625,TRUE,TRUE,0.4283,0.42305000000000004,ML_TREE,0.01233350925081525,0.005249999999999977,0.012409880628767229,6.559527714004592e-5,LIT,FALSE,TRUE,Source A benchmark extraction,30490,30490
b02_fev_m5_1w__Chronos-Bolt-Base__SQL,B02_fev_m5_1W,shchur_2025_fev_bench,fev-bench,b02_fev_m5_1w,b02_fev_m5_1w,M5,medium,SQL,Chronos-Bolt-Base,7.662757831681574,TRUE,TRUE,0.9165,1.13575,ML_TREE,-0.2144864373597531,-0.21925000000000006,-0.19304424389170155,6.559527714004592e-5,LIT,FALSE,TRUE,Source A benchmark extraction,30490,30490
b02_fev_m5_1w__Chronos-Bolt-Base__MASE,B02_fev_m5_1W,shchur_2025_fev_bench,fev-bench,b02_fev_m5_1w,b02_fev_m5_1w,M5,medium,MASE,Chronos-Bolt-Base,7.662757831681574,TRUE,TRUE,1.1647,1.13575,ML_TREE,0.025170317469093543,0.02895000000000003,0.025489764472815347,6.559527714004592e-5,LIT,FALSE,TRUE,Source A benchmark extraction,30490,30490
b02_fev_m5_1w__Chronos-Bolt-Base__WAPE,B02_fev_m5_1W,shchur_2025_fev_bench,fev-bench,b02_fev_m5_1w,b02_fev_m5_1w,M5,medium,WAPE,Chronos-Bolt-Base,7.662757831681574,TRUE,TRUE,0.4334,0.42305000000000004,ML_TREE,0.024170713731748634,0.01034999999999997,0.024465193239569718,6.559527714004592e-5,LIT,FALSE,TRUE,Source A benchmark extraction,30490,30490
b02_fev_m5_1w__Moirai-2.0-Small__SQL,B02_fev_m5_1W,shchur_2025_fev_bench,fev-bench,b02_fev_m5_1w,b02_fev_m5_1w,M5,medium,SQL,Moirai-2.0-Small,7.041392685158225,TRUE,TRUE,0.907,1.13575,ML_TREE,-0.22490605452437606,-0.22875,-0.20140876073079464,6.559527714004592e-5,LIT,FALSE,TRUE,Source A benchmark extraction,30490,30490
b02_fev_m5_1w__Moirai-2.0-Small__MASE,B02_fev_m5_1W,shchur_2025_fev_bench,fev-bench,b02_fev_m5_1w,b02_fev_m5_1w,M5,medium,MASE,Moirai-2.0-Small,7.041392685158225,TRUE,TRUE,1.15,1.13575,ML_TREE,0.012468716717782859,0.014249999999999874,0.012546775258639554,6.559527714004592e-5,LIT,FALSE,TRUE,Source A benchmark extraction,30490,30490
b02_fev_m5_1w__Moirai-2.0-Small__WAPE,B02_fev_m5_1W,shchur_2025_fev_bench,fev-bench,b02_fev_m5_1w,b02_fev_m5_1w,M5,medium,WAPE,Moirai-2.0-Small,7.041392685158225,TRUE,TRUE,0.4286,0.42305000000000004,ML_TREE,0.013033707668966521,0.005549999999999944,0.01311901666469671,6.559527714004592e-5,LIT,FALSE,TRUE,Source A benchmark extraction,30490,30490
b02_fev_m5_1w__TabPFN-TS__SQL,B02_fev_m5_1W,shchur_2025_fev_bench,fev-bench,b02_fev_m5_1w,b02_fev_m5_1w,M5,medium,SQL,TabPFN-TS,7.079181246047625,TRUE,TRUE,0.9282,1.13575,ML_TREE,-0.20180127783243726,-0.20755,-0.1827426810477658,6.559527714004592e-5,LIT,FALSE,TRUE,Source A benchmark extraction,30490,30490
b02_fev_m5_1w__TabPFN-TS__MASE,B02_fev_m5_1W,shchur_2025_fev_bench,fev-bench,b02_fev_m5_1w,b02_fev_m5_1w,M5,medium,MASE,TabPFN-TS,7.079181246047625,TRUE,TRUE,1.1605,1.13575,ML_TREE,0.021557721074979056,0.02475000000000005,0.021791767554479462,6.559527714004592e-5,LIT,FALSE,TRUE,Source A benchmark extraction,30490,30490
b02_fev_m5_1w__TabPFN-TS__WAPE,B02_fev_m5_1W,shchur_2025_fev_bench,fev-bench,b02_fev_m5_1w,b02_fev_m5_1w,M5,medium,WAPE,TabPFN-TS,7.079181246047625,TRUE,TRUE,0.4358,0.42305000000000004,ML_TREE,0.029693047140009497,0.012749999999999984,0.030138281527006223,6.559527714004592e-5,LIT,FALSE,TRUE,Source A benchmark extraction,30490,30490
b02_fev_m5_1w__TiRex__SQL,B02_fev_m5_1W,shchur_2025_fev_bench,fev-bench,b02_fev_m5_1w,b02_fev_m5_1w,M5,medium,SQL,TiRex,7.544068044350276,TRUE,TRUE,0.9026,1.13575,ML_TREE,-0.229769017246612,-0.23315000000000008,-0.20528285274047992,6.559527714004592e-5,LIT,FALSE,TRUE,Source A benchmark extraction,30490,30490
b02_fev_m5_1w__TiRex__MASE,B02_fev_m5_1W,shchur_2025_fev_bench,fev-bench,b02_fev_m5_1w,b02_fev_m5_1w,M5,medium,MASE,TiRex,7.544068044350276,TRUE,TRUE,1.1477,1.13575,ML_TREE,0.010466714047110004,0.011949999999999905,0.010521681708122302,6.559527714004592e-5,LIT,FALSE,TRUE,Source A benchmark extraction,30490,30490
b02_fev_m5_1w__TiRex__WAPE,B02_fev_m5_1W,shchur_2025_fev_bench,fev-bench,b02_fev_m5_1w,b02_fev_m5_1w,M5,medium,WAPE,TiRex,7.544068044350276,TRUE,TRUE,0.4281,0.42305000000000004,ML_TREE,0.011866437780390504,0.005049999999999943,0.011937123271480778,6.559527714004592e-5,LIT,FALSE,TRUE,Source A benchmark extraction,30490,30490
b02_fev_m5_1w__TimesFM-2.5__SQL,B02_fev_m5_1W,shchur_2025_fev_bench,fev-bench,b02_fev_m5_1w,b02_fev_m5_1w,M5,medium,SQL,TimesFM-2.5,8.301029995663981,TRUE,TRUE,0.889,1.13575,ML_TREE,-0.2449512691256081,-0.24675000000000002,-0.2172573189522342,6.559527714004592e-5,LIT,FALSE,TRUE,Source A benchmark extraction,30490,30490
b02_fev_m5_1w__TimesFM-2.5__MASE,B02_fev_m5_1W,shchur_2025_fev_bench,fev-bench,b02_fev_m5_1w,b02_fev_m5_1w,M5,medium,MASE,TimesFM-2.5,8.301029995663981,TRUE,TRUE,1.1222,1.13575,ML_TREE,-0.012002181322640991,-0.013549999999999951,-0.011930442438916972,6.559527714004592e-5,LIT,FALSE,TRUE,Source A benchmark extraction,30490,30490
b02_fev_m5_1w__TimesFM-2.5__WAPE,B02_fev_m5_1W,shchur_2025_fev_bench,fev-bench,b02_fev_m5_1w,b02_fev_m5_1w,M5,medium,WAPE,TimesFM-2.5,8.301029995663981,TRUE,TRUE,0.4201,0.42305000000000004,ML_TREE,-0.006997597195173709,-0.0029500000000000637,-0.0069731710199741484,6.559527714004592e-5,LIT,FALSE,TRUE,Source A benchmark extraction,30490,30490
b02_fev_m5_1w__Toto-1.0__SQL,B02_fev_m5_1W,shchur_2025_fev_bench,fev-bench,b02_fev_m5_1w,b02_fev_m5_1w,M5,medium,SQL,Toto-1.0,8,TRUE,TRUE,0.905,1.13575,ML_TREE,-0.2271135609395865,-0.23075,-0.20316971164428793,6.559527714004592e-5,LIT,FALSE,TRUE,Source A benchmark extraction,30490,30490
b02_fev_m5_1w__Toto-1.0__MASE,B02_fev_m5_1W,shchur_2025_fev_bench,fev-bench,b02_fev_m5_1w,b02_fev_m5_1w,M5,medium,MASE,Toto-1.0,8,TRUE,TRUE,1.1448,1.13575,ML_TREE,0.00793672360272845,0.009050000000000002,0.007968302883557123,6.559527714004592e-5,LIT,FALSE,TRUE,Source A benchmark extraction,30490,30490
b02_fev_m5_1w__Toto-1.0__WAPE,B02_fev_m5_1W,shchur_2025_fev_bench,fev-bench,b02_fev_m5_1w,b02_fev_m5_1w,M5,medium,WAPE,Toto-1.0,8,TRUE,TRUE,0.4278,0.42305000000000004,ML_TREE,0.011165421277795412,0.0047499999999999765,0.011227987235551297,6.559527714004592e-5,LIT,FALSE,TRUE,Source A benchmark extraction,30490,30490
b02_fev_restaurant__Chronos-2__SQL,B02_fev_restaurant,shchur_2025_fev_bench,fev-bench,b02_fev_restaurant,b02_fev_restaurant,Restaurant,long,SQL,Chronos-2,8.079181246047625,TRUE,TRUE,0.6853,0.9554,ML_TREE,-0.3322734023640834,-0.2701,-0.2827088130625916,0.0024600246002460025,LIT,FALSE,TRUE,Source A benchmark extraction,813,813
b02_fev_restaurant__Chronos-2__MASE,B02_fev_restaurant,shchur_2025_fev_bench,fev-bench,b02_fev_restaurant,b02_fev_restaurant,Restaurant,long,MASE,Chronos-2,8.079181246047625,TRUE,TRUE,0.8599,0.9554,ML_TREE,-0.10531399753901065,-0.09550000000000003,-0.0999581327192799,0.0024600246002460025,LIT,FALSE,TRUE,Source A benchmark extraction,813,813
b02_fev_restaurant__Chronos-2__WAPE,B02_fev_restaurant,shchur_2025_fev_bench,fev-bench,b02_fev_restaurant,b02_fev_restaurant,Restaurant,long,WAPE,Chronos-2,8.079181246047625,TRUE,TRUE,0.3584,0.4071,ML_TREE,-0.12740917440815777,-0.04870000000000002,-0.119626627364284,0.0024600246002460025,LIT,FALSE,TRUE,Source A benchmark extraction,813,813
b02_fev_restaurant__Chronos-Bolt-Base__SQL,B02_fev_restaurant,shchur_2025_fev_bench,fev-bench,b02_fev_restaurant,b02_fev_restaurant,Restaurant,long,SQL,Chronos-Bolt-Base,7.662757831681574,TRUE,TRUE,0.689,0.9554,ML_TREE,-0.32688882994220303,-0.2664000000000001,-0.27883608959598083,0.0024600246002460025,LIT,FALSE,TRUE,Source A benchmark extraction,813,813
b02_fev_restaurant__Chronos-Bolt-Base__MASE,B02_fev_restaurant,shchur_2025_fev_bench,fev-bench,b02_fev_restaurant,b02_fev_restaurant,Restaurant,long,MASE,Chronos-Bolt-Base,7.662757831681574,TRUE,TRUE,0.866,0.9554,ML_TREE,-0.09824519239342638,-0.089400000000000035,-0.09357337240946204,0.0024600246002460025,LIT,FALSE,TRUE,Source A benchmark extraction,813,813
b02_fev_restaurant__Chronos-Bolt-Base__WAPE,B02_fev_restaurant,shchur_2025_fev_bench,fev-bench,b02_fev_restaurant,b02_fev_restaurant,Restaurant,long,WAPE,Chronos-Bolt-Base,7.662757831681574,TRUE,TRUE,0.3649,0.4071,ML_TREE,-0.10943551206653127,-0.042200000000000015,-0.1036600343895849,0.0024600246002460025,LIT,FALSE,TRUE,Source A benchmark extraction,813,813
b02_fev_restaurant__Moirai-2.0-Small__SQL,B02_fev_restaurant,shchur_2025_fev_bench,fev-bench,b02_fev_restaurant,b02_fev_restaurant,Restaurant,long,SQL,Moirai-2.0-Small,7.041392685158225,TRUE,TRUE,0.681,0.9554,ML_TREE,-0.338567794806349,-0.2744,-0.2872095457400042,0.0024600246002460025,LIT,FALSE,TRUE,Source A benchmark extraction,813,813
b02_fev_restaurant__Moirai-2.0-Small__MASE,B02_fev_restaurant,shchur_2025_fev_bench,fev-bench,b02_fev_restaurant,b02_fev_restaurant,Restaurant,long,MASE,Moirai-2.0-Small,7.041392685158225,TRUE,TRUE,0.852,0.9554,ML_TREE,-0.11454357412654578,-0.10340000000000005,-0.10822692066150308,0.0024600246002460025,LIT,FALSE,TRUE,Source A benchmark extraction,813,813
b02_fev_restaurant__Moirai-2.0-Small__WAPE,B02_fev_restaurant,shchur_2025_fev_bench,fev-bench,b02_fev_restaurant,b02_fev_restaurant,Restaurant,long,WAPE,Moirai-2.0-Small,7.041392685158225,TRUE,TRUE,0.3573,0.4071,ML_TREE,-0.13048309047956913,-0.04980000000000001,-0.1223286661753869,0.0024600246002460025,LIT,FALSE,TRUE,Source A benchmark extraction,813,813
b02_fev_restaurant__TabPFN-TS__SQL,B02_fev_restaurant,shchur_2025_fev_bench,fev-bench,b02_fev_restaurant,b02_fev_restaurant,Restaurant,long,SQL,TabPFN-TS,7.079181246047625,TRUE,TRUE,0.693,0.9554,ML_TREE,-0.3211001017659584,-0.2624000000000001,-0.27464936152396907,0.0024600246002460025,LIT,FALSE,TRUE,Source A benchmark extraction,813,813
b02_fev_restaurant__TabPFN-TS__MASE,B02_fev_restaurant,shchur_2025_fev_bench,fev-bench,b02_fev_restaurant,b02_fev_restaurant,Restaurant,long,MASE,TabPFN-TS,7.079181246047625,TRUE,TRUE,0.8689,0.9554,ML_TREE,-0.0949020571107012,-0.08650000000000002,-0.09053799455725353,0.0024600246002460025,LIT,FALSE,TRUE,Source A benchmark extraction,813,813
b02_fev_restaurant__TabPFN-TS__WAPE,B02_fev_restaurant,shchur_2025_fev_bench,fev-bench,b02_fev_restaurant,b02_fev_restaurant,Restaurant,long,WAPE,TabPFN-TS,7.079181246047625,TRUE,TRUE,0.3642,0.4071,ML_TREE,-0.11135568821542557,-0.042899999999999994,-0.10537951363301398,0.0024600246002460025,LIT,FALSE,TRUE,Source A benchmark extraction,813,813
b02_fev_restaurant__TiRex__SQL,B02_fev_restaurant,shchur_2025_fev_bench,fev-bench,b02_fev_restaurant,b02_fev_restaurant,Restaurant,long,SQL,TiRex,7.544068044350276,TRUE,TRUE,0.6816,0.9554,ML_TREE,-0.3376871254407556,-0.27380000000000004,-0.2865815365292025,0.0024600246002460025,LIT,FALSE,TRUE,Source A benchmark extraction,813,813
b02_fev_restaurant__TiRex__MASE,B02_fev_restaurant,shchur_2025_fev_bench,fev-bench,b02_fev_restaurant,b02_fev_restaurant,Restaurant,long,MASE,TiRex,7.544068044350276,TRUE,TRUE,0.8522,0.9554,ML_TREE,-0.11430885989004991,-0.10320000000000007,-0.10801758425790252,0.0024600246002460025,LIT,FALSE,TRUE,Source A benchmark extraction,813,813
b02_fev_restaurant__TiRex__WAPE,B02_fev_restaurant,shchur_2025_fev_bench,fev-bench,b02_fev_restaurant,b02_fev_restaurant,Restaurant,long,WAPE,TiRex,7.544068044350276,TRUE,TRUE,0.3584,0.4071,ML_TREE,-0.12740917440815777,-0.04870000000000002,-0.119626627364284,0.0024600246002460025,LIT,FALSE,TRUE,Source A benchmark extraction,813,813
b02_fev_restaurant__TimesFM-2.5__SQL,B02_fev_restaurant,shchur_2025_fev_bench,fev-bench,b02_fev_restaurant,b02_fev_restaurant,Restaurant,long,SQL,TimesFM-2.5,8.301029995663981,TRUE,TRUE,0.6774,0.9554,ML_TREE,-0.3438681605721901,-0.278,-0.29097760100481473,0.0024600246002460025,LIT,FALSE,TRUE,Source A benchmark extraction,813,813
b02_fev_restaurant__TimesFM-2.5__MASE,B02_fev_restaurant,shchur_2025_fev_bench,fev-bench,b02_fev_restaurant,b02_fev_restaurant,Restaurant,long,MASE,TimesFM-2.5,8.301029995663981,TRUE,TRUE,0.8503,0.9554,ML_TREE,-0.11654087256411476,-0.10510000000000008,-0.1100062800921081,0.0024600246002460025,LIT,FALSE,TRUE,Source A benchmark extraction,813,813
b02_fev_restaurant__TimesFM-2.5__WAPE,B02_fev_restaurant,shchur_2025_fev_bench,fev-bench,b02_fev_restaurant,b02_fev_restaurant,Restaurant,long,WAPE,TimesFM-2.5,8.301029995663981,TRUE,TRUE,0.357,0.4071,ML_TREE,-0.13132307372929422,-0.05010000000000003,-0.1230655858511423,0.0024600246002460025,LIT,FALSE,TRUE,Source A benchmark extraction,813,813
b02_fev_restaurant__Toto-1.0__SQL,B02_fev_restaurant,shchur_2025_fev_bench,fev-bench,b02_fev_restaurant,b02_fev_restaurant,Restaurant,long,SQL,Toto-1.0,8,TRUE,TRUE,0.704,0.9554,ML_TREE,-0.3053517447978192,-0.25140000000000007,-0.26313585932593686,0.0024600246002460025,LIT,FALSE,TRUE,Source A benchmark extraction,813,813
b02_fev_restaurant__Toto-1.0__MASE,B02_fev_restaurant,shchur_2025_fev_bench,fev-bench,b02_fev_restaurant,b02_fev_restaurant,Restaurant,long,MASE,Toto-1.0,8,TRUE,TRUE,0.8859,0.9554,ML_TREE,-0.07552602353787477,-0.0695,-0.07274440025120368,0.0024600246002460025,LIT,FALSE,TRUE,Source A benchmark extraction,813,813
b02_fev_restaurant__Toto-1.0__WAPE,B02_fev_restaurant,shchur_2025_fev_bench,fev-bench,b02_fev_restaurant,b02_fev_restaurant,Restaurant,long,WAPE,Toto-1.0,8,TRUE,TRUE,0.3732,0.4071,ML_TREE,-0.0869443865357445,-0.03390000000000004,-0.08327192336035381,0.0024600246002460025,LIT,FALSE,TRUE,Source A benchmark extraction,813,813
b02_fev_rohlik_orders_1d__Chronos-2__SQL,B02_fev_rohlik_orders_1D,shchur_2025_fev_bench,fev-bench,b02_fev_rohlik_orders_1d,b02_fev_rohlik_orders_1d,Rohlik,long,SQL,Chronos-2,8.079181246047625,TRUE,TRUE,0.9592,1.2008999999999999,ML_TREE,-0.22472695095333292,-0.2416999999999998,-0.20126571737863255,0.2857142857142857,LIT,FALSE,TRUE,Source A benchmark extraction,7,7
b02_fev_rohlik_orders_1d__Chronos-2__MASE,B02_fev_rohlik_orders_1D,shchur_2025_fev_bench,fev-bench,b02_fev_rohlik_orders_1d,b02_fev_rohlik_orders_1d,Rohlik,long,MASE,Chronos-2,8.079181246047625,TRUE,TRUE,1.1869,1.2008999999999999,ML_TREE,-0.011726409604177923,-0.01399999999999979,-0.011657923224248308,0.2857142857142857,LIT,FALSE,TRUE,Source A benchmark extraction,7,7
b02_fev_rohlik_orders_1d__Chronos-2__WAPE,B02_fev_rohlik_orders_1D,shchur_2025_fev_bench,fev-bench,b02_fev_rohlik_orders_1d,b02_fev_rohlik_orders_1d,Rohlik,long,WAPE,Chronos-2,8.079181246047625,TRUE,TRUE,0.0561,0.0567,ML_TREE,-0.010638398205055867,-6.000000000000033e-4,-0.01058201058201064,0.2857142857142857,LIT,FALSE,TRUE,Source A benchmark extraction,7,7
b02_fev_rohlik_orders_1d__Chronos-Bolt-Base__SQL,B02_fev_rohlik_orders_1D,shchur_2025_fev_bench,fev-bench,b02_fev_rohlik_orders_1d,b02_fev_rohlik_orders_1d,Rohlik,long,SQL,Chronos-Bolt-Base,7.662757831681574,TRUE,TRUE,1.0508,1.2008999999999999,ML_TREE,-0.1335194968552528,-0.1500999999999999,-0.12498959113997828,0.2857142857142857,LIT,FALSE,TRUE,Source A benchmark extraction,7,7
b02_fev_rohlik_orders_1d__Chronos-Bolt-Base__MASE,B02_fev_rohlik_orders_1D,shchur_2025_fev_bench,fev-bench,b02_fev_rohlik_orders_1d,b02_fev_rohlik_orders_1d,Rohlik,long,MASE,Chronos-Bolt-Base,7.662757831681574,TRUE,TRUE,1.3016,1.2008999999999999,ML_TREE,0.08052300123819059,0.10070000000000023,0.08385377633441606,0.2857142857142857,LIT,FALSE,TRUE,Source A benchmark extraction,7,7
b02_fev_rohlik_orders_1d__Chronos-Bolt-Base__WAPE,B02_fev_rohlik_orders_1D,shchur_2025_fev_bench,fev-bench,b02_fev_rohlik_orders_1d,b02_fev_rohlik_orders_1d,Rohlik,long,WAPE,Chronos-Bolt-Base,7.662757831681574,TRUE,TRUE,0.0614,0.0567,ML_TREE,0.07963562441939044,0.004700000000000003,0.08289241622574961,0.2857142857142857,LIT,FALSE,TRUE,Source A benchmark extraction,7,7
b02_fev_rohlik_orders_1d__Moirai-2.0-Small__SQL,B02_fev_rohlik_orders_1D,shchur_2025_fev_bench,fev-bench,b02_fev_rohlik_orders_1d,b02_fev_rohlik_orders_1d,Rohlik,long,SQL,Moirai-2.0-Small,7.041392685158225,TRUE,TRUE,0.97,1.2008999999999999,ML_TREE,-0.21353048316920906,-0.23089999999999988,-0.19227246231992665,0.2857142857142857,LIT,FALSE,TRUE,Source A benchmark extraction,7,7
b02_fev_rohlik_orders_1d__Moirai-2.0-Small__MASE,B02_fev_rohlik_orders_1D,shchur_2025_fev_bench,fev-bench,b02_fev_rohlik_orders_1d,b02_fev_rohlik_orders_1d,Rohlik,long,MASE,Moirai-2.0-Small,7.041392685158225,TRUE,TRUE,1.176,1.2008999999999999,ML_TREE,-0.02095242620806535,-0.024899999999999922,-0.020734449163127593,0.2857142857142857,LIT,FALSE,TRUE,Source A benchmark extraction,7,7
b02_fev_rohlik_orders_1d__Moirai-2.0-Small__WAPE,B02_fev_rohlik_orders_1D,shchur_2025_fev_bench,fev-bench,b02_fev_rohlik_orders_1d,b02_fev_rohlik_orders_1d,Rohlik,long,WAPE,Moirai-2.0-Small,7.041392685158225,TRUE,TRUE,0.0552,0.0567,ML_TREE,-0.026811257450656815,-0.0015000000000000013,-0.026455026455026478,0.2857142857142857,LIT,FALSE,TRUE,Source A benchmark extraction,7,7
b02_fev_rohlik_orders_1d__TabPFN-TS__SQL,B02_fev_rohlik_orders_1D,shchur_2025_fev_bench,fev-bench,b02_fev_rohlik_orders_1d,b02_fev_rohlik_orders_1d,Rohlik,long,SQL,TabPFN-TS,7.079181246047625,TRUE,TRUE,1.3411,1.2008999999999999,ML_TREE,0.11041889705025688,0.1402000000000001,0.11674577400283132,0.2857142857142857,LIT,FALSE,TRUE,Source A benchmark extraction,7,7
b02_fev_rohlik_orders_1d__TabPFN-TS__MASE,B02_fev_rohlik_orders_1D,shchur_2025_fev_bench,fev-bench,b02_fev_rohlik_orders_1d,b02_fev_rohlik_orders_1d,Rohlik,long,MASE,TabPFN-TS,7.079181246047625,TRUE,TRUE,1.5479,1.2008999999999999,ML_TREE,0.2538278979131943,0.3470000000000002,0.2889499542010161,0.2857142857142857,LIT,FALSE,TRUE,Source A benchmark extraction,7,7
b02_fev_rohlik_orders_1d__TabPFN-TS__WAPE,B02_fev_rohlik_orders_1D,shchur_2025_fev_bench,fev-bench,b02_fev_rohlik_orders_1d,b02_fev_rohlik_orders_1d,Rohlik,long,WAPE,TabPFN-TS,7.079181246047625,TRUE,TRUE,0.0656,0.0567,ML_TREE,0.1458014852163371,0.008900000000000005,0.15696649029982374,0.2857142857142857,LIT,FALSE,TRUE,Source A benchmark extraction,7,7
b02_fev_rohlik_orders_1d__TiRex__SQL,B02_fev_rohlik_orders_1D,shchur_2025_fev_bench,fev-bench,b02_fev_rohlik_orders_1d,b02_fev_rohlik_orders_1d,Rohlik,long,SQL,TiRex,7.544068044350276,TRUE,TRUE,0.9858,1.2008999999999999,ML_TREE,-0.19737306039536007,-0.21509999999999985,-0.17911566325256048,0.2857142857142857,LIT,FALSE,TRUE,Source A benchmark extraction,7,7
b02_fev_rohlik_orders_1d__TiRex__MASE,B02_fev_rohlik_orders_1D,shchur_2025_fev_bench,fev-bench,b02_fev_rohlik_orders_1d,b02_fev_rohlik_orders_1d,Rohlik,long,MASE,TiRex,7.544068044350276,TRUE,TRUE,1.2034,1.2008999999999999,ML_TREE,0.002079608119613905,0.0025000000000001688,0.0020817720043302267,0.2857142857142857,LIT,FALSE,TRUE,Source A benchmark extraction,7,7
b02_fev_rohlik_orders_1d__TiRex__WAPE,B02_fev_rohlik_orders_1D,shchur_2025_fev_bench,fev-bench,b02_fev_rohlik_orders_1d,b02_fev_rohlik_orders_1d,Rohlik,long,WAPE,TiRex,7.544068044350276,TRUE,TRUE,0.0572,0.0567,ML_TREE,0.008779687652045773,5.000000000000004e-4,0.008818342151675493,0.2857142857142857,LIT,FALSE,TRUE,Source A benchmark extraction,7,7
b02_fev_rohlik_orders_1d__TimesFM-2.5__SQL,B02_fev_rohlik_orders_1D,shchur_2025_fev_bench,fev-bench,b02_fev_rohlik_orders_1d,b02_fev_rohlik_orders_1d,Rohlik,long,SQL,TimesFM-2.5,8.301029995663981,TRUE,TRUE,1.0057,1.2008999999999999,ML_TREE,-0.17738745921620278,-0.19519999999999982,-0.16254475809809296,0.2857142857142857,LIT,FALSE,TRUE,Source A benchmark extraction,7,7
b02_fev_rohlik_orders_1d__TimesFM-2.5__MASE,B02_fev_rohlik_orders_1D,shchur_2025_fev_bench,fev-bench,b02_fev_rohlik_orders_1d,b02_fev_rohlik_orders_1d,Rohlik,long,MASE,TimesFM-2.5,8.301029995663981,TRUE,TRUE,1.2504,1.2008999999999999,ML_TREE,0.04039222444062927,0.0495000000000001,0.04121908568573578,0.2857142857142857,LIT,FALSE,TRUE,Source A benchmark extraction,7,7
b02_fev_rohlik_orders_1d__TimesFM-2.5__WAPE,B02_fev_rohlik_orders_1D,shchur_2025_fev_bench,fev-bench,b02_fev_rohlik_orders_1d,b02_fev_rohlik_orders_1d,Rohlik,long,WAPE,TimesFM-2.5,8.301029995663981,TRUE,TRUE,0.0591,0.0567,ML_TREE,0.04145671367834613,0.0023999999999999994,0.04232804232804232,0.2857142857142857,LIT,FALSE,TRUE,Source A benchmark extraction,7,7
b02_fev_rohlik_orders_1d__Toto-1.0__SQL,B02_fev_rohlik_orders_1D,shchur_2025_fev_bench,fev-bench,b02_fev_rohlik_orders_1d,b02_fev_rohlik_orders_1d,Rohlik,long,SQL,Toto-1.0,8,TRUE,TRUE,1.1351,1.2008999999999999,ML_TREE,-0.056350522905343745,-0.06579999999999986,-0.05479223915396775,0.2857142857142857,LIT,FALSE,TRUE,Source A benchmark extraction,7,7
b02_fev_rohlik_orders_1d__Toto-1.0__MASE,B02_fev_rohlik_orders_1D,shchur_2025_fev_bench,fev-bench,b02_fev_rohlik_orders_1d,b02_fev_rohlik_orders_1d,Rohlik,long,MASE,Toto-1.0,8,TRUE,TRUE,1.3776,1.2008999999999999,ML_TREE,0.13727157900682876,0.17670000000000008,0.14713964526605056,0.2857142857142857,LIT,FALSE,TRUE,Source A benchmark extraction,7,7
b02_fev_rohlik_orders_1d__Toto-1.0__WAPE,B02_fev_rohlik_orders_1D,shchur_2025_fev_bench,fev-bench,b02_fev_rohlik_orders_1d,b02_fev_rohlik_orders_1d,Rohlik,long,WAPE,Toto-1.0,8,TRUE,TRUE,0.0646,0.0567,ML_TREE,0.13044020005484983,0.007900000000000004,0.13932980599647274,0.2857142857142857,LIT,FALSE,TRUE,Source A benchmark extraction,7,7
b02_fev_rohlik_orders_1w__Chronos-2__SQL,B02_fev_rohlik_orders_1W,shchur_2025_fev_bench,fev-bench,b02_fev_rohlik_orders_1w,b02_fev_rohlik_orders_1w,Rohlik,medium,SQL,Chronos-2,8.079181246047625,TRUE,TRUE,1.2997,1.76705,ML_TREE,-0.30717802087963497,-0.46734999999999993,-0.26448034860360486,0.2857142857142857,LIT,FALSE,TRUE,Source A benchmark extraction,7,7
b02_fev_rohlik_orders_1w__Chronos-2__MASE,B02_fev_rohlik_orders_1W,shchur_2025_fev_bench,fev-bench,b02_fev_rohlik_orders_1w,b02_fev_rohlik_orders_1w,Rohlik,medium,MASE,Chronos-2,8.079181246047625,TRUE,TRUE,1.5471,1.76705,ML_TREE,-0.13292927874215488,-0.2199500000000001,-0.12447299170934613,0.2857142857142857,LIT,FALSE,TRUE,Source A benchmark extraction,7,7
b02_fev_rohlik_orders_1w__Chronos-2__WAPE,B02_fev_rohlik_orders_1W,shchur_2025_fev_bench,fev-bench,b02_fev_rohlik_orders_1w,b02_fev_rohlik_orders_1w,Rohlik,medium,WAPE,Chronos-2,8.079181246047625,TRUE,TRUE,0.0503,0.0566,ML_TREE,-0.11800390810344374,-0.0063,-0.11130742049469965,0.2857142857142857,LIT,FALSE,TRUE,Source A benchmark extraction,7,7
b02_fev_rohlik_orders_1w__Chronos-Bolt-Base__SQL,B02_fev_rohlik_orders_1W,shchur_2025_fev_bench,fev-bench,b02_fev_rohlik_orders_1w,b02_fev_rohlik_orders_1w,Rohlik,medium,SQL,Chronos-Bolt-Base,7.662757831681574,TRUE,TRUE,1.4282,1.76705,ML_TREE,-0.2128965793521682,-0.3388500000000001,-0.191760278430152,0.2857142857142857,LIT,FALSE,TRUE,Source A benchmark extraction,7,7
b02_fev_rohlik_orders_1w__Chronos-Bolt-Base__MASE,B02_fev_rohlik_orders_1W,shchur_2025_fev_bench,fev-bench,b02_fev_rohlik_orders_1w,b02_fev_rohlik_orders_1w,Rohlik,medium,MASE,Chronos-Bolt-Base,7.662757831681574,TRUE,TRUE,1.7219,1.76705,ML_TREE,-0.025883157175037686,-0.04515000000000002,-0.02555105967573075,0.2857142857142857,LIT,FALSE,TRUE,Source A benchmark extraction,7,7
b02_fev_rohlik_orders_1w__Chronos-Bolt-Base__WAPE,B02_fev_rohlik_orders_1W,shchur_2025_fev_bench,fev-bench,b02_fev_rohlik_orders_1w,b02_fev_rohlik_orders_1w,Rohlik,medium,WAPE,Chronos-Bolt-Base,7.662757831681574,TRUE,TRUE,0.057,0.0566,ML_TREE,0.007042282625412951,4.000000000000045e-4,0.00706713780918736,0.2857142857142857,LIT,FALSE,TRUE,Source A benchmark extraction,7,7
b02_fev_rohlik_orders_1w__Moirai-2.0-Small__SQL,B02_fev_rohlik_orders_1W,shchur_2025_fev_bench,fev-bench,b02_fev_rohlik_orders_1w,b02_fev_rohlik_orders_1w,Rohlik,medium,SQL,Moirai-2.0-Small,7.041392685158225,TRUE,TRUE,1.532,1.76705,ML_TREE,-0.14273741816664112,-0.23504999999999998,-0.13301830734840553,0.2857142857142857,LIT,FALSE,TRUE,Source A benchmark extraction,7,7
b02_fev_rohlik_orders_1w__Moirai-2.0-Small__MASE,B02_fev_rohlik_orders_1W,shchur_2025_fev_bench,fev-bench,b02_fev_rohlik_orders_1w,b02_fev_rohlik_orders_1w,Rohlik,medium,MASE,Moirai-2.0-Small,7.041392685158225,TRUE,TRUE,1.874,1.76705,ML_TREE,0.058763694331189706,0.1069500000000001,0.06052460315214629,0.2857142857142857,LIT,FALSE,TRUE,Source A benchmark extraction,7,7
b02_fev_rohlik_orders_1w__Moirai-2.0-Small__WAPE,B02_fev_rohlik_orders_1W,shchur_2025_fev_bench,fev-bench,b02_fev_rohlik_orders_1w,b02_fev_rohlik_orders_1w,Rohlik,medium,WAPE,Moirai-2.0-Small,7.041392685158225,TRUE,TRUE,0.0612,0.0566,ML_TREE,0.07813820430914306,0.0046,0.08127208480565372,0.2857142857142857,LIT,FALSE,TRUE,Source A benchmark extraction,7,7
b02_fev_rohlik_orders_1w__TabPFN-TS__SQL,B02_fev_rohlik_orders_1W,shchur_2025_fev_bench,fev-bench,b02_fev_rohlik_orders_1w,b02_fev_rohlik_orders_1w,Rohlik,medium,SQL,TabPFN-TS,7.079181246047625,TRUE,TRUE,1.524,1.76705,ML_TREE,-0.14797303222058625,-0.24305,-0.1375456268922781,0.2857142857142857,LIT,FALSE,TRUE,Source A benchmark extraction,7,7
b02_fev_rohlik_orders_1w__TabPFN-TS__MASE,B02_fev_rohlik_orders_1W,shchur_2025_fev_bench,fev-bench,b02_fev_rohlik_orders_1w,b02_fev_rohlik_orders_1w,Rohlik,medium,MASE,TabPFN-TS,7.079181246047625,TRUE,TRUE,1.9887,1.76705,ML_TREE,0.11816966944827778,0.2216499999999999,0.12543504711241896,0.2857142857142857,LIT,FALSE,TRUE,Source A benchmark extraction,7,7
b02_fev_rohlik_orders_1w__TabPFN-TS__WAPE,B02_fev_rohlik_orders_1W,shchur_2025_fev_bench,fev-bench,b02_fev_rohlik_orders_1w,b02_fev_rohlik_orders_1w,Rohlik,medium,WAPE,TabPFN-TS,7.079181246047625,TRUE,TRUE,0.0652,0.0566,ML_TREE,0.14145048372347,0.008599999999999997,0.15194346289752644,0.2857142857142857,LIT,FALSE,TRUE,Source A benchmark extraction,7,7
b02_fev_rohlik_orders_1w__TiRex__SQL,B02_fev_rohlik_orders_1W,shchur_2025_fev_bench,fev-bench,b02_fev_rohlik_orders_1w,b02_fev_rohlik_orders_1w,Rohlik,medium,SQL,TiRex,7.544068044350276,TRUE,TRUE,1.3004,1.76705,ML_TREE,-0.3066395800374276,-0.46665,-0.264084208143516,0.2857142857142857,LIT,FALSE,TRUE,Source A benchmark extraction,7,7
b02_fev_rohlik_orders_1w__TiRex__MASE,B02_fev_rohlik_orders_1W,shchur_2025_fev_bench,fev-bench,b02_fev_rohlik_orders_1w,b02_fev_rohlik_orders_1w,Rohlik,medium,MASE,TiRex,7.544068044350276,TRUE,TRUE,1.5829,1.76705,ML_TREE,-0.11005288177548515,-0.18415000000000004,-0.10421323675051641,0.2857142857142857,LIT,FALSE,TRUE,Source A benchmark extraction,7,7
b02_fev_rohlik_orders_1w__TiRex__WAPE,B02_fev_rohlik_orders_1W,shchur_2025_fev_bench,fev-bench,b02_fev_rohlik_orders_1w,b02_fev_rohlik_orders_1w,Rohlik,medium,WAPE,TiRex,7.544068044350276,TRUE,TRUE,0.0521,0.0566,ML_TREE,-0.0828440364498159,-0.004499999999999997,-0.07950530035335684,0.2857142857142857,LIT,FALSE,TRUE,Source A benchmark extraction,7,7
b02_fev_rohlik_orders_1w__TimesFM-2.5__SQL,B02_fev_rohlik_orders_1W,shchur_2025_fev_bench,fev-bench,b02_fev_rohlik_orders_1w,b02_fev_rohlik_orders_1w,Rohlik,medium,SQL,TimesFM-2.5,8.301029995663981,TRUE,TRUE,1.3278,1.76705,ML_TREE,-0.28578805218211883,-0.4392499999999999,-0.2485781387057525,0.2857142857142857,LIT,FALSE,TRUE,Source A benchmark extraction,7,7
b02_fev_rohlik_orders_1w__TimesFM-2.5__MASE,B02_fev_rohlik_orders_1W,shchur_2025_fev_bench,fev-bench,b02_fev_rohlik_orders_1w,b02_fev_rohlik_orders_1w,Rohlik,medium,MASE,TimesFM-2.5,8.301029995663981,TRUE,TRUE,1.6592,1.76705,ML_TREE,-0.06297593099191487,-0.10785,-0.06103392660083189,0.2857142857142857,LIT,FALSE,TRUE,Source A benchmark extraction,7,7
b02_fev_rohlik_orders_1w__TimesFM-2.5__WAPE,B02_fev_rohlik_orders_1W,shchur_2025_fev_bench,fev-bench,b02_fev_rohlik_orders_1w,b02_fev_rohlik_orders_1w,Rohlik,medium,WAPE,TimesFM-2.5,8.301029995663981,TRUE,TRUE,0.0542,0.0566,ML_TREE,-0.04332807676353669,-0.0023999999999999994,-0.042402826855123664,0.2857142857142857,LIT,FALSE,TRUE,Source A benchmark extraction,7,7
b02_fev_rohlik_orders_1w__Toto-1.0__SQL,B02_fev_rohlik_orders_1W,shchur_2025_fev_bench,fev-bench,b02_fev_rohlik_orders_1w,b02_fev_rohlik_orders_1w,Rohlik,medium,SQL,Toto-1.0,8,TRUE,TRUE,1.4934,1.76705,ML_TREE,-0.1682560898655764,-0.27364999999999995,-0.15486262414759058,0.2857142857142857,LIT,FALSE,TRUE,Source A benchmark extraction,7,7
b02_fev_rohlik_orders_1w__Toto-1.0__MASE,B02_fev_rohlik_orders_1W,shchur_2025_fev_bench,fev-bench,b02_fev_rohlik_orders_1w,b02_fev_rohlik_orders_1w,Rohlik,medium,MASE,Toto-1.0,8,TRUE,TRUE,1.798,1.76705,ML_TREE,0.017363446564387854,0.030950000000000033,0.01751506748535697,0.2857142857142857,LIT,FALSE,TRUE,Source A benchmark extraction,7,7
b02_fev_rohlik_orders_1w__Toto-1.0__WAPE,B02_fev_rohlik_orders_1W,shchur_2025_fev_bench,fev-bench,b02_fev_rohlik_orders_1w,b02_fev_rohlik_orders_1w,Rohlik,medium,WAPE,Toto-1.0,8,TRUE,TRUE,0.0591,0.0566,ML_TREE,0.04322193920291535,0.0025000000000000022,0.04416961130742054,0.2857142857142857,LIT,FALSE,TRUE,Source A benchmark extraction,7,7
b02_fev_rohlik_sales_1d__Chronos-2__SQL,B02_fev_rohlik_sales_1D,shchur_2025_fev_bench,fev-bench,b02_fev_rohlik_sales_1d,b02_fev_rohlik_sales_1d,Rohlik,medium,SQL,Chronos-2,8.079181246047625,TRUE,TRUE,0.8808,1.3115999999999999,ML_TREE,-0.39817245956202285,-0.43079999999999985,-0.32845379688929544,4.8590864917395527e-4,LIT,FALSE,TRUE,Source A benchmark extraction,4116,4116
b02_fev_rohlik_sales_1d__Chronos-2__MASE,B02_fev_rohlik_sales_1D,shchur_2025_fev_bench,fev-bench,b02_fev_rohlik_sales_1d,b02_fev_rohlik_sales_1d,Rohlik,medium,MASE,Chronos-2,8.079181246047625,TRUE,TRUE,1.1016,1.3115999999999999,ML_TREE,-0.17448409755604816,-0.20999999999999996,-0.16010978956999083,4.8590864917395527e-4,LIT,FALSE,TRUE,Source A benchmark extraction,4116,4116
b02_fev_rohlik_sales_1d__Chronos-2__WAPE,B02_fev_rohlik_sales_1D,shchur_2025_fev_bench,fev-bench,b02_fev_rohlik_sales_1d,b02_fev_rohlik_sales_1d,Rohlik,medium,WAPE,Chronos-2,8.079181246047625,TRUE,TRUE,0.2763,0.34745,ML_TREE,-0.2291335378309655,-0.07114999999999999,-0.2047776658512016,4.8590864917395527e-4,LIT,FALSE,TRUE,Source A benchmark extraction,4116,4116
b02_fev_rohlik_sales_1d__Chronos-Bolt-Base__SQL,B02_fev_rohlik_sales_1D,shchur_2025_fev_bench,fev-bench,b02_fev_rohlik_sales_1d,b02_fev_rohlik_sales_1d,Rohlik,medium,SQL,Chronos-Bolt-Base,7.662757831681574,TRUE,TRUE,1.1471,1.3115999999999999,ML_TREE,-0.13401074768327106,-0.16449999999999987,-0.12541933516315942,4.8590864917395527e-4,LIT,FALSE,TRUE,Source A benchmark extraction,4116,4116
b02_fev_rohlik_sales_1d__Chronos-Bolt-Base__MASE,B02_fev_rohlik_sales_1D,shchur_2025_fev_bench,fev-bench,b02_fev_rohlik_sales_1d,b02_fev_rohlik_sales_1d,Rohlik,medium,MASE,Chronos-Bolt-Base,7.662757831681574,TRUE,TRUE,1.3871,1.3115999999999999,ML_TREE,0.05596747079875134,0.07550000000000012,0.05756328148825871,4.8590864917395527e-4,LIT,FALSE,TRUE,Source A benchmark extraction,4116,4116
b02_fev_rohlik_sales_1d__Chronos-Bolt-Base__WAPE,B02_fev_rohlik_sales_1D,shchur_2025_fev_bench,fev-bench,b02_fev_rohlik_sales_1d,b02_fev_rohlik_sales_1d,Rohlik,medium,WAPE,Chronos-Bolt-Base,7.662757831681574,TRUE,TRUE,0.3783,0.34745,ML_TREE,0.0850667618786474,0.030850000000000044,0.08878975392142767,4.8590864917395527e-4,LIT,FALSE,TRUE,Source A benchmark extraction,4116,4116
b02_fev_rohlik_sales_1d__Moirai-2.0-Small__SQL,B02_fev_rohlik_sales_1D,shchur_2025_fev_bench,fev-bench,b02_fev_rohlik_sales_1d,b02_fev_rohlik_sales_1d,Rohlik,medium,SQL,Moirai-2.0-Small,7.041392685158225,TRUE,TRUE,1.17,1.3115999999999999,ML_TREE,-0.1142440171786914,-0.14159999999999995,-0.10795974382433667,4.8590864917395527e-4,LIT,FALSE,TRUE,Source A benchmark extraction,4116,4116
b02_fev_rohlik_sales_1d__Moirai-2.0-Small__MASE,B02_fev_rohlik_sales_1D,shchur_2025_fev_bench,fev-bench,b02_fev_rohlik_sales_1d,b02_fev_rohlik_sales_1d,Rohlik,medium,MASE,Moirai-2.0-Small,7.041392685158225,TRUE,TRUE,1.402,1.3115999999999999,ML_TREE,0.06665202262404217,0.09040000000000004,0.0689234522720342,4.8590864917395527e-4,LIT,FALSE,TRUE,Source A benchmark extraction,4116,4116
b02_fev_rohlik_sales_1d__Moirai-2.0-Small__WAPE,B02_fev_rohlik_sales_1D,shchur_2025_fev_bench,fev-bench,b02_fev_rohlik_sales_1d,b02_fev_rohlik_sales_1d,Rohlik,medium,WAPE,Moirai-2.0-Small,7.041392685158225,TRUE,TRUE,0.3821,0.34745,ML_TREE,0.09506158469251791,0.034650000000000014,0.0997265793639373,4.8590864917395527e-4,LIT,FALSE,TRUE,Source A benchmark extraction,4116,4116
b02_fev_rohlik_sales_1d__TiRex__SQL,B02_fev_rohlik_sales_1D,shchur_2025_fev_bench,fev-bench,b02_fev_rohlik_sales_1d,b02_fev_rohlik_sales_1d,Rohlik,medium,SQL,TiRex,7.544068044350276,TRUE,TRUE,1.1481,1.3115999999999999,ML_TREE,-0.1331393638707269,-0.16349999999999998,-0.1246569075937786,4.8590864917395527e-4,LIT,FALSE,TRUE,Source A benchmark extraction,4116,4116
b02_fev_rohlik_sales_1d__TiRex__MASE,B02_fev_rohlik_sales_1D,shchur_2025_fev_bench,fev-bench,b02_fev_rohlik_sales_1d,b02_fev_rohlik_sales_1d,Rohlik,medium,MASE,TiRex,7.544068044350276,TRUE,TRUE,1.3845,1.3115999999999999,ML_TREE,0.05409129764052351,0.07290000000000019,0.0555809698078684,4.8590864917395527e-4,LIT,FALSE,TRUE,Source A benchmark extraction,4116,4116
b02_fev_rohlik_sales_1d__TiRex__WAPE,B02_fev_rohlik_sales_1D,shchur_2025_fev_bench,fev-bench,b02_fev_rohlik_sales_1d,b02_fev_rohlik_sales_1d,Rohlik,medium,WAPE,TiRex,7.544068044350276,TRUE,TRUE,0.3784,0.34745,ML_TREE,0.08533106741738704,0.030950000000000033,0.08907756511728317,4.8590864917395527e-4,LIT,FALSE,TRUE,Source A benchmark extraction,4116,4116
b02_fev_rohlik_sales_1d__TimesFM-2.5__SQL,B02_fev_rohlik_sales_1D,shchur_2025_fev_bench,fev-bench,b02_fev_rohlik_sales_1d,b02_fev_rohlik_sales_1d,Rohlik,medium,SQL,TimesFM-2.5,8.301029995663981,TRUE,TRUE,1.0958,1.3115999999999999,ML_TREE,-0.17976307586617762,-0.21579999999999977,-0.16453186947239995,4.8590864917395527e-4,LIT,FALSE,TRUE,Source A benchmark extraction,4116,4116
b02_fev_rohlik_sales_1d__TimesFM-2.5__MASE,B02_fev_rohlik_sales_1D,shchur_2025_fev_bench,fev-bench,b02_fev_rohlik_sales_1d,b02_fev_rohlik_sales_1d,Rohlik,medium,MASE,TimesFM-2.5,8.301029995663981,TRUE,TRUE,1.3238,1.3115999999999999,ML_TREE,0.00925862271432936,0.01220000000000021,0.00930161634644725,4.8590864917395527e-4,LIT,FALSE,TRUE,Source A benchmark extraction,4116,4116
b02_fev_rohlik_sales_1d__TimesFM-2.5__WAPE,B02_fev_rohlik_sales_1D,shchur_2025_fev_bench,fev-bench,b02_fev_rohlik_sales_1d,b02_fev_rohlik_sales_1d,Rohlik,medium,WAPE,TimesFM-2.5,8.301029995663981,TRUE,TRUE,0.3586,0.34745,ML_TREE,0.031586791410696195,0.011149999999999993,0.03209094833789033,4.8590864917395527e-4,LIT,FALSE,TRUE,Source A benchmark extraction,4116,4116
b02_fev_rohlik_sales_1d__Toto-1.0__SQL,B02_fev_rohlik_sales_1D,shchur_2025_fev_bench,fev-bench,b02_fev_rohlik_sales_1d,b02_fev_rohlik_sales_1d,Rohlik,medium,SQL,Toto-1.0,8,TRUE,TRUE,1.2181,1.3115999999999999,ML_TREE,-0.07395549826457987,-0.09349999999999992,-0.07128697773711491,4.8590864917395527e-4,LIT,FALSE,TRUE,Source A benchmark extraction,4116,4116
b02_fev_rohlik_sales_1d__Toto-1.0__MASE,B02_fev_rohlik_sales_1D,shchur_2025_fev_bench,fev-bench,b02_fev_rohlik_sales_1d,b02_fev_rohlik_sales_1d,Rohlik,medium,MASE,Toto-1.0,8,TRUE,TRUE,1.4539,1.3115999999999999,ML_TREE,0.10300183496688683,0.1423000000000001,0.1084934431229034,4.8590864917395527e-4,LIT,FALSE,TRUE,Source A benchmark extraction,4116,4116
b02_fev_rohlik_sales_1d__Toto-1.0__WAPE,B02_fev_rohlik_sales_1D,shchur_2025_fev_bench,fev-bench,b02_fev_rohlik_sales_1d,b02_fev_rohlik_sales_1d,Rohlik,medium,WAPE,Toto-1.0,8,TRUE,TRUE,0.3975,0.34745,ML_TREE,0.1345741643340503,0.05005000000000004,0.14404950352568727,4.8590864917395527e-4,LIT,FALSE,TRUE,Source A benchmark extraction,4116,4116
b02_fev_rohlik_sales_1w__Chronos-2__SQL,B02_fev_rohlik_sales_1W,shchur_2025_fev_bench,fev-bench,b02_fev_rohlik_sales_1w,b02_fev_rohlik_sales_1w,Rohlik,medium,SQL,Chronos-2,8.079181246047625,TRUE,TRUE,1.2741,1.8614000000000002,ML_TREE,-0.379088845764275,-0.5873000000000002,-0.3155152036101859,5.073566717402334e-4,LIT,FALSE,TRUE,Source A benchmark extraction,3942,3942
b02_fev_rohlik_sales_1w__Chronos-2__MASE,B02_fev_rohlik_sales_1W,shchur_2025_fev_bench,fev-bench,b02_fev_rohlik_sales_1w,b02_fev_rohlik_sales_1w,Rohlik,medium,MASE,Chronos-2,8.079181246047625,TRUE,TRUE,1.5597,1.8614000000000002,ML_TREE,-0.17683539769383036,-0.3017000000000001,-0.1620823036424197,5.073566717402334e-4,LIT,FALSE,TRUE,Source A benchmark extraction,3942,3942
b02_fev_rohlik_sales_1w__Chronos-2__WAPE,B02_fev_rohlik_sales_1W,shchur_2025_fev_bench,fev-bench,b02_fev_rohlik_sales_1w,b02_fev_rohlik_sales_1w,Rohlik,medium,WAPE,Chronos-2,8.079181246047625,TRUE,TRUE,0.2291,0.2978,ML_TREE,-0.2622635307904588,-0.06870000000000001,-0.23069173942243118,5.073566717402334e-4,LIT,FALSE,TRUE,Source A benchmark extraction,3942,3942
b02_fev_rohlik_sales_1w__Chronos-Bolt-Base__SQL,B02_fev_rohlik_sales_1W,shchur_2025_fev_bench,fev-bench,b02_fev_rohlik_sales_1w,b02_fev_rohlik_sales_1w,Rohlik,medium,SQL,Chronos-Bolt-Base,7.662757831681574,TRUE,TRUE,1.5216,1.8614000000000002,ML_TREE,-0.20156647996048432,-0.3398000000000001,-0.18255076823895997,5.073566717402334e-4,LIT,FALSE,TRUE,Source A benchmark extraction,3942,3942
b02_fev_rohlik_sales_1w__Chronos-Bolt-Base__MASE,B02_fev_rohlik_sales_1W,shchur_2025_fev_bench,fev-bench,b02_fev_rohlik_sales_1w,b02_fev_rohlik_sales_1w,Rohlik,medium,MASE,Chronos-Bolt-Base,7.662757831681574,TRUE,TRUE,1.8467,1.8614000000000002,ML_TREE,-0.007928630299783171,-0.014700000000000157,-0.00789728161598805,5.073566717402334e-4,LIT,FALSE,TRUE,Source A benchmark extraction,3942,3942
b02_fev_rohlik_sales_1w__Chronos-Bolt-Base__WAPE,B02_fev_rohlik_sales_1W,shchur_2025_fev_bench,fev-bench,b02_fev_rohlik_sales_1w,b02_fev_rohlik_sales_1w,Rohlik,medium,WAPE,Chronos-Bolt-Base,7.662757831681574,TRUE,TRUE,0.2846,0.2978,ML_TREE,-0.04533743459415659,-0.01319999999999999,-0.04432505036937538,5.073566717402334e-4,LIT,FALSE,TRUE,Source A benchmark extraction,3942,3942
b02_fev_rohlik_sales_1w__Moirai-2.0-Small__SQL,B02_fev_rohlik_sales_1W,shchur_2025_fev_bench,fev-bench,b02_fev_rohlik_sales_1w,b02_fev_rohlik_sales_1w,Rohlik,medium,SQL,Moirai-2.0-Small,7.041392685158225,TRUE,TRUE,1.516,1.8614000000000002,ML_TREE,-0.20525360554929317,-0.34540000000000015,-0.18555925647362206,5.073566717402334e-4,LIT,FALSE,TRUE,Source A benchmark extraction,3942,3942
b02_fev_rohlik_sales_1w__Moirai-2.0-Small__MASE,B02_fev_rohlik_sales_1W,shchur_2025_fev_bench,fev-bench,b02_fev_rohlik_sales_1w,b02_fev_rohlik_sales_1w,Rohlik,medium,MASE,Moirai-2.0-Small,7.041392685158225,TRUE,TRUE,1.822,1.8614000000000002,ML_TREE,-0.0213940939317065,-0.0394000000000001,-0.021166863651015416,5.073566717402334e-4,LIT,FALSE,TRUE,Source A benchmark extraction,3942,3942
b02_fev_rohlik_sales_1w__Moirai-2.0-Small__WAPE,B02_fev_rohlik_sales_1W,shchur_2025_fev_bench,fev-bench,b02_fev_rohlik_sales_1w,b02_fev_rohlik_sales_1w,Rohlik,medium,WAPE,Moirai-2.0-Small,7.041392685158225,TRUE,TRUE,0.2871,0.2978,ML_TREE,-0.036591533122890325,-0.010699999999999987,-0.03593015446608458,5.073566717402334e-4,LIT,FALSE,TRUE,Source A benchmark extraction,3942,3942
b02_fev_rohlik_sales_1w__TabPFN-TS__SQL,B02_fev_rohlik_sales_1W,shchur_2025_fev_bench,fev-bench,b02_fev_rohlik_sales_1w,b02_fev_rohlik_sales_1w,Rohlik,medium,SQL,TabPFN-TS,7.079181246047625,TRUE,TRUE,1.2205,1.8614000000000002,ML_TREE,-0.42206828191859547,-0.6409000000000002,-0.34431073385623734,5.073566717402334e-4,LIT,FALSE,TRUE,Source A benchmark extraction,3942,3942
b02_fev_rohlik_sales_1w__TabPFN-TS__MASE,B02_fev_rohlik_sales_1W,shchur_2025_fev_bench,fev-bench,b02_fev_rohlik_sales_1w,b02_fev_rohlik_sales_1w,Rohlik,medium,MASE,TabPFN-TS,7.079181246047625,TRUE,TRUE,1.5205,1.8614000000000002,ML_TREE,-0.20228966463419087,-0.3409000000000002,-0.18314172128505435,5.073566717402334e-4,LIT,FALSE,TRUE,Source A benchmark extraction,3942,3942
b02_fev_rohlik_sales_1w__TabPFN-TS__WAPE,B02_fev_rohlik_sales_1W,shchur_2025_fev_bench,fev-bench,b02_fev_rohlik_sales_1w,b02_fev_rohlik_sales_1w,Rohlik,medium,WAPE,TabPFN-TS,7.079181246047625,TRUE,TRUE,0.2152,0.2978,ML_TREE,-0.3248542919622793,-0.0826,-0.277367360644728,5.073566717402334e-4,LIT,FALSE,TRUE,Source A benchmark extraction,3942,3942
b02_fev_rohlik_sales_1w__TiRex__SQL,B02_fev_rohlik_sales_1W,shchur_2025_fev_bench,fev-bench,b02_fev_rohlik_sales_1w,b02_fev_rohlik_sales_1w,Rohlik,medium,SQL,TiRex,7.544068044350276,TRUE,TRUE,1.4252,1.8614000000000002,ML_TREE,-0.2670167380199292,-0.43620000000000014,-0.2343397442785001,5.073566717402334e-4,LIT,FALSE,TRUE,Source A benchmark extraction,3942,3942
b02_fev_rohlik_sales_1w__TiRex__MASE,B02_fev_rohlik_sales_1W,shchur_2025_fev_bench,fev-bench,b02_fev_rohlik_sales_1w,b02_fev_rohlik_sales_1w,Rohlik,medium,MASE,TiRex,7.544068044350276,TRUE,TRUE,1.7354,1.8614000000000002,ML_TREE,-0.07009095839222085,-0.1260000000000001,-0.0676909852798969,5.073566717402334e-4,LIT,FALSE,TRUE,Source A benchmark extraction,3942,3942
b02_fev_rohlik_sales_1w__TiRex__WAPE,B02_fev_rohlik_sales_1W,shchur_2025_fev_bench,fev-bench,b02_fev_rohlik_sales_1w,b02_fev_rohlik_sales_1w,Rohlik,medium,WAPE,TiRex,7.544068044350276,TRUE,TRUE,0.2736,0.2978,ML_TREE,-0.08475493450151318,-0.0242,-0.08126259234385493,5.073566717402334e-4,LIT,FALSE,TRUE,Source A benchmark extraction,3942,3942
b02_fev_rohlik_sales_1w__TimesFM-2.5__SQL,B02_fev_rohlik_sales_1W,shchur_2025_fev_bench,fev-bench,b02_fev_rohlik_sales_1w,b02_fev_rohlik_sales_1w,Rohlik,medium,SQL,TimesFM-2.5,8.301029995663981,TRUE,TRUE,1.401,1.8614000000000002,ML_TREE,-0.28414262541460317,-0.46040000000000014,-0.24734071129257554,5.073566717402334e-4,LIT,FALSE,TRUE,Source A benchmark extraction,3942,3942
b02_fev_rohlik_sales_1w__TimesFM-2.5__MASE,B02_fev_rohlik_sales_1W,shchur_2025_fev_bench,fev-bench,b02_fev_rohlik_sales_1w,b02_fev_rohlik_sales_1w,Rohlik,medium,MASE,TimesFM-2.5,8.301029995663981,TRUE,TRUE,1.6891,1.8614000000000002,ML_TREE,-0.09713305006531078,-0.17230000000000012,-0.09256473622004949,5.073566717402334e-4,LIT,FALSE,TRUE,Source A benchmark extraction,3942,3942
b02_fev_rohlik_sales_1w__TimesFM-2.5__WAPE,B02_fev_rohlik_sales_1W,shchur_2025_fev_bench,fev-bench,b02_fev_rohlik_sales_1w,b02_fev_rohlik_sales_1w,Rohlik,medium,WAPE,TimesFM-2.5,8.301029995663981,TRUE,TRUE,0.2667,0.2978,ML_TREE,-0.11029768906194005,-0.031100000000000017,-0.1044325050369376,5.073566717402334e-4,LIT,FALSE,TRUE,Source A benchmark extraction,3942,3942
b02_fev_rohlik_sales_1w__Toto-1.0__SQL,B02_fev_rohlik_sales_1W,shchur_2025_fev_bench,fev-bench,b02_fev_rohlik_sales_1w,b02_fev_rohlik_sales_1w,Rohlik,medium,SQL,Toto-1.0,8,TRUE,TRUE,1.5046,1.8614000000000002,ML_TREE,-0.21280181062548909,-0.35680000000000023,-0.19168367895132707,5.073566717402334e-4,LIT,FALSE,TRUE,Source A benchmark extraction,3942,3942
b02_fev_rohlik_sales_1w__Toto-1.0__MASE,B02_fev_rohlik_sales_1W,shchur_2025_fev_bench,fev-bench,b02_fev_rohlik_sales_1w,b02_fev_rohlik_sales_1w,Rohlik,medium,MASE,Toto-1.0,8,TRUE,TRUE,1.8031,1.8614000000000002,ML_TREE,-0.031821486969287535,-0.05830000000000024,-0.03132051144300002,5.073566717402334e-4,LIT,FALSE,TRUE,Source A benchmark extraction,3942,3942
b02_fev_rohlik_sales_1w__Toto-1.0__WAPE,B02_fev_rohlik_sales_1W,shchur_2025_fev_bench,fev-bench,b02_fev_rohlik_sales_1w,b02_fev_rohlik_sales_1w,Rohlik,medium,WAPE,Toto-1.0,8,TRUE,TRUE,0.2812,0.2978,ML_TREE,-0.05735596031339878,-0.016600000000000004,-0.055742108797850916,5.073566717402334e-4,LIT,FALSE,TRUE,Source A benchmark extraction,3942,3942
b02_fev_rossmann_1d__Chronos-2__SQL,B02_fev_rossmann_1D,shchur_2025_fev_bench,fev-bench,b02_fev_rossmann_1d,b02_fev_rossmann_1d,Rossmann,long,SQL,Chronos-2,8.079181246047625,TRUE,TRUE,0.2835,0.33475,ML_TREE,-0.16617186140347526,-0.05125000000000002,-0.15309932785660946,0.0017937219730941704,LIT,FALSE,TRUE,Source A benchmark extraction,1115,1115
b02_fev_rossmann_1d__Chronos-2__MASE,B02_fev_rossmann_1D,shchur_2025_fev_bench,fev-bench,b02_fev_rossmann_1d,b02_fev_rossmann_1d,Rossmann,long,MASE,Chronos-2,8.079181246047625,TRUE,TRUE,0.3558,0.33475,ML_TREE,0.06098479066045283,0.021050000000000013,0.06288274831964157,0.0017937219730941704,LIT,FALSE,TRUE,Source A benchmark extraction,1115,1115
b02_fev_rossmann_1d__Chronos-2__WAPE,B02_fev_rossmann_1D,shchur_2025_fev_bench,fev-bench,b02_fev_rossmann_1d,b02_fev_rossmann_1d,Rossmann,long,WAPE,Chronos-2,8.079181246047625,TRUE,TRUE,0.1198,0.11049999999999999,ML_TREE,0.0808081647235416,0.009300000000000017,0.08416289592760197,0.0017937219730941704,LIT,FALSE,TRUE,Source A benchmark extraction,1115,1115
b02_fev_rossmann_1d__Chronos-Bolt-Base__SQL,B02_fev_rossmann_1D,shchur_2025_fev_bench,fev-bench,b02_fev_rossmann_1d,b02_fev_rossmann_1d,Rossmann,long,SQL,Chronos-Bolt-Base,7.662757831681574,TRUE,TRUE,0.5246,0.33475,ML_TREE,0.44925208286149126,0.18984999999999996,0.5671396564600447,0.0017937219730941704,LIT,FALSE,TRUE,Source A benchmark extraction,1115,1115
b02_fev_rossmann_1d__Chronos-Bolt-Base__MASE,B02_fev_rossmann_1D,shchur_2025_fev_bench,fev-bench,b02_fev_rossmann_1d,b02_fev_rossmann_1d,Rossmann,long,MASE,Chronos-Bolt-Base,7.662757831681574,TRUE,TRUE,0.6371,0.33475,ML_TREE,0.6435426445511606,0.30235,0.9032113517550411,0.0017937219730941704,LIT,FALSE,TRUE,Source A benchmark extraction,1115,1115
b02_fev_rossmann_1d__Chronos-Bolt-Base__WAPE,B02_fev_rossmann_1D,shchur_2025_fev_bench,fev-bench,b02_fev_rossmann_1d,b02_fev_rossmann_1d,Rossmann,long,WAPE,Chronos-Bolt-Base,7.662757831681574,TRUE,TRUE,0.2176,0.11049999999999999,ML_TREE,0.6776429940239801,0.1071,0.9692307692307693,0.0017937219730941704,LIT,FALSE,TRUE,Source A benchmark extraction,1115,1115
b02_fev_rossmann_1d__Moirai-2.0-Small__SQL,B02_fev_rossmann_1D,shchur_2025_fev_bench,fev-bench,b02_fev_rossmann_1d,b02_fev_rossmann_1d,Rossmann,long,SQL,Moirai-2.0-Small,7.041392685158225,TRUE,TRUE,0.527,0.33475,ML_TREE,0.4538165639700804,0.19225000000000003,0.5743091859596715,0.0017937219730941704,LIT,FALSE,TRUE,Source A benchmark extraction,1115,1115
b02_fev_rossmann_1d__Moirai-2.0-Small__MASE,B02_fev_rossmann_1D,shchur_2025_fev_bench,fev-bench,b02_fev_rossmann_1d,b02_fev_rossmann_1d,Rossmann,long,MASE,Moirai-2.0-Small,7.041392685158225,TRUE,TRUE,0.648,0.33475,ML_TREE,0.66050671178099285,0.31325000000000003,0.9357729648991786,0.0017937219730941704,LIT,FALSE,TRUE,Source A benchmark extraction,1115,1115
b02_fev_rossmann_1d__Moirai-2.0-Small__WAPE,B02_fev_rossmann_1D,shchur_2025_fev_bench,fev-bench,b02_fev_rossmann_1d,b02_fev_rossmann_1d,Rossmann,long,WAPE,Moirai-2.0-Small,7.041392685158225,TRUE,TRUE,0.2215,0.11049999999999999,ML_TREE,0.695407068527383,0.11100000000000002,1.0045248868778283,0.0017937219730941704,LIT,FALSE,TRUE,Source A benchmark extraction,1115,1115
b02_fev_rossmann_1d__TabPFN-TS__SQL,B02_fev_rossmann_1D,shchur_2025_fev_bench,fev-bench,b02_fev_rossmann_1d,b02_fev_rossmann_1d,Rossmann,long,SQL,TabPFN-TS,7.079181246047625,TRUE,TRUE,0.2321,0.33475,ML_TREE,-0.36621567129089044,-0.10264999999999999,-0.30664675130694546,0.0017937219730941704,LIT,FALSE,TRUE,Source A benchmark extraction,1115,1115
b02_fev_rossmann_1d__TabPFN-TS__MASE,B02_fev_rossmann_1D,shchur_2025_fev_bench,fev-bench,b02_fev_rossmann_1d,b02_fev_rossmann_1d,Rossmann,long,MASE,TabPFN-TS,7.079181246047625,TRUE,TRUE,0.2945,0.33475,ML_TREE,-0.12810498147964053,-0.04025000000000001,-0.12023898431665425,0.0017937219730941704,LIT,FALSE,TRUE,Source A benchmark extraction,1115,1115
b02_fev_rossmann_1d__TabPFN-TS__WAPE,B02_fev_rossmann_1D,shchur_2025_fev_bench,fev-bench,b02_fev_rossmann_1d,b02_fev_rossmann_1d,Rossmann,long,WAPE,TabPFN-TS,7.079181246047625,TRUE,TRUE,0.0979,0.11049999999999999,ML_TREE,-0.12106897142134272,-0.012599999999999986,-0.11402714932126685,0.0017937219730941704,LIT,FALSE,TRUE,Source A benchmark extraction,1115,1115
b02_fev_rossmann_1d__TiRex__SQL,B02_fev_rossmann_1D,shchur_2025_fev_bench,fev-bench,b02_fev_rossmann_1d,b02_fev_rossmann_1d,Rossmann,long,SQL,TiRex,7.544068044350276,TRUE,TRUE,0.5391,0.33475,ML_TREE,0.4765170978863412,0.20435000000000003,0.6104555638536222,0.0017937219730941704,LIT,FALSE,TRUE,Source A benchmark extraction,1115,1115
b02_fev_rossmann_1d__TiRex__MASE,B02_fev_rossmann_1D,shchur_2025_fev_bench,fev-bench,b02_fev_rossmann_1d,b02_fev_rossmann_1d,Rossmann,long,MASE,TiRex,7.544068044350276,TRUE,TRUE,0.6601,0.33475,ML_TREE,0.6790073541234434,0.32535000000000003,0.9719193427931293,0.0017937219730941704,LIT,FALSE,TRUE,Source A benchmark extraction,1115,1115
b02_fev_rossmann_1d__TiRex__WAPE,B02_fev_rossmann_1D,shchur_2025_fev_bench,fev-bench,b02_fev_rossmann_1d,b02_fev_rossmann_1d,Rossmann,long,WAPE,TiRex,7.544068044350276,TRUE,TRUE,0.2251,0.11049999999999999,ML_TREE,0.7115292269548792,0.11460000000000001,1.0371040723981901,0.0017937219730941704,LIT,FALSE,TRUE,Source A benchmark extraction,1115,1115
b02_fev_rossmann_1d__TimesFM-2.5__SQL,B02_fev_rossmann_1D,shchur_2025_fev_bench,fev-bench,b02_fev_rossmann_1d,b02_fev_rossmann_1d,Rossmann,long,SQL,TimesFM-2.5,8.301029995663981,TRUE,TRUE,0.5016,0.33475,ML_TREE,0.4044190047474292,0.16685000000000005,0.4984316654219569,0.0017937219730941704,LIT,FALSE,TRUE,Source A benchmark extraction,1115,1115
b02_fev_rossmann_1d__TimesFM-2.5__MASE,B02_fev_rossmann_1D,shchur_2025_fev_bench,fev-bench,b02_fev_rossmann_1d,b02_fev_rossmann_1d,Rossmann,long,MASE,TimesFM-2.5,8.301029995663981,TRUE,TRUE,0.6106,0.33475,ML_TREE,0.6010580957294958,0.27585000000000004,0.824047796863331,0.0017937219730941704,LIT,FALSE,TRUE,Source A benchmark extraction,1115,1115
b02_fev_rossmann_1d__TimesFM-2.5__WAPE,B02_fev_rossmann_1D,shchur_2025_fev_bench,fev-bench,b02_fev_rossmann_1d,b02_fev_rossmann_1d,Rossmann,long,WAPE,TimesFM-2.5,8.301029995663981,TRUE,TRUE,0.2086,0.11049999999999999,ML_TREE,0.6354030216088647,0.09810000000000002,0.8877828054298645,0.0017937219730941704,LIT,FALSE,TRUE,Source A benchmark extraction,1115,1115
b02_fev_rossmann_1d__Toto-1.0__SQL,B02_fev_rossmann_1D,shchur_2025_fev_bench,fev-bench,b02_fev_rossmann_1d,b02_fev_rossmann_1d,Rossmann,long,SQL,Toto-1.0,8,TRUE,TRUE,0.5677,0.33475,ML_TREE,0.5282091256053987,0.23295,0.6958924570575056,0.0017937219730941704,LIT,FALSE,TRUE,Source A benchmark extraction,1115,1115
b02_fev_rossmann_1d__Toto-1.0__MASE,B02_fev_rossmann_1D,shchur_2025_fev_bench,fev-bench,b02_fev_rossmann_1d,b02_fev_rossmann_1d,Rossmann,long,MASE,Toto-1.0,8,TRUE,TRUE,0.6814,0.33475,ML_TREE,0.7107655206555844,0.34665,1.0355489171023153,0.0017937219730941704,LIT,FALSE,TRUE,Source A benchmark extraction,1115,1115
b02_fev_rossmann_1d__Toto-1.0__WAPE,B02_fev_rossmann_1D,shchur_2025_fev_bench,fev-bench,b02_fev_rossmann_1d,b02_fev_rossmann_1d,Rossmann,long,WAPE,Toto-1.0,8,TRUE,TRUE,0.2321,0.11049999999999999,ML_TREE,0.7421527923225839,0.12160000000000001,1.1004524886877831,0.0017937219730941704,LIT,FALSE,TRUE,Source A benchmark extraction,1115,1115
b02_fev_rossmann_1w__Chronos-2__SQL,B02_fev_rossmann_1W,shchur_2025_fev_bench,fev-bench,b02_fev_rossmann_1w,b02_fev_rossmann_1w,Rossmann,medium,SQL,Chronos-2,8.079181246047625,TRUE,TRUE,0.3077,0.67985,ML_TREE,-0.7927469032736989,-0.37215,-0.5474001618003972,0.0017937219730941704,LIT,FALSE,TRUE,Source A benchmark extraction,1115,1115
b02_fev_rossmann_1w__Chronos-2__MASE,B02_fev_rossmann_1W,shchur_2025_fev_bench,fev-bench,b02_fev_rossmann_1w,b02_fev_rossmann_1w,Rossmann,medium,MASE,Chronos-2,8.079181246047625,TRUE,TRUE,0.3712,0.67985,ML_TREE,-0.6051311846896495,-0.30865,-0.45399720526586745,0.0017937219730941704,LIT,FALSE,TRUE,Source A benchmark extraction,1115,1115
b02_fev_rossmann_1w__Chronos-2__WAPE,B02_fev_rossmann_1W,shchur_2025_fev_bench,fev-bench,b02_fev_rossmann_1w,b02_fev_rossmann_1w,Rossmann,medium,WAPE,Chronos-2,8.079181246047625,TRUE,TRUE,0.0964,0.18925,ML_TREE,-0.6745626907010582,-0.09285,-0.4906208718626156,0.0017937219730941704,LIT,FALSE,TRUE,Source A benchmark extraction,1115,1115
b02_fev_rossmann_1w__Chronos-Bolt-Base__SQL,B02_fev_rossmann_1W,shchur_2025_fev_bench,fev-bench,b02_fev_rossmann_1w,b02_fev_rossmann_1w,Rossmann,medium,SQL,Chronos-Bolt-Base,7.662757831681574,TRUE,TRUE,0.4871,0.67985,ML_TREE,-0.333402744789198,-0.19274999999999998,-0.28351842318158416,0.0017937219730941704,LIT,FALSE,TRUE,Source A benchmark extraction,1115,1115
b02_fev_rossmann_1w__Chronos-Bolt-Base__MASE,B02_fev_rossmann_1W,shchur_2025_fev_bench,fev-bench,b02_fev_rossmann_1w,b02_fev_rossmann_1w,Rossmann,medium,MASE,Chronos-Bolt-Base,7.662757831681574,TRUE,TRUE,0.6452,0.67985,ML_TREE,-0.052311839350641196,-0.03464999999999996,-0.050967125101125194,0.0017937219730941704,LIT,FALSE,TRUE,Source A benchmark extraction,1115,1115
b02_fev_rossmann_1w__Chronos-Bolt-Base__WAPE,B02_fev_rossmann_1W,shchur_2025_fev_bench,fev-bench,b02_fev_rossmann_1w,b02_fev_rossmann_1w,Rossmann,medium,WAPE,Chronos-Bolt-Base,7.662757831681574,TRUE,TRUE,0.176,0.18925,ML_TREE,-0.07258489727940651,-0.013250000000000012,-0.07001321003963018,0.0017937219730941704,LIT,FALSE,TRUE,Source A benchmark extraction,1115,1115
b02_fev_rossmann_1w__Moirai-2.0-Small__SQL,B02_fev_rossmann_1W,shchur_2025_fev_bench,fev-bench,b02_fev_rossmann_1w,b02_fev_rossmann_1w,Rossmann,medium,SQL,Moirai-2.0-Small,7.041392685158225,TRUE,TRUE,0.497,0.67985,ML_TREE,-0.31328215950506616,-0.18284999999999996,-0.2689563874384055,0.0017937219730941704,LIT,FALSE,TRUE,Source A benchmark extraction,1115,1115
b02_fev_rossmann_1w__Moirai-2.0-Small__MASE,B02_fev_rossmann_1W,shchur_2025_fev_bench,fev-bench,b02_fev_rossmann_1w,b02_fev_rossmann_1w,Rossmann,medium,MASE,Moirai-2.0-Small,7.041392685158225,TRUE,TRUE,0.644,0.67985,ML_TREE,-0.05417345949734137,-0.03584999999999994,-0.05273222034272257,0.0017937219730941704,LIT,FALSE,TRUE,Source A benchmark extraction,1115,1115
b02_fev_rossmann_1w__Moirai-2.0-Small__WAPE,B02_fev_rossmann_1W,shchur_2025_fev_bench,fev-bench,b02_fev_rossmann_1w,b02_fev_rossmann_1w,Rossmann,medium,WAPE,Moirai-2.0-Small,7.041392685158225,TRUE,TRUE,0.1759,0.18925,ML_TREE,-0.07315324057404565,-0.01335,-0.07054161162483488,0.0017937219730941704,LIT,FALSE,TRUE,Source A benchmark extraction,1115,1115
b02_fev_rossmann_1w__TabPFN-TS__SQL,B02_fev_rossmann_1W,shchur_2025_fev_bench,fev-bench,b02_fev_rossmann_1w,b02_fev_rossmann_1w,Rossmann,medium,SQL,TabPFN-TS,7.079181246047625,TRUE,TRUE,0.2539,0.67985,ML_TREE,-0.9849316968910621,-0.42594999999999994,-0.6265352651320144,0.0017937219730941704,LIT,FALSE,TRUE,Source A benchmark extraction,1115,1115
b02_fev_rossmann_1w__TabPFN-TS__MASE,B02_fev_rossmann_1W,shchur_2025_fev_bench,fev-bench,b02_fev_rossmann_1w,b02_fev_rossmann_1w,Rossmann,medium,MASE,TabPFN-TS,7.079181246047625,TRUE,TRUE,0.3046,0.67985,ML_TREE,-0.8028727451406336,-0.37525,-0.5519599911745238,0.0017937219730941704,LIT,FALSE,TRUE,Source A benchmark extraction,1115,1115
b02_fev_rossmann_1w__TabPFN-TS__WAPE,B02_fev_rossmann_1W,shchur_2025_fev_bench,fev-bench,b02_fev_rossmann_1w,b02_fev_rossmann_1w,Rossmann,medium,WAPE,TabPFN-TS,7.079181246047625,TRUE,TRUE,0.0792,0.18925,ML_TREE,-0.8710925934971778,-0.11005,-0.5815059445178336,0.0017937219730941704,LIT,FALSE,TRUE,Source A benchmark extraction,1115,1115
b02_fev_rossmann_1w__TiRex__SQL,B02_fev_rossmann_1W,shchur_2025_fev_bench,fev-bench,b02_fev_rossmann_1w,b02_fev_rossmann_1w,Rossmann,medium,SQL,TiRex,7.544068044350276,TRUE,TRUE,0.4816,0.67985,ML_TREE,-0.34475829160708377,-0.19824999999999998,-0.29160844303890565,0.0017937219730941704,LIT,FALSE,TRUE,Source A benchmark extraction,1115,1115
b02_fev_rossmann_1w__TiRex__MASE,B02_fev_rossmann_1W,shchur_2025_fev_bench,fev-bench,b02_fev_rossmann_1w,b02_fev_rossmann_1w,Rossmann,medium,MASE,TiRex,7.544068044350276,TRUE,TRUE,0.6218,0.67985,ML_TREE,-0.08925368797704145,-0.058049999999999935,-0.08538648231227468,0.0017937219730941704,LIT,FALSE,TRUE,Source A benchmark extraction,1115,1115
b02_fev_rossmann_1w__TiRex__WAPE,B02_fev_rossmann_1W,shchur_2025_fev_bench,fev-bench,b02_fev_rossmann_1w,b02_fev_rossmann_1w,Rossmann,medium,WAPE,TiRex,7.544068044350276,TRUE,TRUE,0.1697,0.18925,ML_TREE,-0.10903672007737757,-0.019550000000000012,-0.10330250990752979,0.0017937219730941704,LIT,FALSE,TRUE,Source A benchmark extraction,1115,1115
b02_fev_rossmann_1w__TimesFM-2.5__SQL,B02_fev_rossmann_1W,shchur_2025_fev_bench,fev-bench,b02_fev_rossmann_1w,b02_fev_rossmann_1w,Rossmann,medium,SQL,TimesFM-2.5,8.301029995663981,TRUE,TRUE,0.4952,0.67985,ML_TREE,-0.3169104642313086,-0.18464999999999998,-0.27160403030080166,0.0017937219730941704,LIT,FALSE,TRUE,Source A benchmark extraction,1115,1115
b02_fev_rossmann_1w__TimesFM-2.5__MASE,B02_fev_rossmann_1W,shchur_2025_fev_bench,fev-bench,b02_fev_rossmann_1w,b02_fev_rossmann_1w,Rossmann,medium,MASE,TimesFM-2.5,8.301029995663981,TRUE,TRUE,0.6543,0.67985,ML_TREE,-0.038306223726001926,-0.02554999999999996,-0.037581819519011496,0.0017937219730941704,LIT,FALSE,TRUE,Source A benchmark extraction,1115,1115
b02_fev_rossmann_1w__TimesFM-2.5__WAPE,B02_fev_rossmann_1W,shchur_2025_fev_bench,fev-bench,b02_fev_rossmann_1w,b02_fev_rossmann_1w,Rossmann,medium,WAPE,TimesFM-2.5,8.301029995663981,TRUE,TRUE,0.1803,0.18925,ML_TREE,-0.048446762108286696,-0.0089500000000000135,-0.0472919418758257,0.0017937219730941704,LIT,FALSE,TRUE,Source A benchmark extraction,1115,1115
b02_fev_rossmann_1w__Toto-1.0__SQL,B02_fev_rossmann_1W,shchur_2025_fev_bench,fev-bench,b02_fev_rossmann_1w,b02_fev_rossmann_1w,Rossmann,medium,SQL,Toto-1.0,8,TRUE,TRUE,0.4944,0.67985,ML_TREE,-0.3185272794582139,-0.18544999999999995,-0.27278076046186656,0.0017937219730941704,LIT,FALSE,TRUE,Source A benchmark extraction,1115,1115
b02_fev_rossmann_1w__Toto-1.0__MASE,B02_fev_rossmann_1W,shchur_2025_fev_bench,fev-bench,b02_fev_rossmann_1w,b02_fev_rossmann_1w,Rossmann,medium,MASE,Toto-1.0,8,TRUE,TRUE,0.6319,0.67985,ML_TREE,-0.07314103182228533,-0.04794999999999994,-0.0705302640288298,0.0017937219730941704,LIT,FALSE,TRUE,Source A benchmark extraction,1115,1115
b02_fev_rossmann_1w__Toto-1.0__WAPE,B02_fev_rossmann_1W,shchur_2025_fev_bench,fev-bench,b02_fev_rossmann_1w,b02_fev_rossmann_1w,Rossmann,medium,WAPE,Toto-1.0,8,TRUE,TRUE,0.1733,0.18925,ML_TREE,-0.08804469559599773,-0.015949999999999992,-0.08428005284015848,0.0017937219730941704,LIT,FALSE,TRUE,Source A benchmark extraction,1115,1115
b02_fev_walmart__Chronos-2__SQL,B02_fev_walmart,shchur_2025_fev_bench,fev-bench,b02_fev_walmart,b02_fev_walmart,Walmart,long,SQL,Chronos-2,8.079181246047625,TRUE,TRUE,0.6478,1.2817500000000002,ML_TREE,-0.68239960392658106,-0.6339500000000001,-0.49459723034913206,6.811989100817438e-4,LIT,FALSE,TRUE,Source A benchmark extraction,2936,2936
b02_fev_walmart__Chronos-2__MASE,B02_fev_walmart,shchur_2025_fev_bench,fev-bench,b02_fev_walmart,b02_fev_walmart,Walmart,long,MASE,Chronos-2,8.079181246047625,TRUE,TRUE,0.8167,1.2817500000000002,ML_TREE,-0.45070978029958014,-0.4650500000000002,-0.3628242637019701,6.811989100817438e-4,LIT,FALSE,TRUE,Source A benchmark extraction,2936,2936
b02_fev_walmart__Chronos-2__WAPE,B02_fev_walmart,shchur_2025_fev_bench,fev-bench,b02_fev_walmart,b02_fev_walmart,Walmart,long,WAPE,Chronos-2,8.079181246047625,TRUE,TRUE,0.0934,0.16310000000000002,ML_TREE,-0.5574721643921714,-0.06970000000000003,-0.4273451870018395,6.811989100817438e-4,LIT,FALSE,TRUE,Source A benchmark extraction,2936,2936
b02_fev_walmart__Chronos-Bolt-Base__SQL,B02_fev_walmart,shchur_2025_fev_bench,fev-bench,b02_fev_walmart,b02_fev_walmart,Walmart,long,SQL,Chronos-Bolt-Base,7.662757831681574,TRUE,TRUE,0.774,1.2817500000000002,ML_TREE,-0.504409737074083,-0.5077500000000001,-0.3961380924517262,6.811989100817438e-4,LIT,FALSE,TRUE,Source A benchmark extraction,2936,2936
b02_fev_walmart__Chronos-Bolt-Base__MASE,B02_fev_walmart,shchur_2025_fev_bench,fev-bench,b02_fev_walmart,b02_fev_walmart,Walmart,long,MASE,Chronos-Bolt-Base,7.662757831681574,TRUE,TRUE,0.9671,1.2817500000000002,ML_TREE,-0.2816797079408927,-0.3146500000000002,-0.24548468890189207,6.811989100817438e-4,LIT,FALSE,TRUE,Source A benchmark extraction,2936,2936
b02_fev_walmart__Chronos-Bolt-Base__WAPE,B02_fev_walmart,shchur_2025_fev_bench,fev-bench,b02_fev_walmart,b02_fev_walmart,Walmart,long,WAPE,Chronos-Bolt-Base,7.662757831681574,TRUE,TRUE,0.1173,0.16310000000000002,ML_TREE,-0.3296287539675386,-0.04580000000000002,-0.28080931943592896,6.811989100817438e-4,LIT,FALSE,TRUE,Source A benchmark extraction,2936,2936
b02_fev_walmart__Moirai-2.0-Small__SQL,B02_fev_walmart,shchur_2025_fev_bench,fev-bench,b02_fev_walmart,b02_fev_walmart,Walmart,long,SQL,Moirai-2.0-Small,7.041392685158225,TRUE,TRUE,0.845,1.2817500000000002,ML_TREE,-0.41664498330663624,-0.4367500000000002,-0.3407450750926469,6.811989100817438e-4,LIT,FALSE,TRUE,Source A benchmark extraction,2936,2936
b02_fev_walmart__Moirai-2.0-Small__MASE,B02_fev_walmart,shchur_2025_fev_bench,fev-bench,b02_fev_walmart,b02_fev_walmart,Walmart,long,MASE,Moirai-2.0-Small,7.041392685158225,TRUE,TRUE,1.056,1.2817500000000002,ML_TREE,-0.1937381463976032,-0.22575000000000012,-0.17612638970157993,6.811989100817438e-4,LIT,FALSE,TRUE,Source A benchmark extraction,2936,2936
b02_fev_walmart__Moirai-2.0-Small__WAPE,B02_fev_walmart,shchur_2025_fev_bench,fev-bench,b02_fev_walmart,b02_fev_walmart,Walmart,long,WAPE,Moirai-2.0-Small,7.041392685158225,TRUE,TRUE,0.1315,0.16310000000000002,ML_TREE,-0.21535665800914908,-0.03160000000000002,-0.19374616799509511,6.811989100817438e-4,LIT,FALSE,TRUE,Source A benchmark extraction,2936,2936
b02_fev_walmart__TabPFN-TS__SQL,B02_fev_walmart,shchur_2025_fev_bench,fev-bench,b02_fev_walmart,b02_fev_walmart,Walmart,long,SQL,TabPFN-TS,7.079181246047625,TRUE,TRUE,0.6619,1.2817500000000002,ML_TREE,-0.6608671235389328,-0.6198500000000001,-0.48359664521162476,6.811989100817438e-4,LIT,FALSE,TRUE,Source A benchmark extraction,2936,2936
b02_fev_walmart__TabPFN-TS__MASE,B02_fev_walmart,shchur_2025_fev_bench,fev-bench,b02_fev_walmart,b02_fev_walmart,Walmart,long,MASE,TabPFN-TS,7.079181246047625,TRUE,TRUE,0.8318,1.2817500000000002,ML_TREE,-0.43238958335499883,-0.4499500000000002,-0.3510434952213771,6.811989100817438e-4,LIT,FALSE,TRUE,Source A benchmark extraction,2936,2936
b02_fev_walmart__TabPFN-TS__WAPE,B02_fev_walmart,shchur_2025_fev_bench,fev-bench,b02_fev_walmart,b02_fev_walmart,Walmart,long,WAPE,TabPFN-TS,7.079181246047625,TRUE,TRUE,0.0943,0.16310000000000002,ML_TREE,-0.5478823199875567,-0.06880000000000003,-0.42182709993868805,6.811989100817438e-4,LIT,FALSE,TRUE,Source A benchmark extraction,2936,2936
b02_fev_walmart__TiRex__SQL,B02_fev_walmart,shchur_2025_fev_bench,fev-bench,b02_fev_walmart,b02_fev_walmart,Walmart,long,SQL,TiRex,7.544068044350276,TRUE,TRUE,0.7075,1.2817500000000002,ML_TREE,-0.5942439811464173,-0.5742500000000001,-0.4480202847669203,6.811989100817438e-4,LIT,FALSE,TRUE,Source A benchmark extraction,2936,2936
b02_fev_walmart__TiRex__MASE,B02_fev_walmart,shchur_2025_fev_bench,fev-bench,b02_fev_walmart,b02_fev_walmart,Walmart,long,MASE,TiRex,7.544068044350276,TRUE,TRUE,0.8862,1.2817500000000002,ML_TREE,-0.36903895189842106,-0.3955500000000002,-0.3086015213575191,6.811989100817438e-4,LIT,FALSE,TRUE,Source A benchmark extraction,2936,2936
b02_fev_walmart__TiRex__WAPE,B02_fev_walmart,shchur_2025_fev_bench,fev-bench,b02_fev_walmart,b02_fev_walmart,Walmart,long,WAPE,TiRex,7.544068044350276,TRUE,TRUE,0.1054,0.16310000000000002,ML_TREE,-0.4366008735197065,-0.05770000000000003,-0.35377069282648693,6.811989100817438e-4,LIT,FALSE,TRUE,Source A benchmark extraction,2936,2936
b02_fev_walmart__TimesFM-2.5__SQL,B02_fev_walmart,shchur_2025_fev_bench,fev-bench,b02_fev_walmart,b02_fev_walmart,Walmart,long,SQL,TimesFM-2.5,8.301029995663981,TRUE,TRUE,0.6794,1.2817500000000002,ML_TREE,-0.6347715549373266,-0.6023500000000002,-0.46994343670762634,6.811989100817438e-4,LIT,FALSE,TRUE,Source A benchmark extraction,2936,2936
b02_fev_walmart__TimesFM-2.5__MASE,B02_fev_walmart,shchur_2025_fev_bench,fev-bench,b02_fev_walmart,b02_fev_walmart,Walmart,long,MASE,TimesFM-2.5,8.301029995663981,TRUE,TRUE,0.8615,1.2817500000000002,ML_TREE,-0.39730655469582576,-0.4202500000000001,-0.327872049931734,6.811989100817438e-4,LIT,FALSE,TRUE,Source A benchmark extraction,2936,2936
b02_fev_walmart__TimesFM-2.5__WAPE,B02_fev_walmart,shchur_2025_fev_bench,fev-bench,b02_fev_walmart,b02_fev_walmart,Walmart,long,WAPE,TimesFM-2.5,8.301029995663981,TRUE,TRUE,0.1016,0.16310000000000002,ML_TREE,-0.47331997448258684,-0.06150000000000003,-0.3770692826486819,6.811989100817438e-4,LIT,FALSE,TRUE,Source A benchmark extraction,2936,2936
b02_fev_walmart__Toto-1.0__SQL,B02_fev_walmart,shchur_2025_fev_bench,fev-bench,b02_fev_walmart,b02_fev_walmart,Walmart,long,SQL,Toto-1.0,8,TRUE,TRUE,0.9072,1.2817500000000002,ML_TREE,-0.3456186776903225,-0.37455000000000016,-0.29221767115272096,6.811989100817438e-4,LIT,FALSE,TRUE,Source A benchmark extraction,2936,2936
b02_fev_walmart__Toto-1.0__MASE,B02_fev_walmart,shchur_2025_fev_bench,fev-bench,b02_fev_walmart,b02_fev_walmart,Walmart,long,MASE,Toto-1.0,8,TRUE,TRUE,1.1258,1.2817500000000002,ML_TREE,-0.12973243763388392,-0.15595000000000026,-0.12166959235420342,6.811989100817438e-4,LIT,FALSE,TRUE,Source A benchmark extraction,2936,2936
b02_fev_walmart__Toto-1.0__WAPE,B02_fev_walmart,shchur_2025_fev_bench,fev-bench,b02_fev_walmart,b02_fev_walmart,Walmart,long,WAPE,Toto-1.0,8,TRUE,TRUE,0.1385,0.16310000000000002,ML_TREE,-0.16349318399957502,-0.02460000000000001,-0.15082771305947276,6.811989100817438e-4,LIT,FALSE,TRUE,Source A benchmark extraction,2936,2936
b03_gift_car_parts_m__Chronos-2__MASE,B03_gift_car_parts_M,aksu_2024_gift_eval,GIFT-Eval,b03_gift_car_parts_m,b03_gift_car_parts_m,Car Parts,medium,MASE,Chronos-2,8.079181246047625,FALSE,TRUE,0.836,1.21075,STATS,-0.37036666819863684,-0.37475,-0.3095188932479868,7.479431563201197e-4,LIT,FALSE,TRUE,Source A benchmark extraction,2674,2674
b03_gift_car_parts_m__Chronos-2__WAPE,B03_gift_car_parts_M,aksu_2024_gift_eval,GIFT-Eval,b03_gift_car_parts_m,b03_gift_car_parts_m,Car Parts,medium,WAPE,Chronos-2,8.079181246047625,FALSE,TRUE,1.0871,1.6,STATS,-0.386490029017918,-0.5129000000000001,-0.3205625000000001,7.479431563201197e-4,LIT,FALSE,TRUE,Source A benchmark extraction,2674,2674
b03_gift_car_parts_m__Chronos-2__SQL,B03_gift_car_parts_M,aksu_2024_gift_eval,GIFT-Eval,b03_gift_car_parts_m,b03_gift_car_parts_m,Car Parts,medium,SQL,Chronos-2,8.079181246047625,FALSE,TRUE,0.966,1.53085,STATS,-0.4604145814656633,-0.5648500000000001,-0.36897801874775454,7.479431563201197e-4,LIT,FALSE,TRUE,Source A benchmark extraction,2674,2674
b03_gift_car_parts_m__TiRex__MASE,B03_gift_car_parts_M,aksu_2024_gift_eval,GIFT-Eval,b03_gift_car_parts_m,b03_gift_car_parts_m,Car Parts,medium,MASE,TiRex,7.544068044350276,FALSE,TRUE,0.8469,1.21075,STATS,-0.35741265735578515,-0.36385,-0.3005162089613876,7.479431563201197e-4,LIT,FALSE,TRUE,Source A benchmark extraction,2674,2674
b03_gift_car_parts_m__TiRex__WAPE,B03_gift_car_parts_M,aksu_2024_gift_eval,GIFT-Eval,b03_gift_car_parts_m,b03_gift_car_parts_m,Car Parts,medium,WAPE,TiRex,7.544068044350276,FALSE,TRUE,1.102,1.6,STATS,-0.37287691851501287,-0.498,-0.31124999999999997,7.479431563201197e-4,LIT,FALSE,TRUE,Source A benchmark extraction,2674,2674
b03_gift_car_parts_m__TiRex__SQL,B03_gift_car_parts_M,aksu_2024_gift_eval,GIFT-Eval,b03_gift_car_parts_m,b03_gift_car_parts_m,Car Parts,medium,SQL,TiRex,7.544068044350276,FALSE,TRUE,0.9952,1.53085,STATS,-0.43063469369326624,-0.5356500000000001,-0.3499036482999641,7.479431563201197e-4,LIT,FALSE,TRUE,Source A benchmark extraction,2674,2674
b03_gift_car_parts_m__TimesFM-2.5__MASE,B03_gift_car_parts_M,aksu_2024_gift_eval,GIFT-Eval,b03_gift_car_parts_m,b03_gift_car_parts_m,Car Parts,medium,MASE,TimesFM-2.5,8.301029995663981,FALSE,TRUE,0.8384,1.21075,STATS,-0.36749996771656074,-0.37234999999999996,-0.3075366508362585,7.479431563201197e-4,LIT,FALSE,TRUE,Source A benchmark extraction,2674,2674
b03_gift_car_parts_m__TimesFM-2.5__WAPE,B03_gift_car_parts_M,aksu_2024_gift_eval,GIFT-Eval,b03_gift_car_parts_m,b03_gift_car_parts_m,Car Parts,medium,WAPE,TimesFM-2.5,8.301029995663981,FALSE,TRUE,1.1121,1.6,STATS,-0.36375350940307627,-0.4879,-0.3049375,7.479431563201197e-4,LIT,FALSE,TRUE,Source A benchmark extraction,2674,2674
b03_gift_car_parts_m__TimesFM-2.5__SQL,B03_gift_car_parts_M,aksu_2024_gift_eval,GIFT-Eval,b03_gift_car_parts_m,b03_gift_car_parts_m,Car Parts,medium,SQL,TimesFM-2.5,8.301029995663981,FALSE,TRUE,0.9421,1.53085,STATS,-0.485466989623559,-0.58875,-0.38459026031289806,7.479431563201197e-4,LIT,FALSE,TRUE,Source A benchmark extraction,2674,2674
b03_gift_car_parts_m__Moirai-2.0-Small__MASE,B03_gift_car_parts_M,aksu_2024_gift_eval,GIFT-Eval,b03_gift_car_parts_m,b03_gift_car_parts_m,Car Parts,medium,MASE,Moirai-2.0-Small,7.041392685158225,FALSE,TRUE,0.8266,1.21075,STATS,-0.38167437920570646,-0.38415,-0.31728267602725585,7.479431563201197e-4,LIT,FALSE,TRUE,Source A benchmark extraction,2674,2674
b03_gift_car_parts_m__Moirai-2.0-Small__WAPE,B03_gift_car_parts_M,aksu_2024_gift_eval,GIFT-Eval,b03_gift_car_parts_m,b03_gift_car_parts_m,Car Parts,medium,WAPE,Moirai-2.0-Small,7.041392685158225,FALSE,TRUE,1.0844,1.6,STATS,-0.3889767906033622,-0.5156000000000001,-0.32225000000000004,7.479431563201197e-4,LIT,FALSE,TRUE,Source A benchmark extraction,2674,2674
b03_gift_car_parts_m__Moirai-2.0-Small__SQL,B03_gift_car_parts_M,aksu_2024_gift_eval,GIFT-Eval,b03_gift_car_parts_m,b03_gift_car_parts_m,Car Parts,medium,SQL,Moirai-2.0-Small,7.041392685158225,FALSE,TRUE,0.9362,1.53085,STATS,-0.491749286812211,-0.59465,-0.3884443283143352,7.479431563201197e-4,LIT,FALSE,TRUE,Source A benchmark extraction,2674,2674
b03_gift_car_parts_m__Chronos-Bolt-Base__MASE,B03_gift_car_parts_M,aksu_2024_gift_eval,GIFT-Eval,b03_gift_car_parts_m,b03_gift_car_parts_m,Car Parts,medium,MASE,Chronos-Bolt-Base,7.662757831681574,FALSE,TRUE,0.8551,1.21075,STATS,-0.34777686012142894,-0.35565,-0.2937435473879827,7.479431563201197e-4,LIT,FALSE,TRUE,Source A benchmark extraction,2674,2674
b03_gift_car_parts_m__Chronos-Bolt-Base__WAPE,B03_gift_car_parts_M,aksu_2024_gift_eval,GIFT-Eval,b03_gift_car_parts_m,b03_gift_car_parts_m,Car Parts,medium,WAPE,Chronos-Bolt-Base,7.662757831681574,FALSE,TRUE,1.1508,1.6,STATS,-0.32954627655047986,-0.44920000000000004,-0.28075,7.479431563201197e-4,LIT,FALSE,TRUE,Source A benchmark extraction,2674,2674
b03_gift_car_parts_m__Chronos-Bolt-Base__SQL,B03_gift_car_parts_M,aksu_2024_gift_eval,GIFT-Eval,b03_gift_car_parts_m,b03_gift_car_parts_m,Car Parts,medium,SQL,Chronos-Bolt-Base,7.662757831681574,FALSE,TRUE,0.9945,1.53085,STATS,-0.4313383173841543,-0.53635,-0.3503609106052193,7.479431563201197e-4,LIT,FALSE,TRUE,Source A benchmark extraction,2674,2674
b03_gift_car_parts_m__Toto-1.0__MASE,B03_gift_car_parts_M,aksu_2024_gift_eval,GIFT-Eval,b03_gift_car_parts_m,b03_gift_car_parts_m,Car Parts,medium,MASE,Toto-1.0,8,FALSE,TRUE,0.8104,1.21075,STATS,-0.4014673283488648,-0.40035,-0.33066281230642164,7.479431563201197e-4,LIT,FALSE,TRUE,Source A benchmark extraction,2674,2674
b03_gift_car_parts_m__Toto-1.0__WAPE,B03_gift_car_parts_M,aksu_2024_gift_eval,GIFT-Eval,b03_gift_car_parts_m,b03_gift_car_parts_m,Car Parts,medium,WAPE,Toto-1.0,8,FALSE,TRUE,1.0198,1.6,STATS,-0.45039709960681723,-0.5802,-0.36262500000000003,7.479431563201197e-4,LIT,FALSE,TRUE,Source A benchmark extraction,2674,2674
b03_gift_car_parts_m__Toto-1.0__SQL,B03_gift_car_parts_M,aksu_2024_gift_eval,GIFT-Eval,b03_gift_car_parts_m,b03_gift_car_parts_m,Car Parts,medium,SQL,Toto-1.0,8,FALSE,TRUE,0.899,1.53085,STATS,-0.532295381206561,-0.63185,-0.4127445536793285,7.479431563201197e-4,LIT,FALSE,TRUE,Source A benchmark extraction,2674,2674
b03_gift_car_parts_m__TabPFN-TS__MASE,B03_gift_car_parts_M,aksu_2024_gift_eval,GIFT-Eval,b03_gift_car_parts_m,b03_gift_car_parts_m,Car Parts,medium,MASE,TabPFN-TS,7.079181246047625,FALSE,TRUE,0.8476,1.21075,STATS,-0.35658645488919444,-0.36315,-0.2999380549246335,7.479431563201197e-4,LIT,FALSE,TRUE,Source A benchmark extraction,2674,2674
b03_gift_car_parts_m__TabPFN-TS__WAPE,B03_gift_car_parts_M,aksu_2024_gift_eval,GIFT-Eval,b03_gift_car_parts_m,b03_gift_car_parts_m,Car Parts,medium,WAPE,TabPFN-TS,7.079181246047625,FALSE,TRUE,1.1239,1.6,STATS,-0.3531988497036513,-0.4761000000000002,-0.2975625000000001,7.479431563201197e-4,LIT,FALSE,TRUE,Source A benchmark extraction,2674,2674
b03_gift_car_parts_m__TabPFN-TS__SQL,B03_gift_car_parts_M,aksu_2024_gift_eval,GIFT-Eval,b03_gift_car_parts_m,b03_gift_car_parts_m,Car Parts,medium,SQL,TabPFN-TS,7.079181246047625,FALSE,TRUE,0.9696,1.53085,STATS,-0.4566948003631312,-0.56125,-0.36662638403501324,7.479431563201197e-4,LIT,FALSE,TRUE,Source A benchmark extraction,2674,2674
b03_gift_hierarchical_sales_d__Chronos-2__MASE,B03_gift_hierarchical_sales_D,aksu_2024_gift_eval,GIFT-Eval,b03_gift_hierarchical_sales_d,b03_gift_hierarchical_sales_d,Hierarchical Sales,medium,MASE,Chronos-2,8.079181246047625,FALSE,TRUE,0.744,1.0214,STATS,-0.3168884793804517,-0.2774000000000001,-0.2715880164480126,0.01694915254237288,LIT,FALSE,TRUE,Source A benchmark extraction,118,118
b03_gift_hierarchical_sales_d__Chronos-2__WAPE,B03_gift_hierarchical_sales_D,aksu_2024_gift_eval,GIFT-Eval,b03_gift_hierarchical_sales_d,b03_gift_hierarchical_sales_d,Hierarchical Sales,medium,WAPE,Chronos-2,8.079181246047625,FALSE,TRUE,0.7091,0.9581500000000001,STATS,-0.3010077816045534,-0.2490500000000001,-0.25992798622345153,0.01694915254237288,LIT,FALSE,TRUE,Source A benchmark extraction,118,118
b03_gift_hierarchical_sales_d__Chronos-2__SQL,B03_gift_hierarchical_sales_D,aksu_2024_gift_eval,GIFT-Eval,b03_gift_hierarchical_sales_d,b03_gift_hierarchical_sales_d,Hierarchical Sales,medium,SQL,Chronos-2,8.079181246047625,FALSE,TRUE,0.5789,1.33375,STATS,-0.8346200515310043,-0.75485,-0.5659606373008436,0.01694915254237288,LIT,FALSE,TRUE,Source A benchmark extraction,118,118
b03_gift_hierarchical_sales_d__TiRex__MASE,B03_gift_hierarchical_sales_D,aksu_2024_gift_eval,GIFT-Eval,b03_gift_hierarchical_sales_d,b03_gift_hierarchical_sales_d,Hierarchical Sales,medium,MASE,TiRex,7.544068044350276,FALSE,TRUE,0.7452,1.0214,STATS,-0.3152768754861103,-0.2762000000000001,-0.27041315841002556,0.01694915254237288,LIT,FALSE,TRUE,Source A benchmark extraction,118,118
b03_gift_hierarchical_sales_d__TiRex__WAPE,B03_gift_hierarchical_sales_D,aksu_2024_gift_eval,GIFT-Eval,b03_gift_hierarchical_sales_d,b03_gift_hierarchical_sales_d,Hierarchical Sales,medium,WAPE,TiRex,7.544068044350276,FALSE,TRUE,0.7083,0.9581500000000001,STATS,-0.3021366091549273,-0.24985000000000002,-0.2607629285602463,0.01694915254237288,LIT,FALSE,TRUE,Source A benchmark extraction,118,118
b03_gift_hierarchical_sales_d__TiRex__SQL,B03_gift_hierarchical_sales_D,aksu_2024_gift_eval,GIFT-Eval,b03_gift_hierarchical_sales_d,b03_gift_hierarchical_sales_d,Hierarchical Sales,medium,SQL,TiRex,7.544068044350276,FALSE,TRUE,0.5702,1.33375,STATS,-0.8497626261373915,-0.76355,-0.5724835988753514,0.01694915254237288,LIT,FALSE,TRUE,Source A benchmark extraction,118,118
b03_gift_hierarchical_sales_d__TimesFM-2.5__MASE,B03_gift_hierarchical_sales_D,aksu_2024_gift_eval,GIFT-Eval,b03_gift_hierarchical_sales_d,b03_gift_hierarchical_sales_d,Hierarchical Sales,medium,MASE,TimesFM-2.5,8.301029995663981,FALSE,TRUE,0.745,1.0214,STATS,-0.3155452958339841,-0.2764000000000001,-0.27060896808302337,0.01694915254237288,LIT,FALSE,TRUE,Source A benchmark extraction,118,118
b03_gift_hierarchical_sales_d__TimesFM-2.5__WAPE,B03_gift_hierarchical_sales_D,aksu_2024_gift_eval,GIFT-Eval,b03_gift_hierarchical_sales_d,b03_gift_hierarchical_sales_d,Hierarchical Sales,medium,WAPE,TimesFM-2.5,8.301029995663981,FALSE,TRUE,0.7087,0.9581500000000001,STATS,-0.3015720360982939,-0.24945000000000006,-0.26034545739184894,0.01694915254237288,LIT,FALSE,TRUE,Source A benchmark extraction,118,118
b03_gift_hierarchical_sales_d__TimesFM-2.5__SQL,B03_gift_hierarchical_sales_D,aksu_2024_gift_eval,GIFT-Eval,b03_gift_hierarchical_sales_d,b03_gift_hierarchical_sales_d,Hierarchical Sales,medium,SQL,TimesFM-2.5,8.301029995663981,FALSE,TRUE,0.5736,1.33375,STATS,-0.8438175133305524,-0.76015,-0.5699343955014058,0.01694915254237288,LIT,FALSE,TRUE,Source A benchmark extraction,118,118
b03_gift_hierarchical_sales_d__Moirai-2.0-Small__MASE,B03_gift_hierarchical_sales_D,aksu_2024_gift_eval,GIFT-Eval,b03_gift_hierarchical_sales_d,b03_gift_hierarchical_sales_d,Hierarchical Sales,medium,MASE,Moirai-2.0-Small,7.041392685158225,FALSE,TRUE,0.748,1.0214,STATS,-0.3115265362390664,-0.2734000000000001,-0.2676718229880557,0.01694915254237288,LIT,FALSE,TRUE,Source A benchmark extraction,118,118
b03_gift_hierarchical_sales_d__Moirai-2.0-Small__WAPE,B03_gift_hierarchical_sales_D,aksu_2024_gift_eval,GIFT-Eval,b03_gift_hierarchical_sales_d,b03_gift_hierarchical_sales_d,Hierarchical Sales,medium,WAPE,Moirai-2.0-Small,7.041392685158225,FALSE,TRUE,0.7112,0.9581500000000001,STATS,-0.2980506577148093,-0.24695,-0.2577362625893649,0.01694915254237288,LIT,FALSE,TRUE,Source A benchmark extraction,118,118
b03_gift_hierarchical_sales_d__Moirai-2.0-Small__SQL,B03_gift_hierarchical_sales_D,aksu_2024_gift_eval,GIFT-Eval,b03_gift_hierarchical_sales_d,b03_gift_hierarchical_sales_d,Hierarchical Sales,medium,SQL,Moirai-2.0-Small,7.041392685158225,FALSE,TRUE,0.577,1.33375,STATS,-0.8379075361078636,-0.75675,-0.5673851921274602,0.01694915254237288,LIT,FALSE,TRUE,Source A benchmark extraction,118,118
b03_gift_hierarchical_sales_d__Chronos-Bolt-Base__MASE,B03_gift_hierarchical_sales_D,aksu_2024_gift_eval,GIFT-Eval,b03_gift_hierarchical_sales_d,b03_gift_hierarchical_sales_d,Hierarchical Sales,medium,MASE,Chronos-Bolt-Base,7.662757831681574,FALSE,TRUE,0.7428,1.0214,STATS,-0.3185026847349929,-0.27860000000000007,-0.2727628744859997,0.01694915254237288,LIT,FALSE,TRUE,Source A benchmark extraction,118,118
b03_gift_hierarchical_sales_d__Chronos-Bolt-Base__WAPE,B03_gift_hierarchical_sales_D,aksu_2024_gift_eval,GIFT-Eval,b03_gift_hierarchical_sales_d,b03_gift_hierarchical_sales_d,Hierarchical Sales,medium,WAPE,Chronos-Bolt-Base,7.662757831681574,FALSE,TRUE,0.708,0.9581500000000001,STATS,-0.3025602482207846,-0.2501500000000001,-0.26107603193654444,0.01694915254237288,LIT,FALSE,TRUE,Source A benchmark extraction,118,118
b03_gift_hierarchical_sales_d__Chronos-Bolt-Base__SQL,B03_gift_hierarchical_sales_D,aksu_2024_gift_eval,GIFT-Eval,b03_gift_hierarchical_sales_d,b03_gift_hierarchical_sales_d,Hierarchical Sales,medium,SQL,Chronos-Bolt-Base,7.662757831681574,FALSE,TRUE,0.5761,1.33375,STATS,-0.8394685458776259,-0.75765,-0.5680599812558575,0.01694915254237288,LIT,FALSE,TRUE,Source A benchmark extraction,118,118
b03_gift_hierarchical_sales_d__Toto-1.0__MASE,B03_gift_hierarchical_sales_D,aksu_2024_gift_eval,GIFT-Eval,b03_gift_hierarchical_sales_d,b03_gift_hierarchical_sales_d,Hierarchical Sales,medium,MASE,Toto-1.0,8,FALSE,TRUE,0.7354,1.0214,STATS,-0.32851494534637193,-0.28600000000000003,-0.2800078323869199,0.01694915254237288,LIT,FALSE,TRUE,Source A benchmark extraction,118,118
b03_gift_hierarchical_sales_d__Toto-1.0__WAPE,B03_gift_hierarchical_sales_D,aksu_2024_gift_eval,GIFT-Eval,b03_gift_hierarchical_sales_d,b03_gift_hierarchical_sales_d,Hierarchical Sales,medium,WAPE,Toto-1.0,8,FALSE,TRUE,0.7031,0.9581500000000001,STATS,-0.30950521270938874,-0.2550500000000001,-0.266190053749413,0.01694915254237288,LIT,FALSE,TRUE,Source A benchmark extraction,118,118
b03_gift_hierarchical_sales_d__Toto-1.0__SQL,B03_gift_hierarchical_sales_D,aksu_2024_gift_eval,GIFT-Eval,b03_gift_hierarchical_sales_d,b03_gift_hierarchical_sales_d,Hierarchical Sales,medium,SQL,Toto-1.0,8,FALSE,TRUE,0.5704,1.33375,STATS,-0.8494119335158768,-0.76335,-0.5723336457357076,0.01694915254237288,LIT,FALSE,TRUE,Source A benchmark extraction,118,118
b03_gift_hierarchical_sales_d__TabPFN-TS__MASE,B03_gift_hierarchical_sales_D,aksu_2024_gift_eval,GIFT-Eval,b03_gift_hierarchical_sales_d,b03_gift_hierarchical_sales_d,Hierarchical Sales,medium,MASE,TabPFN-TS,7.079181246047625,FALSE,TRUE,0.7595,1.0214,STATS,-0.2962691921777162,-0.26190000000000013,-0.2564127667906796,0.01694915254237288,LIT,FALSE,TRUE,Source A benchmark extraction,118,118
b03_gift_hierarchical_sales_d__TabPFN-TS__WAPE,B03_gift_hierarchical_sales_D,aksu_2024_gift_eval,GIFT-Eval,b03_gift_hierarchical_sales_d,b03_gift_hierarchical_sales_d,Hierarchical Sales,medium,WAPE,TabPFN-TS,7.079181246047625,FALSE,TRUE,0.7274,0.9581500000000001,STATS,-0.27552780936161547,-0.23075,-0.2408286802692689,0.01694915254237288,LIT,FALSE,TRUE,Source A benchmark extraction,118,118
b03_gift_hierarchical_sales_d__TabPFN-TS__SQL,B03_gift_hierarchical_sales_D,aksu_2024_gift_eval,GIFT-Eval,b03_gift_hierarchical_sales_d,b03_gift_hierarchical_sales_d,Hierarchical Sales,medium,SQL,TabPFN-TS,7.079181246047625,FALSE,TRUE,0.5917,1.33375,STATS,-0.8127500529333147,-0.74205,-0.5563636363636364,0.01694915254237288,LIT,FALSE,TRUE,Source A benchmark extraction,118,118
b03_gift_hierarchical_sales_w__Chronos-2__MASE,B03_gift_hierarchical_sales_W,aksu_2024_gift_eval,GIFT-Eval,b03_gift_hierarchical_sales_w,b03_gift_hierarchical_sales_w,Hierarchical Sales,medium,MASE,Chronos-2,8.079181246047625,FALSE,TRUE,0.7093,0.9704999999999999,STATS,-0.31353283440102375,-0.2611999999999999,-0.2691396187532199,0.01694915254237288,LIT,FALSE,TRUE,Source A benchmark extraction,118,118
b03_gift_hierarchical_sales_w__Chronos-2__WAPE,B03_gift_hierarchical_sales_W,aksu_2024_gift_eval,GIFT-Eval,b03_gift_hierarchical_sales_w,b03_gift_hierarchical_sales_w,Hierarchical Sales,medium,WAPE,Chronos-2,8.079181246047625,FALSE,TRUE,0.4039,0.606,STATS,-0.4057126634999473,-0.2021,-0.3334983498349835,0.01694915254237288,LIT,FALSE,TRUE,Source A benchmark extraction,118,118
b03_gift_hierarchical_sales_w__Chronos-2__SQL,B03_gift_hierarchical_sales_W,aksu_2024_gift_eval,GIFT-Eval,b03_gift_hierarchical_sales_w,b03_gift_hierarchical_sales_w,Hierarchical Sales,medium,SQL,Chronos-2,8.079181246047625,FALSE,TRUE,0.3407,0.7371000000000001,STATS,-0.7717212435283223,-0.3964000000000001,-0.5377832044498712,0.01694915254237288,LIT,FALSE,TRUE,Source A benchmark extraction,118,118
b03_gift_hierarchical_sales_w__TiRex__MASE,B03_gift_hierarchical_sales_W,aksu_2024_gift_eval,GIFT-Eval,b03_gift_hierarchical_sales_w,b03_gift_hierarchical_sales_w,Hierarchical Sales,medium,MASE,TiRex,7.544068044350276,FALSE,TRUE,0.722,0.9704999999999999,STATS,-0.29578626371623873,-0.24849999999999994,-0.25605358062854194,0.01694915254237288,LIT,FALSE,TRUE,Source A benchmark extraction,118,118
b03_gift_hierarchical_sales_w__TiRex__WAPE,B03_gift_hierarchical_sales_W,aksu_2024_gift_eval,GIFT-Eval,b03_gift_hierarchical_sales_w,b03_gift_hierarchical_sales_w,Hierarchical Sales,medium,WAPE,TiRex,7.544068044350276,FALSE,TRUE,0.4093,0.606,STATS,-0.3924316025709571,-0.19669999999999999,-0.3245874587458746,0.01694915254237288,LIT,FALSE,TRUE,Source A benchmark extraction,118,118
b03_gift_hierarchical_sales_w__TiRex__SQL,B03_gift_hierarchical_sales_W,aksu_2024_gift_eval,GIFT-Eval,b03_gift_hierarchical_sales_w,b03_gift_hierarchical_sales_w,Hierarchical Sales,medium,SQL,TiRex,7.544068044350276,FALSE,TRUE,0.3477,0.7371000000000001,STATS,-0.7513835291814275,-0.3894000000000001,-0.5282865282865283,0.01694915254237288,LIT,FALSE,TRUE,Source A benchmark extraction,118,118
b03_gift_hierarchical_sales_w__TimesFM-2.5__MASE,B03_gift_hierarchical_sales_W,aksu_2024_gift_eval,GIFT-Eval,b03_gift_hierarchical_sales_w,b03_gift_hierarchical_sales_w,Hierarchical Sales,medium,MASE,TimesFM-2.5,8.301029995663981,FALSE,TRUE,0.7191,0.9704999999999999,STATS,-0.29981097250061656,-0.25139999999999996,-0.25904173106646056,0.01694915254237288,LIT,FALSE,TRUE,Source A benchmark extraction,118,118
b03_gift_hierarchical_sales_w__TimesFM-2.5__WAPE,B03_gift_hierarchical_sales_W,aksu_2024_gift_eval,GIFT-Eval,b03_gift_hierarchical_sales_w,b03_gift_hierarchical_sales_w,Hierarchical Sales,medium,WAPE,TimesFM-2.5,8.301029995663981,FALSE,TRUE,0.4139,0.606,STATS,-0.3812555873146278,-0.1921,-0.316996699669967,0.01694915254237288,LIT,FALSE,TRUE,Source A benchmark extraction,118,118
b03_gift_hierarchical_sales_w__TimesFM-2.5__SQL,B03_gift_hierarchical_sales_W,aksu_2024_gift_eval,GIFT-Eval,b03_gift_hierarchical_sales_w,b03_gift_hierarchical_sales_w,Hierarchical Sales,medium,SQL,TimesFM-2.5,8.301029995663981,FALSE,TRUE,0.3478,0.7371000000000001,STATS,-0.7510959662750606,-0.3893000000000001,-0.5281508614841949,0.01694915254237288,LIT,FALSE,TRUE,Source A benchmark extraction,118,118
b03_gift_hierarchical_sales_w__Moirai-2.0-Small__MASE,B03_gift_hierarchical_sales_W,aksu_2024_gift_eval,GIFT-Eval,b03_gift_hierarchical_sales_w,b03_gift_hierarchical_sales_w,Hierarchical Sales,medium,MASE,Moirai-2.0-Small,7.041392685158225,FALSE,TRUE,0.7381,0.9704999999999999,STATS,-0.2737320858330582,-0.23239999999999994,-0.23946419371458008,0.01694915254237288,LIT,FALSE,TRUE,Source A benchmark extraction,118,118
b03_gift_hierarchical_sales_w__Moirai-2.0-Small__WAPE,B03_gift_hierarchical_sales_W,aksu_2024_gift_eval,GIFT-Eval,b03_gift_hierarchical_sales_w,b03_gift_hierarchical_sales_w,Hierarchical Sales,medium,WAPE,Moirai-2.0-Small,7.041392685158225,FALSE,TRUE,0.4199,0.606,STATS,-0.36686339837916687,-0.1861,-0.3070957095709571,0.01694915254237288,LIT,FALSE,TRUE,Source A benchmark extraction,118,118
b03_gift_hierarchical_sales_w__Moirai-2.0-Small__SQL,B03_gift_hierarchical_sales_W,aksu_2024_gift_eval,GIFT-Eval,b03_gift_hierarchical_sales_w,b03_gift_hierarchical_sales_w,Hierarchical Sales,medium,SQL,Moirai-2.0-Small,7.041392685158225,FALSE,TRUE,0.3521,0.7371000000000001,STATS,-0.7388083420342363,-0.38500000000000006,-0.5223171889838557,0.01694915254237288,LIT,FALSE,TRUE,Source A benchmark extraction,118,118
b03_gift_hierarchical_sales_w__Chronos-Bolt-Base__MASE,B03_gift_hierarchical_sales_W,aksu_2024_gift_eval,GIFT-Eval,b03_gift_hierarchical_sales_w,b03_gift_hierarchical_sales_w,Hierarchical Sales,medium,MASE,Chronos-Bolt-Base,7.662757831681574,FALSE,TRUE,0.7327,0.9704999999999999,STATS,-0.2810750614431467,-0.2377999999999999,-0.24502833590932502,0.01694915254237288,LIT,FALSE,TRUE,Source A benchmark extraction,118,118
b03_gift_hierarchical_sales_w__Chronos-Bolt-Base__WAPE,B03_gift_hierarchical_sales_W,aksu_2024_gift_eval,GIFT-Eval,b03_gift_hierarchical_sales_w,b03_gift_hierarchical_sales_w,Hierarchical Sales,medium,WAPE,Chronos-Bolt-Base,7.662757831681574,FALSE,TRUE,0.4171,0.606,STATS,-0.3735539848664149,-0.18889999999999996,-0.31171617161716164,0.01694915254237288,LIT,FALSE,TRUE,Source A benchmark extraction,118,118
b03_gift_hierarchical_sales_w__Chronos-Bolt-Base__SQL,B03_gift_hierarchical_sales_W,aksu_2024_gift_eval,GIFT-Eval,b03_gift_hierarchical_sales_w,b03_gift_hierarchical_sales_w,Hierarchical Sales,medium,SQL,Chronos-Bolt-Base,7.662757831681574,FALSE,TRUE,0.3526,0.7371000000000001,STATS,-0.7373892982314733,-0.38450000000000006,-0.5216388549721883,0.01694915254237288,LIT,FALSE,TRUE,Source A benchmark extraction,118,118
b03_gift_hierarchical_sales_w__Toto-1.0__MASE,B03_gift_hierarchical_sales_W,aksu_2024_gift_eval,GIFT-Eval,b03_gift_hierarchical_sales_w,b03_gift_hierarchical_sales_w,Hierarchical Sales,medium,MASE,Toto-1.0,8,FALSE,TRUE,0.7443,0.9704999999999999,STATS,-0.26536722324319995,-0.22619999999999996,-0.23307573415765068,0.01694915254237288,LIT,FALSE,TRUE,Source A benchmark extraction,118,118
b03_gift_hierarchical_sales_w__Toto-1.0__WAPE,B03_gift_hierarchical_sales_W,aksu_2024_gift_eval,GIFT-Eval,b03_gift_hierarchical_sales_w,b03_gift_hierarchical_sales_w,Hierarchical Sales,medium,WAPE,Toto-1.0,8,FALSE,TRUE,0.4198,0.606,STATS,-0.3671015786827818,-0.18619999999999998,-0.30726072607260724,0.01694915254237288,LIT,FALSE,TRUE,Source A benchmark extraction,118,118
b03_gift_hierarchical_sales_w__Toto-1.0__SQL,B03_gift_hierarchical_sales_W,aksu_2024_gift_eval,GIFT-Eval,b03_gift_hierarchical_sales_w,b03_gift_hierarchical_sales_w,Hierarchical Sales,medium,SQL,Toto-1.0,8,FALSE,TRUE,0.3558,0.7371000000000001,STATS,-0.7283547929635085,-0.3813000000000001,-0.5172975172975174,0.01694915254237288,LIT,FALSE,TRUE,Source A benchmark extraction,118,118
b03_gift_hierarchical_sales_w__TabPFN-TS__MASE,B03_gift_hierarchical_sales_W,aksu_2024_gift_eval,GIFT-Eval,b03_gift_hierarchical_sales_w,b03_gift_hierarchical_sales_w,Hierarchical Sales,medium,MASE,TabPFN-TS,7.079181246047625,FALSE,TRUE,0.7311,0.9704999999999999,STATS,-0.28326115330979473,-0.23939999999999995,-0.24667697063369393,0.01694915254237288,LIT,FALSE,TRUE,Source A benchmark extraction,118,118
b03_gift_hierarchical_sales_w__TabPFN-TS__WAPE,B03_gift_hierarchical_sales_W,aksu_2024_gift_eval,GIFT-Eval,b03_gift_hierarchical_sales_w,b03_gift_hierarchical_sales_w,Hierarchical Sales,medium,WAPE,TabPFN-TS,7.079181246047625,FALSE,TRUE,0.413,0.606,STATS,-0.38343239310828175,-0.193,-0.3184818481848185,0.01694915254237288,LIT,FALSE,TRUE,Source A benchmark extraction,118,118
b03_gift_hierarchical_sales_w__TabPFN-TS__SQL,B03_gift_hierarchical_sales_W,aksu_2024_gift_eval,GIFT-Eval,b03_gift_hierarchical_sales_w,b03_gift_hierarchical_sales_w,Hierarchical Sales,medium,SQL,TabPFN-TS,7.079181246047625,FALSE,TRUE,0.3455,0.7371000000000001,STATS,-0.7577309249875187,-0.3916000000000001,-0.5312711979378647,0.01694915254237288,LIT,FALSE,TRUE,Source A benchmark extraction,118,118
b03_gift_restaurant_d__Chronos-2__MASE,B03_gift_restaurant_D,aksu_2024_gift_eval,GIFT-Eval,b03_gift_restaurant_d,b03_gift_restaurant_d,Restaurant,medium,MASE,Chronos-2,8.079181246047625,FALSE,TRUE,0.6777,0.93355,STATS,-0.32028981126927747,-0.25585,-0.27406137860853735,0.0024600246002460025,LIT,FALSE,TRUE,Source A benchmark extraction,813,813
b03_gift_restaurant_d__Chronos-2__WAPE,B03_gift_restaurant_D,aksu_2024_gift_eval,GIFT-Eval,b03_gift_restaurant_d,b03_gift_restaurant_d,Restaurant,medium,WAPE,Chronos-2,8.079181246047625,FALSE,TRUE,0.3252,0.46085,STATS,-0.34863223276601774,-0.13565,-0.29434740154063144,0.0024600246002460025,LIT,FALSE,TRUE,Source A benchmark extraction,813,813
b03_gift_restaurant_d__Chronos-2__SQL,B03_gift_restaurant_D,aksu_2024_gift_eval,GIFT-Eval,b03_gift_restaurant_d,b03_gift_restaurant_d,Restaurant,medium,SQL,Chronos-2,8.079181246047625,FALSE,TRUE,0.2543,0.677,STATS,-0.979156600484201,-0.4227,-0.6243722304283604,0.0024600246002460025,LIT,FALSE,TRUE,Source A benchmark extraction,813,813
b03_gift_restaurant_d__TiRex__MASE,B03_gift_restaurant_D,aksu_2024_gift_eval,GIFT-Eval,b03_gift_restaurant_d,b03_gift_restaurant_d,Restaurant,medium,MASE,TiRex,7.544068044350276,FALSE,TRUE,0.6779,0.93355,STATS,-0.3199947389744249,-0.25565000000000004,-0.27384714262760435,0.0024600246002460025,LIT,FALSE,TRUE,Source A benchmark extraction,813,813
b03_gift_restaurant_d__TiRex__WAPE,B03_gift_restaurant_D,aksu_2024_gift_eval,GIFT-Eval,b03_gift_restaurant_d,b03_gift_restaurant_d,Restaurant,medium,WAPE,TiRex,7.544068044350276,FALSE,TRUE,0.3254,0.46085,STATS,-0.34801741565473565,-0.13544999999999996,-0.293913420852772,0.0024600246002460025,LIT,FALSE,TRUE,Source A benchmark extraction,813,813
b03_gift_restaurant_d__TiRex__SQL,B03_gift_restaurant_D,aksu_2024_gift_eval,GIFT-Eval,b03_gift_restaurant_d,b03_gift_restaurant_d,Restaurant,medium,SQL,TiRex,7.544068044350276,FALSE,TRUE,0.2548,0.677,STATS,-0.9771923492142667,-0.4222,-0.6236336779911373,0.0024600246002460025,LIT,FALSE,TRUE,Source A benchmark extraction,813,813
b03_gift_restaurant_d__TimesFM-2.5__MASE,B03_gift_restaurant_D,aksu_2024_gift_eval,GIFT-Eval,b03_gift_restaurant_d,b03_gift_restaurant_d,Restaurant,medium,MASE,TimesFM-2.5,8.301029995663981,FALSE,TRUE,0.6818,0.93355,STATS,-0.31425816370754206,-0.25175000000000003,-0.2696695409994109,0.0024600246002460025,LIT,FALSE,TRUE,Source A benchmark extraction,813,813
b03_gift_restaurant_d__TimesFM-2.5__WAPE,B03_gift_restaurant_D,aksu_2024_gift_eval,GIFT-Eval,b03_gift_restaurant_d,b03_gift_restaurant_d,Restaurant,medium,WAPE,TimesFM-2.5,8.301029995663981,FALSE,TRUE,0.3274,0.46085,STATS,-0.3418899455026385,-0.13344999999999996,-0.2895736139741781,0.0024600246002460025,LIT,FALSE,TRUE,Source A benchmark extraction,813,813
b03_gift_restaurant_d__TimesFM-2.5__SQL,B03_gift_restaurant_D,aksu_2024_gift_eval,GIFT-Eval,b03_gift_restaurant_d,b03_gift_restaurant_d,Restaurant,medium,SQL,TimesFM-2.5,8.301029995663981,FALSE,TRUE,0.2565,0.677,STATS,-0.9705426083014509,-0.42050000000000004,-0.6211225997045791,0.0024600246002460025,LIT,FALSE,TRUE,Source A benchmark extraction,813,813
b03_gift_restaurant_d__Moirai-2.0-Small__MASE,B03_gift_restaurant_D,aksu_2024_gift_eval,GIFT-Eval,b03_gift_restaurant_d,b03_gift_restaurant_d,Restaurant,medium,MASE,Moirai-2.0-Small,7.041392685158225,FALSE,TRUE,0.696,0.93355,STATS,-0.2936448630769252,-0.23755000000000004,-0.25445878635316804,0.0024600246002460025,LIT,FALSE,TRUE,Source A benchmark extraction,813,813
b03_gift_restaurant_d__Moirai-2.0-Small__WAPE,B03_gift_restaurant_D,aksu_2024_gift_eval,GIFT-Eval,b03_gift_restaurant_d,b03_gift_restaurant_d,Restaurant,medium,WAPE,Moirai-2.0-Small,7.041392685158225,FALSE,TRUE,0.3323,0.46085,STATS,-0.3270344350791247,-0.12855,-0.2789410871216231,0.0024600246002460025,LIT,FALSE,TRUE,Source A benchmark extraction,813,813
b03_gift_restaurant_d__Moirai-2.0-Small__SQL,B03_gift_restaurant_D,aksu_2024_gift_eval,GIFT-Eval,b03_gift_restaurant_d,b03_gift_restaurant_d,Restaurant,medium,SQL,Moirai-2.0-Small,7.041392685158225,FALSE,TRUE,0.2604,0.677,STATS,-0.9554523625778608,-0.4166,-0.6153618906942393,0.0024600246002460025,LIT,FALSE,TRUE,Source A benchmark extraction,813,813
b03_gift_restaurant_d__Chronos-Bolt-Base__MASE,B03_gift_restaurant_D,aksu_2024_gift_eval,GIFT-Eval,b03_gift_restaurant_d,b03_gift_restaurant_d,Restaurant,medium,MASE,Chronos-Bolt-Base,7.662757831681574,FALSE,TRUE,0.7004,0.93355,STATS,-0.2873429229996479,-0.23314999999999997,-0.24974559477264202,0.0024600246002460025,LIT,FALSE,TRUE,Source A benchmark extraction,813,813
b03_gift_restaurant_d__Chronos-Bolt-Base__WAPE,B03_gift_restaurant_D,aksu_2024_gift_eval,GIFT-Eval,b03_gift_restaurant_d,b03_gift_restaurant_d,Restaurant,medium,WAPE,Chronos-Bolt-Base,7.662757831681574,FALSE,TRUE,0.3373,0.46085,STATS,-0.3120998683720686,-0.12355,-0.26809156992513833,0.0024600246002460025,LIT,FALSE,TRUE,Source A benchmark extraction,813,813
b03_gift_restaurant_d__Chronos-Bolt-Base__SQL,B03_gift_restaurant_D,aksu_2024_gift_eval,GIFT-Eval,b03_gift_restaurant_d,b03_gift_restaurant_d,Restaurant,medium,SQL,Chronos-Bolt-Base,7.662757831681574,FALSE,TRUE,0.264,0.677,STATS,-0.9417221697659588,-0.41300000000000003,-0.6100443131462334,0.0024600246002460025,LIT,FALSE,TRUE,Source A benchmark extraction,813,813
b03_gift_restaurant_d__Toto-1.0__MASE,B03_gift_restaurant_D,aksu_2024_gift_eval,GIFT-Eval,b03_gift_restaurant_d,b03_gift_restaurant_d,Restaurant,medium,MASE,Toto-1.0,8,FALSE,TRUE,0.7835,0.93355,STATS,-0.1752234616152692,-0.15005000000000002,-0.16073054469498155,0.0024600246002460025,LIT,FALSE,TRUE,Source A benchmark extraction,813,813
b03_gift_restaurant_d__Toto-1.0__WAPE,B03_gift_restaurant_D,aksu_2024_gift_eval,GIFT-Eval,b03_gift_restaurant_d,b03_gift_restaurant_d,Restaurant,medium,WAPE,Toto-1.0,8,FALSE,TRUE,0.3782,0.46085,STATS,-0.19764945421531613,-0.08265,-0.17934251925789305,0.0024600246002460025,LIT,FALSE,TRUE,Source A benchmark extraction,813,813
b03_gift_restaurant_d__Toto-1.0__SQL,B03_gift_restaurant_D,aksu_2024_gift_eval,GIFT-Eval,b03_gift_restaurant_d,b03_gift_restaurant_d,Restaurant,medium,SQL,Toto-1.0,8,FALSE,TRUE,0.2974,0.677,STATS,-0.8225932388862204,-0.37960000000000005,-0.5607090103397342,0.0024600246002460025,LIT,FALSE,TRUE,Source A benchmark extraction,813,813
b03_gift_restaurant_d__TabPFN-TS__MASE,B03_gift_restaurant_D,aksu_2024_gift_eval,GIFT-Eval,b03_gift_restaurant_d,b03_gift_restaurant_d,Restaurant,medium,MASE,TabPFN-TS,7.079181246047625,FALSE,TRUE,0.6978,0.93355,STATS,-0.29106199465867105,-0.23575000000000002,-0.2525306625247711,0.0024600246002460025,LIT,FALSE,TRUE,Source A benchmark extraction,813,813
b03_gift_restaurant_d__TabPFN-TS__WAPE,B03_gift_restaurant_D,aksu_2024_gift_eval,GIFT-Eval,b03_gift_restaurant_d,b03_gift_restaurant_d,Restaurant,medium,WAPE,TabPFN-TS,7.079181246047625,FALSE,TRUE,0.335,0.46085,STATS,-0.31894207861460666,-0.12584999999999996,-0.27308234783552127,0.0024600246002460025,LIT,FALSE,TRUE,Source A benchmark extraction,813,813
b03_gift_restaurant_d__TabPFN-TS__SQL,B03_gift_restaurant_D,aksu_2024_gift_eval,GIFT-Eval,b03_gift_restaurant_d,b03_gift_restaurant_d,Restaurant,medium,SQL,TabPFN-TS,7.079181246047625,FALSE,TRUE,0.2629,0.677,STATS,-0.9458975411764394,-0.4141,-0.611669128508124,0.0024600246002460025,LIT,FALSE,TRUE,Source A benchmark extraction,813,813
local_mac_favorita_h7__chronos2__WAPE,LOCAL_MAC_favorita_h7,source_b_gap_filling_experiments,SourceB,local_mac_favorita_h7,local_mac_favorita_h7,Favorita,short,WAPE,chronos2,8.079181246047625,FALSE,TRUE,0.4769,0.5723666666666667,ML_TREE,-0.1824729863474686,-0.0954666666666667,-0.16679284840719824,6.0839999999999993e-5,LOCAL,TRUE,FALSE,Source B descriptive only: unmatched n_series/workload and no paired prediction-error covariance,2992,25180
local_mac_favorita_h14__chronos2__WAPE,LOCAL_MAC_favorita_h14,source_b_gap_filling_experiments,SourceB,local_mac_favorita_h14,local_mac_favorita_h14,Favorita,medium,WAPE,chronos2,8.079181246047625,FALSE,TRUE,0.4812,0.5831666666666667,ML_TREE,-0.19219003903910928,-0.1019666666666667,-0.1748499571306088,6.560999999999999e-5,LOCAL,TRUE,FALSE,Source B descriptive only: unmatched n_series/workload and no paired prediction-error covariance,2992,25103
local_mac_favorita_h28__chronos2__WAPE,LOCAL_MAC_favorita_h28,source_b_gap_filling_experiments,SourceB,local_mac_favorita_h28,local_mac_favorita_h28,Favorita,long,WAPE,chronos2,8.079181246047625,FALSE,TRUE,0.486,0.5970666666666666,ML_TREE,-0.2058201527159416,-0.11106666666666665,-0.18602054488610983,6.4e-5,LOCAL,TRUE,FALSE,Source B descriptive only: unmatched n_series/workload and no paired prediction-error covariance,2988,24943.666666666668
local_mac_m5_h7__chronos2__WAPE,LOCAL_MAC_m5_h7,source_b_gap_filling_experiments,SourceB,local_mac_m5_h7,local_mac_m5_h7,M5,short,WAPE,chronos2,8.079181246047625,FALSE,TRUE,0.8786,1.4276666666666666,ML_TREE,-0.485466957405582,-0.5490666666666666,-0.3845902404856409,1.1664000000000001e-4,LOCAL,TRUE,FALSE,Source B descriptive only: unmatched n_series/workload and no paired prediction-error covariance,3000,30480
local_mac_m5_h14__chronos2__WAPE,LOCAL_MAC_m5_h14,source_b_gap_filling_experiments,SourceB,local_mac_m5_h14,local_mac_m5_h14,M5,medium,WAPE,chronos2,8.079181246047625,FALSE,TRUE,0.8867,1.4869333333333334,ML_TREE,-0.516964406072079,-0.6002333333333334,-0.40367198708751795,1.1236e-4,LOCAL,TRUE,FALSE,Source B descriptive only: unmatched n_series/workload and no paired prediction-error covariance,3000,30478
local_mac_m5_h28__chronos2__WAPE,LOCAL_MAC_m5_h28,source_b_gap_filling_experiments,SourceB,local_mac_m5_h28,local_mac_m5_h28,M5,long,WAPE,chronos2,8.079181246047625,FALSE,TRUE,0.8987,1.5925,ML_TREE,-0.5721111127819907,-0.6938,-0.4356671899529042,1.0404000000000001e-4,LOCAL,TRUE,FALSE,Source B descriptive only: unmatched n_series/workload and no paired prediction-error covariance,3000,30462
local_mac_favorita_h28__chronos_bolt_tiny__WAPE,LOCAL_MAC_favorita_h28,source_b_gap_filling_experiments,SourceB,local_mac_favorita_h28,local_mac_favorita_h28,Favorita,long,WAPE,chronos_bolt_tiny,6.954242509439325,FALSE,TRUE,0.4888,0.5970666666666666,ML_TREE,-0.20007536875904972,-0.10826666666666662,-0.18133095131755242,6.0839999999999993e-5,LOCAL,TRUE,FALSE,Source B descriptive only: unmatched n_series/workload and no paired prediction-error covariance,2988,24943.666666666668
local_mac_favorita_h14__chronos_bolt_tiny__WAPE,LOCAL_MAC_favorita_h14,source_b_gap_filling_experiments,SourceB,local_mac_favorita_h14,local_mac_favorita_h14,Favorita,medium,WAPE,chronos_bolt_tiny,6.954242509439325,FALSE,TRUE,0.4853,0.5831666666666667,ML_TREE,-0.18370576672846262,-0.09786666666666671,-0.16781937696484717,6.0839999999999993e-5,LOCAL,TRUE,FALSE,Source B descriptive only: unmatched n_series/workload and no paired prediction-error covariance,2992,25103
local_mac_favorita_h7__chronos_bolt_tiny__WAPE,LOCAL_MAC_favorita_h7,source_b_gap_filling_experiments,SourceB,local_mac_favorita_h7,local_mac_favorita_h7,Favorita,short,WAPE,chronos_bolt_tiny,6.954242509439325,FALSE,TRUE,0.4819,0.5723666666666667,ML_TREE,-0.17204318800536025,-0.0904666666666667,-0.15805718944732403,5.625e-5,LOCAL,TRUE,FALSE,Source B descriptive only: unmatched n_series/workload and no paired prediction-error covariance,2992,25180
local_mac_favorita_h28__moirai2__WAPE,LOCAL_MAC_favorita_h28,source_b_gap_filling_experiments,SourceB,local_mac_favorita_h28,local_mac_favorita_h28,Favorita,long,WAPE,moirai2,7.041392685158225,FALSE,TRUE,0.4873,0.5970666666666666,ML_TREE,-0.20314882676697477,-0.10976666666666662,-0.18384323358642246,6.560999999999999e-5,LOCAL,TRUE,FALSE,Source B descriptive only: unmatched n_series/workload and no paired prediction-error covariance,147262,24943.666666666668
local_mac_favorita_h14__moirai2__WAPE,LOCAL_MAC_favorita_h14,source_b_gap_filling_experiments,SourceB,local_mac_favorita_h14,local_mac_favorita_h14,Favorita,medium,WAPE,moirai2,7.041392685158225,FALSE,TRUE,0.4816,0.5831666666666667,ML_TREE,-0.19135912914502187,-0.10156666666666675,-0.17416404687053455,6.560999999999999e-5,LOCAL,TRUE,FALSE,Source B descriptive only: unmatched n_series/workload and no paired prediction-error covariance,150209,25103
local_mac_favorita_h7__moirai2__WAPE,LOCAL_MAC_favorita_h7,source_b_gap_filling_experiments,SourceB,local_mac_favorita_h7,local_mac_favorita_h7,Favorita,short,WAPE,moirai2,7.041392685158225,FALSE,TRUE,0.4771,0.5723666666666667,ML_TREE,-0.18205369912958594,-0.09526666666666667,-0.16644342204880322,6.241000000000001e-5,LOCAL,TRUE,FALSE,Source B descriptive only: unmatched n_series/workload and no paired prediction-error covariance,151757,25180
local_mac_m5_h28__timesfm25__WAPE,LOCAL_MAC_m5_h28,source_b_gap_filling_experiments,SourceB,local_mac_m5_h28,local_mac_m5_h28,M5,long,WAPE,timesfm25,8.301029995663981,FALSE,TRUE,0.948,1.5925,ML_TREE,-0.5187058851912967,-0.6445000000000001,-0.4047095761381476,0.0020328277854375944,LOCAL,TRUE,FALSE,Source B descriptive only: unmatched n_series/workload and no paired prediction-error covariance,500,30462
local_mac_m5_h14__timesfm25__WAPE,LOCAL_MAC_m5_h14,source_b_gap_filling_experiments,SourceB,local_mac_m5_h14,local_mac_m5_h14,M5,medium,WAPE,timesfm25,8.301029995663981,FALSE,TRUE,0.9436,1.4869333333333334,ML_TREE,-0.4547687649245205,-0.5433333333333334,-0.3654053084648494,0.0020328105518734826,LOCAL,TRUE,FALSE,Source B descriptive only: unmatched n_series/workload and no paired prediction-error covariance,500,30478
local_mac_m5_h7__timesfm25__WAPE,LOCAL_MAC_m5_h7,source_b_gap_filling_experiments,SourceB,local_mac_m5_h7,local_mac_m5_h7,M5,short,WAPE,timesfm25,8.301029995663981,FALSE,TRUE,0.9435,1.4276666666666666,ML_TREE,-0.4142003241386564,-0.48416666666666663,-0.33913144991828154,0.0020328083989501313,LOCAL,TRUE,FALSE,Source B descriptive only: unmatched n_series/workload and no paired prediction-error covariance,500,30480
local_mac_m5_h28__tirex__WAPE,LOCAL_MAC_m5_h28,source_b_gap_filling_experiments,SourceB,local_mac_m5_h28,local_mac_m5_h28,M5,long,WAPE,tirex,7.544068044350276,FALSE,TRUE,0.9138,1.5925,ML_TREE,-0.5554486583171473,-0.6787000000000001,-0.42618524332810054,1.0404000000000001e-4,LOCAL,TRUE,FALSE,Source B descriptive only: unmatched n_series/workload and no paired prediction-error covariance,1000,30462
local_mac_m5_h14__tirex__WAPE,LOCAL_MAC_m5_h14,source_b_gap_filling_experiments,SourceB,local_mac_m5_h14,local_mac_m5_h14,M5,medium,WAPE,tirex,7.544068044350276,FALSE,TRUE,0.9067,1.4869333333333334,ML_TREE,-0.49465947780603,-0.5802333333333335,-0.3902214849354377,1.1448999999999998e-4,LOCAL,TRUE,FALSE,Source B descriptive only: unmatched n_series/workload and no paired prediction-error covariance,1000,30478
local_mac_m5_h7__tirex__WAPE,LOCAL_MAC_m5_h7,source_b_gap_filling_experiments,SourceB,local_mac_m5_h7,local_mac_m5_h7,M5,short,WAPE,tirex,7.544068044350276,FALSE,TRUE,0.9026,1.4276666666666666,ML_TREE,-0.45851720155436054,-0.5250666666666667,-0.36777959374270375,1.2321e-4,LOCAL,TRUE,FALSE,Source B descriptive only: unmatched n_series/workload and no paired prediction-error covariance,1000,30480
local_mac_m5_h28__chronos_bolt_tiny__WAPE,LOCAL_MAC_m5_h28,source_b_gap_filling_experiments,SourceB,local_mac_m5_h28,local_mac_m5_h28,M5,long,WAPE,chronos_bolt_tiny,6.954242509439325,FALSE,TRUE,0.9106,1.5925,ML_TREE,-0.5589566645456369,-0.6819000000000001,-0.4281946624803768,1.1664000000000001e-4,LOCAL,TRUE,FALSE,Source B descriptive only: unmatched n_series/workload and no paired prediction-error covariance,3000,30462
local_mac_m5_h14__chronos_bolt_tiny__WAPE,LOCAL_MAC_m5_h14,source_b_gap_filling_experiments,SourceB,local_mac_m5_h14,local_mac_m5_h14,M5,medium,WAPE,chronos_bolt_tiny,6.954242509439325,FALSE,TRUE,0.9022,1.4869333333333334,ML_TREE,-0.4996348874837449,-0.5847333333333334,-0.3932478479196557,1.3455999999999999e-4,LOCAL,TRUE,FALSE,Source B descriptive only: unmatched n_series/workload and no paired prediction-error covariance,3000,30478
local_mac_m5_h7__chronos_bolt_tiny__WAPE,LOCAL_MAC_m5_h7,source_b_gap_filling_experiments,SourceB,local_mac_m5_h7,local_mac_m5_h7,M5,short,WAPE,chronos_bolt_tiny,6.954242509439325,FALSE,TRUE,0.8973,1.4276666666666666,ML_TREE,-0.46440643464324916,-0.5303666666666667,-0.3714919448984357,1.4884000000000002e-4,LOCAL,TRUE,FALSE,Source B descriptive only: unmatched n_series/workload and no paired prediction-error covariance,3000,30480
local_mac_m5_h28__moirai2__WAPE,LOCAL_MAC_m5_h28,source_b_gap_filling_experiments,SourceB,local_mac_m5_h28,local_mac_m5_h28,M5,long,WAPE,moirai2,7.041392685158225,FALSE,TRUE,0.9013,1.5925,ML_TREE,-0.5692222218839544,-0.6912,-0.43403453689167976,1.0816e-4,LOCAL,TRUE,FALSE,Source B descriptive only: unmatched n_series/workload and no paired prediction-error covariance,30490,30462
local_mac_m5_h14__moirai2__WAPE,LOCAL_MAC_m5_h14,source_b_gap_filling_experiments,SourceB,local_mac_m5_h14,local_mac_m5_h14,M5,medium,WAPE,moirai2,7.041392685158225,FALSE,TRUE,0.8931,1.4869333333333334,ML_TREE,-0.5097725557682,-0.5938333333333334,-0.39936782639885227,1.1448999999999998e-4,LOCAL,TRUE,FALSE,Source B descriptive only: unmatched n_series/workload and no paired prediction-error covariance,30490,30478
local_mac_m5_h7__moirai2__WAPE,LOCAL_MAC_m5_h7,source_b_gap_filling_experiments,SourceB,local_mac_m5_h7,local_mac_m5_h7,M5,short,WAPE,moirai2,7.041392685158225,FALSE,TRUE,0.8875,1.4276666666666666,ML_TREE,-0.47538816759769037,-0.5401666666666667,-0.3783562923184684,1.2099999999999999e-4,LOCAL,TRUE,FALSE,Source B descriptive only: unmatched n_series/workload and no paired prediction-error covariance,30490,30480
local_mac_rohlik_h28__timesfm25__WAPE,LOCAL_MAC_rohlik_h28,source_b_gap_filling_experiments,SourceB,local_mac_rohlik_h28,local_mac_rohlik_h28,Rohlik,long,WAPE,timesfm25,8.301029995663981,FALSE,TRUE,0.3534,0.4293,ML_TREE,-0.1945554153449189,-0.07590000000000002,-0.17679944095038438,4.901718697804466e-4,LOCAL,TRUE,FALSE,Source B descriptive only: unmatched n_series/workload and no paired prediction-error covariance,4549,3699
local_mac_rohlik_h14__timesfm25__WAPE,LOCAL_MAC_rohlik_h14,source_b_gap_filling_experiments,SourceB,local_mac_rohlik_h14,local_mac_rohlik_h14,Rohlik,medium,WAPE,timesfm25,8.301029995663981,FALSE,TRUE,0.3375,0.40186666666666665,ML_TREE,-0.17455484833159132,-0.06436666666666663,-0.16016921035169202,4.8658866197534296e-4,LOCAL,TRUE,FALSE,Source B descriptive only: unmatched n_series/workload and no paired prediction-error covariance,4614,3705.6666666666665
local_mac_rohlik_h7__timesfm25__WAPE,LOCAL_MAC_rohlik_h7,source_b_gap_filling_experiments,SourceB,local_mac_rohlik_h7,local_mac_rohlik_h7,Rohlik,short,WAPE,timesfm25,8.301029995663981,FALSE,TRUE,0.3238,0.38283333333333336,ML_TREE,-0.16747369221750869,-0.05903333333333338,-0.15420113191118862,4.8440407698752217e-4,LOCAL,TRUE,FALSE,Source B descriptive only: unmatched n_series/workload and no paired prediction-error covariance,4651,3712
local_mac_rohlik_h28__tirex__WAPE,LOCAL_MAC_rohlik_h28,source_b_gap_filling_experiments,SourceB,local_mac_rohlik_h28,local_mac_rohlik_h28,Rohlik,long,WAPE,tirex,7.544068044350276,FALSE,TRUE,0.3534,0.4293,ML_TREE,-0.1945554153449189,-0.07590000000000002,-0.17679944095038438,1.69e-4,LOCAL,TRUE,FALSE,Source B descriptive only: unmatched n_series/workload and no paired prediction-error covariance,4549,3699
local_mac_rohlik_h14__tirex__WAPE,LOCAL_MAC_rohlik_h14,source_b_gap_filling_experiments,SourceB,local_mac_rohlik_h14,local_mac_rohlik_h14,Rohlik,medium,WAPE,tirex,7.544068044350276,FALSE,TRUE,0.3373,0.40186666666666665,ML_TREE,-0.17514761657657138,-0.06456666666666666,-0.16066688785666888,1.3225e-4,LOCAL,TRUE,FALSE,Source B descriptive only: unmatched n_series/workload and no paired prediction-error covariance,4614,3705.6666666666665
local_mac_rohlik_h7__tirex__WAPE,LOCAL_MAC_rohlik_h7,source_b_gap_filling_experiments,SourceB,local_mac_rohlik_h7,local_mac_rohlik_h7,Rohlik,short,WAPE,tirex,7.544068044350276,FALSE,TRUE,0.3232,0.38283333333333336,ML_TREE,-0.1693284068141031,-0.05963333333333337,-0.15576839355681332,1.2099999999999999e-4,LOCAL,TRUE,FALSE,Source B descriptive only: unmatched n_series/workload and no paired prediction-error covariance,4651,3712
local_mac_rohlik_h28__chronos2__WAPE,LOCAL_MAC_rohlik_h28,source_b_gap_filling_experiments,SourceB,local_mac_rohlik_h28,local_mac_rohlik_h28,Rohlik,long,WAPE,chronos2,8.079181246047625,FALSE,TRUE,0.3567,0.4293,ML_TREE,-0.1852608828656691,-0.0726,-0.16911250873515024,1.9600000000000002e-4,LOCAL,TRUE,FALSE,Source B descriptive only: unmatched n_series/workload and no paired prediction-error covariance,4549,3699
local_mac_rohlik_h14__chronos2__WAPE,LOCAL_MAC_rohlik_h14,source_b_gap_filling_experiments,SourceB,local_mac_rohlik_h14,local_mac_rohlik_h14,Rohlik,medium,WAPE,chronos2,8.079181246047625,FALSE,TRUE,0.3391,0.40186666666666665,ML_TREE,-0.16982530951258296,-0.06276666666666664,-0.15618779031187785,1.3924e-4,LOCAL,TRUE,FALSE,Source B descriptive only: unmatched n_series/workload and no paired prediction-error covariance,4614,3705.6666666666665
local_mac_rohlik_h7__chronos2__WAPE,LOCAL_MAC_rohlik_h7,source_b_gap_filling_experiments,SourceB,local_mac_rohlik_h7,local_mac_rohlik_h7,Rohlik,short,WAPE,chronos2,8.079181246047625,FALSE,TRUE,0.3243,0.38283333333333336,ML_TREE,-0.1659307201477711,-0.05853333333333338,-0.1528950805398347,1.2544e-4,LOCAL,TRUE,FALSE,Source B descriptive only: unmatched n_series/workload and no paired prediction-error covariance,4651,3712
local_mac_rohlik_h28__moirai2__WAPE,LOCAL_MAC_rohlik_h28,source_b_gap_filling_experiments,SourceB,local_mac_rohlik_h28,local_mac_rohlik_h28,Rohlik,long,WAPE,moirai2,7.041392685158225,FALSE,TRUE,0.3536,0.4293,ML_TREE,-0.19398964446702657,-0.07569999999999999,-0.17633356627067315,1.6384e-4,LOCAL,TRUE,FALSE,Source B descriptive only: unmatched n_series/workload and no paired prediction-error covariance,4549,3699
local_mac_rohlik_h14__moirai2__WAPE,LOCAL_MAC_rohlik_h14,source_b_gap_filling_experiments,SourceB,local_mac_rohlik_h14,local_mac_rohlik_h14,Rohlik,medium,WAPE,moirai2,7.041392685158225,FALSE,TRUE,0.3373,0.40186666666666665,ML_TREE,-0.17514761657657138,-0.06456666666666666,-0.16066688785666888,1.2321e-4,LOCAL,TRUE,FALSE,Source B descriptive only: unmatched n_series/workload and no paired prediction-error covariance,4614,3705.6666666666665
local_mac_rohlik_h7__moirai2__WAPE,LOCAL_MAC_rohlik_h7,source_b_gap_filling_experiments,SourceB,local_mac_rohlik_h7,local_mac_rohlik_h7,Rohlik,short,WAPE,moirai2,7.041392685158225,FALSE,TRUE,0.324,0.38283333333333336,ML_TREE,-0.16685621766871395,-0.05883333333333335,-0.15367871136264696,2.3039999999999996e-5,LOCAL,TRUE,FALSE,Source B descriptive only: unmatched n_series/workload and no paired prediction-error covariance,4651,3712
local_mac_rohlik_h28__chronos_bolt_tiny__WAPE,LOCAL_MAC_rohlik_h28,source_b_gap_filling_experiments,SourceB,local_mac_rohlik_h28,local_mac_rohlik_h28,Rohlik,long,WAPE,chronos_bolt_tiny,6.954242509439325,FALSE,TRUE,0.3606,0.4293,ML_TREE,-0.17438666446129808,-0.06870000000000004,-0.16002795248078275,1.8224999999999998e-4,LOCAL,TRUE,FALSE,Source B descriptive only: unmatched n_series/workload and no paired prediction-error covariance,4549,3699
local_mac_rohlik_h14__chronos_bolt_tiny__WAPE,LOCAL_MAC_rohlik_h14,source_b_gap_filling_experiments,SourceB,local_mac_rohlik_h14,local_mac_rohlik_h14,Rohlik,medium,WAPE,chronos_bolt_tiny,6.954242509439325,FALSE,TRUE,0.3453,0.40186666666666665,ML_TREE,-0.15170675424822938,-0.056566666666666654,-0.14075978765759786,1.3689e-4,LOCAL,TRUE,FALSE,Source B descriptive only: unmatched n_series/workload and no paired prediction-error covariance,4614,3705.6666666666665
local_mac_rohlik_h7__chronos_bolt_tiny__WAPE,LOCAL_MAC_rohlik_h7,source_b_gap_filling_experiments,SourceB,local_mac_rohlik_h7,local_mac_rohlik_h7,Rohlik,short,WAPE,chronos_bolt_tiny,6.954242509439325,FALSE,TRUE,0.3338,0.38283333333333336,ML_TREE,-0.13705772223330864,-0.04903333333333337,-0.1280801044841098,1.2321e-4,LOCAL,TRUE,FALSE,Source B descriptive only: unmatched n_series/workload and no paired prediction-error covariance,4651,3712
local_mac_favorita_h28__timesfm25__WAPE,LOCAL_MAC_favorita_h28,source_b_gap_filling_experiments,SourceB,local_mac_favorita_h28,local_mac_favorita_h28,Favorita,long,WAPE,timesfm25,8.301029995663981,FALSE,TRUE,0.5418,0.5970666666666666,ML_TREE,-0.09713184696544072,-0.055266666666666686,-0.09256364448414474,0.010244171969545525,LOCAL,TRUE,FALSE,Source B descriptive only: unmatched n_series/workload and no paired prediction-error covariance,98,24943.666666666668
local_mac_favorita_h14__timesfm25__WAPE,LOCAL_MAC_favorita_h14,source_b_gap_filling_experiments,SourceB,local_mac_favorita_h14,local_mac_favorita_h14,Favorita,medium,WAPE,timesfm25,8.301029995663981,FALSE,TRUE,0.5336,0.5831666666666667,ML_TREE,-0.08882652853821926,-0.04956666666666676,-0.08499571306087468,0.010039835876190097,LOCAL,TRUE,FALSE,Source B descriptive only: unmatched n_series/workload and no paired prediction-error covariance,100,25103
local_mac_favorita_h7__timesfm25__WAPE,LOCAL_MAC_favorita_h7,source_b_gap_filling_experiments,SourceB,local_mac_favorita_h7,local_mac_favorita_h7,Favorita,short,WAPE,timesfm25,8.301029995663981,FALSE,TRUE,0.5281,0.5723666666666667,ML_TREE,-0.08049415193875983,-0.044266666666666676,-0.07733970065808632,0.010039714058776808,LOCAL,TRUE,FALSE,Source B descriptive only: unmatched n_series/workload and no paired prediction-error covariance,100,25180
local_mac_favorita_h28__tirex__WAPE,LOCAL_MAC_favorita_h28,source_b_gap_filling_experiments,SourceB,local_mac_favorita_h28,local_mac_favorita_h28,Favorita,long,WAPE,tirex,7.544068044350276,FALSE,TRUE,0.5395,0.5970666666666666,ML_TREE,-0.10138599191824596,-0.057566666666666655,-0.09641581062974541,6.560999999999999e-5,LOCAL,TRUE,FALSE,Source B descriptive only: unmatched n_series/workload and no paired prediction-error covariance,98,24943.666666666668
local_mac_favorita_h14__tirex__WAPE,LOCAL_MAC_favorita_h14,source_b_gap_filling_experiments,SourceB,local_mac_favorita_h14,local_mac_favorita_h14,Favorita,medium,WAPE,tirex,7.544068044350276,FALSE,TRUE,0.5311,0.5831666666666667,ML_TREE,-0.09352269571127962,-0.052066666666666706,-0.08928265218633902,6.4e-5,LOCAL,TRUE,FALSE,Source B descriptive only: unmatched n_series/workload and no paired prediction-error covariance,100,25103
local_mac_favorita_h7__tirex__WAPE,LOCAL_MAC_favorita_h7,source_b_gap_filling_experiments,SourceB,local_mac_favorita_h7,local_mac_favorita_h7,Favorita,short,WAPE,tirex,7.544068044350276,FALSE,TRUE,0.5249,0.5723666666666667,ML_TREE,-0.08657204339339306,-0.04746666666666666,-0.08293052239240578,5.929e-5,LOCAL,TRUE,FALSE,Source B descriptive only: unmatched n_series/workload and no paired prediction-error covariance,100,25180
