run_id,panel_id,dataset,horizon,model_name,series_id,n_predictions,abs_y,abs_error,MAE,sMAPE,WAPE
source_b_repair_baselines_m5_rohlik_100_v2,m5_top_volume_100_20260714,M5,7,seasonal_naive,FOODS_1_218_TX_2_validation,378,5582.0,2998.0,7.931216931216931,58.26473900861756,0.5370834826227159
source_b_repair_baselines_m5_rohlik_100_v2,m5_top_volume_100_20260714,M5,7,seasonal_naive,FOODS_2_197_CA_1_validation,378,6349.0,2766.0,7.317460317460317,48.534520090416855,0.435659158922665
source_b_repair_baselines_m5_rohlik_100_v2,m5_top_volume_100_20260714,M5,7,seasonal_naive,FOODS_2_197_CA_3_validation,378,5223.0,2109.0,5.579365079365079,42.73408318374955,0.4037909247558874
source_b_repair_baselines_m5_rohlik_100_v2,m5_top_volume_100_20260714,M5,7,seasonal_naive,FOODS_2_276_CA_3_validation,378,3143.0,1750.0,4.62962962962963,61.76359236898287,0.5567928730512249
source_b_repair_baselines_m5_rohlik_100_v2,m5_top_volume_100_20260714,M5,7,seasonal_naive,FOODS_2_360_CA_3_validation,378,4857.0,3010.0,7.962962962962963,78.49992476164411,0.6197241095326333
source_b_repair_baselines_m5_rohlik_100_v2,m5_top_volume_100_20260714,M5,7,seasonal_naive,FOODS_2_360_TX_3_validation,378,3979.0,2248.0,5.947089947089947,44.78913919697836,0.5649660718773561
source_b_repair_baselines_m5_rohlik_100_v2,m5_top_volume_100_20260714,M5,7,seasonal_naive,FOODS_2_360_WI_2_validation,378,10631.0,7132.0,18.867724867724867,48.276001845859795,0.6708682155958988
source_b_repair_baselines_m5_rohlik_100_v2,m5_top_volume_100_20260714,M5,7,seasonal_naive,FOODS_3_007_WI_2_validation,378,8464.0,9382.0,24.82010582010582,98.1949008418582,1.1084593572778827
source_b_repair_baselines_m5_rohlik_100_v2,m5_top_volume_100_20260714,M5,7,seasonal_naive,FOODS_3_030_TX_2_validation,378,5036.0,2031.0,5.373015873015873,36.168873534485044,0.403296266878475
source_b_repair_baselines_m5_rohlik_100_v2,m5_top_volume_100_20260714,M5,7,seasonal_naive,FOODS_3_030_TX_3_validation,378,5820.0,2457.0,6.5,35.192819285080674,0.42216494845360825
source_b_repair_baselines_m5_rohlik_100_v2,m5_top_volume_100_20260714,M5,7,seasonal_naive,FOODS_3_080_CA_1_validation,378,6869.0,2606.0,6.894179894179894,38.31275634389621,0.37938564565438926
source_b_repair_baselines_m5_rohlik_100_v2,m5_top_volume_100_20260714,M5,7,seasonal_naive,FOODS_3_080_TX_2_validation,378,6590.0,1917.0,5.071428571428571,30.32303424448825,0.29089529590288316
source_b_repair_baselines_m5_rohlik_100_v2,m5_top_volume_100_20260714,M5,7,seasonal_naive,FOODS_3_090_CA_1_validation,378,18773.0,8333.0,22.044973544973544,43.38741742368956,0.4438821712033239
source_b_repair_baselines_m5_rohlik_100_v2,m5_top_volume_100_20260714,M5,7,seasonal_naive,FOODS_3_090_CA_2_validation,378,14152.0,5986.0,15.835978835978835,44.67503857705214,0.4229790842283776
source_b_repair_baselines_m5_rohlik_100_v2,m5_top_volume_100_20260714,M5,7,seasonal_naive,FOODS_3_090_CA_3_validation,378,36819.0,13340.0,35.29100529100529,53.923800369223606,0.3623129362557375
source_b_repair_baselines_m5_rohlik_100_v2,m5_top_volume_100_20260714,M5,7,seasonal_naive,FOODS_3_090_CA_4_validation,378,9660.0,4194.0,11.095238095238095,42.54229440248052,0.4341614906832298
source_b_repair_baselines_m5_rohlik_100_v2,m5_top_volume_100_20260714,M5,7,seasonal_naive,FOODS_3_090_TX_1_validation,378,16993.0,6459.0,17.08730158730159,37.86781727088562,0.38009768728299886
source_b_repair_baselines_m5_rohlik_100_v2,m5_top_volume_100_20260714,M5,7,seasonal_naive,FOODS_3_090_TX_2_validation,378,19339.0,7889.0,20.87037037037037,40.81857984292696,0.4079321578158126
source_b_repair_baselines_m5_rohlik_100_v2,m5_top_volume_100_20260714,M5,7,seasonal_naive,FOODS_3_090_TX_3_validation,378,21770.0,8502.0,22.49206349206349,39.58606915766023,0.39053743683968767
source_b_repair_baselines_m5_rohlik_100_v2,m5_top_volume_100_20260714,M5,7,seasonal_naive,FOODS_3_090_WI_3_validation,378,23889.0,8684.0,22.973544973544975,38.37343650756418,0.36351458830424044
source_b_repair_baselines_m5_rohlik_100_v2,m5_top_volume_100_20260714,M5,7,seasonal_naive,FOODS_3_099_TX_2_validation,378,5210.0,2157.0,5.7063492063492065,37.59746688366141,0.4140115163147793
source_b_repair_baselines_m5_rohlik_100_v2,m5_top_volume_100_20260714,M5,7,seasonal_naive,FOODS_3_120_CA_1_validation,378,15279.0,8110.0,21.455026455026456,70.21210639682631,0.5307939001243537
source_b_repair_baselines_m5_rohlik_100_v2,m5_top_volume_100_20260714,M5,7,seasonal_naive,FOODS_3_120_CA_3_validation,378,31365.0,8666.0,22.925925925925927,32.58676433188966,0.2762952335405707
source_b_repair_baselines_m5_rohlik_100_v2,m5_top_volume_100_20260714,M5,7,seasonal_naive,FOODS_3_120_WI_3_validation,378,12400.0,5089.0,13.462962962962964,49.685825848942464,0.4104032258064516
source_b_repair_baselines_m5_rohlik_100_v2,m5_top_volume_100_20260714,M5,7,seasonal_naive,FOODS_3_202_CA_3_validation,378,7882.0,3479.0,9.203703703703704,59.834936568201144,0.4413854351687389
source_b_repair_baselines_m5_rohlik_100_v2,m5_top_volume_100_20260714,M5,7,seasonal_naive,FOODS_3_202_TX_1_validation,378,8044.0,3383.0,8.94973544973545,43.986684101739414,0.4205619094977623
source_b_repair_baselines_m5_rohlik_100_v2,m5_top_volume_100_20260714,M5,7,seasonal_naive,FOODS_3_202_TX_2_validation,378,7798.0,4849.0,12.828042328042327,58.542016100989734,0.6218261092587843
source_b_repair_baselines_m5_rohlik_100_v2,m5_top_volume_100_20260714,M5,7,seasonal_naive,FOODS_3_202_TX_3_validation,378,9826.0,4191.0,11.087301587301587,42.61224245070357,0.42652147364135967
source_b_repair_baselines_m5_rohlik_100_v2,m5_top_volume_100_20260714,M5,7,seasonal_naive,FOODS_3_226_WI_1_validation,378,14808.0,3302.0,8.735449735449736,23.049450759057862,0.2229875742841707
source_b_repair_baselines_m5_rohlik_100_v2,m5_top_volume_100_20260714,M5,7,seasonal_naive,FOODS_3_226_WI_2_validation,378,14519.0,3998.0,10.576719576719576,29.730936205009684,0.2753633170328535
source_b_repair_baselines_m5_rohlik_100_v2,m5_top_volume_100_20260714,M5,7,seasonal_naive,FOODS_3_226_WI_3_validation,378,18132.0,4542.0,12.015873015873016,25.187312797113382,0.2504963600264725
source_b_repair_baselines_m5_rohlik_100_v2,m5_top_volume_100_20260714,M5,7,seasonal_naive,FOODS_3_234_CA_3_validation,378,7146.0,5891.0,15.584656084656086,84.46511891602148,0.8243772739994403
source_b_repair_baselines_m5_rohlik_100_v2,m5_top_volume_100_20260714,M5,7,seasonal_naive,FOODS_3_234_WI_2_validation,378,8932.0,10996.0,29.08994708994709,112.39437445018913,1.2310792655620242
source_b_repair_baselines_m5_rohlik_100_v2,m5_top_volume_100_20260714,M5,7,seasonal_naive,FOODS_3_234_WI_3_validation,378,7749.0,6179.0,16.34656084656085,92.95539299953892,0.7973932120273584
source_b_repair_baselines_m5_rohlik_100_v2,m5_top_volume_100_20260714,M5,7,seasonal_naive,FOODS_3_252_CA_1_validation,378,14668.0,4195.0,11.097883597883598,30.032357744609424,0.2859967275702209
source_b_repair_baselines_m5_rohlik_100_v2,m5_top_volume_100_20260714,M5,7,seasonal_naive,FOODS_3_252_CA_2_validation,378,14731.0,4295.0,11.362433862433862,32.61605467254049,0.29156201208336163
source_b_repair_baselines_m5_rohlik_100_v2,m5_top_volume_100_20260714,M5,7,seasonal_naive,FOODS_3_252_CA_3_validation,378,17274.0,5186.0,13.71957671957672,29.942601942552617,0.30021998379066805
source_b_repair_baselines_m5_rohlik_100_v2,m5_top_volume_100_20260714,M5,7,seasonal_naive,FOODS_3_252_TX_1_validation,378,11801.0,4010.0,10.60846560846561,36.59225299066754,0.3398017117193458
source_b_repair_baselines_m5_rohlik_100_v2,m5_top_volume_100_20260714,M5,7,seasonal_naive,FOODS_3_252_TX_2_validation,378,21934.0,6214.0,16.43915343915344,28.969369892024392,0.28330445883103855
source_b_repair_baselines_m5_rohlik_100_v2,m5_top_volume_100_20260714,M5,7,seasonal_naive,FOODS_3_252_TX_3_validation,378,17754.0,5497.0,14.542328042328043,33.350215174417194,0.3096203672411851
source_b_repair_baselines_m5_rohlik_100_v2,m5_top_volume_100_20260714,M5,7,seasonal_naive,FOODS_3_252_WI_3_validation,378,6826.0,3163.0,8.367724867724867,46.74937610880397,0.4633753296220334
source_b_repair_baselines_m5_rohlik_100_v2,m5_top_volume_100_20260714,M5,7,seasonal_naive,FOODS_3_281_CA_3_validation,378,3821.0,2383.0,6.304232804232805,76.15065303390618,0.623658728081654
source_b_repair_baselines_m5_rohlik_100_v2,m5_top_volume_100_20260714,M5,7,seasonal_naive,FOODS_3_282_CA_3_validation,378,13394.0,4411.0,11.66931216931217,45.87252653985871,0.32932656413319394
source_b_repair_baselines_m5_rohlik_100_v2,m5_top_volume_100_20260714,M5,7,seasonal_naive,FOODS_3_288_CA_3_validation,378,12500.0,4840.0,12.804232804232804,47.08166433865283,0.3872
source_b_repair_baselines_m5_rohlik_100_v2,m5_top_volume_100_20260714,M5,7,seasonal_naive,FOODS_3_318_CA_3_validation,378,5296.0,2760.0,7.301587301587301,52.95846933872441,0.5211480362537765
source_b_repair_baselines_m5_rohlik_100_v2,m5_top_volume_100_20260714,M5,7,seasonal_naive,FOODS_3_318_WI_3_validation,378,5628.0,2976.0,7.873015873015873,42.67522546486126,0.5287846481876333
source_b_repair_baselines_m5_rohlik_100_v2,m5_top_volume_100_20260714,M5,7,seasonal_naive,FOODS_3_319_CA_3_validation,378,4783.0,2985.0,7.896825396825397,51.532442916040935,0.6240853021116454
source_b_repair_baselines_m5_rohlik_100_v2,m5_top_volume_100_20260714,M5,7,seasonal_naive,FOODS_3_376_WI_2_validation,378,8991.0,5598.0,14.80952380952381,65.8272429102653,0.6226226226226226
source_b_repair_baselines_m5_rohlik_100_v2,m5_top_volume_100_20260714,M5,7,seasonal_naive,FOODS_3_377_TX_2_validation,378,11838.0,2781.0,7.357142857142857,24.08313018398905,0.23492143943233654
source_b_repair_baselines_m5_rohlik_100_v2,m5_top_volume_100_20260714,M5,7,seasonal_naive,FOODS_3_377_TX_3_validation,378,15919.0,4052.0,10.71957671957672,25.68168876603709,0.2545386016709592
source_b_repair_baselines_m5_rohlik_100_v2,m5_top_volume_100_20260714,M5,7,seasonal_naive,FOODS_3_412_WI_2_validation,378,7130.0,9015.0,23.849206349206348,120.13427701141957,1.2643758765778401
source_b_repair_baselines_m5_rohlik_100_v2,m5_top_volume_100_20260714,M5,7,seasonal_naive,FOODS_3_462_WI_2_validation,378,8298.0,5139.0,13.595238095238095,66.71708375599715,0.6193058568329718
source_b_repair_baselines_m5_rohlik_100_v2,m5_top_volume_100_20260714,M5,7,seasonal_naive,FOODS_3_501_CA_3_validation,378,4934.0,2582.0,6.830687830687831,51.61190396799867,0.5233076611268748
source_b_repair_baselines_m5_rohlik_100_v2,m5_top_volume_100_20260714,M5,7,seasonal_naive,FOODS_3_541_CA_3_validation,378,7136.0,4213.0,11.145502645502646,55.29037519166885,0.5903867713004485
source_b_repair_baselines_m5_rohlik_100_v2,m5_top_volume_100_20260714,M5,7,seasonal_naive,FOODS_3_547_WI_2_validation,378,6199.0,7733.0,20.45767195767196,113.75845002471469,1.2474592676238103
source_b_repair_baselines_m5_rohlik_100_v2,m5_top_volume_100_20260714,M5,7,seasonal_naive,FOODS_3_555_CA_1_validation,378,6830.0,2097.0,5.5476190476190474,32.56166229012324,0.3070278184480234
source_b_repair_baselines_m5_rohlik_100_v2,m5_top_volume_100_20260714,M5,7,seasonal_naive,FOODS_3_555_CA_3_validation,378,11167.0,3130.0,8.28042328042328,29.326552721000848,0.28029014059281815
source_b_repair_baselines_m5_rohlik_100_v2,m5_top_volume_100_20260714,M5,7,seasonal_naive,FOODS_3_555_TX_1_validation,378,9228.0,2714.0,7.1798941798941796,30.028695383082166,0.2941048981361075
source_b_repair_baselines_m5_rohlik_100_v2,m5_top_volume_100_20260714,M5,7,seasonal_naive,FOODS_3_555_TX_2_validation,378,16845.0,4403.0,11.648148148148149,26.985525954504585,0.2613831997625408
source_b_repair_baselines_m5_rohlik_100_v2,m5_top_volume_100_20260714,M5,7,seasonal_naive,FOODS_3_555_TX_3_validation,378,12158.0,3960.0,10.476190476190476,35.458521422205685,0.32571146570159565
source_b_repair_baselines_m5_rohlik_100_v2,m5_top_volume_100_20260714,M5,7,seasonal_naive,FOODS_3_555_WI_3_validation,378,8320.0,2796.0,7.396825396825397,35.059931858744356,0.33605769230769234
source_b_repair_baselines_m5_rohlik_100_v2,m5_top_volume_100_20260714,M5,7,seasonal_naive,FOODS_3_586_CA_1_validation,378,16440.0,3703.0,9.796296296296296,23.863967399980428,0.22524330900243308
source_b_repair_baselines_m5_rohlik_100_v2,m5_top_volume_100_20260714,M5,7,seasonal_naive,FOODS_3_586_CA_2_validation,378,14229.0,3726.0,9.857142857142858,29.061627910608674,0.2618595825426945
source_b_repair_baselines_m5_rohlik_100_v2,m5_top_volume_100_20260714,M5,7,seasonal_naive,FOODS_3_586_CA_3_validation,378,27702.0,5357.0,14.171957671957673,20.230523146639477,0.19337953938343802
source_b_repair_baselines_m5_rohlik_100_v2,m5_top_volume_100_20260714,M5,7,seasonal_naive,FOODS_3_586_TX_1_validation,378,19685.0,4814.0,12.735449735449736,25.187847727608915,0.2445516891033782
source_b_repair_baselines_m5_rohlik_100_v2,m5_top_volume_100_20260714,M5,7,seasonal_naive,FOODS_3_586_TX_2_validation,378,34848.0,6875.0,18.187830687830687,20.168431412858816,0.19728535353535354
source_b_repair_baselines_m5_rohlik_100_v2,m5_top_volume_100_20260714,M5,7,seasonal_naive,FOODS_3_586_TX_3_validation,378,27768.0,6602.0,17.465608465608465,24.98574040887917,0.23775569000288102
source_b_repair_baselines_m5_rohlik_100_v2,m5_top_volume_100_20260714,M5,7,seasonal_naive,FOODS_3_586_WI_3_validation,378,12341.0,3415.0,9.034391534391535,29.5043770280006,0.27671987683331983
source_b_repair_baselines_m5_rohlik_100_v2,m5_top_volume_100_20260714,M5,7,seasonal_naive,FOODS_3_587_CA_1_validation,378,10362.0,3595.0,9.510582010582011,36.62889034047112,0.346940745029917
source_b_repair_baselines_m5_rohlik_100_v2,m5_top_volume_100_20260714,M5,7,seasonal_naive,FOODS_3_587_CA_3_validation,378,12820.0,3577.0,9.462962962962964,30.333974502707328,0.27901716068642746
source_b_repair_baselines_m5_rohlik_100_v2,m5_top_volume_100_20260714,M5,7,seasonal_naive,FOODS_3_587_TX_1_validation,378,10602.0,3689.0,9.75925925925926,39.73403095894411,0.347953216374269
source_b_repair_baselines_m5_rohlik_100_v2,m5_top_volume_100_20260714,M5,7,seasonal_naive,FOODS_3_587_TX_2_validation,378,11359.0,3598.0,9.518518518518519,34.293805477630336,0.31675323532001054
source_b_repair_baselines_m5_rohlik_100_v2,m5_top_volume_100_20260714,M5,7,seasonal_naive,FOODS_3_587_TX_3_validation,378,11748.0,3609.0,9.547619047619047,31.29271405762727,0.3072012257405516
source_b_repair_baselines_m5_rohlik_100_v2,m5_top_volume_100_20260714,M5,7,seasonal_naive,FOODS_3_587_WI_3_validation,378,11072.0,3725.0,9.854497354497354,36.01568075219172,0.3364342485549133
source_b_repair_baselines_m5_rohlik_100_v2,m5_top_volume_100_20260714,M5,7,seasonal_naive,FOODS_3_607_CA_3_validation,378,7937.0,3863.0,10.21957671957672,57.172376172138364,0.4867078241149049
source_b_repair_baselines_m5_rohlik_100_v2,m5_top_volume_100_20260714,M5,7,seasonal_naive,FOODS_3_635_CA_3_validation,378,6861.0,4241.0,11.21957671957672,58.98727545499456,0.6181314677160764
source_b_repair_baselines_m5_rohlik_100_v2,m5_top_volume_100_20260714,M5,7,seasonal_naive,FOODS_3_681_CA_3_validation,378,14755.0,6552.0,17.333333333333332,50.19239436830512,0.4440528634361233
source_b_repair_baselines_m5_rohlik_100_v2,m5_top_volume_100_20260714,M5,7,seasonal_naive,FOODS_3_681_WI_3_validation,378,12789.0,5213.0,13.791005291005291,52.757241968364944,0.40761591993119084
source_b_repair_baselines_m5_rohlik_100_v2,m5_top_volume_100_20260714,M5,7,seasonal_naive,FOODS_3_694_CA_3_validation,378,6591.0,1984.0,5.248677248677248,30.948687307160178,0.30101653770292824
source_b_repair_baselines_m5_rohlik_100_v2,m5_top_volume_100_20260714,M5,7,seasonal_naive,FOODS_3_694_TX_1_validation,378,6424.0,2162.0,5.71957671957672,35.57684031353753,0.33655043586550437
source_b_repair_baselines_m5_rohlik_100_v2,m5_top_volume_100_20260714,M5,7,seasonal_naive,FOODS_3_694_WI_1_validation,378,7117.0,2091.0,5.531746031746032,30.528717559301242,0.29380356891948856
source_b_repair_baselines_m5_rohlik_100_v2,m5_top_volume_100_20260714,M5,7,seasonal_naive,FOODS_3_694_WI_2_validation,378,11714.0,3170.0,8.386243386243386,28.1668603894698,0.2706163564964999
source_b_repair_baselines_m5_rohlik_100_v2,m5_top_volume_100_20260714,M5,7,seasonal_naive,FOODS_3_694_WI_3_validation,378,16615.0,4302.0,11.380952380952381,26.616620654438133,0.25892266024676497
source_b_repair_baselines_m5_rohlik_100_v2,m5_top_volume_100_20260714,M5,7,seasonal_naive,FOODS_3_711_CA_3_validation,378,5232.0,4761.0,12.595238095238095,81.98612151497574,0.9099770642201835
source_b_repair_baselines_m5_rohlik_100_v2,m5_top_volume_100_20260714,M5,7,seasonal_naive,FOODS_3_711_WI_2_validation,378,7949.0,8784.0,23.238095238095237,110.6833430775635,1.1050446597056234
source_b_repair_baselines_m5_rohlik_100_v2,m5_top_volume_100_20260714,M5,7,seasonal_naive,FOODS_3_714_CA_1_validation,378,8737.0,2880.0,7.619047619047619,35.127690448446444,0.329632597001259
source_b_repair_baselines_m5_rohlik_100_v2,m5_top_volume_100_20260714,M5,7,seasonal_naive,FOODS_3_714_CA_3_validation,378,11479.0,3505.0,9.272486772486772,31.68559213009609,0.30534018642738914
source_b_repair_baselines_m5_rohlik_100_v2,m5_top_volume_100_20260714,M5,7,seasonal_naive,FOODS_3_714_TX_1_validation,378,5659.0,2401.0,6.351851851851852,44.707102742852015,0.42427990811097366
source_b_repair_baselines_m5_rohlik_100_v2,m5_top_volume_100_20260714,M5,7,seasonal_naive,FOODS_3_714_TX_2_validation,378,8856.0,2933.0,7.7592592592592595,34.52421602943364,0.3311878952122855
source_b_repair_baselines_m5_rohlik_100_v2,m5_top_volume_100_20260714,M5,7,seasonal_naive,FOODS_3_714_TX_3_validation,378,6863.0,2990.0,7.91005291005291,46.78781336400618,0.4356695322745155
source_b_repair_baselines_m5_rohlik_100_v2,m5_top_volume_100_20260714,M5,7,seasonal_naive,FOODS_3_714_WI_3_validation,378,8435.0,3013.0,7.970899470899471,37.748236883846744,0.35720213396561945
source_b_repair_baselines_m5_rohlik_100_v2,m5_top_volume_100_20260714,M5,7,seasonal_naive,FOODS_3_723_CA_3_validation,378,8460.0,4176.0,11.047619047619047,57.24715021601745,0.49361702127659574
source_b_repair_baselines_m5_rohlik_100_v2,m5_top_volume_100_20260714,M5,7,seasonal_naive,FOODS_3_723_WI_3_validation,378,8049.0,4054.0,10.724867724867725,48.41764018736871,0.5036650515591999
source_b_repair_baselines_m5_rohlik_100_v2,m5_top_volume_100_20260714,M5,7,seasonal_naive,FOODS_3_752_CA_3_validation,378,6697.0,6599.0,17.45767195767196,91.68701202863483,0.9853665820516649
source_b_repair_baselines_m5_rohlik_100_v2,m5_top_volume_100_20260714,M5,7,seasonal_naive,FOODS_3_804_CA_3_validation,378,8100.0,4663.0,12.335978835978835,72.72042745515938,0.575679012345679
source_b_repair_baselines_m5_rohlik_100_v2,m5_top_volume_100_20260714,M5,7,seasonal_naive,FOODS_3_808_CA_1_validation,378,2395.0,2108.0,5.576719576719577,69.48841271303597,0.8801670146137787
source_b_repair_baselines_m5_rohlik_100_v2,m5_top_volume_100_20260714,M5,7,seasonal_naive,FOODS_3_808_CA_3_validation,378,8869.0,4447.0,11.764550264550264,52.47237444335045,0.5014094035404217
source_b_repair_baselines_m5_rohlik_100_v2,m5_top_volume_100_20260714,M5,7,seasonal_naive,HOUSEHOLD_1_118_CA_3_validation,378,7935.0,3460.0,9.153439153439153,45.93086820899459,0.4360428481411468
source_b_repair_baselines_m5_rohlik_100_v2,m5_top_volume_100_20260714,M5,7,seasonal_naive,HOUSEHOLD_1_334_CA_3_validation,378,7215.0,3517.0,9.304232804232804,55.458100427004965,0.48745668745668747
source_b_repair_baselines_m5_rohlik_100_v2,m5_top_volume_100_20260714,M5,7,seasonal_naive,HOUSEHOLD_1_459_CA_3_validation,378,8248.0,3780.0,10.0,47.81965064443655,0.45829291949563533
source_b_repair_baselines_m5_rohlik_100_v2,m5_top_volume_100_20260714,M5,7,lightgbm_cov,FOODS_1_218_TX_2_validation,378,5582.0,2316.4739899635315,6.128238068686591,46.25978499926613,0.41498996595548754
source_b_repair_baselines_m5_rohlik_100_v2,m5_top_volume_100_20260714,M5,7,lightgbm_cov,FOODS_2_197_CA_1_validation,378,6349.0,2196.7674508094788,5.811554102670579,37.14602100690937,0.3460021185713465
source_b_repair_baselines_m5_rohlik_100_v2,m5_top_volume_100_20260714,M5,7,lightgbm_cov,FOODS_2_197_CA_3_validation,378,5223.0,1682.0548677444458,4.449880602498534,33.305803824975776,0.32204764842895767
source_b_repair_baselines_m5_rohlik_100_v2,m5_top_volume_100_20260714,M5,7,lightgbm_cov,FOODS_2_276_CA_3_validation,378,3143.0,1706.484245300293,4.5145085854505105,53.7991348678892,0.5429475804328008
source_b_repair_baselines_m5_rohlik_100_v2,m5_top_volume_100_20260714,M5,7,lightgbm_cov,FOODS_2_360_CA_3_validation,378,4857.0,2193.3353641927242,5.802474508446361,80.03440625803026,0.4515823274022492
source_b_repair_baselines_m5_rohlik_100_v2,m5_top_volume_100_20260714,M5,7,lightgbm_cov,FOODS_2_360_TX_3_validation,378,3979.0,1930.6943276748061,5.107656951520651,100.68041034982728,0.48522099212737024
source_b_repair_baselines_m5_rohlik_100_v2,m5_top_volume_100_20260714,M5,7,lightgbm_cov,FOODS_2_360_WI_2_validation,378,10631.0,5269.363613598049,13.940115379889018,109.70735304325329,0.4956602025771845
source_b_repair_baselines_m5_rohlik_100_v2,m5_top_volume_100_20260714,M5,7,lightgbm_cov,FOODS_3_007_WI_2_validation,378,8464.0,7700.274224713445,20.37109583257525,131.02708124884037,0.9097677486665223
source_b_repair_baselines_m5_rohlik_100_v2,m5_top_volume_100_20260714,M5,7,lightgbm_cov,FOODS_3_030_TX_2_validation,378,5036.0,1631.7685438562185,4.316847999619625,75.02208832539033,0.32402075930425306
source_b_repair_baselines_m5_rohlik_100_v2,m5_top_volume_100_20260714,M5,7,lightgbm_cov,FOODS_3_030_TX_3_validation,378,5820.0,1975.717604117468,5.22676614845891,78.35038445524819,0.3394703787143416
source_b_repair_baselines_m5_rohlik_100_v2,m5_top_volume_100_20260714,M5,7,lightgbm_cov,FOODS_3_080_CA_1_validation,378,6869.0,2000.4305806159973,5.292144393164014,29.817729882869553,0.29122588158625673
source_b_repair_baselines_m5_rohlik_100_v2,m5_top_volume_100_20260714,M5,7,lightgbm_cov,FOODS_3_080_TX_2_validation,378,6590.0,1515.3216094970703,4.008787326711826,23.791287267722833,0.22994258110729443
source_b_repair_baselines_m5_rohlik_100_v2,m5_top_volume_100_20260714,M5,7,lightgbm_cov,FOODS_3_090_CA_1_validation,378,18773.0,6432.038117289543,17.01597385526334,58.799008195885385,0.34262175024181235
source_b_repair_baselines_m5_rohlik_100_v2,m5_top_volume_100_20260714,M5,7,lightgbm_cov,FOODS_3_090_CA_2_validation,378,14152.0,5139.130417719483,13.595583115660009,61.54424235167922,0.36313810187390355
source_b_repair_baselines_m5_rohlik_100_v2,m5_top_volume_100_20260714,M5,7,lightgbm_cov,FOODS_3_090_CA_3_validation,378,36819.0,10163.901960968971,26.88862952637294,49.22071865572971,0.2760504620160507
source_b_repair_baselines_m5_rohlik_100_v2,m5_top_volume_100_20260714,M5,7,lightgbm_cov,FOODS_3_090_CA_4_validation,378,9660.0,3649.8640137910843,9.655724904209217,58.6268832601494,0.3778327136429694
source_b_repair_baselines_m5_rohlik_100_v2,m5_top_volume_100_20260714,M5,7,lightgbm_cov,FOODS_3_090_TX_1_validation,378,16993.0,5213.646055914462,13.792714433636142,55.44574595624704,0.30681139621694004
source_b_repair_baselines_m5_rohlik_100_v2,m5_top_volume_100_20260714,M5,7,lightgbm_cov,FOODS_3_090_TX_2_validation,378,19339.0,6223.423921868205,16.464084449386785,58.04127077944889,0.321806914621656
source_b_repair_baselines_m5_rohlik_100_v2,m5_top_volume_100_20260714,M5,7,lightgbm_cov,FOODS_3_090_TX_3_validation,378,21770.0,6505.483800962567,17.21027460572108,56.70305242663104,0.29882791919901547
source_b_repair_baselines_m5_rohlik_100_v2,m5_top_volume_100_20260714,M5,7,lightgbm_cov,FOODS_3_090_WI_3_validation,378,23889.0,6858.17835079506,18.143328970357302,57.30808230513069,0.2870852003346754
source_b_repair_baselines_m5_rohlik_100_v2,m5_top_volume_100_20260714,M5,7,lightgbm_cov,FOODS_3_099_TX_2_validation,378,5210.0,3290.248918429017,8.704362218066183,76.82145183024461,0.6315257041130551
source_b_repair_baselines_m5_rohlik_100_v2,m5_top_volume_100_20260714,M5,7,lightgbm_cov,FOODS_3_120_CA_1_validation,378,15279.0,6775.1491497159,17.923674999248412,63.74572457085967,0.4434288336747104
source_b_repair_baselines_m5_rohlik_100_v2,m5_top_volume_100_20260714,M5,7,lightgbm_cov,FOODS_3_120_CA_3_validation,378,31365.0,7761.233401238918,20.532363495341055,33.085321318090074,0.24744885704571715
source_b_repair_baselines_m5_rohlik_100_v2,m5_top_volume_100_20260714,M5,7,lightgbm_cov,FOODS_3_120_WI_3_validation,378,12400.0,4456.0220757722855,11.788418189873772,46.07452692888972,0.359356619013894
source_b_repair_baselines_m5_rohlik_100_v2,m5_top_volume_100_20260714,M5,7,lightgbm_cov,FOODS_3_202_CA_3_validation,378,7882.0,2689.3773505687714,7.11475489568458,52.62160700430346,0.34120494171133864
source_b_repair_baselines_m5_rohlik_100_v2,m5_top_volume_100_20260714,M5,7,lightgbm_cov,FOODS_3_202_TX_1_validation,378,8044.0,2825.681627228856,7.475348220182159,61.02729227714255,0.351278173449634
source_b_repair_baselines_m5_rohlik_100_v2,m5_top_volume_100_20260714,M5,7,lightgbm_cov,FOODS_3_202_TX_2_validation,378,7798.0,3587.7906597703695,9.491509681932195,68.75844483900359,0.4600911335945588
source_b_repair_baselines_m5_rohlik_100_v2,m5_top_volume_100_20260714,M5,7,lightgbm_cov,FOODS_3_202_TX_3_validation,378,9826.0,3243.31881685555,8.580208510199867,59.44140159187133,0.33007518999140545
source_b_repair_baselines_m5_rohlik_100_v2,m5_top_volume_100_20260714,M5,7,lightgbm_cov,FOODS_3_226_WI_1_validation,378,14808.0,2493.294178009033,6.596016343939241,17.507398558972163,0.1683748094279466
source_b_repair_baselines_m5_rohlik_100_v2,m5_top_volume_100_20260714,M5,7,lightgbm_cov,FOODS_3_226_WI_2_validation,378,14519.0,3052.3643913269043,8.075038072293397,22.615936702736565,0.21023241210323743
source_b_repair_baselines_m5_rohlik_100_v2,m5_top_volume_100_20260714,M5,7,lightgbm_cov,FOODS_3_226_WI_3_validation,378,18132.0,3352.1876258850098,8.868221232500026,18.755619393282625,0.18487688208057632
source_b_repair_baselines_m5_rohlik_100_v2,m5_top_volume_100_20260714,M5,7,lightgbm_cov,FOODS_3_234_CA_3_validation,378,7146.0,4899.499199151993,12.96163809299469,68.16462426840174,0.6856282114682329
source_b_repair_baselines_m5_rohlik_100_v2,m5_top_volume_100_20260714,M5,7,lightgbm_cov,FOODS_3_234_WI_2_validation,378,8932.0,10125.470087230206,26.786957902725412,146.67334234411825,1.13361734071095
source_b_repair_baselines_m5_rohlik_100_v2,m5_top_volume_100_20260714,M5,7,lightgbm_cov,FOODS_3_234_WI_3_validation,378,7749.0,4762.120737314224,12.59820300876779,75.15077045083312,0.6145464882325751
source_b_repair_baselines_m5_rohlik_100_v2,m5_top_volume_100_20260714,M5,7,lightgbm_cov,FOODS_3_252_CA_1_validation,378,14668.0,3164.894748687744,8.372737430390858,22.922278225001374,0.21576866298662015
source_b_repair_baselines_m5_rohlik_100_v2,m5_top_volume_100_20260714,M5,7,lightgbm_cov,FOODS_3_252_CA_2_validation,378,14731.0,3286.726393699646,8.695043369575783,25.30254747413252,0.2231163121104912
source_b_repair_baselines_m5_rohlik_100_v2,m5_top_volume_100_20260714,M5,7,lightgbm_cov,FOODS_3_252_CA_3_validation,378,17274.0,3809.4701108932495,10.077963256331348,22.42581204383639,0.22053201985025178
source_b_repair_baselines_m5_rohlik_100_v2,m5_top_volume_100_20260714,M5,7,lightgbm_cov,FOODS_3_252_TX_1_validation,378,11801.0,3009.9722967147827,7.962889673848632,27.47608984514641,0.2550607827061082
source_b_repair_baselines_m5_rohlik_100_v2,m5_top_volume_100_20260714,M5,7,lightgbm_cov,FOODS_3_252_TX_2_validation,378,21934.0,4726.700347900391,12.504498274868759,21.931007197977877,0.21549650532964304
source_b_repair_baselines_m5_rohlik_100_v2,m5_top_volume_100_20260714,M5,7,lightgbm_cov,FOODS_3_252_TX_3_validation,378,17754.0,4140.840035438538,10.95460326835592,24.767704143513317,0.23323420273958193
source_b_repair_baselines_m5_rohlik_100_v2,m5_top_volume_100_20260714,M5,7,lightgbm_cov,FOODS_3_252_WI_3_validation,378,6826.0,2300.460165500641,6.085873453705399,34.531231291339346,0.33701438111641385
source_b_repair_baselines_m5_rohlik_100_v2,m5_top_volume_100_20260714,M5,7,lightgbm_cov,FOODS_3_281_CA_3_validation,378,3821.0,2065.879271507263,5.465289078061542,78.89428787162379,0.5406645567933167
source_b_repair_baselines_m5_rohlik_100_v2,m5_top_volume_100_20260714,M5,7,lightgbm_cov,FOODS_3_282_CA_3_validation,378,13394.0,3563.5548009872437,9.427393653405407,36.469759970590225,0.2660560550236855
source_b_repair_baselines_m5_rohlik_100_v2,m5_top_volume_100_20260714,M5,7,lightgbm_cov,FOODS_3_288_CA_3_validation,378,12500.0,4020.732178270817,10.63685761447306,46.43402745870279,0.32165857426166533
source_b_repair_baselines_m5_rohlik_100_v2,m5_top_volume_100_20260714,M5,7,lightgbm_cov,FOODS_3_318_CA_3_validation,378,5296.0,2712.4505026452243,7.175794980542921,95.95957402463313,0.5121696568438868
source_b_repair_baselines_m5_rohlik_100_v2,m5_top_volume_100_20260714,M5,7,lightgbm_cov,FOODS_3_318_WI_3_validation,378,5628.0,2892.199482794851,7.651321383055161,93.9231134648194,0.5138947197574362
source_b_repair_baselines_m5_rohlik_100_v2,m5_top_volume_100_20260714,M5,7,lightgbm_cov,FOODS_3_319_CA_3_validation,378,4783.0,2607.012069605291,6.896857326998124,110.94841312217247,0.5450579279960884
source_b_repair_baselines_m5_rohlik_100_v2,m5_top_volume_100_20260714,M5,7,lightgbm_cov,FOODS_3_376_WI_2_validation,378,8991.0,4487.513700246811,11.871729365732303,53.16791772424774,0.49911174510586265
source_b_repair_baselines_m5_rohlik_100_v2,m5_top_volume_100_20260714,M5,7,lightgbm_cov,FOODS_3_377_TX_2_validation,378,11838.0,2111.827218055725,5.586844492210913,18.385962763552598,0.17839391941677016
source_b_repair_baselines_m5_rohlik_100_v2,m5_top_volume_100_20260714,M5,7,lightgbm_cov,FOODS_3_377_TX_3_validation,378,15919.0,2991.3027181625366,7.913499254398245,19.390925416847068,0.1879077026297215
source_b_repair_baselines_m5_rohlik_100_v2,m5_top_volume_100_20260714,M5,7,lightgbm_cov,FOODS_3_412_WI_2_validation,378,7130.0,7318.61698153615,19.36142058607447,128.25006991289368,1.0264539946053506
source_b_repair_baselines_m5_rohlik_100_v2,m5_top_volume_100_20260714,M5,7,lightgbm_cov,FOODS_3_462_WI_2_validation,378,8298.0,3946.9153542518616,10.441575011248311,53.713577738953376,0.47564658402649573
source_b_repair_baselines_m5_rohlik_100_v2,m5_top_volume_100_20260714,M5,7,lightgbm_cov,FOODS_3_501_CA_3_validation,378,4934.0,2230.15869294852,5.899890722086032,67.04769068237991,0.45199811369041754
source_b_repair_baselines_m5_rohlik_100_v2,m5_top_volume_100_20260714,M5,7,lightgbm_cov,FOODS_3_541_CA_3_validation,378,7136.0,3885.4191581979394,10.27888666189931,112.42711357514774,0.5444813842766171
source_b_repair_baselines_m5_rohlik_100_v2,m5_top_volume_100_20260714,M5,7,lightgbm_cov,FOODS_3_547_WI_2_validation,378,6199.0,6262.515516191721,16.567501365586562,136.12421130870317,1.0102460906907116
source_b_repair_baselines_m5_rohlik_100_v2,m5_top_volume_100_20260714,M5,7,lightgbm_cov,FOODS_3_555_CA_1_validation,378,6830.0,1603.2732253074646,4.2414635590144565,25.00084384932671,0.23473985729245456
source_b_repair_baselines_m5_rohlik_100_v2,m5_top_volume_100_20260714,M5,7,lightgbm_cov,FOODS_3_555_CA_3_validation,378,11167.0,2196.501622200012,5.810850852380985,20.644648255646715,0.19669576629354457
source_b_repair_baselines_m5_rohlik_100_v2,m5_top_volume_100_20260714,M5,7,lightgbm_cov,FOODS_3_555_TX_1_validation,378,9228.0,2072.5525012016296,5.482943124872036,23.38078623123793,0.22459389913324984
source_b_repair_baselines_m5_rohlik_100_v2,m5_top_volume_100_20260714,M5,7,lightgbm_cov,FOODS_3_555_TX_2_validation,378,16845.0,3502.6254348754883,9.266204854167958,21.672758893213107,0.20793264677206816
source_b_repair_baselines_m5_rohlik_100_v2,m5_top_volume_100_20260714,M5,7,lightgbm_cov,FOODS_3_555_TX_3_validation,378,12158.0,2907.96773147583,7.693036326655635,25.88133499975932,0.23918142223028707
source_b_repair_baselines_m5_rohlik_100_v2,m5_top_volume_100_20260714,M5,7,lightgbm_cov,FOODS_3_555_WI_3_validation,378,8320.0,2101.6990966796875,5.560050520316634,26.418725879197847,0.25260806450477014
source_b_repair_baselines_m5_rohlik_100_v2,m5_top_volume_100_20260714,M5,7,lightgbm_cov,FOODS_3_586_CA_1_validation,378,16440.0,3081.5567560195923,8.152266550316382,19.686111375207783,0.187442625062019
source_b_repair_baselines_m5_rohlik_100_v2,m5_top_volume_100_20260714,M5,7,lightgbm_cov,FOODS_3_586_CA_2_validation,378,14229.0,2784.790189743042,7.367169814135032,22.19770343409354,0.19571229107759097
source_b_repair_baselines_m5_rohlik_100_v2,m5_top_volume_100_20260714,M5,7,lightgbm_cov,FOODS_3_586_CA_3_validation,378,27702.0,4225.163503646851,11.17768122657897,15.871142695171805,0.1525219660546838
source_b_repair_baselines_m5_rohlik_100_v2,m5_top_volume_100_20260714,M5,7,lightgbm_cov,FOODS_3_586_TX_1_validation,378,19685.0,3530.9366130828857,9.341102151012926,18.51571120720181,0.17937193868848797
source_b_repair_baselines_m5_rohlik_100_v2,m5_top_volume_100_20260714,M5,7,lightgbm_cov,FOODS_3_586_TX_2_validation,378,34848.0,5311.859771728516,14.052539078646866,15.8035972427007,0.15242940116300838
source_b_repair_baselines_m5_rohlik_100_v2,m5_top_volume_100_20260714,M5,7,lightgbm_cov,FOODS_3_586_TX_3_validation,378,27768.0,5154.530975341797,13.636325331592055,19.533496923948682,0.18562845632893246
source_b_repair_baselines_m5_rohlik_100_v2,m5_top_volume_100_20260714,M5,7,lightgbm_cov,FOODS_3_586_WI_3_validation,378,12341.0,2486.672094345093,6.578497604087547,21.51634847485132,0.20149680693177965
source_b_repair_baselines_m5_rohlik_100_v2,m5_top_volume_100_20260714,M5,7,lightgbm_cov,FOODS_3_587_CA_1_validation,378,10362.0,2784.73677444458,7.367028503821641,28.270057999342445,0.26874510465591395
source_b_repair_baselines_m5_rohlik_100_v2,m5_top_volume_100_20260714,M5,7,lightgbm_cov,FOODS_3_587_CA_3_validation,378,12820.0,2727.4957394599915,7.215597194338602,23.326409554799906,0.21275317780499153
source_b_repair_baselines_m5_rohlik_100_v2,m5_top_volume_100_20260714,M5,7,lightgbm_cov,FOODS_3_587_TX_1_validation,378,10602.0,2624.2070121765137,6.94234659305956,27.780597877040663,0.24751999737563796
source_b_repair_baselines_m5_rohlik_100_v2,m5_top_volume_100_20260714,M5,7,lightgbm_cov,FOODS_3_587_TX_2_validation,378,11359.0,2761.1126341819763,7.304530778259196,26.169964320410767,0.24307708725961583
source_b_repair_baselines_m5_rohlik_100_v2,m5_top_volume_100_20260714,M5,7,lightgbm_cov,FOODS_3_587_TX_3_validation,378,11748.0,2659.994309425354,7.037021982606757,23.39550699389781,0.22642103416967602
source_b_repair_baselines_m5_rohlik_100_v2,m5_top_volume_100_20260714,M5,7,lightgbm_cov,FOODS_3_587_WI_3_validation,378,11072.0,2778.7461292147636,7.3511802360178935,31.20011073993168,0.2509705680287901
source_b_repair_baselines_m5_rohlik_100_v2,m5_top_volume_100_20260714,M5,7,lightgbm_cov,FOODS_3_607_CA_3_validation,378,7937.0,3091.283191680908,8.177997861589704,45.31644806365175,0.38947753454465267
source_b_repair_baselines_m5_rohlik_100_v2,m5_top_volume_100_20260714,M5,7,lightgbm_cov,FOODS_3_635_CA_3_validation,378,6861.0,3593.9323756322265,9.507757607492662,107.2195708967042,0.5238204890879211
source_b_repair_baselines_m5_rohlik_100_v2,m5_top_volume_100_20260714,M5,7,lightgbm_cov,FOODS_3_681_CA_3_validation,378,14755.0,5411.035029411316,14.314907485215121,40.32717033791261,0.36672551876728676
source_b_repair_baselines_m5_rohlik_100_v2,m5_top_volume_100_20260714,M5,7,lightgbm_cov,FOODS_3_681_WI_3_validation,378,12789.0,4650.355845451355,12.30252869167025,43.61025938757162,0.363621537684835
source_b_repair_baselines_m5_rohlik_100_v2,m5_top_volume_100_20260714,M5,7,lightgbm_cov,FOODS_3_694_CA_3_validation,378,6591.0,1561.6860966682434,4.1314447001805386,24.440825207547146,0.23694220856747739
source_b_repair_baselines_m5_rohlik_100_v2,m5_top_volume_100_20260714,M5,7,lightgbm_cov,FOODS_3_694_TX_1_validation,378,6424.0,1735.061227798462,4.590109068249899,28.415452887135967,0.2700904775526871
source_b_repair_baselines_m5_rohlik_100_v2,m5_top_volume_100_20260714,M5,7,lightgbm_cov,FOODS_3_694_WI_1_validation,378,7117.0,1671.7428050041199,4.422600013238412,24.549784022716842,0.23489431010315018
source_b_repair_baselines_m5_rohlik_100_v2,m5_top_volume_100_20260714,M5,7,lightgbm_cov,FOODS_3_694_WI_2_validation,378,11714.0,2281.6796460151672,6.036189539722665,20.27826853337938,0.19478228154474708
source_b_repair_baselines_m5_rohlik_100_v2,m5_top_volume_100_20260714,M5,7,lightgbm_cov,FOODS_3_694_WI_3_validation,378,16615.0,3133.5948581695557,8.289933487221047,19.536596511820488,0.1886003525831812
source_b_repair_baselines_m5_rohlik_100_v2,m5_top_volume_100_20260714,M5,7,lightgbm_cov,FOODS_3_711_CA_3_validation,378,5232.0,4110.650487422943,10.874736739214136,93.52199308685263,0.78567478735148
source_b_repair_baselines_m5_rohlik_100_v2,m5_top_volume_100_20260714,M5,7,lightgbm_cov,FOODS_3_711_WI_2_validation,378,7949.0,7242.640230238438,19.160423889519677,116.71844987140831,0.9111385369528793
source_b_repair_baselines_m5_rohlik_100_v2,m5_top_volume_100_20260714,M5,7,lightgbm_cov,FOODS_3_714_CA_1_validation,378,8737.0,2378.365002632141,6.291970906434236,29.594441660612237,0.27221758070643715
source_b_repair_baselines_m5_rohlik_100_v2,m5_top_volume_100_20260714,M5,7,lightgbm_cov,FOODS_3_714_CA_3_validation,378,11479.0,2554.6129779815674,6.758235391485628,23.454645327000375,0.22254664848693853
source_b_repair_baselines_m5_rohlik_100_v2,m5_top_volume_100_20260714,M5,7,lightgbm_cov,FOODS_3_714_TX_1_validation,378,5659.0,1840.6078691482544,4.869332987164694,34.61626247969141,0.3252532018286366
source_b_repair_baselines_m5_rohlik_100_v2,m5_top_volume_100_20260714,M5,7,lightgbm_cov,FOODS_3_714_TX_2_validation,378,8856.0,2247.028594493866,5.944520091253613,26.69317986453512,0.25372951609009325
source_b_repair_baselines_m5_rohlik_100_v2,m5_top_volume_100_20260714,M5,7,lightgbm_cov,FOODS_3_714_TX_3_validation,378,6863.0,2356.654403448105,6.234535458857421,36.18321946468932,0.3433854587568272
source_b_repair_baselines_m5_rohlik_100_v2,m5_top_volume_100_20260714,M5,7,lightgbm_cov,FOODS_3_714_WI_3_validation,378,8435.0,2351.34454536438,6.2204882152496825,28.88630385240357,0.27876046773733015
source_b_repair_baselines_m5_rohlik_100_v2,m5_top_volume_100_20260714,M5,7,lightgbm_cov,FOODS_3_723_CA_3_validation,378,8460.0,3340.1000620871782,8.83624355049518,59.3910549913582,0.3948108820434017
source_b_repair_baselines_m5_rohlik_100_v2,m5_top_volume_100_20260714,M5,7,lightgbm_cov,FOODS_3_723_WI_3_validation,378,8049.0,3410.542759716511,9.022599893429923,63.17940075065505,0.42372254438023493
source_b_repair_baselines_m5_rohlik_100_v2,m5_top_volume_100_20260714,M5,7,lightgbm_cov,FOODS_3_752_CA_3_validation,378,6697.0,5321.977602958679,14.079305827933014,74.06828351630932,0.7946808426099267
source_b_repair_baselines_m5_rohlik_100_v2,m5_top_volume_100_20260714,M5,7,lightgbm_cov,FOODS_3_804_CA_3_validation,378,8100.0,3659.219087064266,9.680473775302291,57.36226515643526,0.4517554428474403
source_b_repair_baselines_m5_rohlik_100_v2,m5_top_volume_100_20260714,M5,7,lightgbm_cov,FOODS_3_808_CA_1_validation,378,2395.0,2175.6420752704144,5.755666865794747,140.23306692629555,0.9084100523049746
source_b_repair_baselines_m5_rohlik_100_v2,m5_top_volume_100_20260714,M5,7,lightgbm_cov,FOODS_3_808_CA_3_validation,378,8869.0,4426.800760574639,11.71111312321333,106.07028055170306,0.49913189317562734
source_b_repair_baselines_m5_rohlik_100_v2,m5_top_volume_100_20260714,M5,7,lightgbm_cov,HOUSEHOLD_1_118_CA_3_validation,378,7935.0,2568.4634914398193,6.794876961481004,34.09733230678646,0.3236879006225355
source_b_repair_baselines_m5_rohlik_100_v2,m5_top_volume_100_20260714,M5,7,lightgbm_cov,HOUSEHOLD_1_334_CA_3_validation,378,7215.0,2604.8364658355713,6.891101761469765,39.46474406070149,0.3610306951955054
source_b_repair_baselines_m5_rohlik_100_v2,m5_top_volume_100_20260714,M5,7,lightgbm_cov,HOUSEHOLD_1_459_CA_3_validation,378,8248.0,2802.565218925476,7.4141937008610475,35.60195223105571,0.33978724768737584
source_b_repair_baselines_m5_rohlik_100_v2,m5_top_volume_100_20260714,M5,7,lightgbm_direct,FOODS_1_218_TX_2_validation,378,5582.0,2313.608910560608,6.120658493546582,46.12588098906842,0.41447669483350197
source_b_repair_baselines_m5_rohlik_100_v2,m5_top_volume_100_20260714,M5,7,lightgbm_direct,FOODS_2_197_CA_1_validation,378,6349.0,2113.7513008117676,5.591934658232189,36.23909552817571,0.3329266499939782
source_b_repair_baselines_m5_rohlik_100_v2,m5_top_volume_100_20260714,M5,7,lightgbm_direct,FOODS_2_197_CA_3_validation,378,5223.0,1634.4891376495361,4.324045337697186,32.70531383417748,0.31294067349215704
source_b_repair_baselines_m5_rohlik_100_v2,m5_top_volume_100_20260714,M5,7,lightgbm_direct,FOODS_2_276_CA_3_validation,378,3143.0,1854.1615180969238,4.905189201314613,55.25347414310615,0.5899336678641183
source_b_repair_baselines_m5_rohlik_100_v2,m5_top_volume_100_20260714,M5,7,lightgbm_direct,FOODS_2_360_CA_3_validation,378,4857.0,2209.1995201706886,5.844443175054732,79.78161685361833,0.45484857322847205
source_b_repair_baselines_m5_rohlik_100_v2,m5_top_volume_100_20260714,M5,7,lightgbm_direct,FOODS_2_360_TX_3_validation,378,3979.0,1890.239174067974,5.000632735629561,100.67939357549653,0.47505382610403973
source_b_repair_baselines_m5_rohlik_100_v2,m5_top_volume_100_20260714,M5,7,lightgbm_direct,FOODS_2_360_WI_2_validation,378,10631.0,5379.28821465373,14.230921202787647,111.3508551141055,0.5060002083203584
source_b_repair_baselines_m5_rohlik_100_v2,m5_top_volume_100_20260714,M5,7,lightgbm_direct,FOODS_3_007_WI_2_validation,378,8464.0,8199.935559049249,21.692951214416002,130.5956111265763,0.9688014601901286
source_b_repair_baselines_m5_rohlik_100_v2,m5_top_volume_100_20260714,M5,7,lightgbm_direct,FOODS_3_030_TX_2_validation,378,5036.0,1719.0453124660999,4.547738921867989,74.19702040175137,0.34135133289636616
source_b_repair_baselines_m5_rohlik_100_v2,m5_top_volume_100_20260714,M5,7,lightgbm_direct,FOODS_3_030_TX_3_validation,378,5820.0,2012.7933085579425,5.324850022640059,77.95798067624203,0.34584077466631313
source_b_repair_baselines_m5_rohlik_100_v2,m5_top_volume_100_20260714,M5,7,lightgbm_direct,FOODS_3_080_CA_1_validation,378,6869.0,1997.229015827179,5.283674645045447,29.726718279959165,0.2907597926666442
source_b_repair_baselines_m5_rohlik_100_v2,m5_top_volume_100_20260714,M5,7,lightgbm_direct,FOODS_3_080_TX_2_validation,378,6590.0,1541.012710571289,4.076753202569548,24.006190280662523,0.23384107899412582
source_b_repair_baselines_m5_rohlik_100_v2,m5_top_volume_100_20260714,M5,7,lightgbm_direct,FOODS_3_090_CA_1_validation,378,18773.0,6070.88076159358,16.06053111532693,59.255227277573496,0.3233836233736526
source_b_repair_baselines_m5_rohlik_100_v2,m5_top_volume_100_20260714,M5,7,lightgbm_direct,FOODS_3_090_CA_2_validation,378,14152.0,4983.149625748396,13.182935517852899,62.20336685602146,0.3521162822038154
source_b_repair_baselines_m5_rohlik_100_v2,m5_top_volume_100_20260714,M5,7,lightgbm_direct,FOODS_3_090_CA_3_validation,378,36819.0,9791.164449959993,25.902551454920616,48.18263053762347,0.26592695211602685
source_b_repair_baselines_m5_rohlik_100_v2,m5_top_volume_100_20260714,M5,7,lightgbm_direct,FOODS_3_090_CA_4_validation,378,9660.0,3314.5437505096197,8.76863426060746,58.52045020778696,0.3431204710672484
source_b_repair_baselines_m5_rohlik_100_v2,m5_top_volume_100_20260714,M5,7,lightgbm_direct,FOODS_3_090_TX_1_validation,378,16993.0,4986.783561162651,13.192549103604895,56.20614191750638,0.2934610463816072
source_b_repair_baselines_m5_rohlik_100_v2,m5_top_volume_100_20260714,M5,7,lightgbm_direct,FOODS_3_090_TX_2_validation,378,19339.0,6190.640314131975,16.37735532839147,59.69173452295924,0.3201117076442409
source_b_repair_baselines_m5_rohlik_100_v2,m5_top_volume_100_20260714,M5,7,lightgbm_direct,FOODS_3_090_TX_3_validation,378,21770.0,6801.015050262213,17.99210330757199,59.99752733075475,0.31240307993854904
source_b_repair_baselines_m5_rohlik_100_v2,m5_top_volume_100_20260714,M5,7,lightgbm_direct,FOODS_3_090_WI_3_validation,378,23889.0,7816.6267156638205,20.67890665519529,61.847105855969566,0.32720610806914563
source_b_repair_baselines_m5_rohlik_100_v2,m5_top_volume_100_20260714,M5,7,lightgbm_direct,FOODS_3_099_TX_2_validation,378,5210.0,2362.825095281005,6.250860040425939,77.54823661501901,0.45351729276026964
source_b_repair_baselines_m5_rohlik_100_v2,m5_top_volume_100_20260714,M5,7,lightgbm_direct,FOODS_3_120_CA_1_validation,378,15279.0,6553.122846901417,17.336303827781524,63.10005306503166,0.4288973654624921
source_b_repair_baselines_m5_rohlik_100_v2,m5_top_volume_100_20260714,M5,7,lightgbm_direct,FOODS_3_120_CA_3_validation,378,31365.0,7999.758398711681,21.16338200717376,33.30610752745194,0.25505367124857903
source_b_repair_baselines_m5_rohlik_100_v2,m5_top_volume_100_20260714,M5,7,lightgbm_direct,FOODS_3_120_WI_3_validation,378,12400.0,4457.656682252884,11.79274254564255,45.941110422958104,0.35948844211716807
source_b_repair_baselines_m5_rohlik_100_v2,m5_top_volume_100_20260714,M5,7,lightgbm_direct,FOODS_3_202_CA_3_validation,378,7882.0,2634.2563602924347,6.9689321700858065,50.275843307578704,0.3342116671266728
source_b_repair_baselines_m5_rohlik_100_v2,m5_top_volume_100_20260714,M5,7,lightgbm_direct,FOODS_3_202_TX_1_validation,378,8044.0,2915.331658527255,7.7125176151514685,63.22322755937505,0.36242313010035493
source_b_repair_baselines_m5_rohlik_100_v2,m5_top_volume_100_20260714,M5,7,lightgbm_direct,FOODS_3_202_TX_2_validation,378,7798.0,3483.138907596469,9.214653194699654,69.14103092873376,0.4466708011793369
source_b_repair_baselines_m5_rohlik_100_v2,m5_top_volume_100_20260714,M5,7,lightgbm_direct,FOODS_3_202_TX_3_validation,378,9826.0,3142.22682993114,8.312769391352223,59.69650967373244,0.31978697638216363
source_b_repair_baselines_m5_rohlik_100_v2,m5_top_volume_100_20260714,M5,7,lightgbm_direct,FOODS_3_226_WI_1_validation,378,14808.0,2623.5949783325195,6.940727455906137,18.219309776442692,0.1771741611515748
source_b_repair_baselines_m5_rohlik_100_v2,m5_top_volume_100_20260714,M5,7,lightgbm_direct,FOODS_3_226_WI_2_validation,378,14519.0,3143.8180379867554,8.316978936472898,22.816442902827326,0.21653130642515017
source_b_repair_baselines_m5_rohlik_100_v2,m5_top_volume_100_20260714,M5,7,lightgbm_direct,FOODS_3_226_WI_3_validation,378,18132.0,3404.4260540008545,9.006418132277393,18.981228171379065,0.1877578895875168
source_b_repair_baselines_m5_rohlik_100_v2,m5_top_volume_100_20260714,M5,7,lightgbm_direct,FOODS_3_234_CA_3_validation,378,7146.0,4740.6202917099,12.541323523042063,67.97976013007333,0.6633949470626784
source_b_repair_baselines_m5_rohlik_100_v2,m5_top_volume_100_20260714,M5,7,lightgbm_direct,FOODS_3_234_WI_2_validation,378,8932.0,9740.509572207928,25.768543841819916,143.50332781990429,1.0905183130550749
source_b_repair_baselines_m5_rohlik_100_v2,m5_top_volume_100_20260714,M5,7,lightgbm_direct,FOODS_3_234_WI_3_validation,378,7749.0,4649.879708498716,12.301269070102425,74.3503246732305,0.6000619058586548
source_b_repair_baselines_m5_rohlik_100_v2,m5_top_volume_100_20260714,M5,7,lightgbm_direct,FOODS_3_252_CA_1_validation,378,14668.0,3124.634419441223,8.266228622860378,22.616489881358994,0.21302389006280495
source_b_repair_baselines_m5_rohlik_100_v2,m5_top_volume_100_20260714,M5,7,lightgbm_direct,FOODS_3_252_CA_2_validation,378,14731.0,3334.570400238037,8.821614815444542,25.504312241856862,0.22636415723562808
source_b_repair_baselines_m5_rohlik_100_v2,m5_top_volume_100_20260714,M5,7,lightgbm_direct,FOODS_3_252_CA_3_validation,378,17274.0,3794.9383335113525,10.039519400823684,22.386285197240586,0.21969076840982704
source_b_repair_baselines_m5_rohlik_100_v2,m5_top_volume_100_20260714,M5,7,lightgbm_direct,FOODS_3_252_TX_1_validation,378,11801.0,3006.7569484710693,7.954383461563675,27.57733499521931,0.2547883186569841
source_b_repair_baselines_m5_rohlik_100_v2,m5_top_volume_100_20260714,M5,7,lightgbm_direct,FOODS_3_252_TX_2_validation,378,21934.0,4706.8400230407715,12.451957732912094,21.885312710362886,0.2145910469153265
source_b_repair_baselines_m5_rohlik_100_v2,m5_top_volume_100_20260714,M5,7,lightgbm_direct,FOODS_3_252_TX_3_validation,378,17754.0,4247.454254150391,11.236651466006325,25.23580665284504,0.23923928433876257
source_b_repair_baselines_m5_rohlik_100_v2,m5_top_volume_100_20260714,M5,7,lightgbm_direct,FOODS_3_252_WI_3_validation,378,6826.0,2315.5523314476013,6.125799818644448,34.80240596218636,0.33922536352880184
source_b_repair_baselines_m5_rohlik_100_v2,m5_top_volume_100_20260714,M5,7,lightgbm_direct,FOODS_3_281_CA_3_validation,378,3821.0,2205.3247652947903,5.834192500779868,76.65202626676817,0.5771590592239703
source_b_repair_baselines_m5_rohlik_100_v2,m5_top_volume_100_20260714,M5,7,lightgbm_direct,FOODS_3_282_CA_3_validation,378,13394.0,3538.7933456897736,9.361887157909454,36.715148850458284,0.264207357450334
source_b_repair_baselines_m5_rohlik_100_v2,m5_top_volume_100_20260714,M5,7,lightgbm_direct,FOODS_3_288_CA_3_validation,378,12500.0,4058.3003794550896,10.73624439009283,45.202551957030245,0.3246640303564072
source_b_repair_baselines_m5_rohlik_100_v2,m5_top_volume_100_20260714,M5,7,lightgbm_direct,FOODS_3_318_CA_3_validation,378,5296.0,2866.164391528815,7.58244548023496,96.41965443392574,0.5411941826904862
source_b_repair_baselines_m5_rohlik_100_v2,m5_top_volume_100_20260714,M5,7,lightgbm_direct,FOODS_3_318_WI_3_validation,378,5628.0,2917.8609339259565,7.719208819909938,94.01737659502646,0.5184543237252943
source_b_repair_baselines_m5_rohlik_100_v2,m5_top_volume_100_20260714,M5,7,lightgbm_direct,FOODS_3_319_CA_3_validation,378,4783.0,2694.996919326484,7.1296214796996935,110.76607663298002,0.563453255138299
source_b_repair_baselines_m5_rohlik_100_v2,m5_top_volume_100_20260714,M5,7,lightgbm_direct,FOODS_3_376_WI_2_validation,378,8991.0,4449.884720087051,11.772181799172094,53.22737393855582,0.4949265621273553
source_b_repair_baselines_m5_rohlik_100_v2,m5_top_volume_100_20260714,M5,7,lightgbm_direct,FOODS_3_377_TX_2_validation,378,11838.0,2137.114628791809,5.653742404211135,18.47409065953595,0.18053004129006667
source_b_repair_baselines_m5_rohlik_100_v2,m5_top_volume_100_20260714,M5,7,lightgbm_direct,FOODS_3_377_TX_3_validation,378,15919.0,3058.160671234131,8.09037214612204,19.610835856278328,0.192107586609343
source_b_repair_baselines_m5_rohlik_100_v2,m5_top_volume_100_20260714,M5,7,lightgbm_direct,FOODS_3_412_WI_2_validation,378,7130.0,7370.9760646522045,19.499936678974088,129.79435033908103,1.0337974845234508
source_b_repair_baselines_m5_rohlik_100_v2,m5_top_volume_100_20260714,M5,7,lightgbm_direct,FOODS_3_462_WI_2_validation,378,8298.0,3882.0932805538177,10.27008804379317,53.69483716267413,0.467834813274743
source_b_repair_baselines_m5_rohlik_100_v2,m5_top_volume_100_20260714,M5,7,lightgbm_direct,FOODS_3_501_CA_3_validation,378,4934.0,2163.0363660380244,5.722318428672022,66.46547010563445,0.4383940749975728
source_b_repair_baselines_m5_rohlik_100_v2,m5_top_volume_100_20260714,M5,7,lightgbm_direct,FOODS_3_541_CA_3_validation,378,7136.0,3864.483700759709,10.223501853861663,112.5015839408941,0.541547603806013
source_b_repair_baselines_m5_rohlik_100_v2,m5_top_volume_100_20260714,M5,7,lightgbm_direct,FOODS_3_547_WI_2_validation,378,6199.0,6265.600784987211,16.57566345234712,135.17853276868158,1.0107437949648672
source_b_repair_baselines_m5_rohlik_100_v2,m5_top_volume_100_20260714,M5,7,lightgbm_direct,FOODS_3_555_CA_1_validation,378,6830.0,1614.2211508750916,4.27042632506638,25.135961070220823,0.23634277465228282
source_b_repair_baselines_m5_rohlik_100_v2,m5_top_volume_100_20260714,M5,7,lightgbm_direct,FOODS_3_555_CA_3_validation,378,11167.0,2237.975248336792,5.9205694400444235,20.965547243275164,0.20040971150145895
source_b_repair_baselines_m5_rohlik_100_v2,m5_top_volume_100_20260714,M5,7,lightgbm_direct,FOODS_3_555_TX_1_validation,378,9228.0,2105.5385479927063,5.570207798922503,23.638963204074688,0.22816845990384768
source_b_repair_baselines_m5_rohlik_100_v2,m5_top_volume_100_20260714,M5,7,lightgbm_direct,FOODS_3_555_TX_2_validation,378,16845.0,3534.190137863159,9.349709359426347,21.77505389765383,0.20980647894705606
source_b_repair_baselines_m5_rohlik_100_v2,m5_top_volume_100_20260714,M5,7,lightgbm_direct,FOODS_3_555_TX_3_validation,378,12158.0,2990.045909881592,7.910174364766116,26.40424820503974,0.24593238278348345
source_b_repair_baselines_m5_rohlik_100_v2,m5_top_volume_100_20260714,M5,7,lightgbm_direct,FOODS_3_555_WI_3_validation,378,8320.0,2090.393126487732,5.530140546263841,26.279110096417114,0.25124917385669854
source_b_repair_baselines_m5_rohlik_100_v2,m5_top_volume_100_20260714,M5,7,lightgbm_direct,FOODS_3_586_CA_1_validation,378,16440.0,3118.4115924835205,8.249766117681272,19.950693935217434,0.18968440343573725
source_b_repair_baselines_m5_rohlik_100_v2,m5_top_volume_100_20260714,M5,7,lightgbm_direct,FOODS_3_586_CA_2_validation,378,14229.0,2800.331666946411,7.408284833191564,22.230140753992746,0.19680453067302067
source_b_repair_baselines_m5_rohlik_100_v2,m5_top_volume_100_20260714,M5,7,lightgbm_direct,FOODS_3_586_CA_3_validation,378,27702.0,4426.009195327759,11.70901903525862,16.57899402876661,0.15977218956493244
source_b_repair_baselines_m5_rohlik_100_v2,m5_top_volume_100_20260714,M5,7,lightgbm_direct,FOODS_3_586_TX_1_validation,378,19685.0,3593.3511390686035,9.506219944625935,18.7756077073988,0.18254260294989097
source_b_repair_baselines_m5_rohlik_100_v2,m5_top_volume_100_20260714,M5,7,lightgbm_direct,FOODS_3_586_TX_2_validation,378,34848.0,5607.413051605225,14.834426062447685,16.55933285947347,0.1609106132806825
source_b_repair_baselines_m5_rohlik_100_v2,m5_top_volume_100_20260714,M5,7,lightgbm_direct,FOODS_3_586_TX_3_validation,378,27768.0,4918.076419830322,13.010784179445297,18.673260502754406,0.1771130949233046
source_b_repair_baselines_m5_rohlik_100_v2,m5_top_volume_100_20260714,M5,7,lightgbm_direct,FOODS_3_586_WI_3_validation,378,12341.0,2497.1109256744385,6.606113559985287,21.55196341058204,0.20234267285264065
source_b_repair_baselines_m5_rohlik_100_v2,m5_top_volume_100_20260714,M5,7,lightgbm_direct,FOODS_3_587_CA_1_validation,378,10362.0,2768.492573261261,7.324054426617092,28.026534238151502,0.2671774342078036
source_b_repair_baselines_m5_rohlik_100_v2,m5_top_volume_100_20260714,M5,7,lightgbm_direct,FOODS_3_587_CA_3_validation,378,12820.0,2679.4322624206543,7.0884451386789795,23.017693750416697,0.2090040766318763
source_b_repair_baselines_m5_rohlik_100_v2,m5_top_volume_100_20260714,M5,7,lightgbm_direct,FOODS_3_587_TX_1_validation,378,10602.0,2700.337071657181,7.143748866817939,28.460053444560508,0.2547007236047143
source_b_repair_baselines_m5_rohlik_100_v2,m5_top_volume_100_20260714,M5,7,lightgbm_direct,FOODS_3_587_TX_2_validation,378,11359.0,2808.62801361084,7.430232840240317,26.55793821403832,0.24726014733786775
source_b_repair_baselines_m5_rohlik_100_v2,m5_top_volume_100_20260714,M5,7,lightgbm_direct,FOODS_3_587_TX_3_validation,378,11748.0,2683.8143062591553,7.100037847246442,23.47190658487415,0.22844861306257705
source_b_repair_baselines_m5_rohlik_100_v2,m5_top_volume_100_20260714,M5,7,lightgbm_direct,FOODS_3_587_WI_3_validation,378,11072.0,2764.1418872475624,7.312544675258102,31.421891775957107,0.24965154328464256
source_b_repair_baselines_m5_rohlik_100_v2,m5_top_volume_100_20260714,M5,7,lightgbm_direct,FOODS_3_607_CA_3_validation,378,7937.0,3042.2592372894287,8.048304860554044,45.03394000566581,0.383300899242715
source_b_repair_baselines_m5_rohlik_100_v2,m5_top_volume_100_20260714,M5,7,lightgbm_direct,FOODS_3_635_CA_3_validation,378,6861.0,3335.344057433307,8.823661527601342,104.8075460225736,0.4861308930816655
source_b_repair_baselines_m5_rohlik_100_v2,m5_top_volume_100_20260714,M5,7,lightgbm_direct,FOODS_3_681_CA_3_validation,378,14755.0,5973.93040895462,15.804048700938148,43.646395426586004,0.4048749853578191
source_b_repair_baselines_m5_rohlik_100_v2,m5_top_volume_100_20260714,M5,7,lightgbm_direct,FOODS_3_681_WI_3_validation,378,12789.0,4819.882616043091,12.751012211754208,46.67456730787677,0.3768772082291884
source_b_repair_baselines_m5_rohlik_100_v2,m5_top_volume_100_20260714,M5,7,lightgbm_direct,FOODS_3_694_CA_3_validation,378,6591.0,1575.0063481330872,4.166683460669542,24.531165842373678,0.23896318436247718
source_b_repair_baselines_m5_rohlik_100_v2,m5_top_volume_100_20260714,M5,7,lightgbm_direct,FOODS_3_694_TX_1_validation,378,6424.0,1739.9005150794983,4.602911415554228,28.407526221126805,0.2708437912639319
source_b_repair_baselines_m5_rohlik_100_v2,m5_top_volume_100_20260714,M5,7,lightgbm_direct,FOODS_3_694_WI_1_validation,378,7117.0,1666.8426008224487,4.409636510112298,24.39117775152392,0.23420578907158196
source_b_repair_baselines_m5_rohlik_100_v2,m5_top_volume_100_20260714,M5,7,lightgbm_direct,FOODS_3_694_WI_2_validation,378,11714.0,2359.5079851150513,6.242084616706485,20.744953678926525,0.2014263262007044
source_b_repair_baselines_m5_rohlik_100_v2,m5_top_volume_100_20260714,M5,7,lightgbm_direct,FOODS_3_694_WI_3_validation,378,16615.0,3196.158568382263,8.455445948101225,19.837475760595797,0.1923658482324564
source_b_repair_baselines_m5_rohlik_100_v2,m5_top_volume_100_20260714,M5,7,lightgbm_direct,FOODS_3_711_CA_3_validation,378,5232.0,4169.5272525548935,11.030495377129348,90.94177463664221,0.7969279916962717
source_b_repair_baselines_m5_rohlik_100_v2,m5_top_volume_100_20260714,M5,7,lightgbm_direct,FOODS_3_711_WI_2_validation,378,7949.0,7213.021870732307,19.08206844109076,117.41861207033162,0.9074124884554419
source_b_repair_baselines_m5_rohlik_100_v2,m5_top_volume_100_20260714,M5,7,lightgbm_direct,FOODS_3_714_CA_1_validation,378,8737.0,2430.3291454315186,6.429442183681266,29.90364944203042,0.2781651763112646
source_b_repair_baselines_m5_rohlik_100_v2,m5_top_volume_100_20260714,M5,7,lightgbm_direct,FOODS_3_714_CA_3_validation,378,11479.0,2551.923182964325,6.7511195316516535,23.36294375933638,0.22231232537366713
source_b_repair_baselines_m5_rohlik_100_v2,m5_top_volume_100_20260714,M5,7,lightgbm_direct,FOODS_3_714_TX_1_validation,378,5659.0,1866.0865759849548,4.936736973505171,35.140817087316286,0.32975553560433907
source_b_repair_baselines_m5_rohlik_100_v2,m5_top_volume_100_20260714,M5,7,lightgbm_direct,FOODS_3_714_TX_2_validation,378,8856.0,2292.139223098755,6.063860378568134,27.06168640954295,0.2588233088413228
source_b_repair_baselines_m5_rohlik_100_v2,m5_top_volume_100_20260714,M5,7,lightgbm_direct,FOODS_3_714_TX_3_validation,378,6863.0,2360.8472785949707,6.245627721150716,36.33267374179871,0.34399639787191766
source_b_repair_baselines_m5_rohlik_100_v2,m5_top_volume_100_20260714,M5,7,lightgbm_direct,FOODS_3_714_WI_3_validation,378,8435.0,2407.9137992858887,6.370142326153145,29.436638670815977,0.2854669590143318
source_b_repair_baselines_m5_rohlik_100_v2,m5_top_volume_100_20260714,M5,7,lightgbm_direct,FOODS_3_723_CA_3_validation,378,8460.0,3517.9039532095194,9.306624214839998,60.020629389247105,0.4158278904502978
source_b_repair_baselines_m5_rohlik_100_v2,m5_top_volume_100_20260714,M5,7,lightgbm_direct,FOODS_3_723_WI_3_validation,378,8049.0,3290.8660543113947,8.705994852675648,63.41241792454228,0.40885402588040687
source_b_repair_baselines_m5_rohlik_100_v2,m5_top_volume_100_20260714,M5,7,lightgbm_direct,FOODS_3_752_CA_3_validation,378,6697.0,5060.904226779938,13.388635520581845,71.6128783169306,0.7556972117037386
source_b_repair_baselines_m5_rohlik_100_v2,m5_top_volume_100_20260714,M5,7,lightgbm_direct,FOODS_3_804_CA_3_validation,378,8100.0,3749.274835050106,9.91871649484155,59.19427048301111,0.46287343642593903
source_b_repair_baselines_m5_rohlik_100_v2,m5_top_volume_100_20260714,M5,7,lightgbm_direct,FOODS_3_808_CA_1_validation,378,2395.0,2884.3629765808582,7.630589885134546,140.34639497657355,1.2043269213281245
source_b_repair_baselines_m5_rohlik_100_v2,m5_top_volume_100_20260714,M5,7,lightgbm_direct,FOODS_3_808_CA_3_validation,378,8869.0,4467.262424968183,11.81815456340789,105.1329349180914,0.5036940382194366
source_b_repair_baselines_m5_rohlik_100_v2,m5_top_volume_100_20260714,M5,7,lightgbm_direct,HOUSEHOLD_1_118_CA_3_validation,378,7935.0,2538.6644172668457,6.716043431922873,33.87032046876045,0.3199325037513353
source_b_repair_baselines_m5_rohlik_100_v2,m5_top_volume_100_20260714,M5,7,lightgbm_direct,HOUSEHOLD_1_334_CA_3_validation,378,7215.0,2594.479295015335,6.863701838664908,40.15096667057337,0.3595951898843153
source_b_repair_baselines_m5_rohlik_100_v2,m5_top_volume_100_20260714,M5,7,lightgbm_direct,HOUSEHOLD_1_459_CA_3_validation,378,8248.0,2740.520761013031,7.250054923314897,35.08713741107225,0.33226488373096885
source_b_repair_baselines_m5_rohlik_100_v2,m5_top_volume_100_20260714,M5,7,lightgbm_direct_scaled,FOODS_1_218_TX_2_validation,378,5582.0,2313.608910560608,6.120658493546582,46.12588098906842,0.41447669483350197
source_b_repair_baselines_m5_rohlik_100_v2,m5_top_volume_100_20260714,M5,7,lightgbm_direct_scaled,FOODS_2_197_CA_1_validation,378,6349.0,2113.7513008117676,5.591934658232189,36.23909552817571,0.3329266499939782
source_b_repair_baselines_m5_rohlik_100_v2,m5_top_volume_100_20260714,M5,7,lightgbm_direct_scaled,FOODS_2_197_CA_3_validation,378,5223.0,1634.4891376495361,4.324045337697186,32.70531383417748,0.31294067349215704
source_b_repair_baselines_m5_rohlik_100_v2,m5_top_volume_100_20260714,M5,7,lightgbm_direct_scaled,FOODS_2_276_CA_3_validation,378,3143.0,1854.1615180969238,4.905189201314613,55.25347414310615,0.5899336678641183
source_b_repair_baselines_m5_rohlik_100_v2,m5_top_volume_100_20260714,M5,7,lightgbm_direct_scaled,FOODS_2_360_CA_3_validation,378,4857.0,2209.1995201706886,5.844443175054732,79.78161685361833,0.45484857322847205
source_b_repair_baselines_m5_rohlik_100_v2,m5_top_volume_100_20260714,M5,7,lightgbm_direct_scaled,FOODS_2_360_TX_3_validation,378,3979.0,1890.239174067974,5.000632735629561,100.67939357549653,0.47505382610403973
source_b_repair_baselines_m5_rohlik_100_v2,m5_top_volume_100_20260714,M5,7,lightgbm_direct_scaled,FOODS_2_360_WI_2_validation,378,10631.0,5379.28821465373,14.230921202787647,111.3508551141055,0.5060002083203584
source_b_repair_baselines_m5_rohlik_100_v2,m5_top_volume_100_20260714,M5,7,lightgbm_direct_scaled,FOODS_3_007_WI_2_validation,378,8464.0,8199.935559049249,21.692951214416002,130.5956111265763,0.9688014601901286
source_b_repair_baselines_m5_rohlik_100_v2,m5_top_volume_100_20260714,M5,7,lightgbm_direct_scaled,FOODS_3_030_TX_2_validation,378,5036.0,1719.0453124660999,4.547738921867989,74.19702040175137,0.34135133289636616
source_b_repair_baselines_m5_rohlik_100_v2,m5_top_volume_100_20260714,M5,7,lightgbm_direct_scaled,FOODS_3_030_TX_3_validation,378,5820.0,2012.7933085579425,5.324850022640059,77.95798067624203,0.34584077466631313
source_b_repair_baselines_m5_rohlik_100_v2,m5_top_volume_100_20260714,M5,7,lightgbm_direct_scaled,FOODS_3_080_CA_1_validation,378,6869.0,1997.229015827179,5.283674645045447,29.726718279959165,0.2907597926666442
source_b_repair_baselines_m5_rohlik_100_v2,m5_top_volume_100_20260714,M5,7,lightgbm_direct_scaled,FOODS_3_080_TX_2_validation,378,6590.0,1541.012710571289,4.076753202569548,24.006190280662523,0.23384107899412582
source_b_repair_baselines_m5_rohlik_100_v2,m5_top_volume_100_20260714,M5,7,lightgbm_direct_scaled,FOODS_3_090_CA_1_validation,378,18773.0,6070.88076159358,16.06053111532693,59.255227277573496,0.3233836233736526
source_b_repair_baselines_m5_rohlik_100_v2,m5_top_volume_100_20260714,M5,7,lightgbm_direct_scaled,FOODS_3_090_CA_2_validation,378,14152.0,4983.149625748396,13.182935517852899,62.20336685602146,0.3521162822038154
source_b_repair_baselines_m5_rohlik_100_v2,m5_top_volume_100_20260714,M5,7,lightgbm_direct_scaled,FOODS_3_090_CA_3_validation,378,36819.0,9791.164449959993,25.902551454920616,48.18263053762347,0.26592695211602685
source_b_repair_baselines_m5_rohlik_100_v2,m5_top_volume_100_20260714,M5,7,lightgbm_direct_scaled,FOODS_3_090_CA_4_validation,378,9660.0,3314.5437505096197,8.76863426060746,58.52045020778696,0.3431204710672484
source_b_repair_baselines_m5_rohlik_100_v2,m5_top_volume_100_20260714,M5,7,lightgbm_direct_scaled,FOODS_3_090_TX_1_validation,378,16993.0,4986.783561162651,13.192549103604895,56.20614191750638,0.2934610463816072
source_b_repair_baselines_m5_rohlik_100_v2,m5_top_volume_100_20260714,M5,7,lightgbm_direct_scaled,FOODS_3_090_TX_2_validation,378,19339.0,6190.640314131975,16.37735532839147,59.69173452295924,0.3201117076442409
source_b_repair_baselines_m5_rohlik_100_v2,m5_top_volume_100_20260714,M5,7,lightgbm_direct_scaled,FOODS_3_090_TX_3_validation,378,21770.0,6801.015050262213,17.99210330757199,59.99752733075475,0.31240307993854904
source_b_repair_baselines_m5_rohlik_100_v2,m5_top_volume_100_20260714,M5,7,lightgbm_direct_scaled,FOODS_3_090_WI_3_validation,378,23889.0,7816.6267156638205,20.67890665519529,61.847105855969566,0.32720610806914563
source_b_repair_baselines_m5_rohlik_100_v2,m5_top_volume_100_20260714,M5,7,lightgbm_direct_scaled,FOODS_3_099_TX_2_validation,378,5210.0,2362.825095281005,6.250860040425939,77.54823661501901,0.45351729276026964
source_b_repair_baselines_m5_rohlik_100_v2,m5_top_volume_100_20260714,M5,7,lightgbm_direct_scaled,FOODS_3_120_CA_1_validation,378,15279.0,6553.122846901417,17.336303827781524,63.10005306503166,0.4288973654624921
source_b_repair_baselines_m5_rohlik_100_v2,m5_top_volume_100_20260714,M5,7,lightgbm_direct_scaled,FOODS_3_120_CA_3_validation,378,31365.0,7999.758398711681,21.16338200717376,33.30610752745194,0.25505367124857903
source_b_repair_baselines_m5_rohlik_100_v2,m5_top_volume_100_20260714,M5,7,lightgbm_direct_scaled,FOODS_3_120_WI_3_validation,378,12400.0,4457.656682252884,11.79274254564255,45.941110422958104,0.35948844211716807
source_b_repair_baselines_m5_rohlik_100_v2,m5_top_volume_100_20260714,M5,7,lightgbm_direct_scaled,FOODS_3_202_CA_3_validation,378,7882.0,2634.2563602924347,6.9689321700858065,50.275843307578704,0.3342116671266728
source_b_repair_baselines_m5_rohlik_100_v2,m5_top_volume_100_20260714,M5,7,lightgbm_direct_scaled,FOODS_3_202_TX_1_validation,378,8044.0,2915.331658527255,7.7125176151514685,63.22322755937505,0.36242313010035493
source_b_repair_baselines_m5_rohlik_100_v2,m5_top_volume_100_20260714,M5,7,lightgbm_direct_scaled,FOODS_3_202_TX_2_validation,378,7798.0,3483.138907596469,9.214653194699654,69.14103092873376,0.4466708011793369
source_b_repair_baselines_m5_rohlik_100_v2,m5_top_volume_100_20260714,M5,7,lightgbm_direct_scaled,FOODS_3_202_TX_3_validation,378,9826.0,3142.22682993114,8.312769391352223,59.69650967373244,0.31978697638216363
source_b_repair_baselines_m5_rohlik_100_v2,m5_top_volume_100_20260714,M5,7,lightgbm_direct_scaled,FOODS_3_226_WI_1_validation,378,14808.0,2623.5949783325195,6.940727455906137,18.219309776442692,0.1771741611515748
source_b_repair_baselines_m5_rohlik_100_v2,m5_top_volume_100_20260714,M5,7,lightgbm_direct_scaled,FOODS_3_226_WI_2_validation,378,14519.0,3143.8180379867554,8.316978936472898,22.816442902827326,0.21653130642515017
source_b_repair_baselines_m5_rohlik_100_v2,m5_top_volume_100_20260714,M5,7,lightgbm_direct_scaled,FOODS_3_226_WI_3_validation,378,18132.0,3404.4260540008545,9.006418132277393,18.981228171379065,0.1877578895875168
source_b_repair_baselines_m5_rohlik_100_v2,m5_top_volume_100_20260714,M5,7,lightgbm_direct_scaled,FOODS_3_234_CA_3_validation,378,7146.0,4740.6202917099,12.541323523042063,67.97976013007333,0.6633949470626784
source_b_repair_baselines_m5_rohlik_100_v2,m5_top_volume_100_20260714,M5,7,lightgbm_direct_scaled,FOODS_3_234_WI_2_validation,378,8932.0,9740.509572207928,25.768543841819916,143.50332781990429,1.0905183130550749
source_b_repair_baselines_m5_rohlik_100_v2,m5_top_volume_100_20260714,M5,7,lightgbm_direct_scaled,FOODS_3_234_WI_3_validation,378,7749.0,4649.879708498716,12.301269070102425,74.3503246732305,0.6000619058586548
source_b_repair_baselines_m5_rohlik_100_v2,m5_top_volume_100_20260714,M5,7,lightgbm_direct_scaled,FOODS_3_252_CA_1_validation,378,14668.0,3124.634419441223,8.266228622860378,22.616489881358994,0.21302389006280495
source_b_repair_baselines_m5_rohlik_100_v2,m5_top_volume_100_20260714,M5,7,lightgbm_direct_scaled,FOODS_3_252_CA_2_validation,378,14731.0,3334.570400238037,8.821614815444542,25.504312241856862,0.22636415723562808
source_b_repair_baselines_m5_rohlik_100_v2,m5_top_volume_100_20260714,M5,7,lightgbm_direct_scaled,FOODS_3_252_CA_3_validation,378,17274.0,3794.9383335113525,10.039519400823684,22.386285197240586,0.21969076840982704
source_b_repair_baselines_m5_rohlik_100_v2,m5_top_volume_100_20260714,M5,7,lightgbm_direct_scaled,FOODS_3_252_TX_1_validation,378,11801.0,3006.7569484710693,7.954383461563675,27.57733499521931,0.2547883186569841
source_b_repair_baselines_m5_rohlik_100_v2,m5_top_volume_100_20260714,M5,7,lightgbm_direct_scaled,FOODS_3_252_TX_2_validation,378,21934.0,4706.8400230407715,12.451957732912094,21.885312710362886,0.2145910469153265
source_b_repair_baselines_m5_rohlik_100_v2,m5_top_volume_100_20260714,M5,7,lightgbm_direct_scaled,FOODS_3_252_TX_3_validation,378,17754.0,4247.454254150391,11.236651466006325,25.23580665284504,0.23923928433876257
source_b_repair_baselines_m5_rohlik_100_v2,m5_top_volume_100_20260714,M5,7,lightgbm_direct_scaled,FOODS_3_252_WI_3_validation,378,6826.0,2315.5523314476013,6.125799818644448,34.80240596218636,0.33922536352880184
source_b_repair_baselines_m5_rohlik_100_v2,m5_top_volume_100_20260714,M5,7,lightgbm_direct_scaled,FOODS_3_281_CA_3_validation,378,3821.0,2205.3247652947903,5.834192500779868,76.65202626676817,0.5771590592239703
source_b_repair_baselines_m5_rohlik_100_v2,m5_top_volume_100_20260714,M5,7,lightgbm_direct_scaled,FOODS_3_282_CA_3_validation,378,13394.0,3538.7933456897736,9.361887157909454,36.715148850458284,0.264207357450334
source_b_repair_baselines_m5_rohlik_100_v2,m5_top_volume_100_20260714,M5,7,lightgbm_direct_scaled,FOODS_3_288_CA_3_validation,378,12500.0,4058.3003794550896,10.73624439009283,45.202551957030245,0.3246640303564072
source_b_repair_baselines_m5_rohlik_100_v2,m5_top_volume_100_20260714,M5,7,lightgbm_direct_scaled,FOODS_3_318_CA_3_validation,378,5296.0,2866.164391528815,7.58244548023496,96.41965443392574,0.5411941826904862
source_b_repair_baselines_m5_rohlik_100_v2,m5_top_volume_100_20260714,M5,7,lightgbm_direct_scaled,FOODS_3_318_WI_3_validation,378,5628.0,2917.8609339259565,7.719208819909938,94.01737659502646,0.5184543237252943
source_b_repair_baselines_m5_rohlik_100_v2,m5_top_volume_100_20260714,M5,7,lightgbm_direct_scaled,FOODS_3_319_CA_3_validation,378,4783.0,2694.996919326484,7.1296214796996935,110.76607663298002,0.563453255138299
source_b_repair_baselines_m5_rohlik_100_v2,m5_top_volume_100_20260714,M5,7,lightgbm_direct_scaled,FOODS_3_376_WI_2_validation,378,8991.0,4449.884720087051,11.772181799172094,53.22737393855582,0.4949265621273553
source_b_repair_baselines_m5_rohlik_100_v2,m5_top_volume_100_20260714,M5,7,lightgbm_direct_scaled,FOODS_3_377_TX_2_validation,378,11838.0,2137.114628791809,5.653742404211135,18.47409065953595,0.18053004129006667
source_b_repair_baselines_m5_rohlik_100_v2,m5_top_volume_100_20260714,M5,7,lightgbm_direct_scaled,FOODS_3_377_TX_3_validation,378,15919.0,3058.160671234131,8.09037214612204,19.610835856278328,0.192107586609343
source_b_repair_baselines_m5_rohlik_100_v2,m5_top_volume_100_20260714,M5,7,lightgbm_direct_scaled,FOODS_3_412_WI_2_validation,378,7130.0,7370.9760646522045,19.499936678974088,129.79435033908103,1.0337974845234508
source_b_repair_baselines_m5_rohlik_100_v2,m5_top_volume_100_20260714,M5,7,lightgbm_direct_scaled,FOODS_3_462_WI_2_validation,378,8298.0,3882.0932805538177,10.27008804379317,53.69483716267413,0.467834813274743
source_b_repair_baselines_m5_rohlik_100_v2,m5_top_volume_100_20260714,M5,7,lightgbm_direct_scaled,FOODS_3_501_CA_3_validation,378,4934.0,2163.0363660380244,5.722318428672022,66.46547010563445,0.4383940749975728
source_b_repair_baselines_m5_rohlik_100_v2,m5_top_volume_100_20260714,M5,7,lightgbm_direct_scaled,FOODS_3_541_CA_3_validation,378,7136.0,3864.483700759709,10.223501853861663,112.5015839408941,0.541547603806013
source_b_repair_baselines_m5_rohlik_100_v2,m5_top_volume_100_20260714,M5,7,lightgbm_direct_scaled,FOODS_3_547_WI_2_validation,378,6199.0,6265.600784987211,16.57566345234712,135.17853276868158,1.0107437949648672
source_b_repair_baselines_m5_rohlik_100_v2,m5_top_volume_100_20260714,M5,7,lightgbm_direct_scaled,FOODS_3_555_CA_1_validation,378,6830.0,1614.2211508750916,4.27042632506638,25.135961070220823,0.23634277465228282
source_b_repair_baselines_m5_rohlik_100_v2,m5_top_volume_100_20260714,M5,7,lightgbm_direct_scaled,FOODS_3_555_CA_3_validation,378,11167.0,2237.975248336792,5.9205694400444235,20.965547243275164,0.20040971150145895
source_b_repair_baselines_m5_rohlik_100_v2,m5_top_volume_100_20260714,M5,7,lightgbm_direct_scaled,FOODS_3_555_TX_1_validation,378,9228.0,2105.5385479927063,5.570207798922503,23.638963204074688,0.22816845990384768
source_b_repair_baselines_m5_rohlik_100_v2,m5_top_volume_100_20260714,M5,7,lightgbm_direct_scaled,FOODS_3_555_TX_2_validation,378,16845.0,3534.190137863159,9.349709359426347,21.77505389765383,0.20980647894705606
source_b_repair_baselines_m5_rohlik_100_v2,m5_top_volume_100_20260714,M5,7,lightgbm_direct_scaled,FOODS_3_555_TX_3_validation,378,12158.0,2990.045909881592,7.910174364766116,26.40424820503974,0.24593238278348345
source_b_repair_baselines_m5_rohlik_100_v2,m5_top_volume_100_20260714,M5,7,lightgbm_direct_scaled,FOODS_3_555_WI_3_validation,378,8320.0,2090.393126487732,5.530140546263841,26.279110096417114,0.25124917385669854
source_b_repair_baselines_m5_rohlik_100_v2,m5_top_volume_100_20260714,M5,7,lightgbm_direct_scaled,FOODS_3_586_CA_1_validation,378,16440.0,3118.4115924835205,8.249766117681272,19.950693935217434,0.18968440343573725
source_b_repair_baselines_m5_rohlik_100_v2,m5_top_volume_100_20260714,M5,7,lightgbm_direct_scaled,FOODS_3_586_CA_2_validation,378,14229.0,2800.331666946411,7.408284833191564,22.230140753992746,0.19680453067302067
source_b_repair_baselines_m5_rohlik_100_v2,m5_top_volume_100_20260714,M5,7,lightgbm_direct_scaled,FOODS_3_586_CA_3_validation,378,27702.0,4426.009195327759,11.70901903525862,16.57899402876661,0.15977218956493244
source_b_repair_baselines_m5_rohlik_100_v2,m5_top_volume_100_20260714,M5,7,lightgbm_direct_scaled,FOODS_3_586_TX_1_validation,378,19685.0,3593.3511390686035,9.506219944625935,18.7756077073988,0.18254260294989097
source_b_repair_baselines_m5_rohlik_100_v2,m5_top_volume_100_20260714,M5,7,lightgbm_direct_scaled,FOODS_3_586_TX_2_validation,378,34848.0,5607.413051605225,14.834426062447685,16.55933285947347,0.1609106132806825
source_b_repair_baselines_m5_rohlik_100_v2,m5_top_volume_100_20260714,M5,7,lightgbm_direct_scaled,FOODS_3_586_TX_3_validation,378,27768.0,4918.076419830322,13.010784179445297,18.673260502754406,0.1771130949233046
source_b_repair_baselines_m5_rohlik_100_v2,m5_top_volume_100_20260714,M5,7,lightgbm_direct_scaled,FOODS_3_586_WI_3_validation,378,12341.0,2497.1109256744385,6.606113559985287,21.55196341058204,0.20234267285264065
source_b_repair_baselines_m5_rohlik_100_v2,m5_top_volume_100_20260714,M5,7,lightgbm_direct_scaled,FOODS_3_587_CA_1_validation,378,10362.0,2768.492573261261,7.324054426617092,28.026534238151502,0.2671774342078036
source_b_repair_baselines_m5_rohlik_100_v2,m5_top_volume_100_20260714,M5,7,lightgbm_direct_scaled,FOODS_3_587_CA_3_validation,378,12820.0,2679.4322624206543,7.0884451386789795,23.017693750416697,0.2090040766318763
source_b_repair_baselines_m5_rohlik_100_v2,m5_top_volume_100_20260714,M5,7,lightgbm_direct_scaled,FOODS_3_587_TX_1_validation,378,10602.0,2700.337071657181,7.143748866817939,28.460053444560508,0.2547007236047143
source_b_repair_baselines_m5_rohlik_100_v2,m5_top_volume_100_20260714,M5,7,lightgbm_direct_scaled,FOODS_3_587_TX_2_validation,378,11359.0,2808.62801361084,7.430232840240317,26.55793821403832,0.24726014733786775
source_b_repair_baselines_m5_rohlik_100_v2,m5_top_volume_100_20260714,M5,7,lightgbm_direct_scaled,FOODS_3_587_TX_3_validation,378,11748.0,2683.8143062591553,7.100037847246442,23.47190658487415,0.22844861306257705
source_b_repair_baselines_m5_rohlik_100_v2,m5_top_volume_100_20260714,M5,7,lightgbm_direct_scaled,FOODS_3_587_WI_3_validation,378,11072.0,2764.1418872475624,7.312544675258102,31.421891775957107,0.24965154328464256
source_b_repair_baselines_m5_rohlik_100_v2,m5_top_volume_100_20260714,M5,7,lightgbm_direct_scaled,FOODS_3_607_CA_3_validation,378,7937.0,3042.2592372894287,8.048304860554044,45.03394000566581,0.383300899242715
source_b_repair_baselines_m5_rohlik_100_v2,m5_top_volume_100_20260714,M5,7,lightgbm_direct_scaled,FOODS_3_635_CA_3_validation,378,6861.0,3335.344057433307,8.823661527601342,104.8075460225736,0.4861308930816655
source_b_repair_baselines_m5_rohlik_100_v2,m5_top_volume_100_20260714,M5,7,lightgbm_direct_scaled,FOODS_3_681_CA_3_validation,378,14755.0,5973.93040895462,15.804048700938148,43.646395426586004,0.4048749853578191
source_b_repair_baselines_m5_rohlik_100_v2,m5_top_volume_100_20260714,M5,7,lightgbm_direct_scaled,FOODS_3_681_WI_3_validation,378,12789.0,4819.882616043091,12.751012211754208,46.67456730787677,0.3768772082291884
source_b_repair_baselines_m5_rohlik_100_v2,m5_top_volume_100_20260714,M5,7,lightgbm_direct_scaled,FOODS_3_694_CA_3_validation,378,6591.0,1575.0063481330872,4.166683460669542,24.531165842373678,0.23896318436247718
source_b_repair_baselines_m5_rohlik_100_v2,m5_top_volume_100_20260714,M5,7,lightgbm_direct_scaled,FOODS_3_694_TX_1_validation,378,6424.0,1739.9005150794983,4.602911415554228,28.407526221126805,0.2708437912639319
source_b_repair_baselines_m5_rohlik_100_v2,m5_top_volume_100_20260714,M5,7,lightgbm_direct_scaled,FOODS_3_694_WI_1_validation,378,7117.0,1666.8426008224487,4.409636510112298,24.39117775152392,0.23420578907158196
source_b_repair_baselines_m5_rohlik_100_v2,m5_top_volume_100_20260714,M5,7,lightgbm_direct_scaled,FOODS_3_694_WI_2_validation,378,11714.0,2359.5079851150513,6.242084616706485,20.744953678926525,0.2014263262007044
source_b_repair_baselines_m5_rohlik_100_v2,m5_top_volume_100_20260714,M5,7,lightgbm_direct_scaled,FOODS_3_694_WI_3_validation,378,16615.0,3196.158568382263,8.455445948101225,19.837475760595797,0.1923658482324564
source_b_repair_baselines_m5_rohlik_100_v2,m5_top_volume_100_20260714,M5,7,lightgbm_direct_scaled,FOODS_3_711_CA_3_validation,378,5232.0,4169.5272525548935,11.030495377129348,90.94177463664221,0.7969279916962717
source_b_repair_baselines_m5_rohlik_100_v2,m5_top_volume_100_20260714,M5,7,lightgbm_direct_scaled,FOODS_3_711_WI_2_validation,378,7949.0,7213.021870732307,19.08206844109076,117.41861207033162,0.9074124884554419
source_b_repair_baselines_m5_rohlik_100_v2,m5_top_volume_100_20260714,M5,7,lightgbm_direct_scaled,FOODS_3_714_CA_1_validation,378,8737.0,2430.3291454315186,6.429442183681266,29.90364944203042,0.2781651763112646
source_b_repair_baselines_m5_rohlik_100_v2,m5_top_volume_100_20260714,M5,7,lightgbm_direct_scaled,FOODS_3_714_CA_3_validation,378,11479.0,2551.923182964325,6.7511195316516535,23.36294375933638,0.22231232537366713
source_b_repair_baselines_m5_rohlik_100_v2,m5_top_volume_100_20260714,M5,7,lightgbm_direct_scaled,FOODS_3_714_TX_1_validation,378,5659.0,1866.0865759849548,4.936736973505171,35.140817087316286,0.32975553560433907
source_b_repair_baselines_m5_rohlik_100_v2,m5_top_volume_100_20260714,M5,7,lightgbm_direct_scaled,FOODS_3_714_TX_2_validation,378,8856.0,2292.139223098755,6.063860378568134,27.06168640954295,0.2588233088413228
source_b_repair_baselines_m5_rohlik_100_v2,m5_top_volume_100_20260714,M5,7,lightgbm_direct_scaled,FOODS_3_714_TX_3_validation,378,6863.0,2360.8472785949707,6.245627721150716,36.33267374179871,0.34399639787191766
source_b_repair_baselines_m5_rohlik_100_v2,m5_top_volume_100_20260714,M5,7,lightgbm_direct_scaled,FOODS_3_714_WI_3_validation,378,8435.0,2407.9137992858887,6.370142326153145,29.436638670815977,0.2854669590143318
source_b_repair_baselines_m5_rohlik_100_v2,m5_top_volume_100_20260714,M5,7,lightgbm_direct_scaled,FOODS_3_723_CA_3_validation,378,8460.0,3517.9039532095194,9.306624214839998,60.020629389247105,0.4158278904502978
source_b_repair_baselines_m5_rohlik_100_v2,m5_top_volume_100_20260714,M5,7,lightgbm_direct_scaled,FOODS_3_723_WI_3_validation,378,8049.0,3290.8660543113947,8.705994852675648,63.41241792454228,0.40885402588040687
source_b_repair_baselines_m5_rohlik_100_v2,m5_top_volume_100_20260714,M5,7,lightgbm_direct_scaled,FOODS_3_752_CA_3_validation,378,6697.0,5060.904226779938,13.388635520581845,71.6128783169306,0.7556972117037386
source_b_repair_baselines_m5_rohlik_100_v2,m5_top_volume_100_20260714,M5,7,lightgbm_direct_scaled,FOODS_3_804_CA_3_validation,378,8100.0,3749.274835050106,9.91871649484155,59.19427048301111,0.46287343642593903
source_b_repair_baselines_m5_rohlik_100_v2,m5_top_volume_100_20260714,M5,7,lightgbm_direct_scaled,FOODS_3_808_CA_1_validation,378,2395.0,2884.3629765808582,7.630589885134546,140.34639497657355,1.2043269213281245
source_b_repair_baselines_m5_rohlik_100_v2,m5_top_volume_100_20260714,M5,7,lightgbm_direct_scaled,FOODS_3_808_CA_3_validation,378,8869.0,4467.262424968183,11.81815456340789,105.1329349180914,0.5036940382194366
source_b_repair_baselines_m5_rohlik_100_v2,m5_top_volume_100_20260714,M5,7,lightgbm_direct_scaled,HOUSEHOLD_1_118_CA_3_validation,378,7935.0,2538.6644172668457,6.716043431922873,33.87032046876045,0.3199325037513353
source_b_repair_baselines_m5_rohlik_100_v2,m5_top_volume_100_20260714,M5,7,lightgbm_direct_scaled,HOUSEHOLD_1_334_CA_3_validation,378,7215.0,2594.479295015335,6.863701838664908,40.15096667057337,0.3595951898843153
source_b_repair_baselines_m5_rohlik_100_v2,m5_top_volume_100_20260714,M5,7,lightgbm_direct_scaled,HOUSEHOLD_1_459_CA_3_validation,378,8248.0,2740.520761013031,7.250054923314897,35.08713741107225,0.33226488373096885
source_b_repair_baselines_m5_rohlik_100_v2,m5_top_volume_100_20260714,M5,14,seasonal_naive,FOODS_1_218_TX_2_validation,378,5582.0,3196.0,8.455026455026456,61.78538488187226,0.5725546399140093
source_b_repair_baselines_m5_rohlik_100_v2,m5_top_volume_100_20260714,M5,14,seasonal_naive,FOODS_2_197_CA_1_validation,378,6349.0,2899.0,7.669312169312169,49.5290741306032,0.4566073397385415
source_b_repair_baselines_m5_rohlik_100_v2,m5_top_volume_100_20260714,M5,14,seasonal_naive,FOODS_2_197_CA_3_validation,378,5223.0,2187.0,5.785714285714286,44.79511537418786,0.4187248707639288
source_b_repair_baselines_m5_rohlik_100_v2,m5_top_volume_100_20260714,M5,14,seasonal_naive,FOODS_2_276_CA_3_validation,378,3143.0,1857.0,4.912698412698413,64.76343958631894,0.590836780146357
source_b_repair_baselines_m5_rohlik_100_v2,m5_top_volume_100_20260714,M5,14,seasonal_naive,FOODS_2_360_CA_3_validation,378,4857.0,2953.0,7.8121693121693125,75.53609252979408,0.607988470249125
source_b_repair_baselines_m5_rohlik_100_v2,m5_top_volume_100_20260714,M5,14,seasonal_naive,FOODS_2_360_TX_3_validation,378,3979.0,2327.0,6.156084656084656,47.88031493669871,0.584820306609701
source_b_repair_baselines_m5_rohlik_100_v2,m5_top_volume_100_20260714,M5,14,seasonal_naive,FOODS_2_360_WI_2_validation,378,10631.0,7661.0,20.267195767195766,50.73644312156455,0.7206283510488195
source_b_repair_baselines_m5_rohlik_100_v2,m5_top_volume_100_20260714,M5,14,seasonal_naive,FOODS_3_007_WI_2_validation,378,8464.0,9100.0,24.074074074074073,98.78623723437357,1.0751417769376181
source_b_repair_baselines_m5_rohlik_100_v2,m5_top_volume_100_20260714,M5,14,seasonal_naive,FOODS_3_030_TX_2_validation,378,5036.0,2260.0,5.978835978835979,41.05199568821042,0.448768864177919
source_b_repair_baselines_m5_rohlik_100_v2,m5_top_volume_100_20260714,M5,14,seasonal_naive,FOODS_3_030_TX_3_validation,378,5820.0,2776.0,7.343915343915344,41.28326196721668,0.47697594501718216
source_b_repair_baselines_m5_rohlik_100_v2,m5_top_volume_100_20260714,M5,14,seasonal_naive,FOODS_3_080_CA_1_validation,378,6869.0,2553.0,6.753968253968254,38.03560699893876,0.37166982093463385
source_b_repair_baselines_m5_rohlik_100_v2,m5_top_volume_100_20260714,M5,14,seasonal_naive,FOODS_3_080_TX_2_validation,378,6590.0,1888.0,4.994708994708994,30.45483581550892,0.28649468892261004
source_b_repair_baselines_m5_rohlik_100_v2,m5_top_volume_100_20260714,M5,14,seasonal_naive,FOODS_3_090_CA_1_validation,378,18773.0,8931.0,23.626984126984127,48.027717523169024,0.4757364299792255
source_b_repair_baselines_m5_rohlik_100_v2,m5_top_volume_100_20260714,M5,14,seasonal_naive,FOODS_3_090_CA_2_validation,378,14152.0,6584.0,17.417989417989418,51.279111848529446,0.4652345958168457
source_b_repair_baselines_m5_rohlik_100_v2,m5_top_volume_100_20260714,M5,14,seasonal_naive,FOODS_3_090_CA_3_validation,378,36819.0,15405.0,40.75396825396825,58.848445062476806,0.41839810967163693
source_b_repair_baselines_m5_rohlik_100_v2,m5_top_volume_100_20260714,M5,14,seasonal_naive,FOODS_3_090_CA_4_validation,378,9660.0,4592.0,12.148148148148149,48.79147633145327,0.4753623188405797
source_b_repair_baselines_m5_rohlik_100_v2,m5_top_volume_100_20260714,M5,14,seasonal_naive,FOODS_3_090_TX_1_validation,378,16993.0,7535.0,19.933862433862434,45.25697151231497,0.443417877949744
source_b_repair_baselines_m5_rohlik_100_v2,m5_top_volume_100_20260714,M5,14,seasonal_naive,FOODS_3_090_TX_2_validation,378,19339.0,8583.0,22.706349206349206,46.85658718532113,0.44381819121981486
source_b_repair_baselines_m5_rohlik_100_v2,m5_top_volume_100_20260714,M5,14,seasonal_naive,FOODS_3_090_TX_3_validation,378,21770.0,9096.0,24.063492063492063,43.89044403269729,0.4178226917776757
source_b_repair_baselines_m5_rohlik_100_v2,m5_top_volume_100_20260714,M5,14,seasonal_naive,FOODS_3_090_WI_3_validation,378,23889.0,9439.0,24.97089947089947,44.200443712505546,0.39511909246933735
source_b_repair_baselines_m5_rohlik_100_v2,m5_top_volume_100_20260714,M5,14,seasonal_naive,FOODS_3_099_TX_2_validation,378,5210.0,2276.0,6.021164021164021,38.262410045621436,0.43685220729366603
source_b_repair_baselines_m5_rohlik_100_v2,m5_top_volume_100_20260714,M5,14,seasonal_naive,FOODS_3_120_CA_1_validation,378,15279.0,8383.0,22.177248677248677,69.94802063338483,0.5486615616205249
source_b_repair_baselines_m5_rohlik_100_v2,m5_top_volume_100_20260714,M5,14,seasonal_naive,FOODS_3_120_CA_3_validation,378,31365.0,9451.0,25.002645502645503,36.99231474236658,0.3013231308783676
source_b_repair_baselines_m5_rohlik_100_v2,m5_top_volume_100_20260714,M5,14,seasonal_naive,FOODS_3_120_WI_3_validation,378,12400.0,5736.0,15.174603174603174,58.138794919750595,0.4625806451612903
source_b_repair_baselines_m5_rohlik_100_v2,m5_top_volume_100_20260714,M5,14,seasonal_naive,FOODS_3_202_CA_3_validation,378,7882.0,3754.0,9.931216931216932,64.26637586832204,0.4762750570921086
source_b_repair_baselines_m5_rohlik_100_v2,m5_top_volume_100_20260714,M5,14,seasonal_naive,FOODS_3_202_TX_1_validation,378,8044.0,3854.0,10.195767195767196,53.573660630818054,0.4791148682247638
source_b_repair_baselines_m5_rohlik_100_v2,m5_top_volume_100_20260714,M5,14,seasonal_naive,FOODS_3_202_TX_2_validation,378,7798.0,5450.0,14.417989417989418,65.52151323770595,0.6988971531161836
source_b_repair_baselines_m5_rohlik_100_v2,m5_top_volume_100_20260714,M5,14,seasonal_naive,FOODS_3_202_TX_3_validation,378,9826.0,4762.0,12.597883597883598,50.849938857057666,0.4846326073682068
source_b_repair_baselines_m5_rohlik_100_v2,m5_top_volume_100_20260714,M5,14,seasonal_naive,FOODS_3_226_WI_1_validation,378,14808.0,3336.0,8.825396825396826,23.546872792248426,0.2252836304700162
source_b_repair_baselines_m5_rohlik_100_v2,m5_top_volume_100_20260714,M5,14,seasonal_naive,FOODS_3_226_WI_2_validation,378,14519.0,4159.0,11.002645502645503,32.18925396116051,0.2864522350024106
source_b_repair_baselines_m5_rohlik_100_v2,m5_top_volume_100_20260714,M5,14,seasonal_naive,FOODS_3_226_WI_3_validation,378,18132.0,4594.0,12.153439153439153,26.272234792604582,0.2533642179572027
source_b_repair_baselines_m5_rohlik_100_v2,m5_top_volume_100_20260714,M5,14,seasonal_naive,FOODS_3_234_CA_3_validation,378,7146.0,5942.0,15.71957671957672,84.8968725740476,0.8315141337811363
source_b_repair_baselines_m5_rohlik_100_v2,m5_top_volume_100_20260714,M5,14,seasonal_naive,FOODS_3_234_WI_2_validation,378,8932.0,11794.0,31.201058201058203,122.11815654681031,1.3204209583519928
source_b_repair_baselines_m5_rohlik_100_v2,m5_top_volume_100_20260714,M5,14,seasonal_naive,FOODS_3_234_WI_3_validation,378,7749.0,6505.0,17.20899470899471,100.09796641152546,0.8394631565363273
source_b_repair_baselines_m5_rohlik_100_v2,m5_top_volume_100_20260714,M5,14,seasonal_naive,FOODS_3_252_CA_1_validation,378,14668.0,3970.0,10.502645502645503,28.75345712803209,0.2706572129806381
source_b_repair_baselines_m5_rohlik_100_v2,m5_top_volume_100_20260714,M5,14,seasonal_naive,FOODS_3_252_CA_2_validation,378,14731.0,4351.0,11.510582010582011,33.96269075192737,0.2953635191093612
source_b_repair_baselines_m5_rohlik_100_v2,m5_top_volume_100_20260714,M5,14,seasonal_naive,FOODS_3_252_CA_3_validation,378,17274.0,4966.0,13.137566137566138,29.091872397564224,0.28748408012041216
source_b_repair_baselines_m5_rohlik_100_v2,m5_top_volume_100_20260714,M5,14,seasonal_naive,FOODS_3_252_TX_1_validation,378,11801.0,4257.0,11.261904761904763,38.62549596006589,0.3607321413439539
source_b_repair_baselines_m5_rohlik_100_v2,m5_top_volume_100_20260714,M5,14,seasonal_naive,FOODS_3_252_TX_2_validation,378,21934.0,6538.0,17.296296296296298,30.852025925661923,0.2980760463207805
source_b_repair_baselines_m5_rohlik_100_v2,m5_top_volume_100_20260714,M5,14,seasonal_naive,FOODS_3_252_TX_3_validation,378,17754.0,5494.0,14.534391534391535,33.44502596448071,0.30945139123577786
source_b_repair_baselines_m5_rohlik_100_v2,m5_top_volume_100_20260714,M5,14,seasonal_naive,FOODS_3_252_WI_3_validation,378,6826.0,3212.0,8.497354497354497,48.064771586476134,0.47055376501611484
source_b_repair_baselines_m5_rohlik_100_v2,m5_top_volume_100_20260714,M5,14,seasonal_naive,FOODS_3_281_CA_3_validation,378,3821.0,2359.0,6.2407407407407405,78.86431320668254,0.6173776498298874
source_b_repair_baselines_m5_rohlik_100_v2,m5_top_volume_100_20260714,M5,14,seasonal_naive,FOODS_3_282_CA_3_validation,378,13394.0,4718.0,12.481481481481481,47.476863308356265,0.3522472748992086
source_b_repair_baselines_m5_rohlik_100_v2,m5_top_volume_100_20260714,M5,14,seasonal_naive,FOODS_3_288_CA_3_validation,378,12500.0,5276.0,13.957671957671957,49.121562468301136,0.42208
source_b_repair_baselines_m5_rohlik_100_v2,m5_top_volume_100_20260714,M5,14,seasonal_naive,FOODS_3_318_CA_3_validation,378,5296.0,3056.0,8.084656084656086,61.909803111373684,0.5770392749244713
source_b_repair_baselines_m5_rohlik_100_v2,m5_top_volume_100_20260714,M5,14,seasonal_naive,FOODS_3_318_WI_3_validation,378,5628.0,3388.0,8.962962962962964,53.679170334505685,0.6019900497512438
source_b_repair_baselines_m5_rohlik_100_v2,m5_top_volume_100_20260714,M5,14,seasonal_naive,FOODS_3_319_CA_3_validation,378,4783.0,3183.0,8.420634920634921,57.74968497140942,0.6654819151160359
source_b_repair_baselines_m5_rohlik_100_v2,m5_top_volume_100_20260714,M5,14,seasonal_naive,FOODS_3_376_WI_2_validation,378,8991.0,5539.0,14.653439153439153,69.52501582504047,0.6160605049493938
source_b_repair_baselines_m5_rohlik_100_v2,m5_top_volume_100_20260714,M5,14,seasonal_naive,FOODS_3_377_TX_2_validation,378,11838.0,3004.0,7.947089947089947,26.414019047251614,0.25375908092583205
source_b_repair_baselines_m5_rohlik_100_v2,m5_top_volume_100_20260714,M5,14,seasonal_naive,FOODS_3_377_TX_3_validation,378,15919.0,4371.0,11.563492063492063,27.797291789570956,0.2745775488410076
source_b_repair_baselines_m5_rohlik_100_v2,m5_top_volume_100_20260714,M5,14,seasonal_naive,FOODS_3_412_WI_2_validation,378,7130.0,9190.0,24.312169312169313,123.45051041737582,1.2889200561009817
source_b_repair_baselines_m5_rohlik_100_v2,m5_top_volume_100_20260714,M5,14,seasonal_naive,FOODS_3_462_WI_2_validation,378,8298.0,5308.0,14.042328042328043,72.24468564317937,0.6396722101711255
source_b_repair_baselines_m5_rohlik_100_v2,m5_top_volume_100_20260714,M5,14,seasonal_naive,FOODS_3_501_CA_3_validation,378,4934.0,2572.0,6.804232804232805,51.652138021582196,0.5212809079854074
source_b_repair_baselines_m5_rohlik_100_v2,m5_top_volume_100_20260714,M5,14,seasonal_naive,FOODS_3_541_CA_3_validation,378,7136.0,4890.0,12.936507936507937,64.21063270398898,0.6852578475336323
source_b_repair_baselines_m5_rohlik_100_v2,m5_top_volume_100_20260714,M5,14,seasonal_naive,FOODS_3_547_WI_2_validation,378,6199.0,8809.0,23.304232804232804,121.29794009769526,1.4210356509114372
source_b_repair_baselines_m5_rohlik_100_v2,m5_top_volume_100_20260714,M5,14,seasonal_naive,FOODS_3_555_CA_1_validation,378,6830.0,2074.0,5.4867724867724865,32.102212478098394,0.30366032210834554
source_b_repair_baselines_m5_rohlik_100_v2,m5_top_volume_100_20260714,M5,14,seasonal_naive,FOODS_3_555_CA_3_validation,378,11167.0,3229.0,8.542328042328043,30.563159149809387,0.28915554759559414
source_b_repair_baselines_m5_rohlik_100_v2,m5_top_volume_100_20260714,M5,14,seasonal_naive,FOODS_3_555_TX_1_validation,378,9228.0,2724.0,7.2063492063492065,30.666985338767393,0.2951885565669701
source_b_repair_baselines_m5_rohlik_100_v2,m5_top_volume_100_20260714,M5,14,seasonal_naive,FOODS_3_555_TX_2_validation,378,16845.0,4939.0,13.066137566137566,30.471489710190752,0.29320273078064707
source_b_repair_baselines_m5_rohlik_100_v2,m5_top_volume_100_20260714,M5,14,seasonal_naive,FOODS_3_555_TX_3_validation,378,12158.0,4182.0,11.063492063492063,37.42835926024844,0.34397104786971544
source_b_repair_baselines_m5_rohlik_100_v2,m5_top_volume_100_20260714,M5,14,seasonal_naive,FOODS_3_555_WI_3_validation,378,8320.0,2850.0,7.5396825396825395,36.64756605558169,0.3425480769230769
source_b_repair_baselines_m5_rohlik_100_v2,m5_top_volume_100_20260714,M5,14,seasonal_naive,FOODS_3_586_CA_1_validation,378,16440.0,4134.0,10.936507936507937,26.412451723917883,0.2514598540145985
source_b_repair_baselines_m5_rohlik_100_v2,m5_top_volume_100_20260714,M5,14,seasonal_naive,FOODS_3_586_CA_2_validation,378,14229.0,3795.0,10.03968253968254,30.283209113243974,0.2667088340712629
source_b_repair_baselines_m5_rohlik_100_v2,m5_top_volume_100_20260714,M5,14,seasonal_naive,FOODS_3_586_CA_3_validation,378,27702.0,5306.0,14.037037037037036,20.756698693909776,0.19153851707457945
source_b_repair_baselines_m5_rohlik_100_v2,m5_top_volume_100_20260714,M5,14,seasonal_naive,FOODS_3_586_TX_1_validation,378,19685.0,4815.0,12.738095238095237,25.395479119136542,0.2446024892049784
source_b_repair_baselines_m5_rohlik_100_v2,m5_top_volume_100_20260714,M5,14,seasonal_naive,FOODS_3_586_TX_2_validation,378,34848.0,7190.0,19.021164021164022,21.227168131730494,0.20632460973370065
source_b_repair_baselines_m5_rohlik_100_v2,m5_top_volume_100_20260714,M5,14,seasonal_naive,FOODS_3_586_TX_3_validation,378,27768.0,7242.0,19.158730158730158,27.56204779392441,0.2608038029386344
source_b_repair_baselines_m5_rohlik_100_v2,m5_top_volume_100_20260714,M5,14,seasonal_naive,FOODS_3_586_WI_3_validation,378,12341.0,3471.0,9.182539682539682,30.12498139900957,0.2812575966291224
source_b_repair_baselines_m5_rohlik_100_v2,m5_top_volume_100_20260714,M5,14,seasonal_naive,FOODS_3_587_CA_1_validation,378,10362.0,3584.0,9.481481481481481,36.631758574428424,0.3458791739046516
source_b_repair_baselines_m5_rohlik_100_v2,m5_top_volume_100_20260714,M5,14,seasonal_naive,FOODS_3_587_CA_3_validation,378,12820.0,3722.0,9.846560846560847,32.506447839611745,0.2903276131045242
source_b_repair_baselines_m5_rohlik_100_v2,m5_top_volume_100_20260714,M5,14,seasonal_naive,FOODS_3_587_TX_1_validation,378,10602.0,3868.0,10.232804232804233,40.1229671283113,0.36483682324089795
source_b_repair_baselines_m5_rohlik_100_v2,m5_top_volume_100_20260714,M5,14,seasonal_naive,FOODS_3_587_TX_2_validation,378,11359.0,3961.0,10.47883597883598,37.823610492964036,0.348710273791707
source_b_repair_baselines_m5_rohlik_100_v2,m5_top_volume_100_20260714,M5,14,seasonal_naive,FOODS_3_587_TX_3_validation,378,11748.0,3636.0,9.619047619047619,32.1909208900574,0.30949948927477017
source_b_repair_baselines_m5_rohlik_100_v2,m5_top_volume_100_20260714,M5,14,seasonal_naive,FOODS_3_587_WI_3_validation,378,11072.0,4250.0,11.243386243386244,42.30929646562724,0.38385115606936415
source_b_repair_baselines_m5_rohlik_100_v2,m5_top_volume_100_20260714,M5,14,seasonal_naive,FOODS_3_607_CA_3_validation,378,7937.0,4225.0,11.177248677248677,60.21713699578406,0.5323169963462265
source_b_repair_baselines_m5_rohlik_100_v2,m5_top_volume_100_20260714,M5,14,seasonal_naive,FOODS_3_635_CA_3_validation,378,6861.0,4633.0,12.256613756613756,66.88276567709389,0.6752659962104649
source_b_repair_baselines_m5_rohlik_100_v2,m5_top_volume_100_20260714,M5,14,seasonal_naive,FOODS_3_681_CA_3_validation,378,14755.0,7391.0,19.552910052910054,55.420839063418626,0.5009149440867503
source_b_repair_baselines_m5_rohlik_100_v2,m5_top_volume_100_20260714,M5,14,seasonal_naive,FOODS_3_681_WI_3_validation,378,12789.0,5385.0,14.246031746031745,52.71256034895495,0.421064977715224
source_b_repair_baselines_m5_rohlik_100_v2,m5_top_volume_100_20260714,M5,14,seasonal_naive,FOODS_3_694_CA_3_validation,378,6591.0,2013.0,5.325396825396825,31.95650337556272,0.3054164770141102
source_b_repair_baselines_m5_rohlik_100_v2,m5_top_volume_100_20260714,M5,14,seasonal_naive,FOODS_3_694_TX_1_validation,378,6424.0,2284.0,6.042328042328043,37.34531735629826,0.35554171855541716
source_b_repair_baselines_m5_rohlik_100_v2,m5_top_volume_100_20260714,M5,14,seasonal_naive,FOODS_3_694_WI_1_validation,378,7117.0,2117.0,5.6005291005291005,30.68081592840058,0.29745679359280597
source_b_repair_baselines_m5_rohlik_100_v2,m5_top_volume_100_20260714,M5,14,seasonal_naive,FOODS_3_694_WI_2_validation,378,11714.0,3242.0,8.576719576719576,29.8598291284241,0.2767628478743384
source_b_repair_baselines_m5_rohlik_100_v2,m5_top_volume_100_20260714,M5,14,seasonal_naive,FOODS_3_694_WI_3_validation,378,16615.0,4409.0,11.664021164021165,27.99995321746616,0.2653626241348179
source_b_repair_baselines_m5_rohlik_100_v2,m5_top_volume_100_20260714,M5,14,seasonal_naive,FOODS_3_711_CA_3_validation,378,5232.0,5146.0,13.613756613756614,90.4447276440637,0.9835626911314985
source_b_repair_baselines_m5_rohlik_100_v2,m5_top_volume_100_20260714,M5,14,seasonal_naive,FOODS_3_711_WI_2_validation,378,7949.0,9943.0,26.304232804232804,117.08997812194322,1.250849163416782
source_b_repair_baselines_m5_rohlik_100_v2,m5_top_volume_100_20260714,M5,14,seasonal_naive,FOODS_3_714_CA_1_validation,378,8737.0,2817.0,7.4523809523809526,35.341710839450116,0.32242188394185645
source_b_repair_baselines_m5_rohlik_100_v2,m5_top_volume_100_20260714,M5,14,seasonal_naive,FOODS_3_714_CA_3_validation,378,11479.0,3361.0,8.89153439153439,31.433685373845606,0.2927955396811569
source_b_repair_baselines_m5_rohlik_100_v2,m5_top_volume_100_20260714,M5,14,seasonal_naive,FOODS_3_714_TX_1_validation,378,5659.0,2581.0,6.828042328042328,48.601660623884804,0.4560876479943453
source_b_repair_baselines_m5_rohlik_100_v2,m5_top_volume_100_20260714,M5,14,seasonal_naive,FOODS_3_714_TX_2_validation,378,8856.0,3088.0,8.16931216931217,36.04496638562733,0.3486901535682023
source_b_repair_baselines_m5_rohlik_100_v2,m5_top_volume_100_20260714,M5,14,seasonal_naive,FOODS_3_714_TX_3_validation,378,6863.0,3227.0,8.537037037037036,50.842527305303534,0.47020253533440187
source_b_repair_baselines_m5_rohlik_100_v2,m5_top_volume_100_20260714,M5,14,seasonal_naive,FOODS_3_714_WI_3_validation,378,8435.0,3107.0,8.21957671957672,40.05677741786508,0.36834617664493186
source_b_repair_baselines_m5_rohlik_100_v2,m5_top_volume_100_20260714,M5,14,seasonal_naive,FOODS_3_723_CA_3_validation,378,8460.0,4750.0,12.566137566137566,61.41374818359074,0.5614657210401891
source_b_repair_baselines_m5_rohlik_100_v2,m5_top_volume_100_20260714,M5,14,seasonal_naive,FOODS_3_723_WI_3_validation,378,8049.0,4519.0,11.955026455026456,55.04069187465363,0.5614362032550627
source_b_repair_baselines_m5_rohlik_100_v2,m5_top_volume_100_20260714,M5,14,seasonal_naive,FOODS_3_752_CA_3_validation,378,6697.0,6323.0,16.727513227513228,90.98947127162724,0.9441540988502315
source_b_repair_baselines_m5_rohlik_100_v2,m5_top_volume_100_20260714,M5,14,seasonal_naive,FOODS_3_804_CA_3_validation,378,8100.0,4718.0,12.481481481481481,71.15235884500154,0.5824691358024692
source_b_repair_baselines_m5_rohlik_100_v2,m5_top_volume_100_20260714,M5,14,seasonal_naive,FOODS_3_808_CA_1_validation,378,2395.0,2473.0,6.542328042328043,74.49572783920237,1.0325678496868476
source_b_repair_baselines_m5_rohlik_100_v2,m5_top_volume_100_20260714,M5,14,seasonal_naive,FOODS_3_808_CA_3_validation,378,8869.0,5583.0,14.76984126984127,60.93816382236346,0.6294959972939452
source_b_repair_baselines_m5_rohlik_100_v2,m5_top_volume_100_20260714,M5,14,seasonal_naive,HOUSEHOLD_1_118_CA_3_validation,378,7935.0,3267.0,8.642857142857142,44.38877499386538,0.41172022684310017
source_b_repair_baselines_m5_rohlik_100_v2,m5_top_volume_100_20260714,M5,14,seasonal_naive,HOUSEHOLD_1_334_CA_3_validation,378,7215.0,3425.0,9.06084656084656,56.665459521681825,0.4747054747054747
source_b_repair_baselines_m5_rohlik_100_v2,m5_top_volume_100_20260714,M5,14,seasonal_naive,HOUSEHOLD_1_459_CA_3_validation,378,8248.0,3692.0,9.767195767195767,49.36565610412194,0.447623666343356
source_b_repair_baselines_m5_rohlik_100_v2,m5_top_volume_100_20260714,M5,14,lightgbm_cov,FOODS_1_218_TX_2_validation,378,5582.0,2440.479441165924,6.45629481789927,48.074053508186175,0.43720520264527485
source_b_repair_baselines_m5_rohlik_100_v2,m5_top_volume_100_20260714,M5,14,lightgbm_cov,FOODS_2_197_CA_1_validation,378,6349.0,2239.5532927513123,5.924744160717757,37.73531660629135,0.35274110769433176
source_b_repair_baselines_m5_rohlik_100_v2,m5_top_volume_100_20260714,M5,14,lightgbm_cov,FOODS_2_197_CA_3_validation,378,5223.0,1848.4039607048035,4.889957568002125,36.04481096204648,0.3538969865412222
source_b_repair_baselines_m5_rohlik_100_v2,m5_top_volume_100_20260714,M5,14,lightgbm_cov,FOODS_2_276_CA_3_validation,378,3143.0,1968.825844526291,5.208533980228283,57.5947219947051,0.6264161134350273
source_b_repair_baselines_m5_rohlik_100_v2,m5_top_volume_100_20260714,M5,14,lightgbm_cov,FOODS_2_360_CA_3_validation,378,4857.0,2182.042969956994,5.772600449621677,80.33020863446966,0.44925735432509656
source_b_repair_baselines_m5_rohlik_100_v2,m5_top_volume_100_20260714,M5,14,lightgbm_cov,FOODS_2_360_TX_3_validation,378,3979.0,1989.8917050212622,5.264263769897519,101.16257833383418,0.5000984430814934
source_b_repair_baselines_m5_rohlik_100_v2,m5_top_volume_100_20260714,M5,14,lightgbm_cov,FOODS_2_360_WI_2_validation,378,10631.0,5503.655499666929,14.559935184304045,112.18142287298826,0.5176987583168967
source_b_repair_baselines_m5_rohlik_100_v2,m5_top_volume_100_20260714,M5,14,lightgbm_cov,FOODS_3_007_WI_2_validation,378,8464.0,7727.234227910638,20.442418592356184,131.77493367667742,0.9129530042427502
source_b_repair_baselines_m5_rohlik_100_v2,m5_top_volume_100_20260714,M5,14,lightgbm_cov,FOODS_3_030_TX_2_validation,378,5036.0,1681.0918886065483,4.447333038641662,75.48269835091752,0.33381491036666966
source_b_repair_baselines_m5_rohlik_100_v2,m5_top_volume_100_20260714,M5,14,lightgbm_cov,FOODS_3_030_TX_3_validation,378,5820.0,2108.838229075074,5.578937113955223,79.45330403544739,0.3623433383290505
source_b_repair_baselines_m5_rohlik_100_v2,m5_top_volume_100_20260714,M5,14,lightgbm_cov,FOODS_3_080_CA_1_validation,378,6869.0,2048.061571598053,5.418152305814955,30.404411005083702,0.2981600773908943
source_b_repair_baselines_m5_rohlik_100_v2,m5_top_volume_100_20260714,M5,14,lightgbm_cov,FOODS_3_080_TX_2_validation,378,6590.0,1513.4630751609802,4.003870569208942,23.743527900489774,0.2296605576875539
source_b_repair_baselines_m5_rohlik_100_v2,m5_top_volume_100_20260714,M5,14,lightgbm_cov,FOODS_3_090_CA_1_validation,378,18773.0,6372.294303126633,16.857921436842943,59.15717770984445,0.3394393172709015
source_b_repair_baselines_m5_rohlik_100_v2,m5_top_volume_100_20260714,M5,14,lightgbm_cov,FOODS_3_090_CA_2_validation,378,14152.0,5285.382552869618,13.982493526110101,61.937173169743076,0.37347248112419573
source_b_repair_baselines_m5_rohlik_100_v2,m5_top_volume_100_20260714,M5,14,lightgbm_cov,FOODS_3_090_CA_3_validation,378,36819.0,10454.359200745821,27.65703492260799,51.07071673470802,0.28393924877769144
source_b_repair_baselines_m5_rohlik_100_v2,m5_top_volume_100_20260714,M5,14,lightgbm_cov,FOODS_3_090_CA_4_validation,378,9660.0,3585.7020465806127,9.485984250213262,58.442419232628815,0.37119068805182326
source_b_repair_baselines_m5_rohlik_100_v2,m5_top_volume_100_20260714,M5,14,lightgbm_cov,FOODS_3_090_TX_1_validation,378,16993.0,5357.734509475529,14.173900818718332,56.064614366461896,0.3152906790722962
source_b_repair_baselines_m5_rohlik_100_v2,m5_top_volume_100_20260714,M5,14,lightgbm_cov,FOODS_3_090_TX_2_validation,378,19339.0,5975.341379649937,15.807781427645336,56.82621813460143,0.3089788189487532
source_b_repair_baselines_m5_rohlik_100_v2,m5_top_volume_100_20260714,M5,14,lightgbm_cov,FOODS_3_090_TX_3_validation,378,21770.0,6378.685621239245,16.87482968581811,55.96226195526539,0.2930034736444302
source_b_repair_baselines_m5_rohlik_100_v2,m5_top_volume_100_20260714,M5,14,lightgbm_cov,FOODS_3_090_WI_3_validation,378,23889.0,6917.716053562239,18.300836120535024,58.39170188614544,0.2895774646725371
source_b_repair_baselines_m5_rohlik_100_v2,m5_top_volume_100_20260714,M5,14,lightgbm_cov,FOODS_3_099_TX_2_validation,378,5210.0,3476.1236131191254,9.19609421460086,76.70919159276058,0.6672022290055902
source_b_repair_baselines_m5_rohlik_100_v2,m5_top_volume_100_20260714,M5,14,lightgbm_cov,FOODS_3_120_CA_1_validation,378,15279.0,7068.599371492863,18.699998337282704,62.66217924625873,0.46263494806550576
source_b_repair_baselines_m5_rohlik_100_v2,m5_top_volume_100_20260714,M5,14,lightgbm_cov,FOODS_3_120_CA_3_validation,378,31365.0,8828.12025731802,23.354815495550316,35.626060662909744,0.2814640604915677
source_b_repair_baselines_m5_rohlik_100_v2,m5_top_volume_100_20260714,M5,14,lightgbm_cov,FOODS_3_120_WI_3_validation,378,12400.0,4671.82527077198,12.359326113153386,46.98428284738878,0.3767601024816113
source_b_repair_baselines_m5_rohlik_100_v2,m5_top_volume_100_20260714,M5,14,lightgbm_cov,FOODS_3_202_CA_3_validation,378,7882.0,3102.4560372829437,8.207555654187681,57.30652374985408,0.3936127933624643
source_b_repair_baselines_m5_rohlik_100_v2,m5_top_volume_100_20260714,M5,14,lightgbm_cov,FOODS_3_202_TX_1_validation,378,8044.0,3046.8223163336515,8.060376498237174,62.924764826135,0.37876955697832565
source_b_repair_baselines_m5_rohlik_100_v2,m5_top_volume_100_20260714,M5,14,lightgbm_cov,FOODS_3_202_TX_2_validation,378,7798.0,3815.694694593549,10.094430408977642,70.73927082016405,0.4893170934333866
source_b_repair_baselines_m5_rohlik_100_v2,m5_top_volume_100_20260714,M5,14,lightgbm_cov,FOODS_3_202_TX_3_validation,378,9826.0,3540.3409634381533,9.365981384757019,61.43885239351329,0.3603033750700339
source_b_repair_baselines_m5_rohlik_100_v2,m5_top_volume_100_20260714,M5,14,lightgbm_cov,FOODS_3_226_WI_1_validation,378,14808.0,2579.910138130188,6.825159095582508,18.068691039497295,0.1742240773993914
source_b_repair_baselines_m5_rohlik_100_v2,m5_top_volume_100_20260714,M5,14,lightgbm_cov,FOODS_3_226_WI_2_validation,378,14519.0,3148.2437238693237,8.328687100183396,23.54548019385225,0.21683612672149072
source_b_repair_baselines_m5_rohlik_100_v2,m5_top_volume_100_20260714,M5,14,lightgbm_cov,FOODS_3_226_WI_3_validation,378,18132.0,3354.6048555374146,8.87461601994025,18.867132857824274,0.18501019498882718
source_b_repair_baselines_m5_rohlik_100_v2,m5_top_volume_100_20260714,M5,14,lightgbm_cov,FOODS_3_234_CA_3_validation,378,7146.0,5104.6073751449585,13.504252315198302,69.23466178074882,0.714330727000414
source_b_repair_baselines_m5_rohlik_100_v2,m5_top_volume_100_20260714,M5,14,lightgbm_cov,FOODS_3_234_WI_2_validation,378,8932.0,9939.272566437721,26.29437186888286,145.71269230508824,1.112771223291281
source_b_repair_baselines_m5_rohlik_100_v2,m5_top_volume_100_20260714,M5,14,lightgbm_cov,FOODS_3_234_WI_3_validation,378,7749.0,4865.921021223068,12.872806934452562,74.88146884764326,0.6279418016806128
source_b_repair_baselines_m5_rohlik_100_v2,m5_top_volume_100_20260714,M5,14,lightgbm_cov,FOODS_3_252_CA_1_validation,378,14668.0,3296.513457298279,8.720935072217669,24.06432816978807,0.2247418501021461
source_b_repair_baselines_m5_rohlik_100_v2,m5_top_volume_100_20260714,M5,14,lightgbm_cov,FOODS_3_252_CA_2_validation,378,14731.0,3414.689115524292,9.033569088688603,26.264985559685943,0.2318029404333916
source_b_repair_baselines_m5_rohlik_100_v2,m5_top_volume_100_20260714,M5,14,lightgbm_cov,FOODS_3_252_CA_3_validation,378,17274.0,3718.471442222595,9.837226037625912,21.952022476381906,0.21526406403974732
source_b_repair_baselines_m5_rohlik_100_v2,m5_top_volume_100_20260714,M5,14,lightgbm_cov,FOODS_3_252_TX_1_validation,378,11801.0,3306.3968448638916,8.747081600169025,29.972203726233925,0.28017937843097124
source_b_repair_baselines_m5_rohlik_100_v2,m5_top_volume_100_20260714,M5,14,lightgbm_cov,FOODS_3_252_TX_2_validation,378,21934.0,4968.022731781006,13.14291727984393,22.985020381011044,0.2264987112145986
source_b_repair_baselines_m5_rohlik_100_v2,m5_top_volume_100_20260714,M5,14,lightgbm_cov,FOODS_3_252_TX_3_validation,378,17754.0,4220.328656673431,11.164890626120188,25.210101941790647,0.23771142597011555
source_b_repair_baselines_m5_rohlik_100_v2,m5_top_volume_100_20260714,M5,14,lightgbm_cov,FOODS_3_252_WI_3_validation,378,6826.0,2301.6954951286316,6.089141521504317,34.711843496585836,0.33719535527814704
source_b_repair_baselines_m5_rohlik_100_v2,m5_top_volume_100_20260714,M5,14,lightgbm_cov,FOODS_3_281_CA_3_validation,378,3821.0,1954.9866066128016,5.171922239716406,78.79480109636982,0.5116426607204401
source_b_repair_baselines_m5_rohlik_100_v2,m5_top_volume_100_20260714,M5,14,lightgbm_cov,FOODS_3_282_CA_3_validation,378,13394.0,3953.7726650238037,10.459716045036517,38.561774530126904,0.2951898361224282
source_b_repair_baselines_m5_rohlik_100_v2,m5_top_volume_100_20260714,M5,14,lightgbm_cov,FOODS_3_288_CA_3_validation,378,12500.0,4346.459279358387,11.498569522112135,47.63281047314653,0.34771674234867095
source_b_repair_baselines_m5_rohlik_100_v2,m5_top_volume_100_20260714,M5,14,lightgbm_cov,FOODS_3_318_CA_3_validation,378,5296.0,3170.6897531971335,8.388068130151147,98.34265588708116,0.5986951950900932
source_b_repair_baselines_m5_rohlik_100_v2,m5_top_volume_100_20260714,M5,14,lightgbm_cov,FOODS_3_318_WI_3_validation,378,5628.0,3668.6050408557057,9.70530434088811,97.39312431732114,0.6518487990148731
source_b_repair_baselines_m5_rohlik_100_v2,m5_top_volume_100_20260714,M5,14,lightgbm_cov,FOODS_3_319_CA_3_validation,378,4783.0,2915.938425309956,7.714122818280307,116.21383018992158,0.6096463360464052
source_b_repair_baselines_m5_rohlik_100_v2,m5_top_volume_100_20260714,M5,14,lightgbm_cov,FOODS_3_376_WI_2_validation,378,8991.0,4674.425679683685,12.366205501808691,56.64389090687207,0.5199005316075727
source_b_repair_baselines_m5_rohlik_100_v2,m5_top_volume_100_20260714,M5,14,lightgbm_cov,FOODS_3_377_TX_2_validation,378,11838.0,2156.1232986450195,5.70402989059529,18.79430451798598,0.18213577450963164
source_b_repair_baselines_m5_rohlik_100_v2,m5_top_volume_100_20260714,M5,14,lightgbm_cov,FOODS_3_377_TX_3_validation,378,15919.0,3135.363345146179,8.29461202419624,20.175317162841118,0.19695730543037748
source_b_repair_baselines_m5_rohlik_100_v2,m5_top_volume_100_20260714,M5,14,lightgbm_cov,FOODS_3_412_WI_2_validation,378,7130.0,7428.206956595182,19.65134115501371,127.93915303989256,1.041824257586982
source_b_repair_baselines_m5_rohlik_100_v2,m5_top_volume_100_20260714,M5,14,lightgbm_cov,FOODS_3_462_WI_2_validation,378,8298.0,4315.913762807846,11.417761277269435,57.522694770221484,0.5201149388777834
source_b_repair_baselines_m5_rohlik_100_v2,m5_top_volume_100_20260714,M5,14,lightgbm_cov,FOODS_3_501_CA_3_validation,378,4934.0,2231.5703574046493,5.903625284139284,66.89423701601335,0.4522842232275333
source_b_repair_baselines_m5_rohlik_100_v2,m5_top_volume_100_20260714,M5,14,lightgbm_cov,FOODS_3_541_CA_3_validation,378,7136.0,4313.735653184354,11.411999082498292,115.99554396689926,0.6045033146278523
source_b_repair_baselines_m5_rohlik_100_v2,m5_top_volume_100_20260714,M5,14,lightgbm_cov,FOODS_3_547_WI_2_validation,378,6199.0,7407.852183550596,19.59749254907565,140.43052317053537,1.195007611477754
source_b_repair_baselines_m5_rohlik_100_v2,m5_top_volume_100_20260714,M5,14,lightgbm_cov,FOODS_3_555_CA_1_validation,378,6830.0,1639.9707312583923,4.338546908090985,25.54567263544623,0.24011284498658747
source_b_repair_baselines_m5_rohlik_100_v2,m5_top_volume_100_20260714,M5,14,lightgbm_cov,FOODS_3_555_CA_3_validation,378,11167.0,2238.432334423065,5.921778662494882,21.005439162187685,0.2004506433619652
source_b_repair_baselines_m5_rohlik_100_v2,m5_top_volume_100_20260714,M5,14,lightgbm_cov,FOODS_3_555_TX_1_validation,378,9228.0,2222.3939785957336,5.879349149724163,25.025315945072958,0.24083159716035257
source_b_repair_baselines_m5_rohlik_100_v2,m5_top_volume_100_20260714,M5,14,lightgbm_cov,FOODS_3_555_TX_2_validation,378,16845.0,3578.577417373657,9.467136024798036,22.08135678882677,0.21244152077017853
source_b_repair_baselines_m5_rohlik_100_v2,m5_top_volume_100_20260714,M5,14,lightgbm_cov,FOODS_3_555_TX_3_validation,378,12158.0,2977.507100582123,7.877002911592918,26.2742638745927,0.24490106107765444
source_b_repair_baselines_m5_rohlik_100_v2,m5_top_volume_100_20260714,M5,14,lightgbm_cov,FOODS_3_555_WI_3_validation,378,8320.0,2089.724877357483,5.528372691421913,26.275144876998564,0.25116885545162054
source_b_repair_baselines_m5_rohlik_100_v2,m5_top_volume_100_20260714,M5,14,lightgbm_cov,FOODS_3_586_CA_1_validation,378,16440.0,3204.7349948883057,8.47813490711192,20.470665545537802,0.19493521866717187
source_b_repair_baselines_m5_rohlik_100_v2,m5_top_volume_100_20260714,M5,14,lightgbm_cov,FOODS_3_586_CA_2_validation,378,14229.0,2919.94216632843,7.724714725736588,23.54154989715384,0.20521063787535526
source_b_repair_baselines_m5_rohlik_100_v2,m5_top_volume_100_20260714,M5,14,lightgbm_cov,FOODS_3_586_CA_3_validation,378,27702.0,4301.747651100159,11.380284791270261,16.348241100672784,0.15528653711284957
source_b_repair_baselines_m5_rohlik_100_v2,m5_top_volume_100_20260714,M5,14,lightgbm_cov,FOODS_3_586_TX_1_validation,378,19685.0,3583.0703411102295,9.479022066429179,18.875696572988453,0.1820203373690744
source_b_repair_baselines_m5_rohlik_100_v2,m5_top_volume_100_20260714,M5,14,lightgbm_cov,FOODS_3_586_TX_2_validation,378,34848.0,5783.811977386475,15.301089887265805,17.093240805502056,0.1659725659259204
source_b_repair_baselines_m5_rohlik_100_v2,m5_top_volume_100_20260714,M5,14,lightgbm_cov,FOODS_3_586_TX_3_validation,378,27768.0,5376.7151889801025,14.224114256561117,20.256026760249114,0.19362990452967813
source_b_repair_baselines_m5_rohlik_100_v2,m5_top_volume_100_20260714,M5,14,lightgbm_cov,FOODS_3_586_WI_3_validation,378,12341.0,2545.197458267212,6.733326609172519,21.982492032568572,0.2062391587608145
source_b_repair_baselines_m5_rohlik_100_v2,m5_top_volume_100_20260714,M5,14,lightgbm_cov,FOODS_3_587_CA_1_validation,378,10362.0,2848.9719886779785,7.536962933010525,28.773492201670308,0.27494421817004233
source_b_repair_baselines_m5_rohlik_100_v2,m5_top_volume_100_20260714,M5,14,lightgbm_cov,FOODS_3_587_CA_3_validation,378,12820.0,2750.8156871795654,7.277290177723718,23.63588210699485,0.21457220648826564
source_b_repair_baselines_m5_rohlik_100_v2,m5_top_volume_100_20260714,M5,14,lightgbm_cov,FOODS_3_587_TX_1_validation,378,10602.0,2866.4546999931335,7.583213492045327,29.06067919497457,0.27036924165187076
source_b_repair_baselines_m5_rohlik_100_v2,m5_top_volume_100_20260714,M5,14,lightgbm_cov,FOODS_3_587_TX_2_validation,378,11359.0,2947.3442702293396,7.797207064098782,27.76334301107107,0.2594721604216339
source_b_repair_baselines_m5_rohlik_100_v2,m5_top_volume_100_20260714,M5,14,lightgbm_cov,FOODS_3_587_TX_3_validation,378,11748.0,2869.4697103500366,7.591189709920732,25.042530386481193,0.24425176288304704
source_b_repair_baselines_m5_rohlik_100_v2,m5_top_volume_100_20260714,M5,14,lightgbm_cov,FOODS_3_587_WI_3_validation,378,11072.0,3225.2035679221153,8.532284571222528,33.0963783300669,0.291293674848457
source_b_repair_baselines_m5_rohlik_100_v2,m5_top_volume_100_20260714,M5,14,lightgbm_cov,FOODS_3_607_CA_3_validation,378,7937.0,3264.218605041504,8.635498955136253,46.53887463920541,0.4112660457403936
source_b_repair_baselines_m5_rohlik_100_v2,m5_top_volume_100_20260714,M5,14,lightgbm_cov,FOODS_3_635_CA_3_validation,378,6861.0,3993.9667806103826,10.566049684154452,111.738925121506,0.5821260429398605
source_b_repair_baselines_m5_rohlik_100_v2,m5_top_volume_100_20260714,M5,14,lightgbm_cov,FOODS_3_681_CA_3_validation,378,14755.0,5868.728038311005,15.525735551087314,42.82749942743848,0.397745038177635
source_b_repair_baselines_m5_rohlik_100_v2,m5_top_volume_100_20260714,M5,14,lightgbm_cov,FOODS_3_681_WI_3_validation,378,12789.0,4743.404263496399,12.54868852776825,44.056561574504926,0.37089719786507147
source_b_repair_baselines_m5_rohlik_100_v2,m5_top_volume_100_20260714,M5,14,lightgbm_cov,FOODS_3_694_CA_3_validation,378,6591.0,1577.9407534599304,4.174446437724684,24.697315157223375,0.23940839834015026
source_b_repair_baselines_m5_rohlik_100_v2,m5_top_volume_100_20260714,M5,14,lightgbm_cov,FOODS_3_694_TX_1_validation,378,6424.0,1785.4327516555786,4.7233670678719015,28.946479624891957,0.27793162385672143
source_b_repair_baselines_m5_rohlik_100_v2,m5_top_volume_100_20260714,M5,14,lightgbm_cov,FOODS_3_694_WI_1_validation,378,7117.0,1743.2697410583496,4.611824711794576,25.442529683307026,0.24494446270315437
source_b_repair_baselines_m5_rohlik_100_v2,m5_top_volume_100_20260714,M5,14,lightgbm_cov,FOODS_3_694_WI_2_validation,378,11714.0,2310.1470289230347,6.111500076515965,20.773673416159767,0.19721248326131421
source_b_repair_baselines_m5_rohlik_100_v2,m5_top_volume_100_20260714,M5,14,lightgbm_cov,FOODS_3_694_WI_3_validation,378,16615.0,3029.34353351593,8.014136332052725,19.02374975702897,0.18232582205933975
source_b_repair_baselines_m5_rohlik_100_v2,m5_top_volume_100_20260714,M5,14,lightgbm_cov,FOODS_3_711_CA_3_validation,378,5232.0,4295.108658671379,11.362721319236453,94.06146955633376,0.8209305540274042
source_b_repair_baselines_m5_rohlik_100_v2,m5_top_volume_100_20260714,M5,14,lightgbm_cov,FOODS_3_711_WI_2_validation,378,7949.0,7466.1364877820015,19.751683830111116,117.87423559079943,0.93925481038898
source_b_repair_baselines_m5_rohlik_100_v2,m5_top_volume_100_20260714,M5,14,lightgbm_cov,FOODS_3_714_CA_1_validation,378,8737.0,2484.016927719116,6.571473353754276,30.83332717426655,0.28431005238859064
source_b_repair_baselines_m5_rohlik_100_v2,m5_top_volume_100_20260714,M5,14,lightgbm_cov,FOODS_3_714_CA_3_validation,378,11479.0,2559.1996145248413,6.770369350594819,23.69173204078799,0.22294621609241583
source_b_repair_baselines_m5_rohlik_100_v2,m5_top_volume_100_20260714,M5,14,lightgbm_cov,FOODS_3_714_TX_1_validation,378,5659.0,1912.582623243332,5.059742389532624,35.68620874604802,0.33797183658655805
source_b_repair_baselines_m5_rohlik_100_v2,m5_top_volume_100_20260714,M5,14,lightgbm_cov,FOODS_3_714_TX_2_validation,378,8856.0,2328.707823753357,6.160602708342214,27.678092659474185,0.2629525546243628
source_b_repair_baselines_m5_rohlik_100_v2,m5_top_volume_100_20260714,M5,14,lightgbm_cov,FOODS_3_714_TX_3_validation,378,6863.0,2422.9110181331635,6.409817508288792,36.981255831811026,0.3530396354558012
source_b_repair_baselines_m5_rohlik_100_v2,m5_top_volume_100_20260714,M5,14,lightgbm_cov,FOODS_3_714_WI_3_validation,378,8435.0,2398.9388823509216,6.346399159658523,29.500882880841985,0.284402949893411
source_b_repair_baselines_m5_rohlik_100_v2,m5_top_volume_100_20260714,M5,14,lightgbm_cov,FOODS_3_723_CA_3_validation,378,8460.0,3601.578727245331,9.527986050913574,60.46593122694317,0.4257185256791171
source_b_repair_baselines_m5_rohlik_100_v2,m5_top_volume_100_20260714,M5,14,lightgbm_cov,FOODS_3_723_WI_3_validation,378,8049.0,3606.017458088696,9.539728725102371,63.7523843263914,0.4480081324498318
source_b_repair_baselines_m5_rohlik_100_v2,m5_top_volume_100_20260714,M5,14,lightgbm_cov,FOODS_3_752_CA_3_validation,378,6697.0,5175.871618270874,13.692782058917656,74.18772445917074,0.7728642105824808
source_b_repair_baselines_m5_rohlik_100_v2,m5_top_volume_100_20260714,M5,14,lightgbm_cov,FOODS_3_804_CA_3_validation,378,8100.0,3641.9715361595154,9.634845333755331,55.64066218829219,0.4496261155752488
source_b_repair_baselines_m5_rohlik_100_v2,m5_top_volume_100_20260714,M5,14,lightgbm_cov,FOODS_3_808_CA_1_validation,378,2395.0,2603.6278529912233,6.887904372992654,142.27936725534153,1.0871097507270244
source_b_repair_baselines_m5_rohlik_100_v2,m5_top_volume_100_20260714,M5,14,lightgbm_cov,FOODS_3_808_CA_3_validation,378,8869.0,5252.294863812625,13.894959957176258,111.19863989020861,0.5922082381116953
source_b_repair_baselines_m5_rohlik_100_v2,m5_top_volume_100_20260714,M5,14,lightgbm_cov,HOUSEHOLD_1_118_CA_3_validation,378,7935.0,2545.4502811431885,6.733995452759758,33.73695149640112,0.32078768508420774
source_b_repair_baselines_m5_rohlik_100_v2,m5_top_volume_100_20260714,M5,14,lightgbm_cov,HOUSEHOLD_1_334_CA_3_validation,378,7215.0,2534.0358493328094,6.703798543208491,39.50077472458765,0.3512177199352473
source_b_repair_baselines_m5_rohlik_100_v2,m5_top_volume_100_20260714,M5,14,lightgbm_cov,HOUSEHOLD_1_459_CA_3_validation,378,8248.0,2726.290491104126,7.212408706624672,35.267787881457686,0.330539584275476
source_b_repair_baselines_m5_rohlik_100_v2,m5_top_volume_100_20260714,M5,14,lightgbm_direct,FOODS_1_218_TX_2_validation,378,5582.0,2427.3398225307465,6.4215339220390115,48.56274518243509,0.4348512759818607
source_b_repair_baselines_m5_rohlik_100_v2,m5_top_volume_100_20260714,M5,14,lightgbm_direct,FOODS_2_197_CA_1_validation,378,6349.0,2133.6710505485535,5.644632408858607,36.500553860445095,0.33606411254505486
source_b_repair_baselines_m5_rohlik_100_v2,m5_top_volume_100_20260714,M5,14,lightgbm_direct,FOODS_2_197_CA_3_validation,378,5223.0,1705.427125453949,4.511711972100394,34.03522881266377,0.32652252066895443
source_b_repair_baselines_m5_rohlik_100_v2,m5_top_volume_100_20260714,M5,14,lightgbm_direct,FOODS_2_276_CA_3_validation,378,3143.0,2376.790533065796,6.287805643031206,62.412403644523664,0.7562171597409468
source_b_repair_baselines_m5_rohlik_100_v2,m5_top_volume_100_20260714,M5,14,lightgbm_direct,FOODS_2_360_CA_3_validation,378,4857.0,2327.5629721581936,6.157574000418501,80.1325445247993,0.47921823598068636
source_b_repair_baselines_m5_rohlik_100_v2,m5_top_volume_100_20260714,M5,14,lightgbm_direct,FOODS_2_360_TX_3_validation,378,3979.0,2148.667453855276,5.684305433479566,103.20641158927448,0.5400018732986369
source_b_repair_baselines_m5_rohlik_100_v2,m5_top_volume_100_20260714,M5,14,lightgbm_direct,FOODS_2_360_WI_2_validation,378,10631.0,5934.320211976767,15.699259820044356,115.74370204341606,0.5582090313213025
source_b_repair_baselines_m5_rohlik_100_v2,m5_top_volume_100_20260714,M5,14,lightgbm_direct,FOODS_3_007_WI_2_validation,378,8464.0,8372.753245010972,22.150140859817387,129.91392180941764,0.9892194287583852
source_b_repair_baselines_m5_rohlik_100_v2,m5_top_volume_100_20260714,M5,14,lightgbm_direct,FOODS_3_030_TX_2_validation,378,5036.0,1882.7757720164955,4.980888285757924,75.20019597542819,0.37386333836705626
source_b_repair_baselines_m5_rohlik_100_v2,m5_top_volume_100_20260714,M5,14,lightgbm_direct,FOODS_3_030_TX_3_validation,378,5820.0,2217.238295789808,5.865709777221714,77.66355081624842,0.38096877934532786
source_b_repair_baselines_m5_rohlik_100_v2,m5_top_volume_100_20260714,M5,14,lightgbm_direct,FOODS_3_080_CA_1_validation,378,6869.0,2035.3525576591492,5.3845305758178545,30.1860839377531,0.29630987882648846
source_b_repair_baselines_m5_rohlik_100_v2,m5_top_volume_100_20260714,M5,14,lightgbm_direct,FOODS_3_080_TX_2_validation,378,6590.0,1543.8736038208008,4.084321703229632,24.086227368454626,0.23427520543562985
source_b_repair_baselines_m5_rohlik_100_v2,m5_top_volume_100_20260714,M5,14,lightgbm_direct,FOODS_3_090_CA_1_validation,378,18773.0,6138.472340859473,16.23934481708855,59.28195588905163,0.32698409102751147
source_b_repair_baselines_m5_rohlik_100_v2,m5_top_volume_100_20260714,M5,14,lightgbm_direct,FOODS_3_090_CA_2_validation,378,14152.0,5245.347506172955,13.876580704161256,62.56605407646698,0.3706435490512263
source_b_repair_baselines_m5_rohlik_100_v2,m5_top_volume_100_20260714,M5,14,lightgbm_direct,FOODS_3_090_CA_3_validation,378,36819.0,10706.617470264435,28.324384841969405,52.042261425389654,0.290790555698537
source_b_repair_baselines_m5_rohlik_100_v2,m5_top_volume_100_20260714,M5,14,lightgbm_direct,FOODS_3_090_CA_4_validation,378,9660.0,3505.8970568850636,9.274859938849374,58.29707153532492,0.3629293019549755
source_b_repair_baselines_m5_rohlik_100_v2,m5_top_volume_100_20260714,M5,14,lightgbm_direct,FOODS_3_090_TX_1_validation,378,16993.0,5371.852940268815,14.211251164732314,57.32378870069169,0.31612151711109365
source_b_repair_baselines_m5_rohlik_100_v2,m5_top_volume_100_20260714,M5,14,lightgbm_direct,FOODS_3_090_TX_2_validation,378,19339.0,6144.567608512938,16.255469863790843,58.85810621483483,0.31772933494559896
source_b_repair_baselines_m5_rohlik_100_v2,m5_top_volume_100_20260714,M5,14,lightgbm_direct,FOODS_3_090_TX_3_validation,378,21770.0,6600.896637834609,17.462689518080975,58.008111620198754,0.30321068616603625
source_b_repair_baselines_m5_rohlik_100_v2,m5_top_volume_100_20260714,M5,14,lightgbm_direct,FOODS_3_090_WI_3_validation,378,23889.0,8423.679976468906,22.284867662616154,65.02655483263062,0.35261752172417876
source_b_repair_baselines_m5_rohlik_100_v2,m5_top_volume_100_20260714,M5,14,lightgbm_direct,FOODS_3_099_TX_2_validation,378,5210.0,2763.9488519728184,7.312033999928091,77.34063568318238,0.5305084168853778
source_b_repair_baselines_m5_rohlik_100_v2,m5_top_volume_100_20260714,M5,14,lightgbm_direct,FOODS_3_120_CA_1_validation,378,15279.0,6994.2380239367485,18.503275195599862,64.4436684325645,0.457768049213741
source_b_repair_baselines_m5_rohlik_100_v2,m5_top_volume_100_20260714,M5,14,lightgbm_direct,FOODS_3_120_CA_3_validation,378,31365.0,8953.249388635159,23.685844943479257,36.76969711516151,0.2854535115139537
source_b_repair_baselines_m5_rohlik_100_v2,m5_top_volume_100_20260714,M5,14,lightgbm_direct,FOODS_3_120_WI_3_validation,378,12400.0,4842.324069857597,12.810381137189411,48.83760627844586,0.3905100056336772
source_b_repair_baselines_m5_rohlik_100_v2,m5_top_volume_100_20260714,M5,14,lightgbm_direct,FOODS_3_202_CA_3_validation,378,7882.0,2615.095536828041,6.918242160920744,49.36420835106674,0.33178070753971595
source_b_repair_baselines_m5_rohlik_100_v2,m5_top_volume_100_20260714,M5,14,lightgbm_direct,FOODS_3_202_TX_1_validation,378,8044.0,3226.513593956828,8.535750248563037,64.4354438111921,0.40110810466892444
source_b_repair_baselines_m5_rohlik_100_v2,m5_top_volume_100_20260714,M5,14,lightgbm_direct,FOODS_3_202_TX_2_validation,378,7798.0,3616.454773321748,9.567340670163354,68.43952137324362,0.4637669624675234
source_b_repair_baselines_m5_rohlik_100_v2,m5_top_volume_100_20260714,M5,14,lightgbm_direct,FOODS_3_202_TX_3_validation,378,9826.0,3405.797944739461,9.010047472855717,59.55652072461655,0.3466108227905008
source_b_repair_baselines_m5_rohlik_100_v2,m5_top_volume_100_20260714,M5,14,lightgbm_direct,FOODS_3_226_WI_1_validation,378,14808.0,2650.955002784729,7.013108472975474,18.479807029305288,0.17902181272182124
source_b_repair_baselines_m5_rohlik_100_v2,m5_top_volume_100_20260714,M5,14,lightgbm_direct,FOODS_3_226_WI_2_validation,378,14519.0,3213.846962928772,8.502240642668708,23.438090241661257,0.22135456732066755
source_b_repair_baselines_m5_rohlik_100_v2,m5_top_volume_100_20260714,M5,14,lightgbm_direct,FOODS_3_226_WI_3_validation,378,18132.0,3391.781220436096,8.972966191629885,19.071567083424583,0.1870605129294119
source_b_repair_baselines_m5_rohlik_100_v2,m5_top_volume_100_20260714,M5,14,lightgbm_direct,FOODS_3_234_CA_3_validation,378,7146.0,4877.088932514191,12.902351673317964,69.04200670810414,0.6824921540042248
source_b_repair_baselines_m5_rohlik_100_v2,m5_top_volume_100_20260714,M5,14,lightgbm_direct,FOODS_3_234_WI_2_validation,378,8932.0,10099.108433663845,26.71721807847578,144.35658257322675,1.1306659688383167
source_b_repair_baselines_m5_rohlik_100_v2,m5_top_volume_100_20260714,M5,14,lightgbm_direct,FOODS_3_234_WI_3_validation,378,7749.0,4808.441790103912,12.720745476465376,75.06934587843102,0.620524169583677
source_b_repair_baselines_m5_rohlik_100_v2,m5_top_volume_100_20260714,M5,14,lightgbm_direct,FOODS_3_252_CA_1_validation,378,14668.0,3237.486946582794,8.564780281965064,23.559165739405945,0.22071768111418014
source_b_repair_baselines_m5_rohlik_100_v2,m5_top_volume_100_20260714,M5,14,lightgbm_direct,FOODS_3_252_CA_2_validation,378,14731.0,3466.418219089508,9.170418569019862,26.666258573482832,0.23531452169503145
source_b_repair_baselines_m5_rohlik_100_v2,m5_top_volume_100_20260714,M5,14,lightgbm_direct,FOODS_3_252_CA_3_validation,378,17274.0,3726.0785217285156,9.857350586583374,22.10182228616128,0.21570444145701723
source_b_repair_baselines_m5_rohlik_100_v2,m5_top_volume_100_20260714,M5,14,lightgbm_direct,FOODS_3_252_TX_1_validation,378,11801.0,3212.7988595962524,8.499467882529768,29.469254536052365,0.2722480179303663
source_b_repair_baselines_m5_rohlik_100_v2,m5_top_volume_100_20260714,M5,14,lightgbm_direct,FOODS_3_252_TX_2_validation,378,21934.0,4814.716464996338,12.737345145492958,22.33381325021819,0.21950927623763736
source_b_repair_baselines_m5_rohlik_100_v2,m5_top_volume_100_20260714,M5,14,lightgbm_direct,FOODS_3_252_TX_3_validation,378,17754.0,4311.3530378341675,11.405695867286157,25.791011413692104,0.2428384047445177
source_b_repair_baselines_m5_rohlik_100_v2,m5_top_volume_100_20260714,M5,14,lightgbm_direct,FOODS_3_252_WI_3_validation,378,6826.0,2316.1702637672424,6.1274345602308005,35.016247065586,0.3393158897988928
source_b_repair_baselines_m5_rohlik_100_v2,m5_top_volume_100_20260714,M5,14,lightgbm_direct,FOODS_3_281_CA_3_validation,378,3821.0,2424.524620771408,6.414086298337058,78.73968030264258,0.63452620276666
source_b_repair_baselines_m5_rohlik_100_v2,m5_top_volume_100_20260714,M5,14,lightgbm_direct,FOODS_3_282_CA_3_validation,378,13394.0,4092.0957407951355,10.82565010792364,38.85317071717817,0.3055170778553931
source_b_repair_baselines_m5_rohlik_100_v2,m5_top_volume_100_20260714,M5,14,lightgbm_direct,FOODS_3_288_CA_3_validation,378,12500.0,4258.869598329067,11.266850789230336,46.7572433800334,0.3407095678663254
source_b_repair_baselines_m5_rohlik_100_v2,m5_top_volume_100_20260714,M5,14,lightgbm_direct,FOODS_3_318_CA_3_validation,378,5296.0,3566.3667513132095,9.434832675431771,98.85188759404366,0.6734076192056665
source_b_repair_baselines_m5_rohlik_100_v2,m5_top_volume_100_20260714,M5,14,lightgbm_direct,FOODS_3_318_WI_3_validation,378,5628.0,3670.9774776548147,9.71158062871644,95.3905789977789,0.6522703407346864
source_b_repair_baselines_m5_rohlik_100_v2,m5_top_volume_100_20260714,M5,14,lightgbm_direct,FOODS_3_319_CA_3_validation,378,4783.0,2968.741186775267,7.853812663426632,111.84639522248372,0.6206860101976306
source_b_repair_baselines_m5_rohlik_100_v2,m5_top_volume_100_20260714,M5,14,lightgbm_direct,FOODS_3_376_WI_2_validation,378,8991.0,4580.529173612595,12.117802046594166,56.228464048287286,0.509457143100055
source_b_repair_baselines_m5_rohlik_100_v2,m5_top_volume_100_20260714,M5,14,lightgbm_direct,FOODS_3_377_TX_2_validation,378,11838.0,2172.129493713379,5.746374321993066,18.873692156402484,0.18348787748888148
source_b_repair_baselines_m5_rohlik_100_v2,m5_top_volume_100_20260714,M5,14,lightgbm_direct,FOODS_3_377_TX_3_validation,378,15919.0,3150.3281593322754,8.334201479715015,20.152355651850844,0.19789736537045513
source_b_repair_baselines_m5_rohlik_100_v2,m5_top_volume_100_20260714,M5,14,lightgbm_direct,FOODS_3_412_WI_2_validation,378,7130.0,7576.1581019461155,20.04274630144475,129.27383544048928,1.0625747688563978
source_b_repair_baselines_m5_rohlik_100_v2,m5_top_volume_100_20260714,M5,14,lightgbm_direct,FOODS_3_462_WI_2_validation,378,8298.0,4265.46465587616,11.284298031418412,57.50913550965389,0.5140352682424874
source_b_repair_baselines_m5_rohlik_100_v2,m5_top_volume_100_20260714,M5,14,lightgbm_direct,FOODS_3_501_CA_3_validation,378,4934.0,2188.7886841520667,5.790446254370547,66.5865902582485,0.4436134341613431
source_b_repair_baselines_m5_rohlik_100_v2,m5_top_volume_100_20260714,M5,14,lightgbm_direct,FOODS_3_541_CA_3_validation,378,7136.0,3995.6790858879685,10.570579592296212,112.58533904029515,0.5599326073273498
source_b_repair_baselines_m5_rohlik_100_v2,m5_top_volume_100_20260714,M5,14,lightgbm_direct,FOODS_3_547_WI_2_validation,378,6199.0,6913.776985138655,18.290415304599616,135.45045403449743,1.1153052081204475
source_b_repair_baselines_m5_rohlik_100_v2,m5_top_volume_100_20260714,M5,14,lightgbm_direct,FOODS_3_555_CA_1_validation,378,6830.0,1611.91210603714,4.264317740838995,25.193113392456684,0.23600470073750218
source_b_repair_baselines_m5_rohlik_100_v2,m5_top_volume_100_20260714,M5,14,lightgbm_direct,FOODS_3_555_CA_3_validation,378,11167.0,2210.3817930221558,5.847570881010994,20.7439168150534,0.19793872956229566
source_b_repair_baselines_m5_rohlik_100_v2,m5_top_volume_100_20260714,M5,14,lightgbm_direct,FOODS_3_555_TX_1_validation,378,9228.0,2264.5408968925476,5.990848933578168,25.32840205884577,0.24539888349507452
source_b_repair_baselines_m5_rohlik_100_v2,m5_top_volume_100_20260714,M5,14,lightgbm_direct,FOODS_3_555_TX_2_validation,378,16845.0,3607.4840631484985,9.543608632667986,22.23064505308229,0.21415755791917473
source_b_repair_baselines_m5_rohlik_100_v2,m5_top_volume_100_20260714,M5,14,lightgbm_direct,FOODS_3_555_TX_3_validation,378,12158.0,2979.288181781769,7.881714766618436,26.2922985738377,0.24504755566555098
source_b_repair_baselines_m5_rohlik_100_v2,m5_top_volume_100_20260714,M5,14,lightgbm_direct,FOODS_3_555_WI_3_validation,378,8320.0,2104.263777732849,5.566835390827643,26.482090650986027,0.25291631943904436
source_b_repair_baselines_m5_rohlik_100_v2,m5_top_volume_100_20260714,M5,14,lightgbm_direct,FOODS_3_586_CA_1_validation,378,16440.0,3216.6644797325134,8.509694390826755,20.67094126936849,0.1956608564314181
source_b_repair_baselines_m5_rohlik_100_v2,m5_top_volume_100_20260714,M5,14,lightgbm_direct,FOODS_3_586_CA_2_validation,378,14229.0,2876.478641986847,7.609731857108061,23.13108499164453,0.20215606451520465
source_b_repair_baselines_m5_rohlik_100_v2,m5_top_volume_100_20260714,M5,14,lightgbm_direct,FOODS_3_586_CA_3_validation,378,27702.0,4451.259393692017,11.77581850183073,16.775281338034723,0.1606836832608482
source_b_repair_baselines_m5_rohlik_100_v2,m5_top_volume_100_20260714,M5,14,lightgbm_direct,FOODS_3_586_TX_1_validation,378,19685.0,3748.0543031692505,9.915487574521826,19.593609797622502,0.19040153940407673
source_b_repair_baselines_m5_rohlik_100_v2,m5_top_volume_100_20260714,M5,14,lightgbm_direct,FOODS_3_586_TX_2_validation,378,34848.0,5894.5073165893555,15.59393469997184,17.443586588516492,0.1691490850720086
source_b_repair_baselines_m5_rohlik_100_v2,m5_top_volume_100_20260714,M5,14,lightgbm_direct,FOODS_3_586_TX_3_validation,378,27768.0,5086.4866065979,13.45631377406852,19.33143687192198,0.1831779964922897
source_b_repair_baselines_m5_rohlik_100_v2,m5_top_volume_100_20260714,M5,14,lightgbm_direct,FOODS_3_586_WI_3_validation,378,12341.0,2462.2659950256348,6.513931203771521,21.254740483987895,0.19951916335998984
source_b_repair_baselines_m5_rohlik_100_v2,m5_top_volume_100_20260714,M5,14,lightgbm_direct,FOODS_3_587_CA_1_validation,378,10362.0,2799.1002082824707,7.405027006038282,28.297352353820266,0.27013126889427436
source_b_repair_baselines_m5_rohlik_100_v2,m5_top_volume_100_20260714,M5,14,lightgbm_direct,FOODS_3_587_CA_3_validation,378,12820.0,2795.583951473236,7.395724739347186,24.10149035783492,0.21806427078574384
source_b_repair_baselines_m5_rohlik_100_v2,m5_top_volume_100_20260714,M5,14,lightgbm_direct,FOODS_3_587_TX_1_validation,378,10602.0,2948.979275226593,7.801532474144426,29.883031964083944,0.27815311028358736
source_b_repair_baselines_m5_rohlik_100_v2,m5_top_volume_100_20260714,M5,14,lightgbm_direct,FOODS_3_587_TX_2_validation,378,11359.0,3020.3942308425903,7.9904609281550005,28.446068776911776,0.2659031808119192
source_b_repair_baselines_m5_rohlik_100_v2,m5_top_volume_100_20260714,M5,14,lightgbm_direct,FOODS_3_587_TX_3_validation,378,11748.0,2947.693030357361,7.798129709940108,25.581263423024307,0.25091020006446724
source_b_repair_baselines_m5_rohlik_100_v2,m5_top_volume_100_20260714,M5,14,lightgbm_direct,FOODS_3_587_WI_3_validation,378,11072.0,3249.9290472865105,8.597695892292355,35.051399196055925,0.29352682869278457
source_b_repair_baselines_m5_rohlik_100_v2,m5_top_volume_100_20260714,M5,14,lightgbm_direct,FOODS_3_607_CA_3_validation,378,7937.0,3205.598237514496,8.480418617763217,46.25470868512192,0.40388033734591106
source_b_repair_baselines_m5_rohlik_100_v2,m5_top_volume_100_20260714,M5,14,lightgbm_direct,FOODS_3_635_CA_3_validation,378,6861.0,3663.9205305203795,9.69291145640312,106.67923810975475,0.5340213570208978
source_b_repair_baselines_m5_rohlik_100_v2,m5_top_volume_100_20260714,M5,14,lightgbm_direct,FOODS_3_681_CA_3_validation,378,14755.0,6355.545637130737,16.81361279664216,46.27872976858031,0.4307384369454922
source_b_repair_baselines_m5_rohlik_100_v2,m5_top_volume_100_20260714,M5,14,lightgbm_direct,FOODS_3_681_WI_3_validation,378,12789.0,5113.05211353302,13.526592892944498,49.23630697638577,0.3998007751609211
source_b_repair_baselines_m5_rohlik_100_v2,m5_top_volume_100_20260714,M5,14,lightgbm_direct,FOODS_3_694_CA_3_validation,378,6591.0,1584.278974056244,4.19121421708001,24.68878412963311,0.2403700461320352
source_b_repair_baselines_m5_rohlik_100_v2,m5_top_volume_100_20260714,M5,14,lightgbm_direct,FOODS_3_694_TX_1_validation,378,6424.0,1758.217393875122,4.651368766865402,28.552807587071594,0.2736951111262643
source_b_repair_baselines_m5_rohlik_100_v2,m5_top_volume_100_20260714,M5,14,lightgbm_direct,FOODS_3_694_WI_1_validation,378,7117.0,1718.5807738304138,4.546509983678344,25.10279668622047,0.24147544946331514
source_b_repair_baselines_m5_rohlik_100_v2,m5_top_volume_100_20260714,M5,14,lightgbm_direct,FOODS_3_694_WI_2_validation,378,11714.0,2350.3017144203186,6.217729403228356,20.98389467159224,0.20064040587504853
source_b_repair_baselines_m5_rohlik_100_v2,m5_top_volume_100_20260714,M5,14,lightgbm_direct,FOODS_3_694_WI_3_validation,378,16615.0,3058.6007356643677,8.091536337736422,19.136767237419967,0.1840867129500071
source_b_repair_baselines_m5_rohlik_100_v2,m5_top_volume_100_20260714,M5,14,lightgbm_direct,FOODS_3_711_CA_3_validation,378,5232.0,4250.582583963871,11.24492747080389,90.32540739290337,0.8124202186475289
source_b_repair_baselines_m5_rohlik_100_v2,m5_top_volume_100_20260714,M5,14,lightgbm_direct,FOODS_3_711_WI_2_validation,378,7949.0,7163.7051025033,18.95160080027328,116.93882222632914,0.9012083409867027
source_b_repair_baselines_m5_rohlik_100_v2,m5_top_volume_100_20260714,M5,14,lightgbm_direct,FOODS_3_714_CA_1_validation,378,8737.0,2440.1057415008545,6.455306194446705,30.25223473809881,0.27928416407243384
source_b_repair_baselines_m5_rohlik_100_v2,m5_top_volume_100_20260714,M5,14,lightgbm_direct,FOODS_3_714_CA_3_validation,378,11479.0,2601.76535654068,6.882977133705502,23.837933224776844,0.2266543563499155
source_b_repair_baselines_m5_rohlik_100_v2,m5_top_volume_100_20260714,M5,14,lightgbm_direct,FOODS_3_714_TX_1_validation,378,5659.0,1960.452688217163,5.186382773061278,36.57360405018569,0.3464309397803787
source_b_repair_baselines_m5_rohlik_100_v2,m5_top_volume_100_20260714,M5,14,lightgbm_direct,FOODS_3_714_TX_2_validation,378,8856.0,2400.592194080353,6.350773000212573,28.462941261098564,0.27106957927736597
source_b_repair_baselines_m5_rohlik_100_v2,m5_top_volume_100_20260714,M5,14,lightgbm_direct,FOODS_3_714_TX_3_validation,378,6863.0,2416.929946422577,6.393994567255494,37.29953641019415,0.3521681402335097
source_b_repair_baselines_m5_rohlik_100_v2,m5_top_volume_100_20260714,M5,14,lightgbm_direct,FOODS_3_714_WI_3_validation,378,8435.0,2479.39426279068,6.559244081456825,30.420671080380686,0.2939412285466129
source_b_repair_baselines_m5_rohlik_100_v2,m5_top_volume_100_20260714,M5,14,lightgbm_direct,FOODS_3_723_CA_3_validation,378,8460.0,3763.6134880185127,9.956649439202415,60.618107574617895,0.44487157068776745
source_b_repair_baselines_m5_rohlik_100_v2,m5_top_volume_100_20260714,M5,14,lightgbm_direct,FOODS_3_723_WI_3_validation,378,8049.0,3519.084319598973,9.30974687724596,63.34726740865464,0.4372076431356656
source_b_repair_baselines_m5_rohlik_100_v2,m5_top_volume_100_20260714,M5,14,lightgbm_direct,FOODS_3_752_CA_3_validation,378,6697.0,5031.168654918671,13.30996998655733,71.87059466558794,0.7512570785304868
source_b_repair_baselines_m5_rohlik_100_v2,m5_top_volume_100_20260714,M5,14,lightgbm_direct,FOODS_3_804_CA_3_validation,378,8100.0,3682.97607088089,9.743322938838332,56.67863878356727,0.45468840381245557
source_b_repair_baselines_m5_rohlik_100_v2,m5_top_volume_100_20260714,M5,14,lightgbm_direct,FOODS_3_808_CA_1_validation,378,2395.0,3757.708317860961,9.941027295928468,141.2416431095135,1.568980508501445
source_b_repair_baselines_m5_rohlik_100_v2,m5_top_volume_100_20260714,M5,14,lightgbm_direct,FOODS_3_808_CA_3_validation,378,8869.0,4859.490844361484,12.85579588455419,106.98551725035345,0.5479186880551904
source_b_repair_baselines_m5_rohlik_100_v2,m5_top_volume_100_20260714,M5,14,lightgbm_direct,HOUSEHOLD_1_118_CA_3_validation,378,7935.0,2502.827438354492,6.621236609403418,33.52867152315758,0.31541618630806456
source_b_repair_baselines_m5_rohlik_100_v2,m5_top_volume_100_20260714,M5,14,lightgbm_direct,HOUSEHOLD_1_334_CA_3_validation,378,7215.0,2585.103842973709,6.838899055486003,40.61384631843336,0.358295750931907
source_b_repair_baselines_m5_rohlik_100_v2,m5_top_volume_100_20260714,M5,14,lightgbm_direct,HOUSEHOLD_1_459_CA_3_validation,378,8248.0,2794.379282951355,7.392537785585596,36.00586636329538,0.33879477242378214
source_b_repair_baselines_m5_rohlik_100_v2,m5_top_volume_100_20260714,M5,14,lightgbm_direct_scaled,FOODS_1_218_TX_2_validation,378,5582.0,2486.2849192619324,6.577473331380774,50.4796439053156,0.4454111284955092
source_b_repair_baselines_m5_rohlik_100_v2,m5_top_volume_100_20260714,M5,14,lightgbm_direct_scaled,FOODS_2_197_CA_1_validation,378,6349.0,2155.7640159130096,5.703079407177274,36.7931287847369,0.3395438676819987
source_b_repair_baselines_m5_rohlik_100_v2,m5_top_volume_100_20260714,M5,14,lightgbm_direct_scaled,FOODS_2_197_CA_3_validation,378,5223.0,1733.4396584033966,4.585819202125387,34.55122043604482,0.3318858239332561
source_b_repair_baselines_m5_rohlik_100_v2,m5_top_volume_100_20260714,M5,14,lightgbm_direct_scaled,FOODS_2_276_CA_3_validation,378,3143.0,2431.504198074341,6.4325507885564575,63.26605798339945,0.7736252618753868
source_b_repair_baselines_m5_rohlik_100_v2,m5_top_volume_100_20260714,M5,14,lightgbm_direct_scaled,FOODS_2_360_CA_3_validation,378,4857.0,2323.9203456938267,6.147937422470441,81.72241256506383,0.47846826141524124
source_b_repair_baselines_m5_rohlik_100_v2,m5_top_volume_100_20260714,M5,14,lightgbm_direct_scaled,FOODS_2_360_TX_3_validation,378,3979.0,2164.301461752504,5.725665242731492,104.4056400036092,0.543931003204952
source_b_repair_baselines_m5_rohlik_100_v2,m5_top_volume_100_20260714,M5,14,lightgbm_direct_scaled,FOODS_2_360_WI_2_validation,378,10631.0,6006.454927574843,15.890092400991648,117.09290789001328,0.5649943493156658
source_b_repair_baselines_m5_rohlik_100_v2,m5_top_volume_100_20260714,M5,14,lightgbm_direct_scaled,FOODS_3_007_WI_2_validation,378,8464.0,8400.52327406779,22.223606545152883,131.46639510666168,0.992500386822754
source_b_repair_baselines_m5_rohlik_100_v2,m5_top_volume_100_20260714,M5,14,lightgbm_direct_scaled,FOODS_3_030_TX_2_validation,378,5036.0,1936.3023389177397,5.122492960099841,76.27032422478887,0.3844921244872398
source_b_repair_baselines_m5_rohlik_100_v2,m5_top_volume_100_20260714,M5,14,lightgbm_direct_scaled,FOODS_3_030_TX_3_validation,378,5820.0,2267.4660084145144,5.9985873238479215,78.679014906461,0.3895989705179578
source_b_repair_baselines_m5_rohlik_100_v2,m5_top_volume_100_20260714,M5,14,lightgbm_direct_scaled,FOODS_3_080_CA_1_validation,378,6869.0,2044.661775112152,5.409158135217334,30.350654305918077,0.2976651295839499
source_b_repair_baselines_m5_rohlik_100_v2,m5_top_volume_100_20260714,M5,14,lightgbm_direct_scaled,FOODS_3_080_TX_2_validation,378,6590.0,1531.8258543014526,4.052449350003843,23.92087701071812,0.23244701886213243
source_b_repair_baselines_m5_rohlik_100_v2,m5_top_volume_100_20260714,M5,14,lightgbm_direct_scaled,FOODS_3_090_CA_1_validation,378,18773.0,6077.920612689108,16.079155060024096,59.75035379862342,0.32375862210030937
source_b_repair_baselines_m5_rohlik_100_v2,m5_top_volume_100_20260714,M5,14,lightgbm_direct_scaled,FOODS_3_090_CA_2_validation,378,14152.0,5194.264372866601,13.741440139858732,62.9279650249014,0.3670339438147683
source_b_repair_baselines_m5_rohlik_100_v2,m5_top_volume_100_20260714,M5,14,lightgbm_direct_scaled,FOODS_3_090_CA_3_validation,378,36819.0,10888.57092165947,28.805743178993307,52.88718527217482,0.29573239147340963
source_b_repair_baselines_m5_rohlik_100_v2,m5_top_volume_100_20260714,M5,14,lightgbm_direct_scaled,FOODS_3_090_CA_4_validation,378,9660.0,3435.6344891302288,9.08898012997415,58.69914099764196,0.3556557442163798
source_b_repair_baselines_m5_rohlik_100_v2,m5_top_volume_100_20260714,M5,14,lightgbm_direct_scaled,FOODS_3_090_TX_1_validation,378,16993.0,5398.489719327539,14.28171883419984,58.35573097687461,0.31768903191476133
source_b_repair_baselines_m5_rohlik_100_v2,m5_top_volume_100_20260714,M5,14,lightgbm_direct_scaled,FOODS_3_090_TX_2_validation,378,19339.0,6102.876069393009,16.14517478675399,59.69168836379111,0.31557350790594185
source_b_repair_baselines_m5_rohlik_100_v2,m5_top_volume_100_20260714,M5,14,lightgbm_direct_scaled,FOODS_3_090_TX_3_validation,378,21770.0,6584.946589048952,17.420493621822622,58.842374526014105,0.3024780243017433
source_b_repair_baselines_m5_rohlik_100_v2,m5_top_volume_100_20260714,M5,14,lightgbm_direct_scaled,FOODS_3_090_WI_3_validation,378,23889.0,8614.801026715897,22.790478906655814,66.4689654330648,0.3606179005699651
source_b_repair_baselines_m5_rohlik_100_v2,m5_top_volume_100_20260714,M5,14,lightgbm_direct_scaled,FOODS_3_099_TX_2_validation,378,5210.0,2804.0362828820944,7.418085404449985,78.30972515595246,0.5382027414361026
source_b_repair_baselines_m5_rohlik_100_v2,m5_top_volume_100_20260714,M5,14,lightgbm_direct_scaled,FOODS_3_120_CA_1_validation,378,15279.0,7103.705117255449,18.792870680569973,65.59634041739186,0.4649325948854931
source_b_repair_baselines_m5_rohlik_100_v2,m5_top_volume_100_20260714,M5,14,lightgbm_direct_scaled,FOODS_3_120_CA_3_validation,378,31365.0,9513.367916375399,25.167639990411107,38.96354116269515,0.3033115866850119
source_b_repair_baselines_m5_rohlik_100_v2,m5_top_volume_100_20260714,M5,14,lightgbm_direct_scaled,FOODS_3_120_WI_3_validation,378,12400.0,4927.782844603062,13.036462551859952,49.98075174337247,0.3974018423066985
source_b_repair_baselines_m5_rohlik_100_v2,m5_top_volume_100_20260714,M5,14,lightgbm_direct_scaled,FOODS_3_202_CA_3_validation,378,7882.0,2568.347624897957,6.794570436237981,49.84852140389282,0.3258497367289973
source_b_repair_baselines_m5_rohlik_100_v2,m5_top_volume_100_20260714,M5,14,lightgbm_direct_scaled,FOODS_3_202_TX_1_validation,378,8044.0,3186.3015948683023,8.429369298593393,65.29881224026381,0.39610909931232
source_b_repair_baselines_m5_rohlik_100_v2,m5_top_volume_100_20260714,M5,14,lightgbm_direct_scaled,FOODS_3_202_TX_2_validation,378,7798.0,3525.966107621789,9.327952665666109,68.56021944059356,0.4521628760735816
source_b_repair_baselines_m5_rohlik_100_v2,m5_top_volume_100_20260714,M5,14,lightgbm_direct_scaled,FOODS_3_202_TX_3_validation,378,9826.0,3398.5694663226604,8.990924514081112,60.678200941205176,0.34587517467155104
source_b_repair_baselines_m5_rohlik_100_v2,m5_top_volume_100_20260714,M5,14,lightgbm_direct_scaled,FOODS_3_226_WI_1_validation,378,14808.0,2634.2474975585938,6.968908723699983,18.36573677053789,0.17789353711227673
source_b_repair_baselines_m5_rohlik_100_v2,m5_top_volume_100_20260714,M5,14,lightgbm_direct_scaled,FOODS_3_226_WI_2_validation,378,14519.0,3185.7866497039795,8.428007009798888,23.385174727191906,0.2194219057582464
source_b_repair_baselines_m5_rohlik_100_v2,m5_top_volume_100_20260714,M5,14,lightgbm_direct_scaled,FOODS_3_226_WI_3_validation,378,18132.0,3377.865550518036,8.936152250047714,18.97727132907081,0.18629304823064394
source_b_repair_baselines_m5_rohlik_100_v2,m5_top_volume_100_20260714,M5,14,lightgbm_direct_scaled,FOODS_3_234_CA_3_validation,378,7146.0,4910.742468833923,12.991382192682337,70.17978931353824,0.6872015769428944
source_b_repair_baselines_m5_rohlik_100_v2,m5_top_volume_100_20260714,M5,14,lightgbm_direct_scaled,FOODS_3_234_WI_2_validation,378,8932.0,9945.24764329195,26.310178950507805,145.703610363804,1.1134401750214902
source_b_repair_baselines_m5_rohlik_100_v2,m5_top_volume_100_20260714,M5,14,lightgbm_direct_scaled,FOODS_3_234_WI_3_validation,378,7749.0,4845.791860640049,12.819555186878436,76.96062122284482,0.6253441554574847
source_b_repair_baselines_m5_rohlik_100_v2,m5_top_volume_100_20260714,M5,14,lightgbm_direct_scaled,FOODS_3_252_CA_1_validation,378,14668.0,3224.212344646454,8.52966228742448,23.468309062924103,0.2198126768916317
source_b_repair_baselines_m5_rohlik_100_v2,m5_top_volume_100_20260714,M5,14,lightgbm_direct_scaled,FOODS_3_252_CA_2_validation,378,14731.0,3454.8987226486206,9.139943710710636,26.524996720774336,0.2345325315761741
source_b_repair_baselines_m5_rohlik_100_v2,m5_top_volume_100_20260714,M5,14,lightgbm_direct_scaled,FOODS_3_252_CA_3_validation,378,17274.0,3743.9145922660828,9.904535958375881,22.21844690732791,0.21673697998530062
source_b_repair_baselines_m5_rohlik_100_v2,m5_top_volume_100_20260714,M5,14,lightgbm_direct_scaled,FOODS_3_252_TX_1_validation,378,11801.0,3211.466779232025,8.495943860402184,29.46580780531667,0.2721351393298894
source_b_repair_baselines_m5_rohlik_100_v2,m5_top_volume_100_20260714,M5,14,lightgbm_direct_scaled,FOODS_3_252_TX_2_validation,378,21934.0,4756.893730163574,12.584374947522683,22.072301159436837,0.21687306146455612
source_b_repair_baselines_m5_rohlik_100_v2,m5_top_volume_100_20260714,M5,14,lightgbm_direct_scaled,FOODS_3_252_TX_3_validation,378,17754.0,4326.4500098228455,11.445634946621285,25.982314253814426,0.24368874675131494
source_b_repair_baselines_m5_rohlik_100_v2,m5_top_volume_100_20260714,M5,14,lightgbm_direct_scaled,FOODS_3_252_WI_3_validation,378,6826.0,2282.454487323761,6.0382393844543945,34.69900504609226,0.33437657300377394
source_b_repair_baselines_m5_rohlik_100_v2,m5_top_volume_100_20260714,M5,14,lightgbm_direct_scaled,FOODS_3_281_CA_3_validation,378,3821.0,2401.9336671829224,6.354321870854292,80.03161608227633,0.6286138882970224
source_b_repair_baselines_m5_rohlik_100_v2,m5_top_volume_100_20260714,M5,14,lightgbm_direct_scaled,FOODS_3_282_CA_3_validation,378,13394.0,4101.2379603385925,10.849835873911621,39.044187604654965,0.30619963866944844
source_b_repair_baselines_m5_rohlik_100_v2,m5_top_volume_100_20260714,M5,14,lightgbm_direct_scaled,FOODS_3_288_CA_3_validation,378,12500.0,4297.8529543578625,11.369981360735085,47.56125294685453,0.343828236348629
source_b_repair_baselines_m5_rohlik_100_v2,m5_top_volume_100_20260714,M5,14,lightgbm_direct_scaled,FOODS_3_318_CA_3_validation,378,5296.0,3556.818156394176,9.409571842312635,99.77193983215469,0.6716046367813777
source_b_repair_baselines_m5_rohlik_100_v2,m5_top_volume_100_20260714,M5,14,lightgbm_direct_scaled,FOODS_3_318_WI_3_validation,378,5628.0,3639.53521125298,9.628400029769788,96.50976541591277,0.6466835840890156
source_b_repair_baselines_m5_rohlik_100_v2,m5_top_volume_100_20260714,M5,14,lightgbm_direct_scaled,FOODS_3_319_CA_3_validation,378,4783.0,2954.9766658954322,7.817398587024953,112.70149201747199,0.6178082094700883
source_b_repair_baselines_m5_rohlik_100_v2,m5_top_volume_100_20260714,M5,14,lightgbm_direct_scaled,FOODS_3_376_WI_2_validation,378,8991.0,4647.285877108574,12.294407082297814,57.156584306466826,0.5168819794359442
source_b_repair_baselines_m5_rohlik_100_v2,m5_top_volume_100_20260714,M5,14,lightgbm_direct_scaled,FOODS_3_377_TX_2_validation,378,11838.0,2172.0802822113037,5.7462441328341365,18.89298205702998,0.1834837204098077
source_b_repair_baselines_m5_rohlik_100_v2,m5_top_volume_100_20260714,M5,14,lightgbm_direct_scaled,FOODS_3_377_TX_3_validation,378,15919.0,3141.5349068641663,8.310938907048058,20.100065013731015,0.19734499069440078
source_b_repair_baselines_m5_rohlik_100_v2,m5_top_volume_100_20260714,M5,14,lightgbm_direct_scaled,FOODS_3_412_WI_2_validation,378,7130.0,7368.200726270676,19.492594513943587,129.93740702559376,1.033408236503601
source_b_repair_baselines_m5_rohlik_100_v2,m5_top_volume_100_20260714,M5,14,lightgbm_direct_scaled,FOODS_3_462_WI_2_validation,378,8298.0,4279.179646611214,11.320581075691042,57.576476586896874,0.5156880750314791
source_b_repair_baselines_m5_rohlik_100_v2,m5_top_volume_100_20260714,M5,14,lightgbm_direct_scaled,FOODS_3_501_CA_3_validation,378,4934.0,2233.4178323596716,5.908512784020295,67.59357652660685,0.4526586607944207
source_b_repair_baselines_m5_rohlik_100_v2,m5_top_volume_100_20260714,M5,14,lightgbm_direct_scaled,FOODS_3_541_CA_3_validation,378,7136.0,3962.0134028345346,10.4815169387157,113.43485201206845,0.5552148826842117
source_b_repair_baselines_m5_rohlik_100_v2,m5_top_volume_100_20260714,M5,14,lightgbm_direct_scaled,FOODS_3_547_WI_2_validation,378,6199.0,6840.317120924592,18.09607703948305,136.43967209079653,1.1034549315897066
source_b_repair_baselines_m5_rohlik_100_v2,m5_top_volume_100_20260714,M5,14,lightgbm_direct_scaled,FOODS_3_555_CA_1_validation,378,6830.0,1610.1911191940308,4.259764865592674,25.16688766110619,0.23575272608990203
source_b_repair_baselines_m5_rohlik_100_v2,m5_top_volume_100_20260714,M5,14,lightgbm_direct_scaled,FOODS_3_555_CA_3_validation,378,11167.0,2214.8439512252808,5.859375532342012,20.808690461961476,0.19833831389140152
source_b_repair_baselines_m5_rohlik_100_v2,m5_top_volume_100_20260714,M5,14,lightgbm_direct_scaled,FOODS_3_555_TX_1_validation,378,9228.0,2261.3073835372925,5.982294665442573,25.274516388906797,0.2450484810942016
source_b_repair_baselines_m5_rohlik_100_v2,m5_top_volume_100_20260714,M5,14,lightgbm_direct_scaled,FOODS_3_555_TX_2_validation,378,16845.0,3571.2279629707336,9.4476930237321,21.99191041526652,0.21200522190387258
source_b_repair_baselines_m5_rohlik_100_v2,m5_top_volume_100_20260714,M5,14,lightgbm_direct_scaled,FOODS_3_555_TX_3_validation,378,12158.0,2972.0572443008423,7.862585302383181,26.276450813714575,0.244452808381382
source_b_repair_baselines_m5_rohlik_100_v2,m5_top_volume_100_20260714,M5,14,lightgbm_direct_scaled,FOODS_3_555_WI_3_validation,378,8320.0,2099.774247646332,5.554958327106698,26.44622969005609,0.2523767124574918
source_b_repair_baselines_m5_rohlik_100_v2,m5_top_volume_100_20260714,M5,14,lightgbm_direct_scaled,FOODS_3_586_CA_1_validation,378,16440.0,3235.059506893158,8.558358483844334,20.73678848322026,0.1967797753584646
source_b_repair_baselines_m5_rohlik_100_v2,m5_top_volume_100_20260714,M5,14,lightgbm_direct_scaled,FOODS_3_586_CA_2_validation,378,14229.0,2854.744869709015,7.552235105050304,22.93092647554468,0.20062863656680124
source_b_repair_baselines_m5_rohlik_100_v2,m5_top_volume_100_20260714,M5,14,lightgbm_direct_scaled,FOODS_3_586_CA_3_validation,378,27702.0,4495.299611091614,11.892327013469878,16.949491494452992,0.16227346802005682
source_b_repair_baselines_m5_rohlik_100_v2,m5_top_volume_100_20260714,M5,14,lightgbm_direct_scaled,FOODS_3_586_TX_1_validation,378,19685.0,3759.1285219192505,9.944784449521826,19.70511377943361,0.1909641108417196
source_b_repair_baselines_m5_rohlik_100_v2,m5_top_volume_100_20260714,M5,14,lightgbm_direct_scaled,FOODS_3_586_TX_2_validation,378,34848.0,5929.988986968994,15.687801552828027,17.53265363764531,0.17016726890980816
source_b_repair_baselines_m5_rohlik_100_v2,m5_top_volume_100_20260714,M5,14,lightgbm_direct_scaled,FOODS_3_586_TX_3_validation,378,27768.0,5100.199585914612,13.492591497128602,19.420510320375133,0.1836718375797541
source_b_repair_baselines_m5_rohlik_100_v2,m5_top_volume_100_20260714,M5,14,lightgbm_direct_scaled,FOODS_3_586_WI_3_validation,378,12341.0,2457.575261116028,6.501521854804307,21.18675436239012,0.19913906985787438
source_b_repair_baselines_m5_rohlik_100_v2,m5_top_volume_100_20260714,M5,14,lightgbm_direct_scaled,FOODS_3_587_CA_1_validation,378,10362.0,2789.6745710372925,7.380091457770615,28.22554944894215,0.26922163395457366
source_b_repair_baselines_m5_rohlik_100_v2,m5_top_volume_100_20260714,M5,14,lightgbm_direct_scaled,FOODS_3_587_CA_3_validation,378,12820.0,2815.448181629181,7.4482756127756105,24.26787446468307,0.21961374271678477
source_b_repair_baselines_m5_rohlik_100_v2,m5_top_volume_100_20260714,M5,14,lightgbm_direct_scaled,FOODS_3_587_TX_1_validation,378,10602.0,3001.647530555725,7.9408664829516535,30.372912196864142,0.2831208763021812
source_b_repair_baselines_m5_rohlik_100_v2,m5_top_volume_100_20260714,M5,14,lightgbm_direct_scaled,FOODS_3_587_TX_2_validation,378,11359.0,3035.869804382324,8.031401598895037,28.719721265510074,0.26726558714519977
source_b_repair_baselines_m5_rohlik_100_v2,m5_top_volume_100_20260714,M5,14,lightgbm_direct_scaled,FOODS_3_587_TX_3_validation,378,11748.0,2967.983414173126,7.85180797400298,25.779217604400912,0.2526373352207292
source_b_repair_baselines_m5_rohlik_100_v2,m5_top_volume_100_20260714,M5,14,lightgbm_direct_scaled,FOODS_3_587_WI_3_validation,378,11072.0,3252.9290345311165,8.605632366484436,35.300440998345,0.29379778129796935
source_b_repair_baselines_m5_rohlik_100_v2,m5_top_volume_100_20260714,M5,14,lightgbm_direct_scaled,FOODS_3_607_CA_3_validation,378,7937.0,3232.124869823456,8.550594893712846,46.516012783948426,0.4072224858036356
source_b_repair_baselines_m5_rohlik_100_v2,m5_top_volume_100_20260714,M5,14,lightgbm_direct_scaled,FOODS_3_635_CA_3_validation,378,6861.0,3603.045169133693,9.531865526808712,107.7873114548075,0.5251486910266278
source_b_repair_baselines_m5_rohlik_100_v2,m5_top_volume_100_20260714,M5,14,lightgbm_direct_scaled,FOODS_3_681_CA_3_validation,378,14755.0,6415.247404098511,16.97155397909659,46.688298920656344,0.43478464277184076
source_b_repair_baselines_m5_rohlik_100_v2,m5_top_volume_100_20260714,M5,14,lightgbm_direct_scaled,FOODS_3_681_WI_3_validation,378,12789.0,5262.876405239105,13.922953453013506,50.85991134380603,0.41151586560631054
source_b_repair_baselines_m5_rohlik_100_v2,m5_top_volume_100_20260714,M5,14,lightgbm_direct_scaled,FOODS_3_694_CA_3_validation,378,6591.0,1589.4565312862396,4.204911458429206,24.72009804761381,0.24115559570417835
source_b_repair_baselines_m5_rohlik_100_v2,m5_top_volume_100_20260714,M5,14,lightgbm_direct_scaled,FOODS_3_694_TX_1_validation,378,6424.0,1747.9172236919403,4.6241196393966675,28.391859467038888,0.27209172224345274
source_b_repair_baselines_m5_rohlik_100_v2,m5_top_volume_100_20260714,M5,14,lightgbm_direct_scaled,FOODS_3_694_WI_1_validation,378,7117.0,1694.273916721344,4.482206128892445,24.79546309476512,0.23806012599709767
source_b_repair_baselines_m5_rohlik_100_v2,m5_top_volume_100_20260714,M5,14,lightgbm_direct_scaled,FOODS_3_694_WI_2_validation,378,11714.0,2338.375771522522,6.186179289742122,20.91203130326293,0.19962231274735548
source_b_repair_baselines_m5_rohlik_100_v2,m5_top_volume_100_20260714,M5,14,lightgbm_direct_scaled,FOODS_3_694_WI_3_validation,378,16615.0,3046.623122692108,8.059849530931503,19.057936083241305,0.18336582140789096
source_b_repair_baselines_m5_rohlik_100_v2,m5_top_volume_100_20260714,M5,14,lightgbm_direct_scaled,FOODS_3_711_CA_3_validation,378,5232.0,4122.83092699945,10.906960124337168,89.94840657808545,0.7880028530197725
source_b_repair_baselines_m5_rohlik_100_v2,m5_top_volume_100_20260714,M5,14,lightgbm_direct_scaled,FOODS_3_711_WI_2_validation,378,7949.0,7035.813280850649,18.61326264775304,116.9643747236935,0.8851192956158823
source_b_repair_baselines_m5_rohlik_100_v2,m5_top_volume_100_20260714,M5,14,lightgbm_direct_scaled,FOODS_3_714_CA_1_validation,378,8737.0,2397.864191532135,6.343556062254326,29.784695948815116,0.27444937524689655
source_b_repair_baselines_m5_rohlik_100_v2,m5_top_volume_100_20260714,M5,14,lightgbm_direct_scaled,FOODS_3_714_CA_3_validation,378,11479.0,2614.4552159309387,6.916548190293489,23.948556377867657,0.2277598410951249
source_b_repair_baselines_m5_rohlik_100_v2,m5_top_volume_100_20260714,M5,14,lightgbm_direct_scaled,FOODS_3_714_TX_1_validation,378,5659.0,1922.576236963272,5.086180521066858,36.04973182355906,0.33973780472932885
source_b_repair_baselines_m5_rohlik_100_v2,m5_top_volume_100_20260714,M5,14,lightgbm_direct_scaled,FOODS_3_714_TX_2_validation,378,8856.0,2408.514756679535,6.37173216052787,28.457681622049492,0.27196417758350666
source_b_repair_baselines_m5_rohlik_100_v2,m5_top_volume_100_20260714,M5,14,lightgbm_direct_scaled,FOODS_3_714_TX_3_validation,378,6863.0,2409.5886013507843,6.374573019446519,37.20204161498928,0.351098441111873
source_b_repair_baselines_m5_rohlik_100_v2,m5_top_volume_100_20260714,M5,14,lightgbm_direct_scaled,FOODS_3_714_WI_3_validation,378,8435.0,2464.5937876701355,6.520089385370729,30.23327938996872,0.2921865782655762
source_b_repair_baselines_m5_rohlik_100_v2,m5_top_volume_100_20260714,M5,14,lightgbm_direct_scaled,FOODS_3_723_CA_3_validation,378,8460.0,3697.5253675580025,9.781813141687838,60.89525881941108,0.43705973611796717
source_b_repair_baselines_m5_rohlik_100_v2,m5_top_volume_100_20260714,M5,14,lightgbm_direct_scaled,FOODS_3_723_WI_3_validation,378,8049.0,3541.6011568568647,9.369315229780065,64.09272177700313,0.44000511328821773
source_b_repair_baselines_m5_rohlik_100_v2,m5_top_volume_100_20260714,M5,14,lightgbm_direct_scaled,FOODS_3_752_CA_3_validation,378,6697.0,5018.1381940841675,13.275497867947532,71.79326928078822,0.749311362413643
source_b_repair_baselines_m5_rohlik_100_v2,m5_top_volume_100_20260714,M5,14,lightgbm_direct_scaled,FOODS_3_804_CA_3_validation,378,8100.0,3698.8263506889343,9.785254896002472,56.8785060122854,0.45664522848011535
source_b_repair_baselines_m5_rohlik_100_v2,m5_top_volume_100_20260714,M5,14,lightgbm_direct_scaled,FOODS_3_808_CA_1_validation,378,2395.0,3723.29419092834,9.849984632085555,141.3608015152987,1.5546113532059875
source_b_repair_baselines_m5_rohlik_100_v2,m5_top_volume_100_20260714,M5,14,lightgbm_direct_scaled,FOODS_3_808_CA_3_validation,378,8869.0,4676.057106498629,12.370521445763568,107.00011657787816,0.527236115289055
source_b_repair_baselines_m5_rohlik_100_v2,m5_top_volume_100_20260714,M5,14,lightgbm_direct_scaled,HOUSEHOLD_1_118_CA_3_validation,378,7935.0,2517.3537497520447,6.659666004635039,33.68813592484962,0.317246849370138
source_b_repair_baselines_m5_rohlik_100_v2,m5_top_volume_100_20260714,M5,14,lightgbm_direct_scaled,HOUSEHOLD_1_334_CA_3_validation,378,7215.0,2609.2369335889816,6.902743210552861,41.09074594597499,0.3616406006360335
source_b_repair_baselines_m5_rohlik_100_v2,m5_top_volume_100_20260714,M5,14,lightgbm_direct_scaled,HOUSEHOLD_1_459_CA_3_validation,378,8248.0,2786.3454191684723,7.371284177694371,36.011395839045896,0.3378207346227537
source_b_repair_baselines_m5_rohlik_100_v2,m5_top_volume_100_20260714,M5,28,seasonal_naive,FOODS_1_218_TX_2_validation,364,5401.0,3289.0,9.035714285714286,65.09290714192971,0.6089613034623218
source_b_repair_baselines_m5_rohlik_100_v2,m5_top_volume_100_20260714,M5,28,seasonal_naive,FOODS_2_197_CA_1_validation,364,6045.0,2779.0,7.634615384615385,50.44817477815734,0.4597187758478081
source_b_repair_baselines_m5_rohlik_100_v2,m5_top_volume_100_20260714,M5,28,seasonal_naive,FOODS_2_197_CA_3_validation,364,5076.0,2100.0,5.769230769230769,44.84882965208737,0.41371158392434987
source_b_repair_baselines_m5_rohlik_100_v2,m5_top_volume_100_20260714,M5,28,seasonal_naive,FOODS_2_276_CA_3_validation,364,3023.0,1759.0,4.832417582417582,62.02817491775894,0.581872312272577
source_b_repair_baselines_m5_rohlik_100_v2,m5_top_volume_100_20260714,M5,28,seasonal_naive,FOODS_2_360_CA_3_validation,364,4556.0,2892.0,7.945054945054945,82.87955397670173,0.6347673397717296
source_b_repair_baselines_m5_rohlik_100_v2,m5_top_volume_100_20260714,M5,28,seasonal_naive,FOODS_2_360_TX_3_validation,364,3695.0,2303.0,6.326923076923077,51.93085351187554,0.6232746955345061
source_b_repair_baselines_m5_rohlik_100_v2,m5_top_volume_100_20260714,M5,28,seasonal_naive,FOODS_2_360_WI_2_validation,364,9519.0,7685.0,21.11263736263736,57.67401628332115,0.8073327030150226
source_b_repair_baselines_m5_rohlik_100_v2,m5_top_volume_100_20260714,M5,28,seasonal_naive,FOODS_3_007_WI_2_validation,364,7734.0,8680.0,23.846153846153847,101.5286748784374,1.1223170416343418
source_b_repair_baselines_m5_rohlik_100_v2,m5_top_volume_100_20260714,M5,28,seasonal_naive,FOODS_3_030_TX_2_validation,364,4773.0,2763.0,7.59065934065934,56.62558585411617,0.5788812067881836
source_b_repair_baselines_m5_rohlik_100_v2,m5_top_volume_100_20260714,M5,28,seasonal_naive,FOODS_3_030_TX_3_validation,364,5556.0,3444.0,9.461538461538462,60.11104419989112,0.6198704103671706
source_b_repair_baselines_m5_rohlik_100_v2,m5_top_volume_100_20260714,M5,28,seasonal_naive,FOODS_3_080_CA_1_validation,364,6633.0,2403.0,6.601648351648351,36.30209942659305,0.3622795115332429
source_b_repair_baselines_m5_rohlik_100_v2,m5_top_volume_100_20260714,M5,28,seasonal_naive,FOODS_3_080_TX_2_validation,364,6351.0,1947.0,5.3489010989010985,32.14440008929763,0.30656589513462446
source_b_repair_baselines_m5_rohlik_100_v2,m5_top_volume_100_20260714,M5,28,seasonal_naive,FOODS_3_090_CA_1_validation,364,18027.0,9659.0,26.535714285714285,60.18312970968744,0.5358074000110945
source_b_repair_baselines_m5_rohlik_100_v2,m5_top_volume_100_20260714,M5,28,seasonal_naive,FOODS_3_090_CA_2_validation,364,13416.0,7440.0,20.439560439560438,64.23145022814255,0.554561717352415
source_b_repair_baselines_m5_rohlik_100_v2,m5_top_volume_100_20260714,M5,28,seasonal_naive,FOODS_3_090_CA_3_validation,364,35186.0,17854.0,49.04945054945055,66.98163968853285,0.5074177229579947
source_b_repair_baselines_m5_rohlik_100_v2,m5_top_volume_100_20260714,M5,28,seasonal_naive,FOODS_3_090_CA_4_validation,364,9265.0,4971.0,13.656593406593407,60.258224359240856,0.5365353480841878
source_b_repair_baselines_m5_rohlik_100_v2,m5_top_volume_100_20260714,M5,28,seasonal_naive,FOODS_3_090_TX_1_validation,364,16266.0,8786.0,24.13736263736264,59.72814932606365,0.5401450879134391
source_b_repair_baselines_m5_rohlik_100_v2,m5_top_volume_100_20260714,M5,28,seasonal_naive,FOODS_3_090_TX_2_validation,364,18445.0,9637.0,26.475274725274726,59.22990047611374,0.5224722146923285
source_b_repair_baselines_m5_rohlik_100_v2,m5_top_volume_100_20260714,M5,28,seasonal_naive,FOODS_3_090_TX_3_validation,364,20844.0,10206.0,28.03846153846154,55.42862633052663,0.4896373056994819
source_b_repair_baselines_m5_rohlik_100_v2,m5_top_volume_100_20260714,M5,28,seasonal_naive,FOODS_3_090_WI_3_validation,364,22744.0,10778.0,29.60989010989011,57.569938306850624,0.4738832219486458
source_b_repair_baselines_m5_rohlik_100_v2,m5_top_volume_100_20260714,M5,28,seasonal_naive,FOODS_3_099_TX_2_validation,364,4993.0,2459.0,6.7554945054945055,43.3639804660145,0.4924894852793911
source_b_repair_baselines_m5_rohlik_100_v2,m5_top_volume_100_20260714,M5,28,seasonal_naive,FOODS_3_120_CA_1_validation,364,14909.0,8833.0,24.266483516483518,78.97321560781825,0.5924609296398149
source_b_repair_baselines_m5_rohlik_100_v2,m5_top_volume_100_20260714,M5,28,seasonal_naive,FOODS_3_120_CA_3_validation,364,30361.0,10643.0,29.23901098901099,45.58717685763054,0.350548400909061
source_b_repair_baselines_m5_rohlik_100_v2,m5_top_volume_100_20260714,M5,28,seasonal_naive,FOODS_3_120_WI_3_validation,364,11888.0,5992.0,16.46153846153846,67.09046272313256,0.5040376850605652
source_b_repair_baselines_m5_rohlik_100_v2,m5_top_volume_100_20260714,M5,28,seasonal_naive,FOODS_3_202_CA_3_validation,364,7485.0,4481.0,12.31043956043956,78.2141773790119,0.5986639946559786
source_b_repair_baselines_m5_rohlik_100_v2,m5_top_volume_100_20260714,M5,28,seasonal_naive,FOODS_3_202_TX_1_validation,364,7637.0,4387.0,12.052197802197803,73.45514621571748,0.5744402252193269
source_b_repair_baselines_m5_rohlik_100_v2,m5_top_volume_100_20260714,M5,28,seasonal_naive,FOODS_3_202_TX_2_validation,364,7507.0,6487.0,17.821428571428573,90.63506813731681,0.8641268149726922
source_b_repair_baselines_m5_rohlik_100_v2,m5_top_volume_100_20260714,M5,28,seasonal_naive,FOODS_3_202_TX_3_validation,364,9390.0,5434.0,14.928571428571429,71.62818167056521,0.5787007454739084
source_b_repair_baselines_m5_rohlik_100_v2,m5_top_volume_100_20260714,M5,28,seasonal_naive,FOODS_3_226_WI_1_validation,364,14269.0,3179.0,8.733516483516484,22.436220935505734,0.22279066507814144
source_b_repair_baselines_m5_rohlik_100_v2,m5_top_volume_100_20260714,M5,28,seasonal_naive,FOODS_3_226_WI_2_validation,364,13849.0,3679.0,10.107142857142858,28.520713187954215,0.26565094952704166
source_b_repair_baselines_m5_rohlik_100_v2,m5_top_volume_100_20260714,M5,28,seasonal_naive,FOODS_3_226_WI_3_validation,364,17486.0,4222.0,11.598901098901099,24.709277273629944,0.24145030309962257
source_b_repair_baselines_m5_rohlik_100_v2,m5_top_volume_100_20260714,M5,28,seasonal_naive,FOODS_3_234_CA_3_validation,364,6927.0,6127.0,16.832417582417584,81.63286034369557,0.884509888840768
source_b_repair_baselines_m5_rohlik_100_v2,m5_top_volume_100_20260714,M5,28,seasonal_naive,FOODS_3_234_WI_2_validation,364,8873.0,12363.0,33.964285714285715,123.0142077883779,1.3933280739321536
source_b_repair_baselines_m5_rohlik_100_v2,m5_top_volume_100_20260714,M5,28,seasonal_naive,FOODS_3_234_WI_3_validation,364,7337.0,6171.0,16.953296703296704,99.28667182462694,0.841079460269865
source_b_repair_baselines_m5_rohlik_100_v2,m5_top_volume_100_20260714,M5,28,seasonal_naive,FOODS_3_252_CA_1_validation,364,14143.0,3771.0,10.35989010989011,27.58050397779419,0.266633670366966
source_b_repair_baselines_m5_rohlik_100_v2,m5_top_volume_100_20260714,M5,28,seasonal_naive,FOODS_3_252_CA_2_validation,364,14244.0,3970.0,10.906593406593407,29.994895652804388,0.2787138444257231
source_b_repair_baselines_m5_rohlik_100_v2,m5_top_volume_100_20260714,M5,28,seasonal_naive,FOODS_3_252_CA_3_validation,364,16554.0,4934.0,13.554945054945055,29.407284794029152,0.2980548507913495
source_b_repair_baselines_m5_rohlik_100_v2,m5_top_volume_100_20260714,M5,28,seasonal_naive,FOODS_3_252_TX_1_validation,364,11375.0,4361.0,11.98076923076923,41.46709368827115,0.3833846153846154
source_b_repair_baselines_m5_rohlik_100_v2,m5_top_volume_100_20260714,M5,28,seasonal_naive,FOODS_3_252_TX_2_validation,364,21287.0,5779.0,15.876373626373626,27.0066737849879,0.27148024615962796
source_b_repair_baselines_m5_rohlik_100_v2,m5_top_volume_100_20260714,M5,28,seasonal_naive,FOODS_3_252_TX_3_validation,364,17267.0,5617.0,15.43131868131868,33.49503036553749,0.32530260033590086
source_b_repair_baselines_m5_rohlik_100_v2,m5_top_volume_100_20260714,M5,28,seasonal_naive,FOODS_3_252_WI_3_validation,364,6563.0,2875.0,7.898351648351649,45.0155242122542,0.438061861953375
source_b_repair_baselines_m5_rohlik_100_v2,m5_top_volume_100_20260714,M5,28,seasonal_naive,FOODS_3_281_CA_3_validation,364,3618.0,2520.0,6.923076923076923,88.47919946635993,0.6965174129353234
source_b_repair_baselines_m5_rohlik_100_v2,m5_top_volume_100_20260714,M5,28,seasonal_naive,FOODS_3_282_CA_3_validation,364,12762.0,5038.0,13.840659340659341,58.480329323757374,0.39476571070365146
source_b_repair_baselines_m5_rohlik_100_v2,m5_top_volume_100_20260714,M5,28,seasonal_naive,FOODS_3_288_CA_3_validation,364,12018.0,6396.0,17.571428571428573,64.1385313518123,0.5322016974538193
source_b_repair_baselines_m5_rohlik_100_v2,m5_top_volume_100_20260714,M5,28,seasonal_naive,FOODS_3_318_CA_3_validation,364,4989.0,3601.0,9.892857142857142,79.12375804131308,0.7217879334535979
source_b_repair_baselines_m5_rohlik_100_v2,m5_top_volume_100_20260714,M5,28,seasonal_naive,FOODS_3_318_WI_3_validation,364,5294.0,3728.0,10.241758241758241,64.88993182460351,0.7041934265205894
source_b_repair_baselines_m5_rohlik_100_v2,m5_top_volume_100_20260714,M5,28,seasonal_naive,FOODS_3_319_CA_3_validation,364,4781.0,3455.0,9.491758241758241,66.67407338922528,0.7226521648190755
source_b_repair_baselines_m5_rohlik_100_v2,m5_top_volume_100_20260714,M5,28,seasonal_naive,FOODS_3_376_WI_2_validation,364,8342.0,4932.0,13.54945054945055,66.76276994407927,0.5912251258690961
source_b_repair_baselines_m5_rohlik_100_v2,m5_top_volume_100_20260714,M5,28,seasonal_naive,FOODS_3_377_TX_2_validation,364,11468.0,2766.0,7.5989010989010985,24.653523491346377,0.24119288454830834
source_b_repair_baselines_m5_rohlik_100_v2,m5_top_volume_100_20260714,M5,28,seasonal_naive,FOODS_3_377_TX_3_validation,364,15335.0,4089.0,11.233516483516484,26.159644160109575,0.266644929898924
source_b_repair_baselines_m5_rohlik_100_v2,m5_top_volume_100_20260714,M5,28,seasonal_naive,FOODS_3_412_WI_2_validation,364,6820.0,8662.0,23.796703296703296,111.62212663528328,1.2700879765395894
source_b_repair_baselines_m5_rohlik_100_v2,m5_top_volume_100_20260714,M5,28,seasonal_naive,FOODS_3_462_WI_2_validation,364,7852.0,4706.0,12.928571428571429,69.14852597449455,0.5993377483443708
source_b_repair_baselines_m5_rohlik_100_v2,m5_top_volume_100_20260714,M5,28,seasonal_naive,FOODS_3_501_CA_3_validation,364,4692.0,2756.0,7.571428571428571,61.37354658148849,0.587382779198636
source_b_repair_baselines_m5_rohlik_100_v2,m5_top_volume_100_20260714,M5,28,seasonal_naive,FOODS_3_541_CA_3_validation,364,7136.0,5262.0,14.456043956043956,69.6159951571786,0.7373878923766816
source_b_repair_baselines_m5_rohlik_100_v2,m5_top_volume_100_20260714,M5,28,seasonal_naive,FOODS_3_547_WI_2_validation,364,6138.0,8650.0,23.763736263736263,126.68421457243974,1.4092538286086673
source_b_repair_baselines_m5_rohlik_100_v2,m5_top_volume_100_20260714,M5,28,seasonal_naive,FOODS_3_555_CA_1_validation,364,6566.0,1986.0,5.456043956043956,31.930507976955813,0.30246725555894
source_b_repair_baselines_m5_rohlik_100_v2,m5_top_volume_100_20260714,M5,28,seasonal_naive,FOODS_3_555_CA_3_validation,364,10701.0,2981.0,8.18956043956044,30.002873410611112,0.27857209606578826
source_b_repair_baselines_m5_rohlik_100_v2,m5_top_volume_100_20260714,M5,28,seasonal_naive,FOODS_3_555_TX_1_validation,364,8816.0,2536.0,6.967032967032967,29.088435615161508,0.28765880217785844
source_b_repair_baselines_m5_rohlik_100_v2,m5_top_volume_100_20260714,M5,28,seasonal_naive,FOODS_3_555_TX_2_validation,364,16252.0,4156.0,11.417582417582418,26.392646780843897,0.2557223726310608
source_b_repair_baselines_m5_rohlik_100_v2,m5_top_volume_100_20260714,M5,28,seasonal_naive,FOODS_3_555_TX_3_validation,364,11786.0,4156.0,11.417582417582418,37.40602315606083,0.3526217546241303
source_b_repair_baselines_m5_rohlik_100_v2,m5_top_volume_100_20260714,M5,28,seasonal_naive,FOODS_3_555_WI_3_validation,364,7929.0,2825.0,7.760989010989011,37.05729968263062,0.35628704754697943
source_b_repair_baselines_m5_rohlik_100_v2,m5_top_volume_100_20260714,M5,28,seasonal_naive,FOODS_3_586_CA_1_validation,364,15898.0,4146.0,11.39010989010989,27.16612576316888,0.260787520442823
source_b_repair_baselines_m5_rohlik_100_v2,m5_top_volume_100_20260714,M5,28,seasonal_naive,FOODS_3_586_CA_2_validation,364,13764.0,3268.0,8.978021978021978,27.66245719416639,0.23743097936646324
source_b_repair_baselines_m5_rohlik_100_v2,m5_top_volume_100_20260714,M5,28,seasonal_naive,FOODS_3_586_CA_3_validation,364,26695.0,5005.0,13.75,19.409294738936236,0.18748829368795655
source_b_repair_baselines_m5_rohlik_100_v2,m5_top_volume_100_20260714,M5,28,seasonal_naive,FOODS_3_586_TX_1_validation,364,18896.0,4672.0,12.835164835164836,24.747901936164094,0.2472480948348857
source_b_repair_baselines_m5_rohlik_100_v2,m5_top_volume_100_20260714,M5,28,seasonal_naive,FOODS_3_586_TX_2_validation,364,33765.0,7507.0,20.623626373626372,22.403135298287918,0.2223308159336591
source_b_repair_baselines_m5_rohlik_100_v2,m5_top_volume_100_20260714,M5,28,seasonal_naive,FOODS_3_586_TX_3_validation,364,26936.0,7096.0,19.494505494505493,26.326086893015095,0.26343926343926344
source_b_repair_baselines_m5_rohlik_100_v2,m5_top_volume_100_20260714,M5,28,seasonal_naive,FOODS_3_586_WI_3_validation,364,11889.0,3357.0,9.222527472527473,29.59877281177124,0.28236184708554124
source_b_repair_baselines_m5_rohlik_100_v2,m5_top_volume_100_20260714,M5,28,seasonal_naive,FOODS_3_587_CA_1_validation,364,10034.0,3134.0,8.60989010989011,32.88293022277137,0.31233805062786524
source_b_repair_baselines_m5_rohlik_100_v2,m5_top_volume_100_20260714,M5,28,seasonal_naive,FOODS_3_587_CA_3_validation,364,12312.0,3648.0,10.021978021978022,32.979157470838025,0.2962962962962963
source_b_repair_baselines_m5_rohlik_100_v2,m5_top_volume_100_20260714,M5,28,seasonal_naive,FOODS_3_587_TX_1_validation,364,10234.0,3808.0,10.461538461538462,42.96969407948748,0.37209302325581395
source_b_repair_baselines_m5_rohlik_100_v2,m5_top_volume_100_20260714,M5,28,seasonal_naive,FOODS_3_587_TX_2_validation,364,10946.0,3558.0,9.774725274725276,36.819644665558364,0.3250502466654486
source_b_repair_baselines_m5_rohlik_100_v2,m5_top_volume_100_20260714,M5,28,seasonal_naive,FOODS_3_587_TX_3_validation,364,11441.0,3735.0,10.260989010989011,33.013980007499946,0.3264574774932261
source_b_repair_baselines_m5_rohlik_100_v2,m5_top_volume_100_20260714,M5,28,seasonal_naive,FOODS_3_587_WI_3_validation,364,10622.0,4340.0,11.923076923076923,47.506138510159815,0.40858595368103934
source_b_repair_baselines_m5_rohlik_100_v2,m5_top_volume_100_20260714,M5,28,seasonal_naive,FOODS_3_607_CA_3_validation,364,7751.0,4087.0,11.228021978021978,59.67581075594705,0.527286801703006
source_b_repair_baselines_m5_rohlik_100_v2,m5_top_volume_100_20260714,M5,28,seasonal_naive,FOODS_3_635_CA_3_validation,364,6861.0,4923.0,13.524725274725276,79.16508244518657,0.7175338871884565
source_b_repair_baselines_m5_rohlik_100_v2,m5_top_volume_100_20260714,M5,28,seasonal_naive,FOODS_3_681_CA_3_validation,364,14222.0,7204.0,19.791208791208792,51.97159712138837,0.506539164674448
source_b_repair_baselines_m5_rohlik_100_v2,m5_top_volume_100_20260714,M5,28,seasonal_naive,FOODS_3_681_WI_3_validation,364,12084.0,4980.0,13.68131868131868,51.85011840871759,0.41211519364448856
source_b_repair_baselines_m5_rohlik_100_v2,m5_top_volume_100_20260714,M5,28,seasonal_naive,FOODS_3_694_CA_3_validation,364,6317.0,1795.0,4.931318681318682,28.89130358305406,0.2841538705081526
source_b_repair_baselines_m5_rohlik_100_v2,m5_top_volume_100_20260714,M5,28,seasonal_naive,FOODS_3_694_TX_1_validation,364,6148.0,2144.0,5.8901098901098905,35.398565370886686,0.3487312947299935
source_b_repair_baselines_m5_rohlik_100_v2,m5_top_volume_100_20260714,M5,28,seasonal_naive,FOODS_3_694_WI_1_validation,364,6821.0,2011.0,5.524725274725275,31.321910401356828,0.2948248057469579
source_b_repair_baselines_m5_rohlik_100_v2,m5_top_volume_100_20260714,M5,28,seasonal_naive,FOODS_3_694_WI_2_validation,364,11167.0,3295.0,9.052197802197803,30.97564011498941,0.2950658189307782
source_b_repair_baselines_m5_rohlik_100_v2,m5_top_volume_100_20260714,M5,28,seasonal_naive,FOODS_3_694_WI_3_validation,364,15958.0,4150.0,11.401098901098901,26.904523113102773,0.2600576513347537
source_b_repair_baselines_m5_rohlik_100_v2,m5_top_volume_100_20260714,M5,28,seasonal_naive,FOODS_3_711_CA_3_validation,364,5052.0,5274.0,14.489010989010989,92.31571745023082,1.0439429928741093
source_b_repair_baselines_m5_rohlik_100_v2,m5_top_volume_100_20260714,M5,28,seasonal_naive,FOODS_3_711_WI_2_validation,364,7860.0,9824.0,26.98901098901099,130.15666433523188,1.2498727735368957
source_b_repair_baselines_m5_rohlik_100_v2,m5_top_volume_100_20260714,M5,28,seasonal_naive,FOODS_3_714_CA_1_validation,364,8484.0,2644.0,7.263736263736264,33.36697136592646,0.3116454502593116
source_b_repair_baselines_m5_rohlik_100_v2,m5_top_volume_100_20260714,M5,28,seasonal_naive,FOODS_3_714_CA_3_validation,364,11041.0,3295.0,9.052197802197803,31.12939943571103,0.2984331129426682
source_b_repair_baselines_m5_rohlik_100_v2,m5_top_volume_100_20260714,M5,28,seasonal_naive,FOODS_3_714_TX_1_validation,364,5367.0,2619.0,7.195054945054945,49.9919859348922,0.4879821129122415
source_b_repair_baselines_m5_rohlik_100_v2,m5_top_volume_100_20260714,M5,28,seasonal_naive,FOODS_3_714_TX_2_validation,364,8563.0,3109.0,8.541208791208792,36.81288666717341,0.3630736891276422
source_b_repair_baselines_m5_rohlik_100_v2,m5_top_volume_100_20260714,M5,28,seasonal_naive,FOODS_3_714_TX_3_validation,364,6553.0,2989.0,8.211538461538462,49.20265084447081,0.4561269647489699
source_b_repair_baselines_m5_rohlik_100_v2,m5_top_volume_100_20260714,M5,28,seasonal_naive,FOODS_3_714_WI_3_validation,364,8159.0,3135.0,8.612637362637363,41.696179609130084,0.3842382644931977
source_b_repair_baselines_m5_rohlik_100_v2,m5_top_volume_100_20260714,M5,28,seasonal_naive,FOODS_3_723_CA_3_validation,364,8114.0,5008.0,13.758241758241759,73.89910658730955,0.6172048311560266
source_b_repair_baselines_m5_rohlik_100_v2,m5_top_volume_100_20260714,M5,28,seasonal_naive,FOODS_3_723_WI_3_validation,364,7665.0,4951.0,13.601648351648352,69.25411699001832,0.6459230267449445
source_b_repair_baselines_m5_rohlik_100_v2,m5_top_volume_100_20260714,M5,28,seasonal_naive,FOODS_3_752_CA_3_validation,364,6402.0,6652.0,18.274725274725274,90.77259848172707,1.0390502967822555
source_b_repair_baselines_m5_rohlik_100_v2,m5_top_volume_100_20260714,M5,28,seasonal_naive,FOODS_3_804_CA_3_validation,364,8021.0,4587.0,12.601648351648352,66.18314279865078,0.5718738311931181
source_b_repair_baselines_m5_rohlik_100_v2,m5_top_volume_100_20260714,M5,28,seasonal_naive,FOODS_3_808_CA_1_validation,364,2395.0,2995.0,8.228021978021978,84.4015053407919,1.2505219206680585
source_b_repair_baselines_m5_rohlik_100_v2,m5_top_volume_100_20260714,M5,28,seasonal_naive,FOODS_3_808_CA_3_validation,364,8863.0,7289.0,20.024725274725274,77.31687518461577,0.8224077626085975
source_b_repair_baselines_m5_rohlik_100_v2,m5_top_volume_100_20260714,M5,28,seasonal_naive,HOUSEHOLD_1_118_CA_3_validation,364,7647.0,3167.0,8.70054945054945,44.26509950154692,0.4141493396103047
source_b_repair_baselines_m5_rohlik_100_v2,m5_top_volume_100_20260714,M5,28,seasonal_naive,HOUSEHOLD_1_334_CA_3_validation,364,6882.0,3136.0,8.615384615384615,54.588388813679686,0.45568148793955243
source_b_repair_baselines_m5_rohlik_100_v2,m5_top_volume_100_20260714,M5,28,seasonal_naive,HOUSEHOLD_1_459_CA_3_validation,364,7840.0,3472.0,9.538461538461538,50.50148282197717,0.44285714285714284
source_b_repair_baselines_m5_rohlik_100_v2,m5_top_volume_100_20260714,M5,28,lightgbm_cov,FOODS_1_218_TX_2_validation,364,5401.0,2419.7436289787292,6.6476473323591465,48.12410035316399,0.4480177057912848
source_b_repair_baselines_m5_rohlik_100_v2,m5_top_volume_100_20260714,M5,28,lightgbm_cov,FOODS_2_197_CA_1_validation,364,6045.0,2153.6045746803284,5.916496084286616,38.08953372252859,0.35626212980650596
source_b_repair_baselines_m5_rohlik_100_v2,m5_top_volume_100_20260714,M5,28,lightgbm_cov,FOODS_2_197_CA_3_validation,364,5076.0,1946.444766998291,5.347375733511789,38.30445859725484,0.383460355988631
source_b_repair_baselines_m5_rohlik_100_v2,m5_top_volume_100_20260714,M5,28,lightgbm_cov,FOODS_2_276_CA_3_validation,364,3023.0,2108.6789236068726,5.793073965952947,60.33779382414194,0.6975451285500737
source_b_repair_baselines_m5_rohlik_100_v2,m5_top_volume_100_20260714,M5,28,lightgbm_cov,FOODS_2_360_CA_3_validation,364,4556.0,2179.4604839533567,5.9875288020696615,81.88690472416906,0.4783714846254075
source_b_repair_baselines_m5_rohlik_100_v2,m5_top_volume_100_20260714,M5,28,lightgbm_cov,FOODS_2_360_TX_3_validation,364,3695.0,2163.7916906811297,5.9444826667064,103.08539408865703,0.5855999162871799
source_b_repair_baselines_m5_rohlik_100_v2,m5_top_volume_100_20260714,M5,28,lightgbm_cov,FOODS_2_360_WI_2_validation,364,9519.0,5317.00844110921,14.607166047003325,114.25024270145543,0.5585679631378517
source_b_repair_baselines_m5_rohlik_100_v2,m5_top_volume_100_20260714,M5,28,lightgbm_cov,FOODS_3_007_WI_2_validation,364,7734.0,7389.8851223140955,20.301882204159604,138.766532068134,0.9555062221766351
source_b_repair_baselines_m5_rohlik_100_v2,m5_top_volume_100_20260714,M5,28,lightgbm_cov,FOODS_3_030_TX_2_validation,364,4773.0,1908.3820415530354,5.242807806464383,78.02989857384897,0.3998286280228442
source_b_repair_baselines_m5_rohlik_100_v2,m5_top_volume_100_20260714,M5,28,lightgbm_cov,FOODS_3_030_TX_3_validation,364,5556.0,2536.295322516933,6.9678442926289375,83.7492741847652,0.4564966383219822
source_b_repair_baselines_m5_rohlik_100_v2,m5_top_volume_100_20260714,M5,28,lightgbm_cov,FOODS_3_080_CA_1_validation,364,6633.0,1959.838348865509,5.384171288092058,30.22075436898053,0.2954678650483204
source_b_repair_baselines_m5_rohlik_100_v2,m5_top_volume_100_20260714,M5,28,lightgbm_cov,FOODS_3_080_TX_2_validation,364,6351.0,1518.3794198036194,4.171372032427525,24.54380285679094,0.2390772193046165
source_b_repair_baselines_m5_rohlik_100_v2,m5_top_volume_100_20260714,M5,28,lightgbm_cov,FOODS_3_090_CA_1_validation,364,18027.0,7699.531916499138,21.152560210162466,63.353345855911215,0.4271111064791223
source_b_repair_baselines_m5_rohlik_100_v2,m5_top_volume_100_20260714,M5,28,lightgbm_cov,FOODS_3_090_CA_2_validation,364,13416.0,6112.77509367466,16.793338169435877,65.87119753580373,0.4556332061474851
source_b_repair_baselines_m5_rohlik_100_v2,m5_top_volume_100_20260714,M5,28,lightgbm_cov,FOODS_3_090_CA_3_validation,364,35186.0,13002.494672507048,35.7211392101842,59.501633818247626,0.3695360277527155
source_b_repair_baselines_m5_rohlik_100_v2,m5_top_volume_100_20260714,M5,28,lightgbm_cov,FOODS_3_090_CA_4_validation,364,9265.0,4148.395737588406,11.396691586781333,61.512499686531285,0.44774913519572646
source_b_repair_baselines_m5_rohlik_100_v2,m5_top_volume_100_20260714,M5,28,lightgbm_cov,FOODS_3_090_TX_1_validation,364,16266.0,6767.043169558048,18.590777938346285,61.29382663984335,0.41602380238276454
source_b_repair_baselines_m5_rohlik_100_v2,m5_top_volume_100_20260714,M5,28,lightgbm_cov,FOODS_3_090_TX_2_validation,364,18445.0,7377.134356915951,20.266852628889975,62.03371737890397,0.3999530689572215
source_b_repair_baselines_m5_rohlik_100_v2,m5_top_volume_100_20260714,M5,28,lightgbm_cov,FOODS_3_090_TX_3_validation,364,20844.0,8289.952875941992,22.77459581302745,63.387925883651455,0.3977141084217037
source_b_repair_baselines_m5_rohlik_100_v2,m5_top_volume_100_20260714,M5,28,lightgbm_cov,FOODS_3_090_WI_3_validation,364,22744.0,8293.112615808845,22.783276417057266,64.04274206117636,0.36462858845448665
source_b_repair_baselines_m5_rohlik_100_v2,m5_top_volume_100_20260714,M5,28,lightgbm_cov,FOODS_3_099_TX_2_validation,364,4993.0,3921.59159386158,10.773603279839506,77.50274316023044,0.7854179038376887
source_b_repair_baselines_m5_rohlik_100_v2,m5_top_volume_100_20260714,M5,28,lightgbm_cov,FOODS_3_120_CA_1_validation,364,14909.0,7285.595610201359,20.01537255549824,64.00332991295471,0.4886709779462981
source_b_repair_baselines_m5_rohlik_100_v2,m5_top_volume_100_20260714,M5,28,lightgbm_cov,FOODS_3_120_CA_3_validation,364,30361.0,9448.555732667446,25.957570694141335,40.9503163664623,0.31120700018666864
source_b_repair_baselines_m5_rohlik_100_v2,m5_top_volume_100_20260714,M5,28,lightgbm_cov,FOODS_3_120_WI_3_validation,364,11888.0,4687.4967576265335,12.87773834512784,49.41767583661501,0.39430490895243386
source_b_repair_baselines_m5_rohlik_100_v2,m5_top_volume_100_20260714,M5,28,lightgbm_cov,FOODS_3_202_CA_3_validation,364,7485.0,3777.1407796144485,10.376760383556178,68.16701237862847,0.504628026668597
source_b_repair_baselines_m5_rohlik_100_v2,m5_top_volume_100_20260714,M5,28,lightgbm_cov,FOODS_3_202_TX_1_validation,364,7637.0,3756.8200254291296,10.320934135794312,73.17011427928928,0.49192353351173623
source_b_repair_baselines_m5_rohlik_100_v2,m5_top_volume_100_20260714,M5,28,lightgbm_cov,FOODS_3_202_TX_2_validation,364,7507.0,4799.843920424581,13.186384396770826,82.67165974536408,0.639382432452988
source_b_repair_baselines_m5_rohlik_100_v2,m5_top_volume_100_20260714,M5,28,lightgbm_cov,FOODS_3_202_TX_3_validation,364,9390.0,4492.93217228353,12.343220253526182,72.73595948649859,0.4784805295296624
source_b_repair_baselines_m5_rohlik_100_v2,m5_top_volume_100_20260714,M5,28,lightgbm_cov,FOODS_3_226_WI_1_validation,364,14269.0,2520.171706199646,6.923548643405621,18.207959586043913,0.1766186632700011
source_b_repair_baselines_m5_rohlik_100_v2,m5_top_volume_100_20260714,M5,28,lightgbm_cov,FOODS_3_226_WI_2_validation,364,13849.0,3027.3988103866577,8.317029698864443,23.311735664290293,0.21860053508460234
source_b_repair_baselines_m5_rohlik_100_v2,m5_top_volume_100_20260714,M5,28,lightgbm_cov,FOODS_3_226_WI_3_validation,364,17486.0,3564.7124185562134,9.793165985044542,20.913946270043347,0.20386094124192
source_b_repair_baselines_m5_rohlik_100_v2,m5_top_volume_100_20260714,M5,28,lightgbm_cov,FOODS_3_234_CA_3_validation,364,6927.0,5039.680785179138,13.84527688236027,68.60696103264544,0.7275416176092303
source_b_repair_baselines_m5_rohlik_100_v2,m5_top_volume_100_20260714,M5,28,lightgbm_cov,FOODS_3_234_WI_2_validation,364,8873.0,9902.820244073868,27.205550121082055,140.78748771071702,1.1160622387100043
source_b_repair_baselines_m5_rohlik_100_v2,m5_top_volume_100_20260714,M5,28,lightgbm_cov,FOODS_3_234_WI_3_validation,364,7337.0,4825.325767636299,13.256389471528294,76.68746169064585,0.6576701332474171
source_b_repair_baselines_m5_rohlik_100_v2,m5_top_volume_100_20260714,M5,28,lightgbm_cov,FOODS_3_252_CA_1_validation,364,14143.0,3166.589051246643,8.699420470457811,23.71099905037925,0.22389797435103181
source_b_repair_baselines_m5_rohlik_100_v2,m5_top_volume_100_20260714,M5,28,lightgbm_cov,FOODS_3_252_CA_2_validation,364,14244.0,3218.7072610855103,8.842602365619534,25.220043107455925,0.22596933874512148
source_b_repair_baselines_m5_rohlik_100_v2,m5_top_volume_100_20260714,M5,28,lightgbm_cov,FOODS_3_252_CA_3_validation,364,16554.0,3751.908839225769,10.30744186600486,23.009032225949426,0.2266466617872278
source_b_repair_baselines_m5_rohlik_100_v2,m5_top_volume_100_20260714,M5,28,lightgbm_cov,FOODS_3_252_TX_1_validation,364,11375.0,3379.178047180176,9.283456173571912,31.562780709900036,0.29707059755430115
source_b_repair_baselines_m5_rohlik_100_v2,m5_top_volume_100_20260714,M5,28,lightgbm_cov,FOODS_3_252_TX_2_validation,364,21287.0,4897.486671447754,13.454633712768555,23.135314054392015,0.2300693696362923
source_b_repair_baselines_m5_rohlik_100_v2,m5_top_volume_100_20260714,M5,28,lightgbm_cov,FOODS_3_252_TX_3_validation,364,17267.0,4234.660432338715,11.63368250642504,25.85701425739806,0.24524586971325155
source_b_repair_baselines_m5_rohlik_100_v2,m5_top_volume_100_20260714,M5,28,lightgbm_cov,FOODS_3_252_WI_3_validation,364,6563.0,2209.3117623329163,6.0695378086069125,35.098862580978924,0.3366313823454085
source_b_repair_baselines_m5_rohlik_100_v2,m5_top_volume_100_20260714,M5,28,lightgbm_cov,FOODS_3_281_CA_3_validation,364,3618.0,2082.8058313578367,5.721994042191859,80.34876678011015,0.5756787814698278
source_b_repair_baselines_m5_rohlik_100_v2,m5_top_volume_100_20260714,M5,28,lightgbm_cov,FOODS_3_282_CA_3_validation,364,12762.0,4077.598942756653,11.202194897683112,41.293732688092035,0.31951096558193487
source_b_repair_baselines_m5_rohlik_100_v2,m5_top_volume_100_20260714,M5,28,lightgbm_cov,FOODS_3_288_CA_3_validation,364,12018.0,5262.625237882137,14.457761642533344,54.239397169732214,0.4378952602664451
source_b_repair_baselines_m5_rohlik_100_v2,m5_top_volume_100_20260714,M5,28,lightgbm_cov,FOODS_3_318_CA_3_validation,364,4989.0,3614.4102635867894,9.929698526337333,108.85466770405323,0.7244758996966906
source_b_repair_baselines_m5_rohlik_100_v2,m5_top_volume_100_20260714,M5,28,lightgbm_cov,FOODS_3_318_WI_3_validation,364,5294.0,4008.2217040993273,11.011598088184964,107.35577100926821,0.7571253691158533
source_b_repair_baselines_m5_rohlik_100_v2,m5_top_volume_100_20260714,M5,28,lightgbm_cov,FOODS_3_319_CA_3_validation,364,4781.0,3254.581214211881,8.941157181900772,118.76932483839344,0.6807323183877602
source_b_repair_baselines_m5_rohlik_100_v2,m5_top_volume_100_20260714,M5,28,lightgbm_cov,FOODS_3_376_WI_2_validation,364,8342.0,4337.44538974762,11.91605876304291,56.823318006746014,0.5199526959659098
source_b_repair_baselines_m5_rohlik_100_v2,m5_top_volume_100_20260714,M5,28,lightgbm_cov,FOODS_3_377_TX_2_validation,364,11468.0,2033.5792427062988,5.58675616128104,18.349335951922313,0.177326407630476
source_b_repair_baselines_m5_rohlik_100_v2,m5_top_volume_100_20260714,M5,28,lightgbm_cov,FOODS_3_377_TX_3_validation,364,15335.0,3252.587447166443,8.93567979990781,21.61042693448266,0.21210221370501747
source_b_repair_baselines_m5_rohlik_100_v2,m5_top_volume_100_20260714,M5,28,lightgbm_cov,FOODS_3_412_WI_2_validation,364,6820.0,6835.614720612764,18.779161320364736,126.12953681088601,1.002289548476945
source_b_repair_baselines_m5_rohlik_100_v2,m5_top_volume_100_20260714,M5,28,lightgbm_cov,FOODS_3_462_WI_2_validation,364,7852.0,4034.441905260086,11.083631607857379,56.9041142476594,0.5138107367880904
source_b_repair_baselines_m5_rohlik_100_v2,m5_top_volume_100_20260714,M5,28,lightgbm_cov,FOODS_3_501_CA_3_validation,364,4692.0,2655.7589255794883,7.296041004339253,75.58974632717566,0.5660185263383394
source_b_repair_baselines_m5_rohlik_100_v2,m5_top_volume_100_20260714,M5,28,lightgbm_cov,FOODS_3_541_CA_3_validation,364,7136.0,5140.699139051139,14.122799832558075,118.91362012968906,0.7203894533423681
source_b_repair_baselines_m5_rohlik_100_v2,m5_top_volume_100_20260714,M5,28,lightgbm_cov,FOODS_3_547_WI_2_validation,364,6138.0,7294.545120626688,20.03995912260079,142.26367571986677,1.188423773318131
source_b_repair_baselines_m5_rohlik_100_v2,m5_top_volume_100_20260714,M5,28,lightgbm_cov,FOODS_3_555_CA_1_validation,364,6566.0,1555.1284232139587,4.272330833005381,25.323964419084433,0.23684563253334737
source_b_repair_baselines_m5_rohlik_100_v2,m5_top_volume_100_20260714,M5,28,lightgbm_cov,FOODS_3_555_CA_3_validation,364,10701.0,2185.6323885917664,6.004484584043314,21.27433772488137,0.20424562083840447
source_b_repair_baselines_m5_rohlik_100_v2,m5_top_volume_100_20260714,M5,28,lightgbm_cov,FOODS_3_555_TX_1_validation,364,8816.0,2260.4887528419495,6.210133936378982,26.655621692438675,0.2564075264112919
source_b_repair_baselines_m5_rohlik_100_v2,m5_top_volume_100_20260714,M5,28,lightgbm_cov,FOODS_3_555_TX_2_validation,364,16252.0,3484.0601921081543,9.571593934363062,22.315991866533164,0.2143773192289044
source_b_repair_baselines_m5_rohlik_100_v2,m5_top_volume_100_20260714,M5,28,lightgbm_cov,FOODS_3_555_TX_3_validation,364,11786.0,3086.7152094841003,8.479986839242034,27.388075432348085,0.2618967596711438
source_b_repair_baselines_m5_rohlik_100_v2,m5_top_volume_100_20260714,M5,28,lightgbm_cov,FOODS_3_555_WI_3_validation,364,7929.0,2009.9190607070923,5.521755661283221,26.716169691359838,0.2534896028133551
source_b_repair_baselines_m5_rohlik_100_v2,m5_top_volume_100_20260714,M5,28,lightgbm_cov,FOODS_3_586_CA_1_validation,364,15898.0,3361.7864742279053,9.23567712699974,21.851814280480735,0.21145971029235786
source_b_repair_baselines_m5_rohlik_100_v2,m5_top_volume_100_20260714,M5,28,lightgbm_cov,FOODS_3_586_CA_2_validation,364,13764.0,2832.8229942321777,7.782480753385103,23.656387937074193,0.20581393448359328
source_b_repair_baselines_m5_rohlik_100_v2,m5_top_volume_100_20260714,M5,28,lightgbm_cov,FOODS_3_586_CA_3_validation,364,26695.0,4186.8493547439575,11.50233339215373,16.462350751327694,0.15684020808181148
source_b_repair_baselines_m5_rohlik_100_v2,m5_top_volume_100_20260714,M5,28,lightgbm_cov,FOODS_3_586_TX_1_validation,364,18896.0,3471.885866165161,9.538147983970223,19.006722355736485,0.18373655091898608
source_b_repair_baselines_m5_rohlik_100_v2,m5_top_volume_100_20260714,M5,28,lightgbm_cov,FOODS_3_586_TX_2_validation,364,33765.0,5902.199295043945,16.214833228142705,18.04458420998422,0.17480228920609936
source_b_repair_baselines_m5_rohlik_100_v2,m5_top_volume_100_20260714,M5,28,lightgbm_cov,FOODS_3_586_TX_3_validation,364,26936.0,5703.278985977173,15.66834886257465,21.998337785295977,0.21173444408884662
source_b_repair_baselines_m5_rohlik_100_v2,m5_top_volume_100_20260714,M5,28,lightgbm_cov,FOODS_3_586_WI_3_validation,364,11889.0,2499.0971508026123,6.86565151319399,22.31053602806522,0.21020246873602594
source_b_repair_baselines_m5_rohlik_100_v2,m5_top_volume_100_20260714,M5,28,lightgbm_cov,FOODS_3_587_CA_1_validation,364,10034.0,2697.381636619568,7.410389111592219,28.25104563033435,0.26882416151281324
source_b_repair_baselines_m5_rohlik_100_v2,m5_top_volume_100_20260714,M5,28,lightgbm_cov,FOODS_3_587_CA_3_validation,364,12312.0,2925.8194522857666,8.037965528257601,26.096243317334096,0.23763965661840208
source_b_repair_baselines_m5_rohlik_100_v2,m5_top_volume_100_20260714,M5,28,lightgbm_cov,FOODS_3_587_TX_1_validation,364,10234.0,2721.9164052009583,7.477792321980655,29.329894619326964,0.2659679895642914
source_b_repair_baselines_m5_rohlik_100_v2,m5_top_volume_100_20260714,M5,28,lightgbm_cov,FOODS_3_587_TX_2_validation,364,10946.0,2864.2784838676453,7.868896933702322,28.27695148802899,0.26167353223713186
source_b_repair_baselines_m5_rohlik_100_v2,m5_top_volume_100_20260714,M5,28,lightgbm_cov,FOODS_3_587_TX_3_validation,364,11441.0,2865.1678972244263,7.871340376990182,25.917818326965232,0.2504298485468426
source_b_repair_baselines_m5_rohlik_100_v2,m5_top_volume_100_20260714,M5,28,lightgbm_cov,FOODS_3_587_WI_3_validation,364,10622.0,3293.652285993099,9.048495291189832,35.73760786058858,0.3100783549230935
source_b_repair_baselines_m5_rohlik_100_v2,m5_top_volume_100_20260714,M5,28,lightgbm_cov,FOODS_3_607_CA_3_validation,364,7751.0,3308.1360635757446,9.088285888944354,47.520238811657656,0.4268011951458837
source_b_repair_baselines_m5_rohlik_100_v2,m5_top_volume_100_20260714,M5,28,lightgbm_cov,FOODS_3_635_CA_3_validation,364,6861.0,4229.647924698889,11.619911881040904,112.64802504239191,0.6164768874360719
source_b_repair_baselines_m5_rohlik_100_v2,m5_top_volume_100_20260714,M5,28,lightgbm_cov,FOODS_3_681_CA_3_validation,364,14222.0,6263.120235919952,17.206374274505364,47.668255069617786,0.44038252256503674
source_b_repair_baselines_m5_rohlik_100_v2,m5_top_volume_100_20260714,M5,28,lightgbm_cov,FOODS_3_681_WI_3_validation,364,12084.0,4741.226153373718,13.025346575202523,45.81192249537405,0.3923556896204666
source_b_repair_baselines_m5_rohlik_100_v2,m5_top_volume_100_20260714,M5,28,lightgbm_cov,FOODS_3_694_CA_3_validation,364,6317.0,1521.004653453827,4.178584212785239,24.842824418407695,0.2407795873759422
source_b_repair_baselines_m5_rohlik_100_v2,m5_top_volume_100_20260714,M5,28,lightgbm_cov,FOODS_3_694_TX_1_validation,364,6148.0,1787.261263847351,4.910058417163053,29.89301643610792,0.29070612619507985
source_b_repair_baselines_m5_rohlik_100_v2,m5_top_volume_100_20260714,M5,28,lightgbm_cov,FOODS_3_694_WI_1_validation,364,6821.0,1637.9731187820435,4.499926150500119,25.082651320315918,0.24013680087700387
source_b_repair_baselines_m5_rohlik_100_v2,m5_top_volume_100_20260714,M5,28,lightgbm_cov,FOODS_3_694_WI_2_validation,364,11167.0,2333.557438850403,6.410872084753854,21.787564887195778,0.2089690551491361
source_b_repair_baselines_m5_rohlik_100_v2,m5_top_volume_100_20260714,M5,28,lightgbm_cov,FOODS_3_694_WI_3_validation,364,15958.0,3065.5882177352905,8.42194565311893,20.01056019058628,0.1921035353888514
source_b_repair_baselines_m5_rohlik_100_v2,m5_top_volume_100_20260714,M5,28,lightgbm_cov,FOODS_3_711_CA_3_validation,364,5052.0,4637.427540004253,12.740185549462234,99.57401931543488,0.917938942993716
source_b_repair_baselines_m5_rohlik_100_v2,m5_top_volume_100_20260714,M5,28,lightgbm_cov,FOODS_3_711_WI_2_validation,364,7860.0,7647.056480586529,21.008396924688267,123.4969826499568,0.9729079491840368
source_b_repair_baselines_m5_rohlik_100_v2,m5_top_volume_100_20260714,M5,28,lightgbm_cov,FOODS_3_714_CA_1_validation,364,8484.0,2403.9591636657715,6.604283416664208,30.60420307455064,0.2833520937842729
source_b_repair_baselines_m5_rohlik_100_v2,m5_top_volume_100_20260714,M5,28,lightgbm_cov,FOODS_3_714_CA_3_validation,364,11041.0,2474.7330436706543,6.798717152941358,23.729989474414865,0.22414029921842715
source_b_repair_baselines_m5_rohlik_100_v2,m5_top_volume_100_20260714,M5,28,lightgbm_cov,FOODS_3_714_TX_1_validation,364,5367.0,2066.1589748859406,5.67626092001632,39.4621769983475,0.384974655279661
source_b_repair_baselines_m5_rohlik_100_v2,m5_top_volume_100_20260714,M5,28,lightgbm_cov,FOODS_3_714_TX_2_validation,364,8563.0,2419.207600593567,6.646174726905404,29.569728250863413,0.28251869678775743
source_b_repair_baselines_m5_rohlik_100_v2,m5_top_volume_100_20260714,M5,28,lightgbm_cov,FOODS_3_714_TX_3_validation,364,6553.0,2357.9121487140656,6.477780628335345,37.52145301941759,0.3598217837195278
source_b_repair_baselines_m5_rohlik_100_v2,m5_top_volume_100_20260714,M5,28,lightgbm_cov,FOODS_3_714_WI_3_validation,364,8159.0,2361.4479870796204,6.487494469998957,29.68869090739184,0.2894286048632946
source_b_repair_baselines_m5_rohlik_100_v2,m5_top_volume_100_20260714,M5,28,lightgbm_cov,FOODS_3_723_CA_3_validation,364,8114.0,4004.332490772009,11.000913436186838,64.27870800078159,0.49350905728025746
source_b_repair_baselines_m5_rohlik_100_v2,m5_top_volume_100_20260714,M5,28,lightgbm_cov,FOODS_3_723_WI_3_validation,364,7665.0,4027.1098680496216,11.063488648487972,66.72585293203548,0.5253894152706616
source_b_repair_baselines_m5_rohlik_100_v2,m5_top_volume_100_20260714,M5,28,lightgbm_cov,FOODS_3_752_CA_3_validation,364,6402.0,5158.950824737549,14.172941826202058,75.56395483774614,0.8058342431642532
source_b_repair_baselines_m5_rohlik_100_v2,m5_top_volume_100_20260714,M5,28,lightgbm_cov,FOODS_3_804_CA_3_validation,364,8021.0,3536.0748057365417,9.714491224550938,52.255726721342256,0.44085211391803286
source_b_repair_baselines_m5_rohlik_100_v2,m5_top_volume_100_20260714,M5,28,lightgbm_cov,FOODS_3_808_CA_1_validation,364,2395.0,2974.4774030447006,8.171641217155772,142.95535700194787,1.241952986657495
source_b_repair_baselines_m5_rohlik_100_v2,m5_top_volume_100_20260714,M5,28,lightgbm_cov,FOODS_3_808_CA_3_validation,364,8863.0,6564.292541630566,18.033770718765293,116.71075924877266,0.7406400250062695
source_b_repair_baselines_m5_rohlik_100_v2,m5_top_volume_100_20260714,M5,28,lightgbm_cov,HOUSEHOLD_1_118_CA_3_validation,364,7647.0,2443.536894798279,6.713013447248018,33.694018479515265,0.3195418981036065
source_b_repair_baselines_m5_rohlik_100_v2,m5_top_volume_100_20260714,M5,28,lightgbm_cov,HOUSEHOLD_1_334_CA_3_validation,364,6882.0,2460.9402940273285,6.7608249835915615,39.90037371772848,0.3575908593471852
source_b_repair_baselines_m5_rohlik_100_v2,m5_top_volume_100_20260714,M5,28,lightgbm_cov,HOUSEHOLD_1_459_CA_3_validation,364,7840.0,2679.412794113159,7.361024159651536,36.0742000153914,0.3417618359838213
source_b_repair_baselines_m5_rohlik_100_v2,m5_top_volume_100_20260714,M5,28,lightgbm_direct,FOODS_1_218_TX_2_validation,364,5401.0,2567.8177753686905,7.0544444378260724,56.395589065642035,0.4754337669632828
source_b_repair_baselines_m5_rohlik_100_v2,m5_top_volume_100_20260714,M5,28,lightgbm_direct,FOODS_2_197_CA_1_validation,364,6045.0,1990.7649683952332,5.469134528558333,35.764137066161275,0.3293242296766308
source_b_repair_baselines_m5_rohlik_100_v2,m5_top_volume_100_20260714,M5,28,lightgbm_direct,FOODS_2_197_CA_3_validation,364,5076.0,1542.274654865265,4.237018282596882,32.13504821420283,0.30383661443366133
source_b_repair_baselines_m5_rohlik_100_v2,m5_top_volume_100_20260714,M5,28,lightgbm_direct,FOODS_2_276_CA_3_validation,364,3023.0,2862.1999015808105,7.863186542804424,70.35405825138832,0.9468077742576284
source_b_repair_baselines_m5_rohlik_100_v2,m5_top_volume_100_20260714,M5,28,lightgbm_direct,FOODS_2_360_CA_3_validation,364,4556.0,2403.811515688896,6.603877790354111,84.19482832930348,0.5276144678860615
source_b_repair_baselines_m5_rohlik_100_v2,m5_top_volume_100_20260714,M5,28,lightgbm_direct,FOODS_2_360_TX_3_validation,364,3695.0,2177.274594489485,5.981523611234849,107.09508335272939,0.5892488753692787
source_b_repair_baselines_m5_rohlik_100_v2,m5_top_volume_100_20260714,M5,28,lightgbm_direct,FOODS_2_360_WI_2_validation,364,9519.0,5587.862802255899,15.351271434768952,120.00930537672016,0.5870220403672548
source_b_repair_baselines_m5_rohlik_100_v2,m5_top_volume_100_20260714,M5,28,lightgbm_direct,FOODS_3_007_WI_2_validation,364,7734.0,7550.701021209359,20.743684124201536,132.31617582506385,0.9762995889849184
source_b_repair_baselines_m5_rohlik_100_v2,m5_top_volume_100_20260714,M5,28,lightgbm_direct,FOODS_3_030_TX_2_validation,364,4773.0,2455.4345181379467,6.745699225653699,83.14507971572627,0.5144425975566618
source_b_repair_baselines_m5_rohlik_100_v2,m5_top_volume_100_20260714,M5,28,lightgbm_direct,FOODS_3_030_TX_3_validation,364,5556.0,2729.236957827583,7.497903730295557,82.93972951578253,0.4912233545406017
source_b_repair_baselines_m5_rohlik_100_v2,m5_top_volume_100_20260714,M5,28,lightgbm_direct,FOODS_3_080_CA_1_validation,364,6633.0,1934.9114289283752,5.315690738814218,29.873003390947257,0.29170984907709563
source_b_repair_baselines_m5_rohlik_100_v2,m5_top_volume_100_20260714,M5,28,lightgbm_direct,FOODS_3_080_TX_2_validation,364,6351.0,1525.0031538009644,4.189569103848803,24.734450351160035,0.2401201627776672
source_b_repair_baselines_m5_rohlik_100_v2,m5_top_volume_100_20260714,M5,28,lightgbm_direct,FOODS_3_090_CA_1_validation,364,18027.0,6047.320094048977,16.613516741892795,61.37019427299333,0.33545903888883216
source_b_repair_baselines_m5_rohlik_100_v2,m5_top_volume_100_20260714,M5,28,lightgbm_direct,FOODS_3_090_CA_2_validation,364,13416.0,5245.3083737790585,14.410187840052359,64.99686721937688,0.3909740886835911
source_b_repair_baselines_m5_rohlik_100_v2,m5_top_volume_100_20260714,M5,28,lightgbm_direct,FOODS_3_090_CA_3_validation,364,35186.0,11812.780158698559,32.45269274367736,56.726085545442494,0.3357238719575558
source_b_repair_baselines_m5_rohlik_100_v2,m5_top_volume_100_20260714,M5,28,lightgbm_direct,FOODS_3_090_CA_4_validation,364,9265.0,3706.9081341326237,10.183813555309406,62.078536330184356,0.40009801771533987
source_b_repair_baselines_m5_rohlik_100_v2,m5_top_volume_100_20260714,M5,28,lightgbm_direct,FOODS_3_090_TX_1_validation,364,16266.0,5912.569079607725,16.24332164727397,62.62868383384216,0.36349250458672844
source_b_repair_baselines_m5_rohlik_100_v2,m5_top_volume_100_20260714,M5,28,lightgbm_direct,FOODS_3_090_TX_2_validation,364,18445.0,6663.918980777264,18.307469727410066,65.49275010540462,0.36128593010448706
source_b_repair_baselines_m5_rohlik_100_v2,m5_top_volume_100_20260714,M5,28,lightgbm_direct,FOODS_3_090_TX_3_validation,364,20844.0,7161.350339829922,19.674039395137147,64.99360586451941,0.34356890903041265
source_b_repair_baselines_m5_rohlik_100_v2,m5_top_volume_100_20260714,M5,28,lightgbm_direct,FOODS_3_090_WI_3_validation,364,22744.0,9748.872131180018,26.78261574500005,77.77531961487671,0.42863489848663466
source_b_repair_baselines_m5_rohlik_100_v2,m5_top_volume_100_20260714,M5,28,lightgbm_direct,FOODS_3_099_TX_2_validation,364,4993.0,3459.7524436712265,9.504814405690183,76.55911483883816,0.6929205775428052
source_b_repair_baselines_m5_rohlik_100_v2,m5_top_volume_100_20260714,M5,28,lightgbm_direct,FOODS_3_120_CA_1_validation,364,14909.0,6971.88338547945,19.153525784284202,63.50834604890492,0.4676291760332316
source_b_repair_baselines_m5_rohlik_100_v2,m5_top_volume_100_20260714,M5,28,lightgbm_direct,FOODS_3_120_CA_3_validation,364,30361.0,9432.194451272488,25.91262211888046,40.36118113426881,0.31066810879985796
source_b_repair_baselines_m5_rohlik_100_v2,m5_top_volume_100_20260714,M5,28,lightgbm_direct,FOODS_3_120_WI_3_validation,364,11888.0,4768.51547563076,13.100317240743847,51.23112845075821,0.40112007702143004
source_b_repair_baselines_m5_rohlik_100_v2,m5_top_volume_100_20260714,M5,28,lightgbm_direct,FOODS_3_202_CA_3_validation,364,7485.0,2508.591546177864,6.891735016972154,49.833479529072605,0.3351491711660473
source_b_repair_baselines_m5_rohlik_100_v2,m5_top_volume_100_20260714,M5,28,lightgbm_direct,FOODS_3_202_TX_1_validation,364,7637.0,2979.0046490877867,8.184078706285128,61.808945770527146,0.3900752453958081
source_b_repair_baselines_m5_rohlik_100_v2,m5_top_volume_100_20260714,M5,28,lightgbm_direct,FOODS_3_202_TX_2_validation,364,7507.0,3613.378861799836,9.926865004944604,69.64994053553238,0.4813346026108747
source_b_repair_baselines_m5_rohlik_100_v2,m5_top_volume_100_20260714,M5,28,lightgbm_direct,FOODS_3_202_TX_3_validation,364,9390.0,3444.8268064707518,9.46380990788668,59.985505224194924,0.3668612147466189
source_b_repair_baselines_m5_rohlik_100_v2,m5_top_volume_100_20260714,M5,28,lightgbm_direct,FOODS_3_226_WI_1_validation,364,14269.0,2596.6297216415405,7.1335981363778584,18.690398100430166,0.18197699359741681
source_b_repair_baselines_m5_rohlik_100_v2,m5_top_volume_100_20260714,M5,28,lightgbm_direct,FOODS_3_226_WI_2_validation,364,13849.0,3106.6104526519775,8.534644100692246,23.628387082385963,0.22432020020593382
source_b_repair_baselines_m5_rohlik_100_v2,m5_top_volume_100_20260714,M5,28,lightgbm_direct,FOODS_3_226_WI_3_validation,364,17486.0,3483.037901878357,9.568785444720762,20.50290771821237,0.19919008932164914
source_b_repair_baselines_m5_rohlik_100_v2,m5_top_volume_100_20260714,M5,28,lightgbm_direct,FOODS_3_234_CA_3_validation,364,6927.0,4703.705686092377,12.92226836838565,67.13135954892132,0.6790393656839002
source_b_repair_baselines_m5_rohlik_100_v2,m5_top_volume_100_20260714,M5,28,lightgbm_direct,FOODS_3_234_WI_2_validation,364,8873.0,10097.614137232304,27.740698179209627,143.01578774707542,1.138015793669819
source_b_repair_baselines_m5_rohlik_100_v2,m5_top_volume_100_20260714,M5,28,lightgbm_direct,FOODS_3_234_WI_3_validation,364,7337.0,4622.15172123909,12.698219014393104,77.04215826846946,0.6299784273189437
source_b_repair_baselines_m5_rohlik_100_v2,m5_top_volume_100_20260714,M5,28,lightgbm_direct,FOODS_3_252_CA_1_validation,364,14143.0,3105.189444065094,8.53074023094806,23.23193595355102,0.21955663183660426
source_b_repair_baselines_m5_rohlik_100_v2,m5_top_volume_100_20260714,M5,28,lightgbm_direct,FOODS_3_252_CA_2_validation,364,14244.0,3367.120165348053,9.250330124582563,26.34444740348913,0.23638866648048673
source_b_repair_baselines_m5_rohlik_100_v2,m5_top_volume_100_20260714,M5,28,lightgbm_direct,FOODS_3_252_CA_3_validation,364,16554.0,3698.997730255127,10.162081676525075,22.89847659110405,0.22345038844116993
source_b_repair_baselines_m5_rohlik_100_v2,m5_top_volume_100_20260714,M5,28,lightgbm_direct,FOODS_3_252_TX_1_validation,364,11375.0,3343.1473112106323,9.184470635194044,31.77206930494601,0.29390306032620944
source_b_repair_baselines_m5_rohlik_100_v2,m5_top_volume_100_20260714,M5,28,lightgbm_direct,FOODS_3_252_TX_2_validation,364,21287.0,4840.962104797363,13.299346441750998,23.09066279347499,0.22741401347288784
source_b_repair_baselines_m5_rohlik_100_v2,m5_top_volume_100_20260714,M5,28,lightgbm_direct,FOODS_3_252_TX_3_validation,364,17267.0,4310.011584281921,11.840691165609675,26.166423308563942,0.24960975179718084
source_b_repair_baselines_m5_rohlik_100_v2,m5_top_volume_100_20260714,M5,28,lightgbm_direct,FOODS_3_252_WI_3_validation,364,6563.0,2161.333321094513,5.937728904105804,34.62885578955154,0.32932093876192486
source_b_repair_baselines_m5_rohlik_100_v2,m5_top_volume_100_20260714,M5,28,lightgbm_direct,FOODS_3_281_CA_3_validation,364,3618.0,2909.0932236909866,7.992014350799414,85.20527901226166,0.8040611452987801
source_b_repair_baselines_m5_rohlik_100_v2,m5_top_volume_100_20260714,M5,28,lightgbm_direct,FOODS_3_282_CA_3_validation,364,12762.0,4400.852949142456,12.090255354786967,42.99904416550362,0.34484038153443475
source_b_repair_baselines_m5_rohlik_100_v2,m5_top_volume_100_20260714,M5,28,lightgbm_direct,FOODS_3_288_CA_3_validation,364,12018.0,4486.187734782696,12.32469157907334,48.286514378069626,0.3732890443320599
source_b_repair_baselines_m5_rohlik_100_v2,m5_top_volume_100_20260714,M5,28,lightgbm_direct,FOODS_3_318_CA_3_validation,364,4989.0,4127.520035061985,11.339340755664795,104.3261378716745,0.8273241200765655
source_b_repair_baselines_m5_rohlik_100_v2,m5_top_volume_100_20260714,M5,28,lightgbm_direct,FOODS_3_318_WI_3_validation,364,5294.0,4063.9800064750016,11.164780237568685,99.10034802812166,0.7676577269503214
source_b_repair_baselines_m5_rohlik_100_v2,m5_top_volume_100_20260714,M5,28,lightgbm_direct,FOODS_3_319_CA_3_validation,364,4781.0,3139.316815428436,8.624496745682515,108.26408926002802,0.6566234711207772
source_b_repair_baselines_m5_rohlik_100_v2,m5_top_volume_100_20260714,M5,28,lightgbm_direct,FOODS_3_376_WI_2_validation,364,8342.0,4217.2934358119965,11.585970977505484,55.789556765341274,0.5055494408789255
source_b_repair_baselines_m5_rohlik_100_v2,m5_top_volume_100_20260714,M5,28,lightgbm_direct,FOODS_3_377_TX_2_validation,364,11468.0,2107.850330352783,5.790797610859294,19.09654174162577,0.1838027843000334
source_b_repair_baselines_m5_rohlik_100_v2,m5_top_volume_100_20260714,M5,28,lightgbm_direct,FOODS_3_377_TX_3_validation,364,15335.0,3219.818151473999,8.845654262291205,21.44617205107831,0.20996531799634816
source_b_repair_baselines_m5_rohlik_100_v2,m5_top_volume_100_20260714,M5,28,lightgbm_direct,FOODS_3_412_WI_2_validation,364,6820.0,7037.318040877581,19.333291321092254,127.29035442257077,1.0318648153779444
source_b_repair_baselines_m5_rohlik_100_v2,m5_top_volume_100_20260714,M5,28,lightgbm_direct,FOODS_3_462_WI_2_validation,364,7852.0,3864.4509420394897,10.616623467141455,56.07740704132882,0.49216135278139195
source_b_repair_baselines_m5_rohlik_100_v2,m5_top_volume_100_20260714,M5,28,lightgbm_direct,FOODS_3_501_CA_3_validation,364,4692.0,2544.070377252996,6.989204333112626,75.04996038040319,0.5422144879055831
source_b_repair_baselines_m5_rohlik_100_v2,m5_top_volume_100_20260714,M5,28,lightgbm_direct,FOODS_3_541_CA_3_validation,364,7136.0,4266.4303438887,11.720962483210714,109.79591564222675,0.5978742073835062
source_b_repair_baselines_m5_rohlik_100_v2,m5_top_volume_100_20260714,M5,28,lightgbm_direct,FOODS_3_547_WI_2_validation,364,6138.0,7042.213107019663,19.346739304999073,137.76144379381995,1.1473139633463119
source_b_repair_baselines_m5_rohlik_100_v2,m5_top_volume_100_20260714,M5,28,lightgbm_direct,FOODS_3_555_CA_1_validation,364,6566.0,1537.1066517829895,4.22282047193129,25.05722401297491,0.23410092168489027
source_b_repair_baselines_m5_rohlik_100_v2,m5_top_volume_100_20260714,M5,28,lightgbm_direct,FOODS_3_555_CA_3_validation,364,10701.0,2176.233654975891,5.978663887296404,21.259613977372,0.20336731660367172
source_b_repair_baselines_m5_rohlik_100_v2,m5_top_volume_100_20260714,M5,28,lightgbm_direct,FOODS_3_555_TX_1_validation,364,8816.0,2173.8193125724792,5.972031078495822,25.661385160063098,0.2465766007908892
source_b_repair_baselines_m5_rohlik_100_v2,m5_top_volume_100_20260714,M5,28,lightgbm_direct,FOODS_3_555_TX_2_validation,364,16252.0,3537.97514629364,9.719711940367143,22.569834025366582,0.21769475426369925
source_b_repair_baselines_m5_rohlik_100_v2,m5_top_volume_100_20260714,M5,28,lightgbm_direct,FOODS_3_555_TX_3_validation,364,11786.0,3018.6696763038635,8.29304856127435,27.1151295049973,0.25612333924180075
source_b_repair_baselines_m5_rohlik_100_v2,m5_top_volume_100_20260714,M5,28,lightgbm_direct,FOODS_3_555_WI_3_validation,364,7929.0,1972.7870445251465,5.419744627816336,26.39115034903568,0.24880653859567997
source_b_repair_baselines_m5_rohlik_100_v2,m5_top_volume_100_20260714,M5,28,lightgbm_direct,FOODS_3_586_CA_1_validation,364,15898.0,3318.135428905487,9.115756672817271,21.79140381296197,0.20871401615961047
source_b_repair_baselines_m5_rohlik_100_v2,m5_top_volume_100_20260714,M5,28,lightgbm_direct,FOODS_3_586_CA_2_validation,364,13764.0,2902.882960796356,7.974953189000979,24.30571889389329,0.21090402214446063
source_b_repair_baselines_m5_rohlik_100_v2,m5_top_volume_100_20260714,M5,28,lightgbm_direct,FOODS_3_586_CA_3_validation,364,26695.0,4309.3467655181885,11.838864740434584,16.809061165610704,0.161428985409934
source_b_repair_baselines_m5_rohlik_100_v2,m5_top_volume_100_20260714,M5,28,lightgbm_direct,FOODS_3_586_TX_1_validation,364,18896.0,3648.4334268569946,10.023168755101633,19.865210376029193,0.19307966907583587
source_b_repair_baselines_m5_rohlik_100_v2,m5_top_volume_100_20260714,M5,28,lightgbm_direct,FOODS_3_586_TX_2_validation,364,33765.0,6070.129180908203,16.67617906842913,18.527419149853298,0.17977577908805578
source_b_repair_baselines_m5_rohlik_100_v2,m5_top_volume_100_20260714,M5,28,lightgbm_direct,FOODS_3_586_TX_3_validation,364,26936.0,5348.798625946045,14.694501719631992,20.813275233787515,0.19857434756259448
source_b_repair_baselines_m5_rohlik_100_v2,m5_top_volume_100_20260714,M5,28,lightgbm_direct,FOODS_3_586_WI_3_validation,364,11889.0,2451.9063110351562,6.736006348997682,21.960136128848752,0.20623318286106118
source_b_repair_baselines_m5_rohlik_100_v2,m5_top_volume_100_20260714,M5,28,lightgbm_direct,FOODS_3_587_CA_1_validation,364,10034.0,2767.743851661682,7.603691900169457,29.184819093545183,0.27583654092701637
source_b_repair_baselines_m5_rohlik_100_v2,m5_top_volume_100_20260714,M5,28,lightgbm_direct,FOODS_3_587_CA_3_validation,364,12312.0,3028.170111179352,8.319148657086131,27.32411769549719,0.2459527380749961
source_b_repair_baselines_m5_rohlik_100_v2,m5_top_volume_100_20260714,M5,28,lightgbm_direct,FOODS_3_587_TX_1_validation,364,10234.0,3063.2763352394104,8.415594327580799,32.97184006811978,0.29932346445567815
source_b_repair_baselines_m5_rohlik_100_v2,m5_top_volume_100_20260714,M5,28,lightgbm_direct,FOODS_3_587_TX_2_validation,364,10946.0,3023.2863540649414,8.305731741936652,30.907358363155353,0.2762001054325728
source_b_repair_baselines_m5_rohlik_100_v2,m5_top_volume_100_20260714,M5,28,lightgbm_direct,FOODS_3_587_TX_3_validation,364,11441.0,3100.1622819900513,8.516929346126515,28.18441514894876,0.27096952032078064
source_b_repair_baselines_m5_rohlik_100_v2,m5_top_volume_100_20260714,M5,28,lightgbm_direct,FOODS_3_587_WI_3_validation,364,10622.0,3503.205156505108,9.624189990398648,40.710453723732805,0.32980654834354245
source_b_repair_baselines_m5_rohlik_100_v2,m5_top_volume_100_20260714,M5,28,lightgbm_direct,FOODS_3_607_CA_3_validation,364,7751.0,3441.5207176208496,9.454727246211124,50.78155101014663,0.44400989777071986
source_b_repair_baselines_m5_rohlik_100_v2,m5_top_volume_100_20260714,M5,28,lightgbm_direct,FOODS_3_635_CA_3_validation,364,6861.0,3544.9454763755202,9.738861198833847,101.40743227224718,0.51668058247712
source_b_repair_baselines_m5_rohlik_100_v2,m5_top_volume_100_20260714,M5,28,lightgbm_direct,FOODS_3_681_CA_3_validation,364,14222.0,6869.628445148468,18.872605618539747,53.472377194771525,0.483028297366648
source_b_repair_baselines_m5_rohlik_100_v2,m5_top_volume_100_20260714,M5,28,lightgbm_direct,FOODS_3_681_WI_3_validation,364,12084.0,5547.934308767319,15.241577771338788,54.168299959229216,0.45911406063946697
source_b_repair_baselines_m5_rohlik_100_v2,m5_top_volume_100_20260714,M5,28,lightgbm_direct,FOODS_3_694_CA_3_validation,364,6317.0,1568.130364894867,4.308050453007876,25.42357363624731,0.24823972849372597
source_b_repair_baselines_m5_rohlik_100_v2,m5_top_volume_100_20260714,M5,28,lightgbm_direct,FOODS_3_694_TX_1_validation,364,6148.0,1683.9926977157593,4.626353565153185,28.489369826590384,0.2739090269544176
source_b_repair_baselines_m5_rohlik_100_v2,m5_top_volume_100_20260714,M5,28,lightgbm_direct,FOODS_3_694_WI_1_validation,364,6821.0,1565.8116784095764,4.301680435191144,24.097720678805036,0.22955749573516734
source_b_repair_baselines_m5_rohlik_100_v2,m5_top_volume_100_20260714,M5,28,lightgbm_direct,FOODS_3_694_WI_2_validation,364,11167.0,2314.4718499183655,6.358439148127378,21.526438827813724,0.20725994894943722
source_b_repair_baselines_m5_rohlik_100_v2,m5_top_volume_100_20260714,M5,28,lightgbm_direct,FOODS_3_694_WI_3_validation,364,15958.0,3026.190270423889,8.313709534131563,19.824713792602434,0.18963468294422164
source_b_repair_baselines_m5_rohlik_100_v2,m5_top_volume_100_20260714,M5,28,lightgbm_direct,FOODS_3_711_CA_3_validation,364,5052.0,4365.100271463394,11.992033712811523,91.81928271969291,0.8640340996562538
source_b_repair_baselines_m5_rohlik_100_v2,m5_top_volume_100_20260714,M5,28,lightgbm_direct,FOODS_3_711_WI_2_validation,364,7860.0,7382.668103635311,20.282055229767337,118.6455756192502,0.9392707510986401
source_b_repair_baselines_m5_rohlik_100_v2,m5_top_volume_100_20260714,M5,28,lightgbm_direct,FOODS_3_714_CA_1_validation,364,8484.0,2337.770679473877,6.42244692163153,29.803365744108973,0.2755505279907917
source_b_repair_baselines_m5_rohlik_100_v2,m5_top_volume_100_20260714,M5,28,lightgbm_direct,FOODS_3_714_CA_3_validation,364,11041.0,2520.7805037498474,6.925221164147932,24.030454903897198,0.22831088703467506
source_b_repair_baselines_m5_rohlik_100_v2,m5_top_volume_100_20260714,M5,28,lightgbm_direct,FOODS_3_714_TX_1_validation,364,5367.0,2002.4607000350952,5.501265659437075,38.7274641758117,0.37310614869295605
source_b_repair_baselines_m5_rohlik_100_v2,m5_top_volume_100_20260714,M5,28,lightgbm_direct,FOODS_3_714_TX_2_validation,364,8563.0,2447.601281642914,6.72417934517284,30.140086447201785,0.2858345535026175
source_b_repair_baselines_m5_rohlik_100_v2,m5_top_volume_100_20260714,M5,28,lightgbm_direct,FOODS_3_714_TX_3_validation,364,6553.0,2306.4258818626404,6.336334840281979,37.428321521856404,0.35196488354381816
source_b_repair_baselines_m5_rohlik_100_v2,m5_top_volume_100_20260714,M5,28,lightgbm_direct,FOODS_3_714_WI_3_validation,364,8159.0,2373.0607142448425,6.5193975666067105,30.14865493442326,0.29085190761672297
source_b_repair_baselines_m5_rohlik_100_v2,m5_top_volume_100_20260714,M5,28,lightgbm_direct,FOODS_3_723_CA_3_validation,364,8114.0,4177.811714828014,11.477504711065974,65.27163885826543,0.5148892919433097
source_b_repair_baselines_m5_rohlik_100_v2,m5_top_volume_100_20260714,M5,28,lightgbm_direct,FOODS_3_723_WI_3_validation,364,7665.0,3634.0350320637226,9.983612725449788,66.8534760712232,0.47410763627706753
source_b_repair_baselines_m5_rohlik_100_v2,m5_top_volume_100_20260714,M5,28,lightgbm_direct,FOODS_3_752_CA_3_validation,364,6402.0,5061.602530002594,13.905501456051082,72.5699932818791,0.7906283239616673
source_b_repair_baselines_m5_rohlik_100_v2,m5_top_volume_100_20260714,M5,28,lightgbm_direct,FOODS_3_804_CA_3_validation,364,8021.0,3663.5721740722656,10.064758719978752,54.71798202477369,0.45674755941556733
source_b_repair_baselines_m5_rohlik_100_v2,m5_top_volume_100_20260714,M5,28,lightgbm_direct,FOODS_3_808_CA_1_validation,364,2395.0,4190.868328765035,11.513374529574271,140.57613542113023,1.7498406383152545
source_b_repair_baselines_m5_rohlik_100_v2,m5_top_volume_100_20260714,M5,28,lightgbm_direct,FOODS_3_808_CA_3_validation,364,8863.0,5423.900014601648,14.900824215938593,105.29351468911756,0.6119711175224696
source_b_repair_baselines_m5_rohlik_100_v2,m5_top_volume_100_20260714,M5,28,lightgbm_direct,HOUSEHOLD_1_118_CA_3_validation,364,7647.0,2372.972785949707,6.519156005356338,33.02906405311712,0.3103142128873685
source_b_repair_baselines_m5_rohlik_100_v2,m5_top_volume_100_20260714,M5,28,lightgbm_direct,HOUSEHOLD_1_334_CA_3_validation,364,6882.0,2476.7212479114532,6.804179252503992,40.725381828150105,0.3598839360522309
source_b_repair_baselines_m5_rohlik_100_v2,m5_top_volume_100_20260714,M5,28,lightgbm_direct,HOUSEHOLD_1_459_CA_3_validation,364,7840.0,2714.7708044052124,7.45816155056377,36.62799037416247,0.34627178627617505
source_b_repair_baselines_m5_rohlik_100_v2,m5_top_volume_100_20260714,M5,28,lightgbm_direct_scaled,FOODS_1_218_TX_2_validation,364,5401.0,2798.39337182045,7.68789387862761,64.63253786810145,0.518125045699028
source_b_repair_baselines_m5_rohlik_100_v2,m5_top_volume_100_20260714,M5,28,lightgbm_direct_scaled,FOODS_2_197_CA_1_validation,364,6045.0,2038.2901830673218,5.599698305130005,36.541308112171365,0.3371861345024519
source_b_repair_baselines_m5_rohlik_100_v2,m5_top_volume_100_20260714,M5,28,lightgbm_direct_scaled,FOODS_2_197_CA_3_validation,364,5076.0,1577.2301638126373,4.333049900584168,32.85730252757685,0.31072304251628
source_b_repair_baselines_m5_rohlik_100_v2,m5_top_volume_100_20260714,M5,28,lightgbm_direct_scaled,FOODS_2_276_CA_3_validation,364,3023.0,2957.6741347312927,8.125478392118936,71.44160146481973,0.9783903852898752
source_b_repair_baselines_m5_rohlik_100_v2,m5_top_volume_100_20260714,M5,28,lightgbm_direct_scaled,FOODS_2_360_CA_3_validation,364,4556.0,2391.7020383253694,6.570609995399367,88.7141895400444,0.5249565492373506
source_b_repair_baselines_m5_rohlik_100_v2,m5_top_volume_100_20260714,M5,28,lightgbm_direct_scaled,FOODS_2_360_TX_3_validation,364,3695.0,2278.1930665187538,6.258772160765807,111.16350656703142,0.6165610464191486
source_b_repair_baselines_m5_rohlik_100_v2,m5_top_volume_100_20260714,M5,28,lightgbm_direct_scaled,FOODS_2_360_WI_2_validation,364,9519.0,5785.793744541705,15.895037759729957,124.1005470717211,0.6078152898982776
source_b_repair_baselines_m5_rohlik_100_v2,m5_top_volume_100_20260714,M5,28,lightgbm_direct_scaled,FOODS_3_007_WI_2_validation,364,7734.0,7409.691479422152,20.356295273137782,135.1178981919058,0.958067168272841
source_b_repair_baselines_m5_rohlik_100_v2,m5_top_volume_100_20260714,M5,28,lightgbm_direct_scaled,FOODS_3_030_TX_2_validation,364,4773.0,2593.568622305058,7.125188522816093,87.06531862917994,0.5433833275309151
source_b_repair_baselines_m5_rohlik_100_v2,m5_top_volume_100_20260714,M5,28,lightgbm_direct_scaled,FOODS_3_030_TX_3_validation,364,5556.0,2914.470576955937,8.006787299329497,87.14594211952779,0.524562738832962
source_b_repair_baselines_m5_rohlik_100_v2,m5_top_volume_100_20260714,M5,28,lightgbm_direct_scaled,FOODS_3_080_CA_1_validation,364,6633.0,1924.4068508148193,5.28683200773302,29.829447112735163,0.29012616475423175
source_b_repair_baselines_m5_rohlik_100_v2,m5_top_volume_100_20260714,M5,28,lightgbm_direct_scaled,FOODS_3_080_TX_2_validation,364,6351.0,1521.4376664161682,4.179773808835627,24.656221643461503,0.23955875711166244
source_b_repair_baselines_m5_rohlik_100_v2,m5_top_volume_100_20260714,M5,28,lightgbm_direct_scaled,FOODS_3_090_CA_1_validation,364,18027.0,6026.775736942887,16.557076200392547,62.595200716240505,0.3343193951818321
source_b_repair_baselines_m5_rohlik_100_v2,m5_top_volume_100_20260714,M5,28,lightgbm_direct_scaled,FOODS_3_090_CA_2_validation,364,13416.0,5171.195886820555,14.206582106649876,66.64125712008625,0.38544990211840746
source_b_repair_baselines_m5_rohlik_100_v2,m5_top_volume_100_20260714,M5,28,lightgbm_direct_scaled,FOODS_3_090_CA_3_validation,364,35186.0,12581.650784507394,34.564974682712624,60.02829181298812,0.3575754784433409
source_b_repair_baselines_m5_rohlik_100_v2,m5_top_volume_100_20260714,M5,28,lightgbm_direct_scaled,FOODS_3_090_CA_4_validation,364,9265.0,3651.8103488609195,10.032446013354175,64.05037947464564,0.39415114396771933
source_b_repair_baselines_m5_rohlik_100_v2,m5_top_volume_100_20260714,M5,28,lightgbm_direct_scaled,FOODS_3_090_TX_1_validation,364,16266.0,6159.1249572485685,16.92067295947409,66.47422838827201,0.37865024943124115
source_b_repair_baselines_m5_rohlik_100_v2,m5_top_volume_100_20260714,M5,28,lightgbm_direct_scaled,FOODS_3_090_TX_2_validation,364,18445.0,6926.012497201562,19.02750686044385,69.21433815183832,0.37549539155335115
source_b_repair_baselines_m5_rohlik_100_v2,m5_top_volume_100_20260714,M5,28,lightgbm_direct_scaled,FOODS_3_090_TX_3_validation,364,20844.0,7453.551577419043,20.47679004785451,68.58426097731184,0.3575873909719364
source_b_repair_baselines_m5_rohlik_100_v2,m5_top_volume_100_20260714,M5,28,lightgbm_direct_scaled,FOODS_3_090_WI_3_validation,364,22744.0,10122.211947288364,27.808274580462538,81.51256111614015,0.44504976905066673
source_b_repair_baselines_m5_rohlik_100_v2,m5_top_volume_100_20260714,M5,28,lightgbm_direct_scaled,FOODS_3_099_TX_2_validation,364,4993.0,3684.9030211269855,10.123359948151059,77.32626377781153,0.7380138235784068
source_b_repair_baselines_m5_rohlik_100_v2,m5_top_volume_100_20260714,M5,28,lightgbm_direct_scaled,FOODS_3_120_CA_1_validation,364,14909.0,7176.349160701036,19.71524494698087,65.6535266435556,0.4813434275069446
source_b_repair_baselines_m5_rohlik_100_v2,m5_top_volume_100_20260714,M5,28,lightgbm_direct_scaled,FOODS_3_120_CA_3_validation,364,30361.0,10349.791823118925,28.433494019557486,44.613308223445614,0.3408910056690796
source_b_repair_baselines_m5_rohlik_100_v2,m5_top_volume_100_20260714,M5,28,lightgbm_direct_scaled,FOODS_3_120_WI_3_validation,364,11888.0,5027.047189235687,13.810569201196943,55.62162907781124,0.4228673611402832
source_b_repair_baselines_m5_rohlik_100_v2,m5_top_volume_100_20260714,M5,28,lightgbm_direct_scaled,FOODS_3_202_CA_3_validation,364,7485.0,2454.1458611488342,6.742158959200094,50.922271513399956,0.32787519855027847
source_b_repair_baselines_m5_rohlik_100_v2,m5_top_volume_100_20260714,M5,28,lightgbm_direct_scaled,FOODS_3_202_TX_1_validation,364,7637.0,2919.201098240912,8.019783236925582,64.15320272805998,0.3822444805867372
source_b_repair_baselines_m5_rohlik_100_v2,m5_top_volume_100_20260714,M5,28,lightgbm_direct_scaled,FOODS_3_202_TX_2_validation,364,7507.0,3464.637871382758,9.518235910392193,71.16902247458768,0.46152096328530146
source_b_repair_baselines_m5_rohlik_100_v2,m5_top_volume_100_20260714,M5,28,lightgbm_direct_scaled,FOODS_3_202_TX_3_validation,364,9390.0,3550.4699840918183,9.754038417834666,63.66941710047477,0.3781118193920999
source_b_repair_baselines_m5_rohlik_100_v2,m5_top_volume_100_20260714,M5,28,lightgbm_direct_scaled,FOODS_3_226_WI_1_validation,364,14269.0,2619.6916604042053,7.196955111000564,18.845115810070475,0.18359322029604075
source_b_repair_baselines_m5_rohlik_100_v2,m5_top_volume_100_20260714,M5,28,lightgbm_direct_scaled,FOODS_3_226_WI_2_validation,364,13849.0,3022.6658663749695,8.30402710542574,23.1134065920783,0.2182587815997523
source_b_repair_baselines_m5_rohlik_100_v2,m5_top_volume_100_20260714,M5,28,lightgbm_direct_scaled,FOODS_3_226_WI_3_validation,364,17486.0,3431.4390110969543,9.427030250266357,20.197386387425993,0.19623922058200585
source_b_repair_baselines_m5_rohlik_100_v2,m5_top_volume_100_20260714,M5,28,lightgbm_direct_scaled,FOODS_3_234_CA_3_validation,364,6927.0,4634.377895116806,12.73180740416705,68.00623294434355,0.6690310228261593
source_b_repair_baselines_m5_rohlik_100_v2,m5_top_volume_100_20260714,M5,28,lightgbm_direct_scaled,FOODS_3_234_WI_2_validation,364,8873.0,9652.845382809639,26.51880599672978,146.55285840711966,1.0878897084198849
source_b_repair_baselines_m5_rohlik_100_v2,m5_top_volume_100_20260714,M5,28,lightgbm_direct_scaled,FOODS_3_234_WI_3_validation,364,7337.0,4654.058976173401,12.785876308168683,82.80028184847455,0.634327242220717
source_b_repair_baselines_m5_rohlik_100_v2,m5_top_volume_100_20260714,M5,28,lightgbm_direct_scaled,FOODS_3_252_CA_1_validation,364,14143.0,3035.604292869568,8.339572233158153,22.718273747502735,0.21463651932896613
source_b_repair_baselines_m5_rohlik_100_v2,m5_top_volume_100_20260714,M5,28,lightgbm_direct_scaled,FOODS_3_252_CA_2_validation,364,14244.0,3468.2352204322815,9.528118737451322,26.92717623938789,0.24348744878069933
source_b_repair_baselines_m5_rohlik_100_v2,m5_top_volume_100_20260714,M5,28,lightgbm_direct_scaled,FOODS_3_252_CA_3_validation,364,16554.0,3761.40593791008,10.333532796456264,23.26737948636132,0.2272203659484161
source_b_repair_baselines_m5_rohlik_100_v2,m5_top_volume_100_20260714,M5,28,lightgbm_direct_scaled,FOODS_3_252_TX_1_validation,364,11375.0,3326.722238779068,9.139346809832604,31.684219440261607,0.29245909791464336
source_b_repair_baselines_m5_rohlik_100_v2,m5_top_volume_100_20260714,M5,28,lightgbm_direct_scaled,FOODS_3_252_TX_2_validation,364,21287.0,4921.237864017487,13.519884241806281,23.47001924404388,0.23118513008021266
source_b_repair_baselines_m5_rohlik_100_v2,m5_top_volume_100_20260714,M5,28,lightgbm_direct_scaled,FOODS_3_252_TX_3_validation,364,17267.0,4417.04652094841,12.134743189418709,26.83503625785544,0.255808566684914
source_b_repair_baselines_m5_rohlik_100_v2,m5_top_volume_100_20260714,M5,28,lightgbm_direct_scaled,FOODS_3_252_WI_3_validation,364,6563.0,2165.1094186306,5.948102798435714,34.69478680122092,0.3298963002636904
source_b_repair_baselines_m5_rohlik_100_v2,m5_top_volume_100_20260714,M5,28,lightgbm_direct_scaled,FOODS_3_281_CA_3_validation,364,3618.0,2713.2832221090794,7.454074786013955,88.16188886312855,0.7499400835016803
source_b_repair_baselines_m5_rohlik_100_v2,m5_top_volume_100_20260714,M5,28,lightgbm_direct_scaled,FOODS_3_282_CA_3_validation,364,12762.0,4692.29611492157,12.890923392641675,45.056280858926414,0.3676771755932902
source_b_repair_baselines_m5_rohlik_100_v2,m5_top_volume_100_20260714,M5,28,lightgbm_direct_scaled,FOODS_3_288_CA_3_validation,364,12018.0,4695.452237054706,12.899594057842599,51.436036153231825,0.3907016339702701
source_b_repair_baselines_m5_rohlik_100_v2,m5_top_volume_100_20260714,M5,28,lightgbm_direct_scaled,FOODS_3_318_CA_3_validation,364,4989.0,4101.570885233581,11.268051882509837,107.78084325620519,0.8221228473108
source_b_repair_baselines_m5_rohlik_100_v2,m5_top_volume_100_20260714,M5,28,lightgbm_direct_scaled,FOODS_3_318_WI_3_validation,364,5294.0,3927.851393783465,10.790800532372156,103.01464571038214,0.7419439731362798
source_b_repair_baselines_m5_rohlik_100_v2,m5_top_volume_100_20260714,M5,28,lightgbm_direct_scaled,FOODS_3_319_CA_3_validation,364,4781.0,3110.5854704752564,8.545564479327627,109.08617373608756,0.6506139867130843
source_b_repair_baselines_m5_rohlik_100_v2,m5_top_volume_100_20260714,M5,28,lightgbm_direct_scaled,FOODS_3_376_WI_2_validation,364,8342.0,4331.09327018261,11.898607885117059,57.18716383516779,0.5191912335390325
source_b_repair_baselines_m5_rohlik_100_v2,m5_top_volume_100_20260714,M5,28,lightgbm_direct_scaled,FOODS_3_377_TX_2_validation,364,11468.0,2121.812961101532,5.82915648654267,19.257365578789738,0.18502031401303906
source_b_repair_baselines_m5_rohlik_100_v2,m5_top_volume_100_20260714,M5,28,lightgbm_direct_scaled,FOODS_3_377_TX_3_validation,364,15335.0,3204.4722361564636,8.803495154276,21.253791768339802,0.20896460620518184
source_b_repair_baselines_m5_rohlik_100_v2,m5_top_volume_100_20260714,M5,28,lightgbm_direct_scaled,FOODS_3_412_WI_2_validation,364,6820.0,6654.4291917309165,18.281398878381637,129.53613493276407,0.9757227553857649
source_b_repair_baselines_m5_rohlik_100_v2,m5_top_volume_100_20260714,M5,28,lightgbm_direct_scaled,FOODS_3_462_WI_2_validation,364,7852.0,3894.278120994568,10.698566266468593,57.22831732422079,0.49596002559788177
source_b_repair_baselines_m5_rohlik_100_v2,m5_top_volume_100_20260714,M5,28,lightgbm_direct_scaled,FOODS_3_501_CA_3_validation,364,4692.0,2623.01029124856,7.206072228704835,77.32820377984892,0.5590388515022506
source_b_repair_baselines_m5_rohlik_100_v2,m5_top_volume_100_20260714,M5,28,lightgbm_direct_scaled,FOODS_3_541_CA_3_validation,364,7136.0,4105.163152754307,11.277920749325018,111.39603518563308,0.5752751054868703
source_b_repair_baselines_m5_rohlik_100_v2,m5_top_volume_100_20260714,M5,28,lightgbm_direct_scaled,FOODS_3_547_WI_2_validation,364,6138.0,6857.80480594188,18.840123093246923,141.02422768802077,1.1172702518641056
source_b_repair_baselines_m5_rohlik_100_v2,m5_top_volume_100_20260714,M5,28,lightgbm_direct_scaled,FOODS_3_555_CA_1_validation,364,6566.0,1571.1144800186157,4.316248571479713,25.64399017285134,0.2392803046022869
source_b_repair_baselines_m5_rohlik_100_v2,m5_top_volume_100_20260714,M5,28,lightgbm_direct_scaled,FOODS_3_555_CA_3_validation,364,10701.0,2241.4994254112244,6.15796545442644,21.908018785561893,0.2094663513140103
source_b_repair_baselines_m5_rohlik_100_v2,m5_top_volume_100_20260714,M5,28,lightgbm_direct_scaled,FOODS_3_555_TX_1_validation,364,8816.0,2214.662305355072,6.084237102623824,26.19428990518316,0.25120942665098367
source_b_repair_baselines_m5_rohlik_100_v2,m5_top_volume_100_20260714,M5,28,lightgbm_direct_scaled,FOODS_3_555_TX_2_validation,364,16252.0,3543.2497425079346,9.734202589307513,22.603139406547193,0.21801930485527532
source_b_repair_baselines_m5_rohlik_100_v2,m5_top_volume_100_20260714,M5,28,lightgbm_direct_scaled,FOODS_3_555_TX_3_validation,364,11786.0,2969.368576526642,8.157605979468796,26.788356329935493,0.25194031703093855
source_b_repair_baselines_m5_rohlik_100_v2,m5_top_volume_100_20260714,M5,28,lightgbm_direct_scaled,FOODS_3_555_WI_3_validation,364,7929.0,1975.8487794399261,5.428155987472325,26.49406429842343,0.24919268248706344
source_b_repair_baselines_m5_rohlik_100_v2,m5_top_volume_100_20260714,M5,28,lightgbm_direct_scaled,FOODS_3_586_CA_1_validation,364,15898.0,3396.408978700638,9.330793897529224,22.335966970193205,0.2136375002327738
source_b_repair_baselines_m5_rohlik_100_v2,m5_top_volume_100_20260714,M5,28,lightgbm_direct_scaled,FOODS_3_586_CA_2_validation,364,13764.0,3023.63898563385,8.306700509983104,25.24270804426787,0.21967734565779207
source_b_repair_baselines_m5_rohlik_100_v2,m5_top_volume_100_20260714,M5,28,lightgbm_direct_scaled,FOODS_3_586_CA_3_validation,364,26695.0,4409.377023696899,12.11367314202445,17.191407942508953,0.16517613874122117
source_b_repair_baselines_m5_rohlik_100_v2,m5_top_volume_100_20260714,M5,28,lightgbm_direct_scaled,FOODS_3_586_TX_1_validation,364,18896.0,3703.8874945640564,10.175515094956198,20.276299978800807,0.19601436783256013
source_b_repair_baselines_m5_rohlik_100_v2,m5_top_volume_100_20260714,M5,28,lightgbm_direct_scaled,FOODS_3_586_TX_2_validation,364,33765.0,6205.0281229019165,17.04678055742285,19.084626070583326,0.18377100911896688
source_b_repair_baselines_m5_rohlik_100_v2,m5_top_volume_100_20260714,M5,28,lightgbm_direct_scaled,FOODS_3_586_TX_3_validation,364,26936.0,5434.9308385849,14.931128677431044,21.19566750265431,0.20177200915447357
source_b_repair_baselines_m5_rohlik_100_v2,m5_top_volume_100_20260714,M5,28,lightgbm_direct_scaled,FOODS_3_586_WI_3_validation,364,11889.0,2493.2265026569366,6.8495233589476285,22.325882479413938,0.2097086805161861
source_b_repair_baselines_m5_rohlik_100_v2,m5_top_volume_100_20260714,M5,28,lightgbm_direct_scaled,FOODS_3_587_CA_1_validation,364,10034.0,2976.2672741413116,8.176558445443163,32.0481753466721,0.2966182254476093
source_b_repair_baselines_m5_rohlik_100_v2,m5_top_volume_100_20260714,M5,28,lightgbm_direct_scaled,FOODS_3_587_CA_3_validation,364,12312.0,3185.391739845276,8.751076208366143,29.31427127509486,0.2587225259783362
source_b_repair_baselines_m5_rohlik_100_v2,m5_top_volume_100_20260714,M5,28,lightgbm_direct_scaled,FOODS_3_587_TX_1_validation,364,10234.0,3259.606591939926,8.954963164670128,35.8826972418842,0.31850758178033284
source_b_repair_baselines_m5_rohlik_100_v2,m5_top_volume_100_20260714,M5,28,lightgbm_direct_scaled,FOODS_3_587_TX_2_validation,364,10946.0,3261.4132862091064,8.959926610464578,35.36238804181887,0.29795480414846576
source_b_repair_baselines_m5_rohlik_100_v2,m5_top_volume_100_20260714,M5,28,lightgbm_direct_scaled,FOODS_3_587_TX_3_validation,364,11441.0,3285.6543436050415,9.026522921991873,30.92350002595617,0.28718244415741995
source_b_repair_baselines_m5_rohlik_100_v2,m5_top_volume_100_20260714,M5,28,lightgbm_direct_scaled,FOODS_3_587_WI_3_validation,364,10622.0,3815.2824646234512,10.48154523248201,46.21671562595163,0.3591868258918708
source_b_repair_baselines_m5_rohlik_100_v2,m5_top_volume_100_20260714,M5,28,lightgbm_direct_scaled,FOODS_3_607_CA_3_validation,364,7751.0,3687.991891145706,10.131845854795896,54.93024858384279,0.4758085267895376
source_b_repair_baselines_m5_rohlik_100_v2,m5_top_volume_100_20260714,M5,28,lightgbm_direct_scaled,FOODS_3_635_CA_3_validation,364,6861.0,3452.6621106639504,9.485335468857008,103.37692684991151,0.5032301575082277
source_b_repair_baselines_m5_rohlik_100_v2,m5_top_volume_100_20260714,M5,28,lightgbm_direct_scaled,FOODS_3_681_CA_3_validation,364,14222.0,7336.569376468658,20.155410374913895,58.565663841176416,0.5158605946047432
source_b_repair_baselines_m5_rohlik_100_v2,m5_top_volume_100_20260714,M5,28,lightgbm_direct_scaled,FOODS_3_681_WI_3_validation,364,12084.0,5980.116796016693,16.428892296749158,59.3655399698753,0.49487891393716427
source_b_repair_baselines_m5_rohlik_100_v2,m5_top_volume_100_20260714,M5,28,lightgbm_direct_scaled,FOODS_3_694_CA_3_validation,364,6317.0,1576.9130160808563,4.3321786156067486,25.558547762702975,0.24963004845351533
source_b_repair_baselines_m5_rohlik_100_v2,m5_top_volume_100_20260714,M5,28,lightgbm_direct_scaled,FOODS_3_694_TX_1_validation,364,6148.0,1669.1915793418884,4.585691152038155,28.240470949392027,0.271501558123274
source_b_repair_baselines_m5_rohlik_100_v2,m5_top_volume_100_20260714,M5,28,lightgbm_direct_scaled,FOODS_3_694_WI_1_validation,364,6821.0,1550.2158470153809,4.25883474454775,23.956254102807055,0.22727105219401567
source_b_repair_baselines_m5_rohlik_100_v2,m5_top_volume_100_20260714,M5,28,lightgbm_direct_scaled,FOODS_3_694_WI_2_validation,364,11167.0,2253.3245820999146,6.190452148626139,21.12081549669804,0.20178423767349463
source_b_repair_baselines_m5_rohlik_100_v2,m5_top_volume_100_20260714,M5,28,lightgbm_direct_scaled,FOODS_3_694_WI_3_validation,364,15958.0,3044.093533039093,8.36289432153597,19.909952131531735,0.1907565818422793
source_b_repair_baselines_m5_rohlik_100_v2,m5_top_volume_100_20260714,M5,28,lightgbm_direct_scaled,FOODS_3_711_CA_3_validation,364,5052.0,4139.5964415594935,11.372517696592015,93.00350444407083,0.8193975537528688
source_b_repair_baselines_m5_rohlik_100_v2,m5_top_volume_100_20260714,M5,28,lightgbm_direct_scaled,FOODS_3_711_WI_2_validation,364,7860.0,7218.2254361361265,19.830289659714634,120.71204929954165,0.9183492921292782
source_b_repair_baselines_m5_rohlik_100_v2,m5_top_volume_100_20260714,M5,28,lightgbm_direct_scaled,FOODS_3_714_CA_1_validation,364,8484.0,2349.764166355133,6.4553960614152,29.876599586607167,0.27696418745345747
source_b_repair_baselines_m5_rohlik_100_v2,m5_top_volume_100_20260714,M5,28,lightgbm_direct_scaled,FOODS_3_714_CA_3_validation,364,11041.0,2534.5697104930878,6.963103600255736,24.013883548425095,0.22955979625877074
source_b_repair_baselines_m5_rohlik_100_v2,m5_top_volume_100_20260714,M5,28,lightgbm_direct_scaled,FOODS_3_714_TX_1_validation,364,5367.0,1933.286346912384,5.311226227781275,37.552165444695476,0.3602173182247781
source_b_repair_baselines_m5_rohlik_100_v2,m5_top_volume_100_20260714,M5,28,lightgbm_direct_scaled,FOODS_3_714_TX_2_validation,364,8563.0,2454.21300137043,6.742343410358324,30.276590239809053,0.2866066800619444
source_b_repair_baselines_m5_rohlik_100_v2,m5_top_volume_100_20260714,M5,28,lightgbm_direct_scaled,FOODS_3_714_TX_3_validation,364,6553.0,2353.2832295894623,6.465063817553467,38.173241501520984,0.35911540204325687
source_b_repair_baselines_m5_rohlik_100_v2,m5_top_volume_100_20260714,M5,28,lightgbm_direct_scaled,FOODS_3_714_WI_3_validation,364,8159.0,2386.871185541153,6.557338421816354,30.283515618497276,0.2925445747691081
source_b_repair_baselines_m5_rohlik_100_v2,m5_top_volume_100_20260714,M5,28,lightgbm_direct_scaled,FOODS_3_723_CA_3_validation,364,8114.0,4162.752726078033,11.43613386285174,67.25590870006991,0.5130333653041698
source_b_repair_baselines_m5_rohlik_100_v2,m5_top_volume_100_20260714,M5,28,lightgbm_direct_scaled,FOODS_3_723_WI_3_validation,364,7665.0,3758.957732282579,10.326806956820272,69.00108742644592,0.4904054445247983
source_b_repair_baselines_m5_rohlik_100_v2,m5_top_volume_100_20260714,M5,28,lightgbm_direct_scaled,FOODS_3_752_CA_3_validation,364,6402.0,4856.2496519088745,13.341345197551853,70.94806572218268,0.758551960623067
source_b_repair_baselines_m5_rohlik_100_v2,m5_top_volume_100_20260714,M5,28,lightgbm_direct_scaled,FOODS_3_804_CA_3_validation,364,8021.0,3799.656397342682,10.43861647621616,56.94466297060244,0.47371355159489864
source_b_repair_baselines_m5_rohlik_100_v2,m5_top_volume_100_20260714,M5,28,lightgbm_direct_scaled,FOODS_3_808_CA_1_validation,364,2395.0,4023.4667134005576,11.053479981869664,140.12593654547868,1.6799443479751806
source_b_repair_baselines_m5_rohlik_100_v2,m5_top_volume_100_20260714,M5,28,lightgbm_direct_scaled,FOODS_3_808_CA_3_validation,364,8863.0,5097.8294294402,14.005025905055495,106.76991202980722,0.5751810255489338
source_b_repair_baselines_m5_rohlik_100_v2,m5_top_volume_100_20260714,M5,28,lightgbm_direct_scaled,HOUSEHOLD_1_118_CA_3_validation,364,7647.0,2433.9280190467834,6.686615436941713,33.87836642362718,0.31828534314721896
source_b_repair_baselines_m5_rohlik_100_v2,m5_top_volume_100_20260714,M5,28,lightgbm_direct_scaled,HOUSEHOLD_1_334_CA_3_validation,364,6882.0,2571.569415986538,7.0647511428201595,42.46736163963036,0.37366600057927024
source_b_repair_baselines_m5_rohlik_100_v2,m5_top_volume_100_20260714,M5,28,lightgbm_direct_scaled,HOUSEHOLD_1_459_CA_3_validation,364,7840.0,2747.1674575805664,7.5471633450015565,37.26602408348085,0.3504040124465008
source_b_repair_baselines_m5_rohlik_100_v2,rohlik_top_volume_100_20260714,Rohlik,7,seasonal_naive,80,280,65024.250061035156,15615.690307617188,55.77032252720424,23.79449972689455,0.24015179403006548
source_b_repair_baselines_m5_rohlik_100_v2,rohlik_top_volume_100_20260714,Rohlik,7,seasonal_naive,139,280,704992.3494262695,122969.44995117188,439.176606968471,17.738348312408355,0.1744266445603924
source_b_repair_baselines_m5_rohlik_100_v2,rohlik_top_volume_100_20260714,Rohlik,7,seasonal_naive,393,280,347206.3200683594,197242.7006225586,704.4382165091379,47.3207246884453,0.568084995064965
source_b_repair_baselines_m5_rohlik_100_v2,rohlik_top_volume_100_20260714,Rohlik,7,seasonal_naive,394,280,239137.44957733154,155415.42022705078,555.0550722394671,56.51378706359519,0.6498999654873923
source_b_repair_baselines_m5_rohlik_100_v2,rohlik_top_volume_100_20260714,Rohlik,7,seasonal_naive,524,280,267690.19955444336,40144.88977050781,143.37460632324218,14.863362879171046,0.14996772327611144
source_b_repair_baselines_m5_rohlik_100_v2,rohlik_top_volume_100_20260714,Rohlik,7,seasonal_naive,525,280,531616.6622314453,82170.779296875,293.4670689174107,15.468070151205355,0.15456772733940574
source_b_repair_baselines_m5_rohlik_100_v2,rohlik_top_volume_100_20260714,Rohlik,7,seasonal_naive,526,280,338197.9295654297,48971.31066894531,174.89753810337612,14.915295582118176,0.14480074059551878
source_b_repair_baselines_m5_rohlik_100_v2,rohlik_top_volume_100_20260714,Rohlik,7,seasonal_naive,539,280,193128.92993927002,34985.750900268555,124.94911035810198,19.297692550553826,0.18115230541208885
source_b_repair_baselines_m5_rohlik_100_v2,rohlik_top_volume_100_20260714,Rohlik,7,seasonal_naive,619,280,111035.18016052246,76901.23986816406,274.6472852434431,73.7268419819631,0.6925844561785616
source_b_repair_baselines_m5_rohlik_100_v2,rohlik_top_volume_100_20260714,Rohlik,7,seasonal_naive,652,280,906449.6130943298,340808.9727859497,1217.1749028069632,36.00175805323808,0.3759822585422444
source_b_repair_baselines_m5_rohlik_100_v2,rohlik_top_volume_100_20260714,Rohlik,7,seasonal_naive,653,280,742757.7571563721,338618.3667907715,1209.351309967041,44.65211234840785,0.45589341010339995
source_b_repair_baselines_m5_rohlik_100_v2,rohlik_top_volume_100_20260714,Rohlik,7,seasonal_naive,654,280,465967.79803466797,176399.67724609375,629.9988473074777,36.384575380696695,0.3785662399635814
source_b_repair_baselines_m5_rohlik_100_v2,rohlik_top_volume_100_20260714,Rohlik,7,seasonal_naive,655,280,569343.7183532715,212579.15924072266,759.2112830025809,36.11819110329823,0.37337578757445716
source_b_repair_baselines_m5_rohlik_100_v2,rohlik_top_volume_100_20260714,Rohlik,7,seasonal_naive,888,280,161351.10961914062,59165.028900146484,211.3036746433803,38.55686209522868,0.3666849830769798
source_b_repair_baselines_m5_rohlik_100_v2,rohlik_top_volume_100_20260714,Rohlik,7,seasonal_naive,890,280,151037.71043395996,59013.710052490234,210.76325018746513,43.28824211842608,0.39072169382687716
source_b_repair_baselines_m5_rohlik_100_v2,rohlik_top_volume_100_20260714,Rohlik,7,seasonal_naive,912,280,138695.33001708984,74193.76042175293,264.97771579197473,52.58833962478469,0.5349405810030581
source_b_repair_baselines_m5_rohlik_100_v2,rohlik_top_volume_100_20260714,Rohlik,7,seasonal_naive,1032,280,313453.1592102051,48997.428955078125,174.99081769670758,16.348386151904656,0.15631499480986222
source_b_repair_baselines_m5_rohlik_100_v2,rohlik_top_volume_100_20260714,Rohlik,7,seasonal_naive,1266,280,151124.2797088623,31259.780548095703,111.64207338605608,19.00889245409055,0.20684816899254707
source_b_repair_baselines_m5_rohlik_100_v2,rohlik_top_volume_100_20260714,Rohlik,7,seasonal_naive,1269,280,140353.15000152588,29173.350692749023,104.19053818838937,20.967411237802672,0.20785675770320694
source_b_repair_baselines_m5_rohlik_100_v2,rohlik_top_volume_100_20260714,Rohlik,7,seasonal_naive,1270,280,132543.56005859375,43782.559799194336,156.36628499712262,30.972178432353765,0.3303258172621839
source_b_repair_baselines_m5_rohlik_100_v2,rohlik_top_volume_100_20260714,Rohlik,7,seasonal_naive,1391,280,221225.1198425293,41012.050048828125,146.4716073172433,18.636984843524733,0.1853860451201066
source_b_repair_baselines_m5_rohlik_100_v2,rohlik_top_volume_100_20260714,Rohlik,7,seasonal_naive,1405,280,126042.9401473999,60772.55995178223,217.0448569706508,41.13771562916044,0.48215758757065047
source_b_repair_baselines_m5_rohlik_100_v2,rohlik_top_volume_100_20260714,Rohlik,7,seasonal_naive,1408,280,207613.20947265625,81050.20059204102,289.4650021144322,33.20291657058142,0.3903903841085591
source_b_repair_baselines_m5_rohlik_100_v2,rohlik_top_volume_100_20260714,Rohlik,7,seasonal_naive,1413,280,289053.51054000854,81748.65015411377,291.9594648361206,28.673570924316603,0.28281493624274373
source_b_repair_baselines_m5_rohlik_100_v2,rohlik_top_volume_100_20260714,Rohlik,7,seasonal_naive,1640,280,120672.08973693848,46480.38021850586,166.00135792323522,35.789146629796456,0.3851792102037156
source_b_repair_baselines_m5_rohlik_100_v2,rohlik_top_volume_100_20260714,Rohlik,7,seasonal_naive,1671,280,141476.37020874023,46581.239990234375,166.3615713936942,35.60631389456927,0.32925102560594705
source_b_repair_baselines_m5_rohlik_100_v2,rohlik_top_volume_100_20260714,Rohlik,7,seasonal_naive,1672,280,151003.13999176025,39922.6102142334,142.5807507651193,25.78082269281546,0.26438264937015116
source_b_repair_baselines_m5_rohlik_100_v2,rohlik_top_volume_100_20260714,Rohlik,7,seasonal_naive,1925,280,145504.06002807617,40605.319763183594,145.01899915422712,16.701312046263904,0.2790665755673654
source_b_repair_baselines_m5_rohlik_100_v2,rohlik_top_volume_100_20260714,Rohlik,7,seasonal_naive,1927,280,138158.75009334087,25132.580142736435,89.75921479548727,18.22738174014109,0.1819108824143003
source_b_repair_baselines_m5_rohlik_100_v2,rohlik_top_volume_100_20260714,Rohlik,7,seasonal_naive,2127,280,224514.65948486328,129855.51901245117,463.7697107587542,48.89161673842853,0.5783832526143176
source_b_repair_baselines_m5_rohlik_100_v2,rohlik_top_volume_100_20260714,Rohlik,7,seasonal_naive,2129,280,201146.12992095947,153501.47050476074,548.2195375170027,70.09198627534242,0.7631340984043753
source_b_repair_baselines_m5_rohlik_100_v2,rohlik_top_volume_100_20260714,Rohlik,7,seasonal_naive,2159,280,205632.91958618164,35575.50973510742,127.05539191109794,18.550307584013293,0.1730049342619851
source_b_repair_baselines_m5_rohlik_100_v2,rohlik_top_volume_100_20260714,Rohlik,7,seasonal_naive,2160,280,155848.88995361328,25677.119995117188,91.70399998256138,17.17602098959091,0.16475651512666983
source_b_repair_baselines_m5_rohlik_100_v2,rohlik_top_volume_100_20260714,Rohlik,7,seasonal_naive,2161,280,119318.8002319336,18630.240280151367,66.53657242911203,16.568870590402668,0.1561383473848014
source_b_repair_baselines_m5_rohlik_100_v2,rohlik_top_volume_100_20260714,Rohlik,7,seasonal_naive,2216,280,279236.34016418457,44060.08023071289,157.3574293954032,16.684855665612726,0.15778777291238874
source_b_repair_baselines_m5_rohlik_100_v2,rohlik_top_volume_100_20260714,Rohlik,7,seasonal_naive,2217,280,274926.85957336426,36455.289459228516,130.19746235438757,13.950737154498267,0.13259995591482185
source_b_repair_baselines_m5_rohlik_100_v2,rohlik_top_volume_100_20260714,Rohlik,7,seasonal_naive,2218,280,126590.24021148682,18860.16017150879,67.35771489824567,15.777517127996482,0.14898589448918206
source_b_repair_baselines_m5_rohlik_100_v2,rohlik_top_volume_100_20260714,Rohlik,7,seasonal_naive,2274,280,151934.1999359131,65072.769622802734,232.4027486528669,57.3083584353946,0.4282957336152814
source_b_repair_baselines_m5_rohlik_100_v2,rohlik_top_volume_100_20260714,Rohlik,7,seasonal_naive,2275,280,108671.41033172607,45670.77989196777,163.1099281855992,54.122133156513776,0.4202649045646408
source_b_repair_baselines_m5_rohlik_100_v2,rohlik_top_volume_100_20260714,Rohlik,7,seasonal_naive,2325,280,218676.69919586182,50848.30842590332,181.60110152108328,25.29842986757559,0.23252732738735962
source_b_repair_baselines_m5_rohlik_100_v2,rohlik_top_volume_100_20260714,Rohlik,7,seasonal_naive,2467,280,124018.61987304688,51612.800231933594,184.33142939976284,42.03552040283478,0.41616976777170755
source_b_repair_baselines_m5_rohlik_100_v2,rohlik_top_volume_100_20260714,Rohlik,7,seasonal_naive,2468,280,207317.14988708496,172218.01947021484,615.0643552507673,65.16227425091405,0.8306983747558424
source_b_repair_baselines_m5_rohlik_100_v2,rohlik_top_volume_100_20260714,Rohlik,7,seasonal_naive,2470,280,261642.5806427002,188067.60037231445,671.6700013296945,59.42723004931949,0.7187958470304957
source_b_repair_baselines_m5_rohlik_100_v2,rohlik_top_volume_100_20260714,Rohlik,7,seasonal_naive,2560,280,273117.1798400879,78599.61950683594,280.71292681012835,26.62001564507196,0.287787167225645
source_b_repair_baselines_m5_rohlik_100_v2,rohlik_top_volume_100_20260714,Rohlik,7,seasonal_naive,2561,280,551515.4985351562,165979.88916015625,592.7853184291295,30.080833105366295,0.30095235691654076
source_b_repair_baselines_m5_rohlik_100_v2,rohlik_top_volume_100_20260714,Rohlik,7,seasonal_naive,2562,280,501021.64096069336,138544.92901611328,494.8033179146903,26.73020807227351,0.27652483982619536
source_b_repair_baselines_m5_rohlik_100_v2,rohlik_top_volume_100_20260714,Rohlik,7,seasonal_naive,2563,280,249795.21975708008,72919.8291015625,260.42796107700894,28.791650836481924,0.2919184329166719
source_b_repair_baselines_m5_rohlik_100_v2,rohlik_top_volume_100_20260714,Rohlik,7,seasonal_naive,2565,280,173654.3897781372,65516.40042114258,233.9871443612235,31.18592849188045,0.37728041603121615
source_b_repair_baselines_m5_rohlik_100_v2,rohlik_top_volume_100_20260714,Rohlik,7,seasonal_naive,2566,280,138404.21014404297,62153.549880981445,221.97696386064803,37.02501222511233,0.4490726822276265
source_b_repair_baselines_m5_rohlik_100_v2,rohlik_top_volume_100_20260714,Rohlik,7,seasonal_naive,2694,280,220327.10961914062,37166.08123779297,132.73600442068917,18.24299607884864,0.16868592023032747
source_b_repair_baselines_m5_rohlik_100_v2,rohlik_top_volume_100_20260714,Rohlik,7,seasonal_naive,2840,280,275601.7402648926,72251.06942749023,258.039533669608,26.343826069209058,0.2621575225107311
source_b_repair_baselines_m5_rohlik_100_v2,rohlik_top_volume_100_20260714,Rohlik,7,seasonal_naive,2935,280,193093.2696838379,47496.349365234375,169.62981916155135,23.707350893727305,0.24597620332910997
source_b_repair_baselines_m5_rohlik_100_v2,rohlik_top_volume_100_20260714,Rohlik,7,seasonal_naive,2936,280,169590.96995544434,30884.34991455078,110.30124969482422,18.497660665929068,0.18211081593946216
source_b_repair_baselines_m5_rohlik_100_v2,rohlik_top_volume_100_20260714,Rohlik,7,seasonal_naive,2937,280,280813.5494995117,50450.69055175781,180.18103768484934,18.159768394786827,0.179659032271324
source_b_repair_baselines_m5_rohlik_100_v2,rohlik_top_volume_100_20260714,Rohlik,7,seasonal_naive,2938,280,168716.07014465332,25509.72003173828,91.10614297049386,15.24658073740523,0.1511991122710885
source_b_repair_baselines_m5_rohlik_100_v2,rohlik_top_volume_100_20260714,Rohlik,7,seasonal_naive,3144,280,503970.9108886719,62678.259765625,223.850927734375,12.988638830996615,0.12436880465005797
source_b_repair_baselines_m5_rohlik_100_v2,rohlik_top_volume_100_20260714,Rohlik,7,seasonal_naive,3145,280,338092.6397705078,35308.38024902344,126.10135803222656,10.795949362659034,0.10443403995126967
source_b_repair_baselines_m5_rohlik_100_v2,rohlik_top_volume_100_20260714,Rohlik,7,seasonal_naive,3146,280,0.0,0.0,0.0,0.0,
source_b_repair_baselines_m5_rohlik_100_v2,rohlik_top_volume_100_20260714,Rohlik,7,seasonal_naive,3147,280,297310.9501647949,34636.178649902344,123.70063803536551,12.222136774263907,0.11649816002641018
source_b_repair_baselines_m5_rohlik_100_v2,rohlik_top_volume_100_20260714,Rohlik,7,seasonal_naive,3152,280,129612.94994354248,76438.0697631836,272.99310629708424,56.500726000758064,0.5897409926745661
source_b_repair_baselines_m5_rohlik_100_v2,rohlik_top_volume_100_20260714,Rohlik,7,seasonal_naive,3155,280,105009.38983726501,76613.00040054321,273.6178585733686,70.30971623588115,0.7295823784832175
source_b_repair_baselines_m5_rohlik_100_v2,rohlik_top_volume_100_20260714,Rohlik,7,seasonal_naive,3184,280,248360.49018859863,36741.5198059082,131.2197135925293,16.3244606758334,0.14793625096329785
source_b_repair_baselines_m5_rohlik_100_v2,rohlik_top_volume_100_20260714,Rohlik,7,seasonal_naive,3224,280,81147.24968624115,62259.189445495605,222.35424801962716,77.12365761130935,0.7672372099636534
source_b_repair_baselines_m5_rohlik_100_v2,rohlik_top_volume_100_20260714,Rohlik,7,seasonal_naive,3225,280,75168.05016422272,65642.77020835876,234.43846502985272,75.62388438904037,0.8732802043547268
source_b_repair_baselines_m5_rohlik_100_v2,rohlik_top_volume_100_20260714,Rohlik,7,seasonal_naive,3336,280,575708.1196289062,65982.00122070312,235.65000435965402,11.849691945708903,0.11461016263455558
source_b_repair_baselines_m5_rohlik_100_v2,rohlik_top_volume_100_20260714,Rohlik,7,seasonal_naive,3456,280,256175.78985595703,40788.53967285156,145.67335597446987,17.761940445497423,0.1592208994292014
source_b_repair_baselines_m5_rohlik_100_v2,rohlik_top_volume_100_20260714,Rohlik,7,seasonal_naive,3616,280,318439.2596435547,51773.460388183594,184.90521567208427,16.878150885716824,0.1625850419515994
source_b_repair_baselines_m5_rohlik_100_v2,rohlik_top_volume_100_20260714,Rohlik,7,seasonal_naive,3617,280,187647.49993896484,28770.02035522461,102.75007269723075,15.990455401459192,0.15331949727325164
source_b_repair_baselines_m5_rohlik_100_v2,rohlik_top_volume_100_20260714,Rohlik,7,seasonal_naive,3618,280,151499.94006347656,24339.250457763672,86.92589449201311,16.64405624667669,0.16065518209159577
source_b_repair_baselines_m5_rohlik_100_v2,rohlik_top_volume_100_20260714,Rohlik,7,seasonal_naive,3685,280,112072.23987579346,37055.749771118164,132.34196346827915,35.625466589379045,0.3306416451762365
source_b_repair_baselines_m5_rohlik_100_v2,rohlik_top_volume_100_20260714,Rohlik,7,seasonal_naive,3686,280,139290.15993404388,36972.010316848755,132.04289398874556,26.911725963765683,0.2654316021631075
source_b_repair_baselines_m5_rohlik_100_v2,rohlik_top_volume_100_20260714,Rohlik,7,seasonal_naive,3871,280,143374.5302658081,41173.969802856445,147.04989215305872,25.5989447973426,0.2871777136882142
source_b_repair_baselines_m5_rohlik_100_v2,rohlik_top_volume_100_20260714,Rohlik,7,seasonal_naive,4172,280,260753.42961120605,75736.64993286133,270.4880354745047,31.464989153247107,0.2904531305524447
source_b_repair_baselines_m5_rohlik_100_v2,rohlik_top_volume_100_20260714,Rohlik,7,seasonal_naive,4227,280,112724.54960632324,52220.81948852539,186.50292674473354,43.92985745250581,0.46326039599093755
source_b_repair_baselines_m5_rohlik_100_v2,rohlik_top_volume_100_20260714,Rohlik,7,seasonal_naive,4228,280,206421.50966644287,92838.42958068848,331.56581993103026,40.0415962050474,0.44975172272844227
source_b_repair_baselines_m5_rohlik_100_v2,rohlik_top_volume_100_20260714,Rohlik,7,seasonal_naive,4229,280,121289.81995391846,55645.76014709473,198.73485766819545,43.06787454270439,0.45878343432479474
source_b_repair_baselines_m5_rohlik_100_v2,rohlik_top_volume_100_20260714,Rohlik,7,seasonal_naive,4230,280,193655.57107543945,102832.92074584961,367.2604312351772,52.743465292367695,0.5310093594249894
source_b_repair_baselines_m5_rohlik_100_v2,rohlik_top_volume_100_20260714,Rohlik,7,seasonal_naive,4523,280,171175.77983093262,21064.019317626953,75.22864042009626,12.358016370487803,0.1230549049546117
source_b_repair_baselines_m5_rohlik_100_v2,rohlik_top_volume_100_20260714,Rohlik,7,seasonal_naive,4720,280,4037897.0986328125,457834.3232421875,1635.1225830078124,11.762891832633935,0.11338434637108637
source_b_repair_baselines_m5_rohlik_100_v2,rohlik_top_volume_100_20260714,Rohlik,7,seasonal_naive,4793,280,575034.4410400391,101638.92944335938,362.99617658342635,18.707888010143204,0.17675276851162094
source_b_repair_baselines_m5_rohlik_100_v2,rohlik_top_volume_100_20260714,Rohlik,7,seasonal_naive,4877,280,279479.92053222656,36168.930236816406,129.17475084577288,13.237001211556365,0.12941512995974178
source_b_repair_baselines_m5_rohlik_100_v2,rohlik_top_volume_100_20260714,Rohlik,7,seasonal_naive,4878,280,173437.76989746094,29418.15997314453,105.06485704694475,17.112674348641164,0.16961795571135974
source_b_repair_baselines_m5_rohlik_100_v2,rohlik_top_volume_100_20260714,Rohlik,7,seasonal_naive,4879,280,637516.419921875,87221.54187011719,311.50550667898995,14.259405101619397,0.1368145809966837
source_b_repair_baselines_m5_rohlik_100_v2,rohlik_top_volume_100_20260714,Rohlik,7,seasonal_naive,4883,280,1313540.4802246094,175444.2666015625,626.5866664341518,13.271248235037781,0.13356593819747553
source_b_repair_baselines_m5_rohlik_100_v2,rohlik_top_volume_100_20260714,Rohlik,7,seasonal_naive,4884,280,1460296.7197265625,185740.7548828125,663.3598388671875,12.363714403734969,0.12719384517798005
source_b_repair_baselines_m5_rohlik_100_v2,rohlik_top_volume_100_20260714,Rohlik,7,seasonal_naive,4885,280,2587560.158203125,359751.62255859375,1284.8272234235492,13.334236700521492,0.13903121108821503
source_b_repair_baselines_m5_rohlik_100_v2,rohlik_top_volume_100_20260714,Rohlik,7,seasonal_naive,4965,280,209354.80053710938,69994.82104492188,249.98150373186385,27.942595709047414,0.33433587797054065
source_b_repair_baselines_m5_rohlik_100_v2,rohlik_top_volume_100_20260714,Rohlik,7,seasonal_naive,4966,280,114273.84986877441,40137.33935546875,143.34764055524553,28.357173656280356,0.35123818267749085
source_b_repair_baselines_m5_rohlik_100_v2,rohlik_top_volume_100_20260714,Rohlik,7,seasonal_naive,4967,280,217679.2293624878,90007.33955383301,321.4547841208322,36.274579011473804,0.41348611816311304
source_b_repair_baselines_m5_rohlik_100_v2,rohlik_top_volume_100_20260714,Rohlik,7,seasonal_naive,4968,280,132231.52013397217,46183.97032165527,164.94275114876882,29.626896661565365,0.34926597134225906
source_b_repair_baselines_m5_rohlik_100_v2,rohlik_top_volume_100_20260714,Rohlik,7,seasonal_naive,5164,280,145507.20980644226,61074.81061172485,218.12432361330306,51.120515692547684,0.41973734973660937
source_b_repair_baselines_m5_rohlik_100_v2,rohlik_top_volume_100_20260714,Rohlik,7,seasonal_naive,5166,280,112630.67004394531,62078.65019226074,221.7094649723598,67.01570969147667,0.5511700335977705
source_b_repair_baselines_m5_rohlik_100_v2,rohlik_top_volume_100_20260714,Rohlik,7,seasonal_naive,5277,280,151712.34029006958,66928.38067626953,239.0299309866769,42.0852086100624,0.4411531754655186
source_b_repair_baselines_m5_rohlik_100_v2,rohlik_top_volume_100_20260714,Rohlik,7,seasonal_naive,5278,280,174989.42964935303,74633.83955383301,266.54942697797503,42.83736165751947,0.4265048449119792
source_b_repair_baselines_m5_rohlik_100_v2,rohlik_top_volume_100_20260714,Rohlik,7,seasonal_naive,5293,280,239707.89004516602,45167.76013183594,161.3134290422712,17.65592598420503,0.18842834135883213
source_b_repair_baselines_m5_rohlik_100_v2,rohlik_top_volume_100_20260714,Rohlik,7,seasonal_naive,5294,280,224627.77935791016,53253.650329589844,190.19160831996373,20.658326269182954,0.2370750869808416
source_b_repair_baselines_m5_rohlik_100_v2,rohlik_top_volume_100_20260714,Rohlik,7,seasonal_naive,5295,280,163282.1696624756,24657.35955810547,88.06199842180524,14.78938460917631,0.1510107295185707
source_b_repair_baselines_m5_rohlik_100_v2,rohlik_top_volume_100_20260714,Rohlik,7,seasonal_naive,5296,280,156334.580368042,28574.820190429688,102.0529292515346,17.524876761393386,0.18277990783074996
source_b_repair_baselines_m5_rohlik_100_v2,rohlik_top_volume_100_20260714,Rohlik,7,seasonal_naive,5347,280,131796.05020141602,60642.76089477539,216.5812889099121,44.13507235856142,0.4601257837552695
source_b_repair_baselines_m5_rohlik_100_v2,rohlik_top_volume_100_20260714,Rohlik,7,seasonal_naive,5350,280,186111.16989898682,76968.9598236084,274.88914222717284,40.52199366134925,0.41356442961152656
source_b_repair_baselines_m5_rohlik_100_v2,rohlik_top_volume_100_20260714,Rohlik,7,lightgbm_cov,80,280,65024.250061035156,12195.244445800781,43.5544444492885,18.449468209165552,0.18754917487481498
source_b_repair_baselines_m5_rohlik_100_v2,rohlik_top_volume_100_20260714,Rohlik,7,lightgbm_cov,139,280,704992.3494262695,124964.0570678711,446.30020381382536,17.86291961843382,0.17725590521594767
source_b_repair_baselines_m5_rohlik_100_v2,rohlik_top_volume_100_20260714,Rohlik,7,lightgbm_cov,393,280,347206.3200683594,131417.49682617188,469.3482029506138,34.46209673578388,0.3784997254666847
source_b_repair_baselines_m5_rohlik_100_v2,rohlik_top_volume_100_20260714,Rohlik,7,lightgbm_cov,394,280,239137.44957733154,93859.57695007324,335.2127748216902,38.96697646463082,0.39249217182824064
source_b_repair_baselines_m5_rohlik_100_v2,rohlik_top_volume_100_20260714,Rohlik,7,lightgbm_cov,524,280,267690.19955444336,35970.443267822266,128.46586881365096,13.419127266332964,0.13437340376186063
source_b_repair_baselines_m5_rohlik_100_v2,rohlik_top_volume_100_20260714,Rohlik,7,lightgbm_cov,525,280,531616.6622314453,73484.01086425781,262.4428959437779,13.49174308738249,0.13822744109601615
source_b_repair_baselines_m5_rohlik_100_v2,rohlik_top_volume_100_20260714,Rohlik,7,lightgbm_cov,526,280,338197.9295654297,41780.471252441406,149.2159687587193,12.646690140241176,0.12353851871928245
source_b_repair_baselines_m5_rohlik_100_v2,rohlik_top_volume_100_20260714,Rohlik,7,lightgbm_cov,539,280,193128.92993927002,28906.802757263184,103.23858127593994,15.364619725164772,0.14967619178728436
source_b_repair_baselines_m5_rohlik_100_v2,rohlik_top_volume_100_20260714,Rohlik,7,lightgbm_cov,619,280,111035.18016052246,53228.90624833107,190.1032366011824,98.53494272884011,0.47938775954952806
source_b_repair_baselines_m5_rohlik_100_v2,rohlik_top_volume_100_20260714,Rohlik,7,lightgbm_cov,652,280,906449.6130943298,260179.46515274048,929.2123755455017,28.843256966973936,0.2870313599280723
source_b_repair_baselines_m5_rohlik_100_v2,rohlik_top_volume_100_20260714,Rohlik,7,lightgbm_cov,653,280,742757.7571563721,241801.7122039795,863.577543585641,33.104571772389846,0.32554585916370743
source_b_repair_baselines_m5_rohlik_100_v2,rohlik_top_volume_100_20260714,Rohlik,7,lightgbm_cov,654,280,465967.79803466797,136790.81463623047,488.5386237008231,28.812202381486774,0.2935628067286599
source_b_repair_baselines_m5_rohlik_100_v2,rohlik_top_volume_100_20260714,Rohlik,7,lightgbm_cov,655,280,569343.7183532715,160102.9728088379,571.7963314601353,27.83082454262964,0.2812061811657607
source_b_repair_baselines_m5_rohlik_100_v2,rohlik_top_volume_100_20260714,Rohlik,7,lightgbm_cov,888,280,161351.10961914062,47454.06686401367,169.47881022862026,36.41727575016837,0.29410437260720473
source_b_repair_baselines_m5_rohlik_100_v2,rohlik_top_volume_100_20260714,Rohlik,7,lightgbm_cov,890,280,151037.71043395996,49505.023794174194,176.80365640776498,46.57907701286088,0.32776598408395413
source_b_repair_baselines_m5_rohlik_100_v2,rohlik_top_volume_100_20260714,Rohlik,7,lightgbm_cov,912,280,138695.33001708984,57572.0821685791,205.6145791734968,41.724717690052806,0.41509748137507696
source_b_repair_baselines_m5_rohlik_100_v2,rohlik_top_volume_100_20260714,Rohlik,7,lightgbm_cov,1032,280,313453.1592102051,40422.225158691406,144.3650898524693,14.063705434319443,0.12895778514576664
source_b_repair_baselines_m5_rohlik_100_v2,rohlik_top_volume_100_20260714,Rohlik,7,lightgbm_cov,1266,280,151124.2797088623,22414.73699951172,80.05263214111328,13.927000005987042,0.14831989302243975
source_b_repair_baselines_m5_rohlik_100_v2,rohlik_top_volume_100_20260714,Rohlik,7,lightgbm_cov,1269,280,140353.15000152588,22996.467308044434,82.13024038587298,16.282568660509593,0.16384717626782458
source_b_repair_baselines_m5_rohlik_100_v2,rohlik_top_volume_100_20260714,Rohlik,7,lightgbm_cov,1270,280,132543.56005859375,32963.98440551758,117.72851573399134,23.527103700288336,0.24870302556340826
source_b_repair_baselines_m5_rohlik_100_v2,rohlik_top_volume_100_20260714,Rohlik,7,lightgbm_cov,1391,280,221225.1198425293,32486.491760253906,116.02318485804966,14.728974764985022,0.14684811464167444
source_b_repair_baselines_m5_rohlik_100_v2,rohlik_top_volume_100_20260714,Rohlik,7,lightgbm_cov,1405,280,126042.9401473999,50836.391273498535,181.55854026249477,35.764030026336464,0.4033259714034624
source_b_repair_baselines_m5_rohlik_100_v2,rohlik_top_volume_100_20260714,Rohlik,7,lightgbm_cov,1408,280,207613.20947265625,70883.29052734375,253.1546090262277,29.81894513457951,0.3414199448454625
source_b_repair_baselines_m5_rohlik_100_v2,rohlik_top_volume_100_20260714,Rohlik,7,lightgbm_cov,1413,280,289053.51054000854,57987.183460235596,207.0970837865557,20.691366164805032,0.20061054907066925
source_b_repair_baselines_m5_rohlik_100_v2,rohlik_top_volume_100_20260714,Rohlik,7,lightgbm_cov,1640,280,120672.08973693848,34086.53243637085,121.7376158441816,29.241564188340654,0.28247238040443706
source_b_repair_baselines_m5_rohlik_100_v2,rohlik_top_volume_100_20260714,Rohlik,7,lightgbm_cov,1671,280,141476.37020874023,34263.98000717163,122.37135716847011,27.170337817571966,0.24218871290390828
source_b_repair_baselines_m5_rohlik_100_v2,rohlik_top_volume_100_20260714,Rohlik,7,lightgbm_cov,1672,280,151003.13999176025,32434.439598083496,115.83728427886963,21.160473998427083,0.21479314668458774
source_b_repair_baselines_m5_rohlik_100_v2,rohlik_top_volume_100_20260714,Rohlik,7,lightgbm_cov,1925,280,145504.06002807617,34971.35987961292,124.89771385576044,126.75925714357096,0.24034628224714086
source_b_repair_baselines_m5_rohlik_100_v2,rohlik_top_volume_100_20260714,Rohlik,7,lightgbm_cov,1927,280,138158.75009334087,29021.845667004585,103.64944881073066,44.72966644232423,0.2100615823999367
source_b_repair_baselines_m5_rohlik_100_v2,rohlik_top_volume_100_20260714,Rohlik,7,lightgbm_cov,2127,280,224514.65948486328,97109.61571502686,346.8200561250959,38.89608246360021,0.4325312918890891
source_b_repair_baselines_m5_rohlik_100_v2,rohlik_top_volume_100_20260714,Rohlik,7,lightgbm_cov,2129,280,201146.12992095947,109230.65469741821,390.1094810622079,53.27904241007999,0.5430412941096132
source_b_repair_baselines_m5_rohlik_100_v2,rohlik_top_volume_100_20260714,Rohlik,7,lightgbm_cov,2159,280,205632.91958618164,27602.0858001709,98.57887785775321,14.18244851964058,0.13422989789629838
source_b_repair_baselines_m5_rohlik_100_v2,rohlik_top_volume_100_20260714,Rohlik,7,lightgbm_cov,2160,280,155848.88995361328,19250.99095916748,68.75353913988386,12.892961180784903,0.12352343969146862
source_b_repair_baselines_m5_rohlik_100_v2,rohlik_top_volume_100_20260714,Rohlik,7,lightgbm_cov,2161,280,119318.8002319336,16876.321868896484,60.27257810320173,14.672198939705241,0.1414389168856211
source_b_repair_baselines_m5_rohlik_100_v2,rohlik_top_volume_100_20260714,Rohlik,7,lightgbm_cov,2216,280,279236.34016418457,34915.236892700195,124.69727461678642,13.08090274324245,0.12503829864039487
source_b_repair_baselines_m5_rohlik_100_v2,rohlik_top_volume_100_20260714,Rohlik,7,lightgbm_cov,2217,280,274926.85957336426,27511.98780822754,98.25709931509836,10.293729689812627,0.10007020722137178
source_b_repair_baselines_m5_rohlik_100_v2,rohlik_top_volume_100_20260714,Rohlik,7,lightgbm_cov,2218,280,126590.24021148682,17946.776573181152,64.09563061850412,14.295516619136025,0.14177061788648584
source_b_repair_baselines_m5_rohlik_100_v2,rohlik_top_volume_100_20260714,Rohlik,7,lightgbm_cov,2274,280,151934.1999359131,45284.41872596741,161.73006687845503,44.1403725463081,0.2980528330360689
source_b_repair_baselines_m5_rohlik_100_v2,rohlik_top_volume_100_20260714,Rohlik,7,lightgbm_cov,2275,280,108671.41033172607,36421.761056900024,130.07771806035723,47.284701301824924,0.3351549496387356
source_b_repair_baselines_m5_rohlik_100_v2,rohlik_top_volume_100_20260714,Rohlik,7,lightgbm_cov,2325,280,218676.69919586182,40944.890617370605,146.23175220489503,19.762578200363574,0.18723938475355145
source_b_repair_baselines_m5_rohlik_100_v2,rohlik_top_volume_100_20260714,Rohlik,7,lightgbm_cov,2467,280,124018.61987304688,35124.7008895874,125.44536031995501,67.66065845348692,0.2832211882823984
source_b_repair_baselines_m5_rohlik_100_v2,rohlik_top_volume_100_20260714,Rohlik,7,lightgbm_cov,2468,280,207317.14988708496,95753.43855819106,341.9765662792538,64.3005219554131,0.46186935625124625
source_b_repair_baselines_m5_rohlik_100_v2,rohlik_top_volume_100_20260714,Rohlik,7,lightgbm_cov,2470,280,261642.5806427002,119060.42096877098,425.2157891741821,60.16102738846987,0.4550498648817419
source_b_repair_baselines_m5_rohlik_100_v2,rohlik_top_volume_100_20260714,Rohlik,7,lightgbm_cov,2560,280,273117.1798400879,54141.52685546875,193.3625959123884,19.695340822211033,0.19823552252249022
source_b_repair_baselines_m5_rohlik_100_v2,rohlik_top_volume_100_20260714,Rohlik,7,lightgbm_cov,2561,280,551515.4985351562,120618.99505615234,430.7821252005441,23.182137845568544,0.2187046336440598
source_b_repair_baselines_m5_rohlik_100_v2,rohlik_top_volume_100_20260714,Rohlik,7,lightgbm_cov,2562,280,501021.64096069336,99951.07046508789,356.96810880388534,20.237252290118473,0.1994945173893783
source_b_repair_baselines_m5_rohlik_100_v2,rohlik_top_volume_100_20260714,Rohlik,7,lightgbm_cov,2563,280,249795.21975708008,52109.721923828125,186.1061497279576,21.846315771510294,0.20860976432817085
source_b_repair_baselines_m5_rohlik_100_v2,rohlik_top_volume_100_20260714,Rohlik,7,lightgbm_cov,2565,280,173654.3897781372,44083.10640716553,157.4396657398769,22.931810476185476,0.2538554105282717
source_b_repair_baselines_m5_rohlik_100_v2,rohlik_top_volume_100_20260714,Rohlik,7,lightgbm_cov,2566,280,138404.21014404297,42930.11428833008,153.321836744036,28.043074358585617,0.31017925136562635
source_b_repair_baselines_m5_rohlik_100_v2,rohlik_top_volume_100_20260714,Rohlik,7,lightgbm_cov,2694,280,220327.10961914062,29089.99755859375,103.89284842354911,14.538035296663008,0.13203094984034863
source_b_repair_baselines_m5_rohlik_100_v2,rohlik_top_volume_100_20260714,Rohlik,7,lightgbm_cov,2840,280,275601.7402648926,62553.73513793945,223.40619692121234,22.689645022844505,0.22697148094136269
source_b_repair_baselines_m5_rohlik_100_v2,rohlik_top_volume_100_20260714,Rohlik,7,lightgbm_cov,2935,280,193093.2696838379,38159.29260253906,136.28318786621094,19.125229169509854,0.19762103912279982
source_b_repair_baselines_m5_rohlik_100_v2,rohlik_top_volume_100_20260714,Rohlik,7,lightgbm_cov,2936,280,169590.96995544434,22328.761032104492,79.7455751146589,13.352209181077349,0.13166244074180836
source_b_repair_baselines_m5_rohlik_100_v2,rohlik_top_volume_100_20260714,Rohlik,7,lightgbm_cov,2937,280,280813.5494995117,38605.92736816406,137.87831202915737,13.791395626955739,0.13747886252985522
source_b_repair_baselines_m5_rohlik_100_v2,rohlik_top_volume_100_20260714,Rohlik,7,lightgbm_cov,2938,280,168716.07014465332,20545.584274291992,73.37708669389997,12.206109843722738,0.12177609552354246
source_b_repair_baselines_m5_rohlik_100_v2,rohlik_top_volume_100_20260714,Rohlik,7,lightgbm_cov,3144,280,503970.9108886719,52442.527893066406,187.29474247523717,10.746492884329447,0.10405864060803116
source_b_repair_baselines_m5_rohlik_100_v2,rohlik_top_volume_100_20260714,Rohlik,7,lightgbm_cov,3145,280,338092.6397705078,30428.66229248047,108.67379390171595,9.289726779867182,0.09000096042651205
source_b_repair_baselines_m5_rohlik_100_v2,rohlik_top_volume_100_20260714,Rohlik,7,lightgbm_cov,3146,280,0.0,939.1102972626686,3.3539653473666737,200.0,
source_b_repair_baselines_m5_rohlik_100_v2,rohlik_top_volume_100_20260714,Rohlik,7,lightgbm_cov,3147,280,297310.9501647949,26482.37091064453,94.57989610944476,9.20770230524783,0.08907297526702516
source_b_repair_baselines_m5_rohlik_100_v2,rohlik_top_volume_100_20260714,Rohlik,7,lightgbm_cov,3152,280,129612.94994354248,50362.650215148926,179.86660791124618,41.282417449162004,0.38856187006843196
source_b_repair_baselines_m5_rohlik_100_v2,rohlik_top_volume_100_20260714,Rohlik,7,lightgbm_cov,3155,280,105009.38983726501,51062.289098739624,182.36531820978436,51.622169717097286,0.486264030082184
source_b_repair_baselines_m5_rohlik_100_v2,rohlik_top_volume_100_20260714,Rohlik,7,lightgbm_cov,3184,280,248360.49018859863,28093.18992614746,100.33282116481236,12.232208641730107,0.11311456949055869
source_b_repair_baselines_m5_rohlik_100_v2,rohlik_top_volume_100_20260714,Rohlik,7,lightgbm_cov,3224,280,81147.24968624115,46984.935059547424,167.80333949838365,61.64620690555953,0.5790083489115949
source_b_repair_baselines_m5_rohlik_100_v2,rohlik_top_volume_100_20260714,Rohlik,7,lightgbm_cov,3225,280,75168.05016422272,47970.05740261078,171.32163358075277,87.34326116507476,0.638170835851251
source_b_repair_baselines_m5_rohlik_100_v2,rohlik_top_volume_100_20260714,Rohlik,7,lightgbm_cov,3336,280,575708.1196289062,55319.585388183594,197.5699478149414,9.7922090944113,0.09608963900638028
source_b_repair_baselines_m5_rohlik_100_v2,rohlik_top_volume_100_20260714,Rohlik,7,lightgbm_cov,3456,280,256175.78985595703,31099.599853515625,111.06999947684152,13.279740985696709,0.12139944946008506
source_b_repair_baselines_m5_rohlik_100_v2,rohlik_top_volume_100_20260714,Rohlik,7,lightgbm_cov,3616,280,318439.2596435547,39427.76809692383,140.81345748901367,12.936124278894507,0.12381566312224611
source_b_repair_baselines_m5_rohlik_100_v2,rohlik_top_volume_100_20260714,Rohlik,7,lightgbm_cov,3617,280,187647.49993896484,23228.502029418945,82.95893581935337,13.051395582996623,0.12378796433192216
source_b_repair_baselines_m5_rohlik_100_v2,rohlik_top_volume_100_20260714,Rohlik,7,lightgbm_cov,3618,280,151499.94006347656,19305.003204345703,68.94644001552037,13.331284017751535,0.12742581413733334
source_b_repair_baselines_m5_rohlik_100_v2,rohlik_top_volume_100_20260714,Rohlik,7,lightgbm_cov,3685,280,112072.23987579346,25812.228818893433,92.18653149604798,25.500025758650587,0.23031777403128917
source_b_repair_baselines_m5_rohlik_100_v2,rohlik_top_volume_100_20260714,Rohlik,7,lightgbm_cov,3686,280,139290.15993404388,27696.84920978546,98.91731860637665,20.845117452702908,0.19884282725283942
source_b_repair_baselines_m5_rohlik_100_v2,rohlik_top_volume_100_20260714,Rohlik,7,lightgbm_cov,3871,280,143374.5302658081,34821.964279174805,124.36415813991002,22.94900429847034,0.2428741298375443
source_b_repair_baselines_m5_rohlik_100_v2,rohlik_top_volume_100_20260714,Rohlik,7,lightgbm_cov,4172,280,260753.42961120605,64038.49217391014,228.70890062110766,75.46316750791244,0.24559022011481932
source_b_repair_baselines_m5_rohlik_100_v2,rohlik_top_volume_100_20260714,Rohlik,7,lightgbm_cov,4227,280,112724.54960632324,45327.03532791138,161.8822690282549,41.499946098857755,0.4021043817536688
source_b_repair_baselines_m5_rohlik_100_v2,rohlik_top_volume_100_20260714,Rohlik,7,lightgbm_cov,4228,280,206421.50966644287,69352.74072647095,247.68835973739624,38.03095943153169,0.33597632745995437
source_b_repair_baselines_m5_rohlik_100_v2,rohlik_top_volume_100_20260714,Rohlik,7,lightgbm_cov,4229,280,121289.81995391846,44868.7077331543,160.24538476126534,41.47718982827268,0.36992970844709994
source_b_repair_baselines_m5_rohlik_100_v2,rohlik_top_volume_100_20260714,Rohlik,7,lightgbm_cov,4230,280,193655.57107543945,78954.0101890564,281.97860781805855,46.956300878160356,0.40770327313898697
source_b_repair_baselines_m5_rohlik_100_v2,rohlik_top_volume_100_20260714,Rohlik,7,lightgbm_cov,4523,280,171175.77983093262,15937.465896606445,56.919521059308735,9.27107327510254,0.09310584658850456
source_b_repair_baselines_m5_rohlik_100_v2,rohlik_top_volume_100_20260714,Rohlik,7,lightgbm_cov,4720,280,4037897.0986328125,419516.36572265625,1498.2727347237724,10.576621903825407,0.10389476390190822
source_b_repair_baselines_m5_rohlik_100_v2,rohlik_top_volume_100_20260714,Rohlik,7,lightgbm_cov,4793,280,575034.4410400391,79709.44287109375,284.67658168247766,14.100321736863899,0.1386168152414086
source_b_repair_baselines_m5_rohlik_100_v2,rohlik_top_volume_100_20260714,Rohlik,7,lightgbm_cov,4877,280,279479.92053222656,33693.46142578125,120.3337908063616,12.946113050203895,0.1205577179269882
source_b_repair_baselines_m5_rohlik_100_v2,rohlik_top_volume_100_20260714,Rohlik,7,lightgbm_cov,4878,280,173437.76989746094,25676.973999023438,91.70347856794085,15.443670321818919,0.14804718726609584
source_b_repair_baselines_m5_rohlik_100_v2,rohlik_top_volume_100_20260714,Rohlik,7,lightgbm_cov,4879,280,637516.419921875,82347.69958496094,294.09892708914623,13.770962423925043,0.12916953510789936
source_b_repair_baselines_m5_rohlik_100_v2,rohlik_top_volume_100_20260714,Rohlik,7,lightgbm_cov,4883,280,1313540.4802246094,131179.52319335938,468.4982971191406,10.01869314782693,0.09986713403071391
source_b_repair_baselines_m5_rohlik_100_v2,rohlik_top_volume_100_20260714,Rohlik,7,lightgbm_cov,4884,280,1460296.7197265625,157863.56665039062,563.7984523228237,10.896276104721162,0.10810376036450335
source_b_repair_baselines_m5_rohlik_100_v2,rohlik_top_volume_100_20260714,Rohlik,7,lightgbm_cov,4885,280,2587560.158203125,309157.22509765625,1104.1329467773437,11.884041924020886,0.11947827536204754
source_b_repair_baselines_m5_rohlik_100_v2,rohlik_top_volume_100_20260714,Rohlik,7,lightgbm_cov,4965,280,209354.80053710938,66044.3115234375,235.87254115513392,26.104504456484324,0.3154659523163442
source_b_repair_baselines_m5_rohlik_100_v2,rohlik_top_volume_100_20260714,Rohlik,7,lightgbm_cov,4966,280,114273.84986877441,40786.413482666016,145.6657624380929,29.17858706560089,0.35691817095077144
source_b_repair_baselines_m5_rohlik_100_v2,rohlik_top_volume_100_20260714,Rohlik,7,lightgbm_cov,4967,280,217679.2293624878,82307.54528045654,293.95551885877336,32.36639974470089,0.3781139134014246
source_b_repair_baselines_m5_rohlik_100_v2,rohlik_top_volume_100_20260714,Rohlik,7,lightgbm_cov,4968,280,132231.52013397217,43104.70677566528,153.94538134166172,28.01422218413222,0.32597906105891516
source_b_repair_baselines_m5_rohlik_100_v2,rohlik_top_volume_100_20260714,Rohlik,7,lightgbm_cov,5164,280,145507.20980644226,40578.48880958557,144.92317431994846,38.24703814575533,0.2788761386020954
source_b_repair_baselines_m5_rohlik_100_v2,rohlik_top_volume_100_20260714,Rohlik,7,lightgbm_cov,5166,280,112630.67004394531,35286.918807029724,126.02471002510616,48.27404192931541,0.31329760173904464
source_b_repair_baselines_m5_rohlik_100_v2,rohlik_top_volume_100_20260714,Rohlik,7,lightgbm_cov,5277,280,151712.34029006958,43748.495471954346,156.24462668555122,30.3599370540372,0.28836477895145834
source_b_repair_baselines_m5_rohlik_100_v2,rohlik_top_volume_100_20260714,Rohlik,7,lightgbm_cov,5278,280,174989.42964935303,49784.38021659851,177.80135791642326,32.974836365890944,0.28449935699749035
source_b_repair_baselines_m5_rohlik_100_v2,rohlik_top_volume_100_20260714,Rohlik,7,lightgbm_cov,5293,280,239707.89004516602,38686.86880493164,138.16738858904156,15.14494577465336,0.16139172055472276
source_b_repair_baselines_m5_rohlik_100_v2,rohlik_top_volume_100_20260714,Rohlik,7,lightgbm_cov,5294,280,224627.77935791016,39925.49401855469,142.59105006626675,16.327121632858603,0.17774067896980583
source_b_repair_baselines_m5_rohlik_100_v2,rohlik_top_volume_100_20260714,Rohlik,7,lightgbm_cov,5295,280,163282.1696624756,20006.534591674805,71.45190925598145,11.910135898156444,0.12252736862224935
source_b_repair_baselines_m5_rohlik_100_v2,rohlik_top_volume_100_20260714,Rohlik,7,lightgbm_cov,5296,280,156334.580368042,23220.01985168457,82.92864232744489,14.131334398326015,0.14852772686004675
source_b_repair_baselines_m5_rohlik_100_v2,rohlik_top_volume_100_20260714,Rohlik,7,lightgbm_cov,5347,280,131796.05020141602,42709.021755218506,152.5322205543518,33.49742162042249,0.32405388241869815
source_b_repair_baselines_m5_rohlik_100_v2,rohlik_top_volume_100_20260714,Rohlik,7,lightgbm_cov,5350,280,186111.16989898682,51700.30214691162,184.64393623897007,28.96808848112471,0.27779258050428857
source_b_repair_baselines_m5_rohlik_100_v2,rohlik_top_volume_100_20260714,Rohlik,7,lightgbm_direct,80,280,65024.250061035156,13283.010787963867,47.4393242427281,19.82222619333748,0.20427780059740389
source_b_repair_baselines_m5_rohlik_100_v2,rohlik_top_volume_100_20260714,Rohlik,7,lightgbm_direct,139,280,704992.3494262695,120730.13079833984,431.17903856549947,17.07190242888641,0.17125027086689854
source_b_repair_baselines_m5_rohlik_100_v2,rohlik_top_volume_100_20260714,Rohlik,7,lightgbm_direct,393,280,347206.3200683594,135583.6583251953,484.22735116141183,35.29798359788587,0.39049882012084647
source_b_repair_baselines_m5_rohlik_100_v2,rohlik_top_volume_100_20260714,Rohlik,7,lightgbm_direct,394,280,239137.44957733154,96722.35188293457,345.4369710104806,40.42261663887101,0.404463424921059
source_b_repair_baselines_m5_rohlik_100_v2,rohlik_top_volume_100_20260714,Rohlik,7,lightgbm_direct,524,280,267690.19955444336,39771.83767700195,142.0422774178641,14.275365815524518,0.1485741268944479
source_b_repair_baselines_m5_rohlik_100_v2,rohlik_top_volume_100_20260714,Rohlik,7,lightgbm_direct,525,280,531616.6622314453,77178.01965332031,275.63578447614395,13.895869334085342,0.14517607354398532
source_b_repair_baselines_m5_rohlik_100_v2,rohlik_top_volume_100_20260714,Rohlik,7,lightgbm_direct,526,280,338197.9295654297,45536.377197265625,162.62991856166295,13.593767361967219,0.13464416312594812
source_b_repair_baselines_m5_rohlik_100_v2,rohlik_top_volume_100_20260714,Rohlik,7,lightgbm_direct,539,280,193128.92993927002,31928.576316833496,114.03062970297677,16.825993558532755,0.16532259732849727
source_b_repair_baselines_m5_rohlik_100_v2,rohlik_top_volume_100_20260714,Rohlik,7,lightgbm_direct,619,280,111035.18016052246,53637.43466591835,191.5622666639941,99.00759480320171,0.48306702964209397
source_b_repair_baselines_m5_rohlik_100_v2,rohlik_top_volume_100_20260714,Rohlik,7,lightgbm_direct,652,280,906449.6130943298,241933.3032875061,864.0475117410932,26.593385127967196,0.2669020978029027
source_b_repair_baselines_m5_rohlik_100_v2,rohlik_top_volume_100_20260714,Rohlik,7,lightgbm_direct,653,280,742757.7571563721,238344.57023620605,851.2306079864502,32.8356725765105,0.3208913914931051
source_b_repair_baselines_m5_rohlik_100_v2,rohlik_top_volume_100_20260714,Rohlik,7,lightgbm_direct,654,280,465967.79803466797,154834.88061523438,552.9817164829799,31.275477527082057,0.33228665428874693
source_b_repair_baselines_m5_rohlik_100_v2,rohlik_top_volume_100_20260714,Rohlik,7,lightgbm_direct,655,280,569343.7183532715,157284.85250854492,561.7316161019462,27.392101452193273,0.27625641144063945
source_b_repair_baselines_m5_rohlik_100_v2,rohlik_top_volume_100_20260714,Rohlik,7,lightgbm_direct,888,280,161351.10961914062,46053.52608585358,164.4768788780485,35.647583450698924,0.2854242911285835
source_b_repair_baselines_m5_rohlik_100_v2,rohlik_top_volume_100_20260714,Rohlik,7,lightgbm_direct,890,280,151037.71043395996,46248.28353583813,165.17244119942188,45.16255884317991,0.30620355276147954
source_b_repair_baselines_m5_rohlik_100_v2,rohlik_top_volume_100_20260714,Rohlik,7,lightgbm_direct,912,280,138695.33001708984,58117.116928100586,207.56113188607353,41.941214452298844,0.4190272082047714
source_b_repair_baselines_m5_rohlik_100_v2,rohlik_top_volume_100_20260714,Rohlik,7,lightgbm_direct,1032,280,313453.1592102051,43984.14859008789,157.08624496459962,15.016096277974198,0.1403212802222601
source_b_repair_baselines_m5_rohlik_100_v2,rohlik_top_volume_100_20260714,Rohlik,7,lightgbm_direct,1266,280,151124.2797088623,25300.160919189453,90.35771756853376,15.488557603193476,0.16741294627130512
source_b_repair_baselines_m5_rohlik_100_v2,rohlik_top_volume_100_20260714,Rohlik,7,lightgbm_direct,1269,280,140353.15000152588,26914.403007507324,96.12286788395473,18.22388305436385,0.19176201608025698
source_b_repair_baselines_m5_rohlik_100_v2,rohlik_top_volume_100_20260714,Rohlik,7,lightgbm_direct,1270,280,132543.56005859375,33043.359535217285,118.01199834006174,24.30892431953662,0.24930188626750144
source_b_repair_baselines_m5_rohlik_100_v2,rohlik_top_volume_100_20260714,Rohlik,7,lightgbm_direct,1391,280,221225.1198425293,35228.774505615234,125.8170518057687,15.8155269791817,0.15924400687720952
source_b_repair_baselines_m5_rohlik_100_v2,rohlik_top_volume_100_20260714,Rohlik,7,lightgbm_direct,1405,280,126042.9401473999,52025.453941345215,185.80519264766147,36.74786906570802,0.41275976171695505
source_b_repair_baselines_m5_rohlik_100_v2,rohlik_top_volume_100_20260714,Rohlik,7,lightgbm_direct,1408,280,207613.20947265625,61805.85803222656,220.735207257952,27.238321571950223,0.29769713684989163
source_b_repair_baselines_m5_rohlik_100_v2,rohlik_top_volume_100_20260714,Rohlik,7,lightgbm_direct,1413,280,289053.51054000854,67379.97594070435,240.64277121680124,23.63943902530719,0.23310554441918163
source_b_repair_baselines_m5_rohlik_100_v2,rohlik_top_volume_100_20260714,Rohlik,7,lightgbm_direct,1640,280,120672.08973693848,46806.16370010376,167.16487035751342,37.2397056242034,0.38787895197754335
source_b_repair_baselines_m5_rohlik_100_v2,rohlik_top_volume_100_20260714,Rohlik,7,lightgbm_direct,1671,280,141476.37020874023,35401.219650268555,126.4329273223877,27.55719958971008,0.250227084551548
source_b_repair_baselines_m5_rohlik_100_v2,rohlik_top_volume_100_20260714,Rohlik,7,lightgbm_direct,1672,280,151003.13999176025,39803.197257995605,142.15427592141288,25.28205777343483,0.2635918515347928
source_b_repair_baselines_m5_rohlik_100_v2,rohlik_top_volume_100_20260714,Rohlik,7,lightgbm_direct,1925,280,145504.06002807617,29971.728733807802,107.04188833502786,126.69335609429287,0.20598551496105688
source_b_repair_baselines_m5_rohlik_100_v2,rohlik_top_volume_100_20260714,Rohlik,7,lightgbm_direct,1927,280,138158.75009334087,28458.62085545063,101.63793162660939,43.2760438005111,0.20598493281260735
source_b_repair_baselines_m5_rohlik_100_v2,rohlik_top_volume_100_20260714,Rohlik,7,lightgbm_direct,2127,280,224514.65948486328,103049.91039276123,368.03539425986156,42.182064632550635,0.45898967412285535
source_b_repair_baselines_m5_rohlik_100_v2,rohlik_top_volume_100_20260714,Rohlik,7,lightgbm_direct,2129,280,201146.12992095947,103377.43404006958,369.20512157167707,52.12688104385076,0.5139419489735737
source_b_repair_baselines_m5_rohlik_100_v2,rohlik_top_volume_100_20260714,Rohlik,7,lightgbm_direct,2159,280,205632.91958618164,27684.231643676758,98.87225587027413,14.13840354683047,0.1346293759743764
source_b_repair_baselines_m5_rohlik_100_v2,rohlik_top_volume_100_20260714,Rohlik,7,lightgbm_direct,2160,280,155848.88995361328,20187.74432373047,72.09908687046595,13.343283296005945,0.12953409119397083
source_b_repair_baselines_m5_rohlik_100_v2,rohlik_top_volume_100_20260714,Rohlik,7,lightgbm_direct,2161,280,119318.8002319336,18471.046020507812,65.96802150181361,15.876359543653034,0.1548041547903895
source_b_repair_baselines_m5_rohlik_100_v2,rohlik_top_volume_100_20260714,Rohlik,7,lightgbm_direct,2216,280,279236.34016418457,33909.00337219238,121.10358347211566,12.727155905757185,0.12143477941393539
source_b_repair_baselines_m5_rohlik_100_v2,rohlik_top_volume_100_20260714,Rohlik,7,lightgbm_direct,2217,280,274926.85957336426,28221.78370666504,100.79208466666086,10.52652380957606,0.10265196987467881
source_b_repair_baselines_m5_rohlik_100_v2,rohlik_top_volume_100_20260714,Rohlik,7,lightgbm_direct,2218,280,126590.24021148682,24253.228553771973,86.61867340632847,18.067857193197558,0.19158845510723055
source_b_repair_baselines_m5_rohlik_100_v2,rohlik_top_volume_100_20260714,Rohlik,7,lightgbm_direct,2274,280,151934.1999359131,51109.820028305054,182.5350715296609,45.578058902878354,0.33639443949988573
source_b_repair_baselines_m5_rohlik_100_v2,rohlik_top_volume_100_20260714,Rohlik,7,lightgbm_direct,2275,280,108671.41033172607,38559.650542259216,137.71303765092577,48.08669412319923,0.3548279204673386
source_b_repair_baselines_m5_rohlik_100_v2,rohlik_top_volume_100_20260714,Rohlik,7,lightgbm_direct,2325,280,218676.69919586182,40064.245933532715,143.0865926197597,19.614294771138702,0.18321223102809153
source_b_repair_baselines_m5_rohlik_100_v2,rohlik_top_volume_100_20260714,Rohlik,7,lightgbm_direct,2467,280,124018.61987304688,37095.10294675827,132.48251052413667,66.94886027023766,0.29910914171380965
source_b_repair_baselines_m5_rohlik_100_v2,rohlik_top_volume_100_20260714,Rohlik,7,lightgbm_direct,2468,280,207317.14988708496,110213.78168854117,393.62064888764706,69.70567587434063,0.5316192208342098
source_b_repair_baselines_m5_rohlik_100_v2,rohlik_top_volume_100_20260714,Rohlik,7,lightgbm_direct,2470,280,261642.5806427002,119361.95062494278,426.2926808033671,60.73610573504003,0.45620231359796815
source_b_repair_baselines_m5_rohlik_100_v2,rohlik_top_volume_100_20260714,Rohlik,7,lightgbm_direct,2560,280,273117.1798400879,60104.31658935547,214.6582735334124,21.76697101143449,0.22006787205604197
source_b_repair_baselines_m5_rohlik_100_v2,rohlik_top_volume_100_20260714,Rohlik,7,lightgbm_direct,2561,280,551515.4985351562,121644.3642578125,434.44415806361604,23.54877757041826,0.22056381838933634
source_b_repair_baselines_m5_rohlik_100_v2,rohlik_top_volume_100_20260714,Rohlik,7,lightgbm_direct,2562,280,501021.64096069336,108717.05233764648,388.275186920166,22.087124691421632,0.21699073143664
source_b_repair_baselines_m5_rohlik_100_v2,rohlik_top_volume_100_20260714,Rohlik,7,lightgbm_direct,2563,280,249795.21975708008,58630.12173461914,209.39329190935408,23.75399610208153,0.23471274507028414
source_b_repair_baselines_m5_rohlik_100_v2,rohlik_top_volume_100_20260714,Rohlik,7,lightgbm_direct,2565,280,173654.3897781372,48862.49590301514,174.50891393933978,25.97695684558613,0.28137783309389647
source_b_repair_baselines_m5_rohlik_100_v2,rohlik_top_volume_100_20260714,Rohlik,7,lightgbm_direct,2566,280,138404.21014404297,51038.30039978027,182.27964428492956,32.093475781166184,0.3687626290173009
source_b_repair_baselines_m5_rohlik_100_v2,rohlik_top_volume_100_20260714,Rohlik,7,lightgbm_direct,2694,280,220327.10961914062,30316.066925048828,108.2716675894601,14.890713359796404,0.13759571837280235
source_b_repair_baselines_m5_rohlik_100_v2,rohlik_top_volume_100_20260714,Rohlik,7,lightgbm_direct,2840,280,275601.7402648926,59464.703033447266,212.3739394051688,21.782924511175747,0.21576316236716506
source_b_repair_baselines_m5_rohlik_100_v2,rohlik_top_volume_100_20260714,Rohlik,7,lightgbm_direct,2935,280,193093.2696838379,36800.055114746094,131.42876826695033,18.409753229044938,0.19058175965946833
source_b_repair_baselines_m5_rohlik_100_v2,rohlik_top_volume_100_20260714,Rohlik,7,lightgbm_direct,2936,280,169590.96995544434,22770.4490814209,81.32303243364606,13.493856633617513,0.13426687215364855
source_b_repair_baselines_m5_rohlik_100_v2,rohlik_top_volume_100_20260714,Rohlik,7,lightgbm_direct,2937,280,280813.5494995117,38751.726318359375,138.3990225655692,13.809280204202132,0.13799806450730667
source_b_repair_baselines_m5_rohlik_100_v2,rohlik_top_volume_100_20260714,Rohlik,7,lightgbm_direct,2938,280,168716.07014465332,20567.213912963867,73.45433540344239,12.24423352239814,0.12190429693703751
source_b_repair_baselines_m5_rohlik_100_v2,rohlik_top_volume_100_20260714,Rohlik,7,lightgbm_direct,3144,280,503970.9108886719,54106.24005126953,193.2365716116769,11.11822563094688,0.10735984732900923
source_b_repair_baselines_m5_rohlik_100_v2,rohlik_top_volume_100_20260714,Rohlik,7,lightgbm_direct,3145,280,338092.6397705078,33155.32287597656,118.411867414202,10.12304843878559,0.09806579314616815
source_b_repair_baselines_m5_rohlik_100_v2,rohlik_top_volume_100_20260714,Rohlik,7,lightgbm_direct,3146,280,0.0,118.85471373796463,0.42448112049273085,200.0,
source_b_repair_baselines_m5_rohlik_100_v2,rohlik_top_volume_100_20260714,Rohlik,7,lightgbm_direct,3147,280,297310.9501647949,25999.05938720703,92.8537835257394,9.02845135555664,0.08744736570515196
source_b_repair_baselines_m5_rohlik_100_v2,rohlik_top_volume_100_20260714,Rohlik,7,lightgbm_direct,3152,280,129612.94994354248,61840.30859184265,220.85824497086662,45.77551269067403,0.4771152004393033
source_b_repair_baselines_m5_rohlik_100_v2,rohlik_top_volume_100_20260714,Rohlik,7,lightgbm_direct,3155,280,105009.38983726501,57776.330865859985,206.3440388066428,56.81090374646034,0.5502015672636231
source_b_repair_baselines_m5_rohlik_100_v2,rohlik_top_volume_100_20260714,Rohlik,7,lightgbm_direct,3184,280,248360.49018859863,29414.590942382812,105.05211050851004,12.824850414207582,0.1184350655776453
source_b_repair_baselines_m5_rohlik_100_v2,rohlik_top_volume_100_20260714,Rohlik,7,lightgbm_direct,3224,280,81147.24968624115,53910.69960021973,192.5382128579276,64.2451915506486,0.6643564607385641
source_b_repair_baselines_m5_rohlik_100_v2,rohlik_top_volume_100_20260714,Rohlik,7,lightgbm_direct,3225,280,75168.05016422272,55975.44197368622,199.91229276316506,93.4261314691292,0.7446706659464277
source_b_repair_baselines_m5_rohlik_100_v2,rohlik_top_volume_100_20260714,Rohlik,7,lightgbm_direct,3336,280,575708.1196289062,54636.593200683594,195.1306900024414,9.7521912536258,0.09490328751295293
source_b_repair_baselines_m5_rohlik_100_v2,rohlik_top_volume_100_20260714,Rohlik,7,lightgbm_direct,3456,280,256175.78985595703,33648.337463378906,120.17263379778181,14.277951224815864,0.13134862385824497
source_b_repair_baselines_m5_rohlik_100_v2,rohlik_top_volume_100_20260714,Rohlik,7,lightgbm_direct,3616,280,318439.2596435547,39393.377990722656,140.69063568115234,12.886713587318566,0.12370766731092665
source_b_repair_baselines_m5_rohlik_100_v2,rohlik_top_volume_100_20260714,Rohlik,7,lightgbm_direct,3617,280,187647.49993896484,23207.70147705078,82.88464813232422,12.955557763916529,0.12367711525386393
source_b_repair_baselines_m5_rohlik_100_v2,rohlik_top_volume_100_20260714,Rohlik,7,lightgbm_direct,3618,280,151499.94006347656,20118.17771911621,71.85063471112933,13.724763055900132,0.13279330480716328
source_b_repair_baselines_m5_rohlik_100_v2,rohlik_top_volume_100_20260714,Rohlik,7,lightgbm_direct,3685,280,112072.23987579346,33658.92672920227,120.21045260429382,29.49294021249696,0.300332417434554
source_b_repair_baselines_m5_rohlik_100_v2,rohlik_top_volume_100_20260714,Rohlik,7,lightgbm_direct,3686,280,139290.15993404388,37850.77324008942,135.18133300031934,25.971449816444082,0.2717404679412556
source_b_repair_baselines_m5_rohlik_100_v2,rohlik_top_volume_100_20260714,Rohlik,7,lightgbm_direct,3871,280,143374.5302658081,37858.53982925415,135.20907081876481,24.70359189739291,0.26405345328118324
source_b_repair_baselines_m5_rohlik_100_v2,rohlik_top_volume_100_20260714,Rohlik,7,lightgbm_direct,4172,280,260753.42961120605,61225.04715132713,218.6608826833112,73.33529631136476,0.23480054411025836
source_b_repair_baselines_m5_rohlik_100_v2,rohlik_top_volume_100_20260714,Rohlik,7,lightgbm_direct,4227,280,112724.54960632324,42682.10607147217,152.4360931124006,42.04816796084705,0.37864073283534266
source_b_repair_baselines_m5_rohlik_100_v2,rohlik_top_volume_100_20260714,Rohlik,7,lightgbm_direct,4228,280,206421.50966644287,72161.95591926575,257.7212711402348,42.410301930639186,0.3495854479306564
source_b_repair_baselines_m5_rohlik_100_v2,rohlik_top_volume_100_20260714,Rohlik,7,lightgbm_direct,4229,280,121289.81995391846,46503.259033203125,166.08306797572544,45.267275285623164,0.38340611809689445
source_b_repair_baselines_m5_rohlik_100_v2,rohlik_top_volume_100_20260714,Rohlik,7,lightgbm_direct,4230,280,193655.57107543945,81247.82391834259,290.1707997083664,48.63442979352389,0.41954808460786347
source_b_repair_baselines_m5_rohlik_100_v2,rohlik_top_volume_100_20260714,Rohlik,7,lightgbm_direct,4523,280,171175.77983093262,19853.767471313477,70.90631239754813,11.330978044051468,0.11598467663429196
source_b_repair_baselines_m5_rohlik_100_v2,rohlik_top_volume_100_20260714,Rohlik,7,lightgbm_direct,4720,280,4037897.0986328125,460064.0498046875,1643.0858921595982,11.590269665822618,0.11393654631775042
source_b_repair_baselines_m5_rohlik_100_v2,rohlik_top_volume_100_20260714,Rohlik,7,lightgbm_direct,4793,280,575034.4410400391,78781.90319824219,281.3639399937221,13.995600103797374,0.13700379938243853
source_b_repair_baselines_m5_rohlik_100_v2,rohlik_top_volume_100_20260714,Rohlik,7,lightgbm_direct,4877,280,279479.92053222656,37674.73046875,134.5526088169643,14.19007228894067,0.1348029954960781
source_b_repair_baselines_m5_rohlik_100_v2,rohlik_top_volume_100_20260714,Rohlik,7,lightgbm_direct,4878,280,173437.76989746094,25467.421325683594,90.9550761631557,15.19905455423293,0.14683895751623377
source_b_repair_baselines_m5_rohlik_100_v2,rohlik_top_volume_100_20260714,Rohlik,7,lightgbm_direct,4879,280,637516.419921875,86404.64965820312,308.5880344935826,14.291154763442545,0.1355332144524084
source_b_repair_baselines_m5_rohlik_100_v2,rohlik_top_volume_100_20260714,Rohlik,7,lightgbm_direct,4883,280,1313540.4802246094,147466.603515625,526.6664411272321,11.168827446285889,0.1122665085208557
source_b_repair_baselines_m5_rohlik_100_v2,rohlik_top_volume_100_20260714,Rohlik,7,lightgbm_direct,4884,280,1460296.7197265625,169120.86010742188,604.003071812221,11.610094461071704,0.11581266863291277
source_b_repair_baselines_m5_rohlik_100_v2,rohlik_top_volume_100_20260714,Rohlik,7,lightgbm_direct,4885,280,2587560.158203125,326207.4892578125,1165.0267473493304,12.507491580815813,0.1260675962348795
source_b_repair_baselines_m5_rohlik_100_v2,rohlik_top_volume_100_20260714,Rohlik,7,lightgbm_direct,4965,280,209354.80053710938,65073.07205200195,232.40382875714982,27.30548928819509,0.31082674906452584
source_b_repair_baselines_m5_rohlik_100_v2,rohlik_top_volume_100_20260714,Rohlik,7,lightgbm_direct,4966,280,114273.84986877441,46614.20780944824,166.47931360517228,33.22321508739034,0.40791666564990453
source_b_repair_baselines_m5_rohlik_100_v2,rohlik_top_volume_100_20260714,Rohlik,7,lightgbm_direct,4967,280,217679.2293624878,68571.19669342041,244.89713104793003,29.27323821692236,0.31501028781773677
source_b_repair_baselines_m5_rohlik_100_v2,rohlik_top_volume_100_20260714,Rohlik,7,lightgbm_direct,4968,280,132231.52013397217,44327.369594573975,158.31203426633562,29.403834300583902,0.33522544057319387
source_b_repair_baselines_m5_rohlik_100_v2,rohlik_top_volume_100_20260714,Rohlik,7,lightgbm_direct,5164,280,145507.20980644226,37465.840353012085,133.80657268932887,35.94545773534011,0.2574844257054354
source_b_repair_baselines_m5_rohlik_100_v2,rohlik_top_volume_100_20260714,Rohlik,7,lightgbm_direct,5166,280,112630.67004394531,36577.3036737442,130.63322740622928,48.10238884611354,0.3247543822608244
source_b_repair_baselines_m5_rohlik_100_v2,rohlik_top_volume_100_20260714,Rohlik,7,lightgbm_direct,5277,280,151712.34029006958,47728.88646697998,170.4603088106428,31.94382335587812,0.31460121421714105
source_b_repair_baselines_m5_rohlik_100_v2,rohlik_top_volume_100_20260714,Rohlik,7,lightgbm_direct,5278,280,174989.42964935303,47787.505321502686,170.6696618625096,31.998063959914276,0.2730879540396248
source_b_repair_baselines_m5_rohlik_100_v2,rohlik_top_volume_100_20260714,Rohlik,7,lightgbm_direct,5293,280,239707.89004516602,38373.6233215332,137.04865471976143,15.37645346044708,0.16008494052616626
source_b_repair_baselines_m5_rohlik_100_v2,rohlik_top_volume_100_20260714,Rohlik,7,lightgbm_direct,5294,280,224627.77935791016,41624.99395751953,148.6606927054269,16.98769843834553,0.18530652832211122
source_b_repair_baselines_m5_rohlik_100_v2,rohlik_top_volume_100_20260714,Rohlik,7,lightgbm_direct,5295,280,163282.1696624756,20347.328994750977,72.66903212411063,12.108743571744862,0.12461451876105896
source_b_repair_baselines_m5_rohlik_100_v2,rohlik_top_volume_100_20260714,Rohlik,7,lightgbm_direct,5296,280,156334.580368042,23192.146438598633,82.82909442356654,14.264144199603873,0.14834943352903632
source_b_repair_baselines_m5_rohlik_100_v2,rohlik_top_volume_100_20260714,Rohlik,7,lightgbm_direct,5347,280,131796.05020141602,46680.705810546875,166.71680646623884,35.77621232194608,0.3541889589195393
source_b_repair_baselines_m5_rohlik_100_v2,rohlik_top_volume_100_20260714,Rohlik,7,lightgbm_direct,5350,280,186111.16989898682,52115.16650390625,186.12559465680803,29.85429115528945,0.2800217017183447
source_b_repair_baselines_m5_rohlik_100_v2,rohlik_top_volume_100_20260714,Rohlik,7,lightgbm_direct_scaled,80,280,65024.250061035156,13283.010787963867,47.4393242427281,19.82222619333748,0.20427780059740389
source_b_repair_baselines_m5_rohlik_100_v2,rohlik_top_volume_100_20260714,Rohlik,7,lightgbm_direct_scaled,139,280,704992.3494262695,120730.13079833984,431.17903856549947,17.07190242888641,0.17125027086689854
source_b_repair_baselines_m5_rohlik_100_v2,rohlik_top_volume_100_20260714,Rohlik,7,lightgbm_direct_scaled,393,280,347206.3200683594,135583.6583251953,484.22735116141183,35.29798359788587,0.39049882012084647
source_b_repair_baselines_m5_rohlik_100_v2,rohlik_top_volume_100_20260714,Rohlik,7,lightgbm_direct_scaled,394,280,239137.44957733154,96722.35188293457,345.4369710104806,40.42261663887101,0.404463424921059
source_b_repair_baselines_m5_rohlik_100_v2,rohlik_top_volume_100_20260714,Rohlik,7,lightgbm_direct_scaled,524,280,267690.19955444336,39771.83767700195,142.0422774178641,14.275365815524518,0.1485741268944479
source_b_repair_baselines_m5_rohlik_100_v2,rohlik_top_volume_100_20260714,Rohlik,7,lightgbm_direct_scaled,525,280,531616.6622314453,77178.01965332031,275.63578447614395,13.895869334085342,0.14517607354398532
source_b_repair_baselines_m5_rohlik_100_v2,rohlik_top_volume_100_20260714,Rohlik,7,lightgbm_direct_scaled,526,280,338197.9295654297,45536.377197265625,162.62991856166295,13.593767361967219,0.13464416312594812
source_b_repair_baselines_m5_rohlik_100_v2,rohlik_top_volume_100_20260714,Rohlik,7,lightgbm_direct_scaled,539,280,193128.92993927002,31928.576316833496,114.03062970297677,16.825993558532755,0.16532259732849727
source_b_repair_baselines_m5_rohlik_100_v2,rohlik_top_volume_100_20260714,Rohlik,7,lightgbm_direct_scaled,619,280,111035.18016052246,53637.43466591835,191.5622666639941,99.00759480320171,0.48306702964209397
source_b_repair_baselines_m5_rohlik_100_v2,rohlik_top_volume_100_20260714,Rohlik,7,lightgbm_direct_scaled,652,280,906449.6130943298,241933.3032875061,864.0475117410932,26.593385127967196,0.2669020978029027
source_b_repair_baselines_m5_rohlik_100_v2,rohlik_top_volume_100_20260714,Rohlik,7,lightgbm_direct_scaled,653,280,742757.7571563721,238344.57023620605,851.2306079864502,32.8356725765105,0.3208913914931051
source_b_repair_baselines_m5_rohlik_100_v2,rohlik_top_volume_100_20260714,Rohlik,7,lightgbm_direct_scaled,654,280,465967.79803466797,154834.88061523438,552.9817164829799,31.275477527082057,0.33228665428874693
source_b_repair_baselines_m5_rohlik_100_v2,rohlik_top_volume_100_20260714,Rohlik,7,lightgbm_direct_scaled,655,280,569343.7183532715,157284.85250854492,561.7316161019462,27.392101452193273,0.27625641144063945
source_b_repair_baselines_m5_rohlik_100_v2,rohlik_top_volume_100_20260714,Rohlik,7,lightgbm_direct_scaled,888,280,161351.10961914062,46053.52608585358,164.4768788780485,35.647583450698924,0.2854242911285835
source_b_repair_baselines_m5_rohlik_100_v2,rohlik_top_volume_100_20260714,Rohlik,7,lightgbm_direct_scaled,890,280,151037.71043395996,46248.28353583813,165.17244119942188,45.16255884317991,0.30620355276147954
source_b_repair_baselines_m5_rohlik_100_v2,rohlik_top_volume_100_20260714,Rohlik,7,lightgbm_direct_scaled,912,280,138695.33001708984,58117.116928100586,207.56113188607353,41.941214452298844,0.4190272082047714
source_b_repair_baselines_m5_rohlik_100_v2,rohlik_top_volume_100_20260714,Rohlik,7,lightgbm_direct_scaled,1032,280,313453.1592102051,43984.14859008789,157.08624496459962,15.016096277974198,0.1403212802222601
source_b_repair_baselines_m5_rohlik_100_v2,rohlik_top_volume_100_20260714,Rohlik,7,lightgbm_direct_scaled,1266,280,151124.2797088623,25300.160919189453,90.35771756853376,15.488557603193476,0.16741294627130512
source_b_repair_baselines_m5_rohlik_100_v2,rohlik_top_volume_100_20260714,Rohlik,7,lightgbm_direct_scaled,1269,280,140353.15000152588,26914.403007507324,96.12286788395473,18.22388305436385,0.19176201608025698
source_b_repair_baselines_m5_rohlik_100_v2,rohlik_top_volume_100_20260714,Rohlik,7,lightgbm_direct_scaled,1270,280,132543.56005859375,33043.359535217285,118.01199834006174,24.30892431953662,0.24930188626750144
source_b_repair_baselines_m5_rohlik_100_v2,rohlik_top_volume_100_20260714,Rohlik,7,lightgbm_direct_scaled,1391,280,221225.1198425293,35228.774505615234,125.8170518057687,15.8155269791817,0.15924400687720952
source_b_repair_baselines_m5_rohlik_100_v2,rohlik_top_volume_100_20260714,Rohlik,7,lightgbm_direct_scaled,1405,280,126042.9401473999,52025.453941345215,185.80519264766147,36.74786906570802,0.41275976171695505
source_b_repair_baselines_m5_rohlik_100_v2,rohlik_top_volume_100_20260714,Rohlik,7,lightgbm_direct_scaled,1408,280,207613.20947265625,61805.85803222656,220.735207257952,27.238321571950223,0.29769713684989163
source_b_repair_baselines_m5_rohlik_100_v2,rohlik_top_volume_100_20260714,Rohlik,7,lightgbm_direct_scaled,1413,280,289053.51054000854,67379.97594070435,240.64277121680124,23.63943902530719,0.23310554441918163
source_b_repair_baselines_m5_rohlik_100_v2,rohlik_top_volume_100_20260714,Rohlik,7,lightgbm_direct_scaled,1640,280,120672.08973693848,46806.16370010376,167.16487035751342,37.2397056242034,0.38787895197754335
source_b_repair_baselines_m5_rohlik_100_v2,rohlik_top_volume_100_20260714,Rohlik,7,lightgbm_direct_scaled,1671,280,141476.37020874023,35401.219650268555,126.4329273223877,27.55719958971008,0.250227084551548
source_b_repair_baselines_m5_rohlik_100_v2,rohlik_top_volume_100_20260714,Rohlik,7,lightgbm_direct_scaled,1672,280,151003.13999176025,39803.197257995605,142.15427592141288,25.28205777343483,0.2635918515347928
source_b_repair_baselines_m5_rohlik_100_v2,rohlik_top_volume_100_20260714,Rohlik,7,lightgbm_direct_scaled,1925,280,145504.06002807617,29971.728733807802,107.04188833502786,126.69335609429287,0.20598551496105688
source_b_repair_baselines_m5_rohlik_100_v2,rohlik_top_volume_100_20260714,Rohlik,7,lightgbm_direct_scaled,1927,280,138158.75009334087,28458.62085545063,101.63793162660939,43.2760438005111,0.20598493281260735
source_b_repair_baselines_m5_rohlik_100_v2,rohlik_top_volume_100_20260714,Rohlik,7,lightgbm_direct_scaled,2127,280,224514.65948486328,103049.91039276123,368.03539425986156,42.182064632550635,0.45898967412285535
source_b_repair_baselines_m5_rohlik_100_v2,rohlik_top_volume_100_20260714,Rohlik,7,lightgbm_direct_scaled,2129,280,201146.12992095947,103377.43404006958,369.20512157167707,52.12688104385076,0.5139419489735737
source_b_repair_baselines_m5_rohlik_100_v2,rohlik_top_volume_100_20260714,Rohlik,7,lightgbm_direct_scaled,2159,280,205632.91958618164,27684.231643676758,98.87225587027413,14.13840354683047,0.1346293759743764
source_b_repair_baselines_m5_rohlik_100_v2,rohlik_top_volume_100_20260714,Rohlik,7,lightgbm_direct_scaled,2160,280,155848.88995361328,20187.74432373047,72.09908687046595,13.343283296005945,0.12953409119397083
source_b_repair_baselines_m5_rohlik_100_v2,rohlik_top_volume_100_20260714,Rohlik,7,lightgbm_direct_scaled,2161,280,119318.8002319336,18471.046020507812,65.96802150181361,15.876359543653034,0.1548041547903895
source_b_repair_baselines_m5_rohlik_100_v2,rohlik_top_volume_100_20260714,Rohlik,7,lightgbm_direct_scaled,2216,280,279236.34016418457,33909.00337219238,121.10358347211566,12.727155905757185,0.12143477941393539
source_b_repair_baselines_m5_rohlik_100_v2,rohlik_top_volume_100_20260714,Rohlik,7,lightgbm_direct_scaled,2217,280,274926.85957336426,28221.78370666504,100.79208466666086,10.52652380957606,0.10265196987467881
source_b_repair_baselines_m5_rohlik_100_v2,rohlik_top_volume_100_20260714,Rohlik,7,lightgbm_direct_scaled,2218,280,126590.24021148682,24253.228553771973,86.61867340632847,18.067857193197558,0.19158845510723055
source_b_repair_baselines_m5_rohlik_100_v2,rohlik_top_volume_100_20260714,Rohlik,7,lightgbm_direct_scaled,2274,280,151934.1999359131,51109.820028305054,182.5350715296609,45.578058902878354,0.33639443949988573
source_b_repair_baselines_m5_rohlik_100_v2,rohlik_top_volume_100_20260714,Rohlik,7,lightgbm_direct_scaled,2275,280,108671.41033172607,38559.650542259216,137.71303765092577,48.08669412319923,0.3548279204673386
source_b_repair_baselines_m5_rohlik_100_v2,rohlik_top_volume_100_20260714,Rohlik,7,lightgbm_direct_scaled,2325,280,218676.69919586182,40064.245933532715,143.0865926197597,19.614294771138702,0.18321223102809153
source_b_repair_baselines_m5_rohlik_100_v2,rohlik_top_volume_100_20260714,Rohlik,7,lightgbm_direct_scaled,2467,280,124018.61987304688,37095.10294675827,132.48251052413667,66.94886027023766,0.29910914171380965
source_b_repair_baselines_m5_rohlik_100_v2,rohlik_top_volume_100_20260714,Rohlik,7,lightgbm_direct_scaled,2468,280,207317.14988708496,110213.78168854117,393.62064888764706,69.70567587434063,0.5316192208342098
source_b_repair_baselines_m5_rohlik_100_v2,rohlik_top_volume_100_20260714,Rohlik,7,lightgbm_direct_scaled,2470,280,261642.5806427002,119361.95062494278,426.2926808033671,60.73610573504003,0.45620231359796815
source_b_repair_baselines_m5_rohlik_100_v2,rohlik_top_volume_100_20260714,Rohlik,7,lightgbm_direct_scaled,2560,280,273117.1798400879,60104.31658935547,214.6582735334124,21.76697101143449,0.22006787205604197
source_b_repair_baselines_m5_rohlik_100_v2,rohlik_top_volume_100_20260714,Rohlik,7,lightgbm_direct_scaled,2561,280,551515.4985351562,121644.3642578125,434.44415806361604,23.54877757041826,0.22056381838933634
source_b_repair_baselines_m5_rohlik_100_v2,rohlik_top_volume_100_20260714,Rohlik,7,lightgbm_direct_scaled,2562,280,501021.64096069336,108717.05233764648,388.275186920166,22.087124691421632,0.21699073143664
source_b_repair_baselines_m5_rohlik_100_v2,rohlik_top_volume_100_20260714,Rohlik,7,lightgbm_direct_scaled,2563,280,249795.21975708008,58630.12173461914,209.39329190935408,23.75399610208153,0.23471274507028414
source_b_repair_baselines_m5_rohlik_100_v2,rohlik_top_volume_100_20260714,Rohlik,7,lightgbm_direct_scaled,2565,280,173654.3897781372,48862.49590301514,174.50891393933978,25.97695684558613,0.28137783309389647
source_b_repair_baselines_m5_rohlik_100_v2,rohlik_top_volume_100_20260714,Rohlik,7,lightgbm_direct_scaled,2566,280,138404.21014404297,51038.30039978027,182.27964428492956,32.093475781166184,0.3687626290173009
source_b_repair_baselines_m5_rohlik_100_v2,rohlik_top_volume_100_20260714,Rohlik,7,lightgbm_direct_scaled,2694,280,220327.10961914062,30316.066925048828,108.2716675894601,14.890713359796404,0.13759571837280235
source_b_repair_baselines_m5_rohlik_100_v2,rohlik_top_volume_100_20260714,Rohlik,7,lightgbm_direct_scaled,2840,280,275601.7402648926,59464.703033447266,212.3739394051688,21.782924511175747,0.21576316236716506
source_b_repair_baselines_m5_rohlik_100_v2,rohlik_top_volume_100_20260714,Rohlik,7,lightgbm_direct_scaled,2935,280,193093.2696838379,36800.055114746094,131.42876826695033,18.409753229044938,0.19058175965946833
source_b_repair_baselines_m5_rohlik_100_v2,rohlik_top_volume_100_20260714,Rohlik,7,lightgbm_direct_scaled,2936,280,169590.96995544434,22770.4490814209,81.32303243364606,13.493856633617513,0.13426687215364855
source_b_repair_baselines_m5_rohlik_100_v2,rohlik_top_volume_100_20260714,Rohlik,7,lightgbm_direct_scaled,2937,280,280813.5494995117,38751.726318359375,138.3990225655692,13.809280204202132,0.13799806450730667
source_b_repair_baselines_m5_rohlik_100_v2,rohlik_top_volume_100_20260714,Rohlik,7,lightgbm_direct_scaled,2938,280,168716.07014465332,20567.213912963867,73.45433540344239,12.24423352239814,0.12190429693703751
source_b_repair_baselines_m5_rohlik_100_v2,rohlik_top_volume_100_20260714,Rohlik,7,lightgbm_direct_scaled,3144,280,503970.9108886719,54106.24005126953,193.2365716116769,11.11822563094688,0.10735984732900923
source_b_repair_baselines_m5_rohlik_100_v2,rohlik_top_volume_100_20260714,Rohlik,7,lightgbm_direct_scaled,3145,280,338092.6397705078,33155.32287597656,118.411867414202,10.12304843878559,0.09806579314616815
source_b_repair_baselines_m5_rohlik_100_v2,rohlik_top_volume_100_20260714,Rohlik,7,lightgbm_direct_scaled,3146,280,0.0,118.85471373796463,0.42448112049273085,200.0,
source_b_repair_baselines_m5_rohlik_100_v2,rohlik_top_volume_100_20260714,Rohlik,7,lightgbm_direct_scaled,3147,280,297310.9501647949,25999.05938720703,92.8537835257394,9.02845135555664,0.08744736570515196
source_b_repair_baselines_m5_rohlik_100_v2,rohlik_top_volume_100_20260714,Rohlik,7,lightgbm_direct_scaled,3152,280,129612.94994354248,61840.30859184265,220.85824497086662,45.77551269067403,0.4771152004393033
source_b_repair_baselines_m5_rohlik_100_v2,rohlik_top_volume_100_20260714,Rohlik,7,lightgbm_direct_scaled,3155,280,105009.38983726501,57776.330865859985,206.3440388066428,56.81090374646034,0.5502015672636231
source_b_repair_baselines_m5_rohlik_100_v2,rohlik_top_volume_100_20260714,Rohlik,7,lightgbm_direct_scaled,3184,280,248360.49018859863,29414.590942382812,105.05211050851004,12.824850414207582,0.1184350655776453
source_b_repair_baselines_m5_rohlik_100_v2,rohlik_top_volume_100_20260714,Rohlik,7,lightgbm_direct_scaled,3224,280,81147.24968624115,53910.69960021973,192.5382128579276,64.2451915506486,0.6643564607385641
source_b_repair_baselines_m5_rohlik_100_v2,rohlik_top_volume_100_20260714,Rohlik,7,lightgbm_direct_scaled,3225,280,75168.05016422272,55975.44197368622,199.91229276316506,93.4261314691292,0.7446706659464277
source_b_repair_baselines_m5_rohlik_100_v2,rohlik_top_volume_100_20260714,Rohlik,7,lightgbm_direct_scaled,3336,280,575708.1196289062,54636.593200683594,195.1306900024414,9.7521912536258,0.09490328751295293
source_b_repair_baselines_m5_rohlik_100_v2,rohlik_top_volume_100_20260714,Rohlik,7,lightgbm_direct_scaled,3456,280,256175.78985595703,33648.337463378906,120.17263379778181,14.277951224815864,0.13134862385824497
source_b_repair_baselines_m5_rohlik_100_v2,rohlik_top_volume_100_20260714,Rohlik,7,lightgbm_direct_scaled,3616,280,318439.2596435547,39393.377990722656,140.69063568115234,12.886713587318566,0.12370766731092665
source_b_repair_baselines_m5_rohlik_100_v2,rohlik_top_volume_100_20260714,Rohlik,7,lightgbm_direct_scaled,3617,280,187647.49993896484,23207.70147705078,82.88464813232422,12.955557763916529,0.12367711525386393
source_b_repair_baselines_m5_rohlik_100_v2,rohlik_top_volume_100_20260714,Rohlik,7,lightgbm_direct_scaled,3618,280,151499.94006347656,20118.17771911621,71.85063471112933,13.724763055900132,0.13279330480716328
source_b_repair_baselines_m5_rohlik_100_v2,rohlik_top_volume_100_20260714,Rohlik,7,lightgbm_direct_scaled,3685,280,112072.23987579346,33658.92672920227,120.21045260429382,29.49294021249696,0.300332417434554
source_b_repair_baselines_m5_rohlik_100_v2,rohlik_top_volume_100_20260714,Rohlik,7,lightgbm_direct_scaled,3686,280,139290.15993404388,37850.77324008942,135.18133300031934,25.971449816444082,0.2717404679412556
source_b_repair_baselines_m5_rohlik_100_v2,rohlik_top_volume_100_20260714,Rohlik,7,lightgbm_direct_scaled,3871,280,143374.5302658081,37858.53982925415,135.20907081876481,24.70359189739291,0.26405345328118324
source_b_repair_baselines_m5_rohlik_100_v2,rohlik_top_volume_100_20260714,Rohlik,7,lightgbm_direct_scaled,4172,280,260753.42961120605,61225.04715132713,218.6608826833112,73.33529631136476,0.23480054411025836
source_b_repair_baselines_m5_rohlik_100_v2,rohlik_top_volume_100_20260714,Rohlik,7,lightgbm_direct_scaled,4227,280,112724.54960632324,42682.10607147217,152.4360931124006,42.04816796084705,0.37864073283534266
source_b_repair_baselines_m5_rohlik_100_v2,rohlik_top_volume_100_20260714,Rohlik,7,lightgbm_direct_scaled,4228,280,206421.50966644287,72161.95591926575,257.7212711402348,42.410301930639186,0.3495854479306564
source_b_repair_baselines_m5_rohlik_100_v2,rohlik_top_volume_100_20260714,Rohlik,7,lightgbm_direct_scaled,4229,280,121289.81995391846,46503.259033203125,166.08306797572544,45.267275285623164,0.38340611809689445
source_b_repair_baselines_m5_rohlik_100_v2,rohlik_top_volume_100_20260714,Rohlik,7,lightgbm_direct_scaled,4230,280,193655.57107543945,81247.82391834259,290.1707997083664,48.63442979352389,0.41954808460786347
source_b_repair_baselines_m5_rohlik_100_v2,rohlik_top_volume_100_20260714,Rohlik,7,lightgbm_direct_scaled,4523,280,171175.77983093262,19853.767471313477,70.90631239754813,11.330978044051468,0.11598467663429196
source_b_repair_baselines_m5_rohlik_100_v2,rohlik_top_volume_100_20260714,Rohlik,7,lightgbm_direct_scaled,4720,280,4037897.0986328125,460064.0498046875,1643.0858921595982,11.590269665822618,0.11393654631775042
source_b_repair_baselines_m5_rohlik_100_v2,rohlik_top_volume_100_20260714,Rohlik,7,lightgbm_direct_scaled,4793,280,575034.4410400391,78781.90319824219,281.3639399937221,13.995600103797374,0.13700379938243853
source_b_repair_baselines_m5_rohlik_100_v2,rohlik_top_volume_100_20260714,Rohlik,7,lightgbm_direct_scaled,4877,280,279479.92053222656,37674.73046875,134.5526088169643,14.19007228894067,0.1348029954960781
source_b_repair_baselines_m5_rohlik_100_v2,rohlik_top_volume_100_20260714,Rohlik,7,lightgbm_direct_scaled,4878,280,173437.76989746094,25467.421325683594,90.9550761631557,15.19905455423293,0.14683895751623377
source_b_repair_baselines_m5_rohlik_100_v2,rohlik_top_volume_100_20260714,Rohlik,7,lightgbm_direct_scaled,4879,280,637516.419921875,86404.64965820312,308.5880344935826,14.291154763442545,0.1355332144524084
source_b_repair_baselines_m5_rohlik_100_v2,rohlik_top_volume_100_20260714,Rohlik,7,lightgbm_direct_scaled,4883,280,1313540.4802246094,147466.603515625,526.6664411272321,11.168827446285889,0.1122665085208557
source_b_repair_baselines_m5_rohlik_100_v2,rohlik_top_volume_100_20260714,Rohlik,7,lightgbm_direct_scaled,4884,280,1460296.7197265625,169120.86010742188,604.003071812221,11.610094461071704,0.11581266863291277
source_b_repair_baselines_m5_rohlik_100_v2,rohlik_top_volume_100_20260714,Rohlik,7,lightgbm_direct_scaled,4885,280,2587560.158203125,326207.4892578125,1165.0267473493304,12.507491580815813,0.1260675962348795
source_b_repair_baselines_m5_rohlik_100_v2,rohlik_top_volume_100_20260714,Rohlik,7,lightgbm_direct_scaled,4965,280,209354.80053710938,65073.07205200195,232.40382875714982,27.30548928819509,0.31082674906452584
source_b_repair_baselines_m5_rohlik_100_v2,rohlik_top_volume_100_20260714,Rohlik,7,lightgbm_direct_scaled,4966,280,114273.84986877441,46614.20780944824,166.47931360517228,33.22321508739034,0.40791666564990453
source_b_repair_baselines_m5_rohlik_100_v2,rohlik_top_volume_100_20260714,Rohlik,7,lightgbm_direct_scaled,4967,280,217679.2293624878,68571.19669342041,244.89713104793003,29.27323821692236,0.31501028781773677
source_b_repair_baselines_m5_rohlik_100_v2,rohlik_top_volume_100_20260714,Rohlik,7,lightgbm_direct_scaled,4968,280,132231.52013397217,44327.369594573975,158.31203426633562,29.403834300583902,0.33522544057319387
source_b_repair_baselines_m5_rohlik_100_v2,rohlik_top_volume_100_20260714,Rohlik,7,lightgbm_direct_scaled,5164,280,145507.20980644226,37465.840353012085,133.80657268932887,35.94545773534011,0.2574844257054354
source_b_repair_baselines_m5_rohlik_100_v2,rohlik_top_volume_100_20260714,Rohlik,7,lightgbm_direct_scaled,5166,280,112630.67004394531,36577.3036737442,130.63322740622928,48.10238884611354,0.3247543822608244
source_b_repair_baselines_m5_rohlik_100_v2,rohlik_top_volume_100_20260714,Rohlik,7,lightgbm_direct_scaled,5277,280,151712.34029006958,47728.88646697998,170.4603088106428,31.94382335587812,0.31460121421714105
source_b_repair_baselines_m5_rohlik_100_v2,rohlik_top_volume_100_20260714,Rohlik,7,lightgbm_direct_scaled,5278,280,174989.42964935303,47787.505321502686,170.6696618625096,31.998063959914276,0.2730879540396248
source_b_repair_baselines_m5_rohlik_100_v2,rohlik_top_volume_100_20260714,Rohlik,7,lightgbm_direct_scaled,5293,280,239707.89004516602,38373.6233215332,137.04865471976143,15.37645346044708,0.16008494052616626
source_b_repair_baselines_m5_rohlik_100_v2,rohlik_top_volume_100_20260714,Rohlik,7,lightgbm_direct_scaled,5294,280,224627.77935791016,41624.99395751953,148.6606927054269,16.98769843834553,0.18530652832211122
source_b_repair_baselines_m5_rohlik_100_v2,rohlik_top_volume_100_20260714,Rohlik,7,lightgbm_direct_scaled,5295,280,163282.1696624756,20347.328994750977,72.66903212411063,12.108743571744862,0.12461451876105896
source_b_repair_baselines_m5_rohlik_100_v2,rohlik_top_volume_100_20260714,Rohlik,7,lightgbm_direct_scaled,5296,280,156334.580368042,23192.146438598633,82.82909442356654,14.264144199603873,0.14834943352903632
source_b_repair_baselines_m5_rohlik_100_v2,rohlik_top_volume_100_20260714,Rohlik,7,lightgbm_direct_scaled,5347,280,131796.05020141602,46680.705810546875,166.71680646623884,35.77621232194608,0.3541889589195393
source_b_repair_baselines_m5_rohlik_100_v2,rohlik_top_volume_100_20260714,Rohlik,7,lightgbm_direct_scaled,5350,280,186111.16989898682,52115.16650390625,186.12559465680803,29.85429115528945,0.2800217017183447
source_b_repair_baselines_m5_rohlik_100_v2,rohlik_top_volume_100_20260714,Rohlik,14,seasonal_naive,80,280,65024.250061035156,14697.249969482422,52.49017846243722,22.252271933283623,0.2260272122429219
source_b_repair_baselines_m5_rohlik_100_v2,rohlik_top_volume_100_20260714,Rohlik,14,seasonal_naive,139,280,704992.3494262695,134226.2505493164,479.3794662475586,18.961442195031683,0.19039391088222615
source_b_repair_baselines_m5_rohlik_100_v2,rohlik_top_volume_100_20260714,Rohlik,14,seasonal_naive,393,280,347206.3200683594,171348.52099609375,611.9590035574777,42.00469428635334,0.4935063421724523
source_b_repair_baselines_m5_rohlik_100_v2,rohlik_top_volume_100_20260714,Rohlik,14,seasonal_naive,394,280,239137.44957733154,141783.06995391846,506.3681069782802,53.05600550826123,0.5928936275121939
source_b_repair_baselines_m5_rohlik_100_v2,rohlik_top_volume_100_20260714,Rohlik,14,seasonal_naive,524,280,267690.19955444336,44393.01986694336,158.54649952479772,16.492139501449625,0.16583729976231207
source_b_repair_baselines_m5_rohlik_100_v2,rohlik_top_volume_100_20260714,Rohlik,14,seasonal_naive,525,280,531616.6622314453,85056.73852539062,303.77406616210936,16.18257074225623,0.15999637439572995
source_b_repair_baselines_m5_rohlik_100_v2,rohlik_top_volume_100_20260714,Rohlik,14,seasonal_naive,526,280,338197.9295654297,52050.669921875,185.89524972098215,16.15213699385709,0.15390593901257157
source_b_repair_baselines_m5_rohlik_100_v2,rohlik_top_volume_100_20260714,Rohlik,14,seasonal_naive,539,280,193128.92993927002,35111.490562438965,125.39818058013915,18.86167750084117,0.18180337132028784
source_b_repair_baselines_m5_rohlik_100_v2,rohlik_top_volume_100_20260714,Rohlik,14,seasonal_naive,619,280,111035.18016052246,81260.99967956543,290.217855998448,80.55943317366425,0.731849127115273
source_b_repair_baselines_m5_rohlik_100_v2,rohlik_top_volume_100_20260714,Rohlik,14,seasonal_naive,652,280,906449.6130943298,379861.8738441467,1356.6495494433811,39.93000431446701,0.4190656252225862
source_b_repair_baselines_m5_rohlik_100_v2,rohlik_top_volume_100_20260714,Rohlik,14,seasonal_naive,653,280,742757.7571563721,363902.55906677246,1299.6519966670446,47.2649506494724,0.48993437707061255
source_b_repair_baselines_m5_rohlik_100_v2,rohlik_top_volume_100_20260714,Rohlik,14,seasonal_naive,654,280,465967.79803466797,191843.93646240234,685.1569159371512,39.5335569875264,0.4117107175035498
source_b_repair_baselines_m5_rohlik_100_v2,rohlik_top_volume_100_20260714,Rohlik,14,seasonal_naive,655,280,569343.7183532715,227096.8396911621,811.0601417541504,38.22461992766526,0.3988747611864421
source_b_repair_baselines_m5_rohlik_100_v2,rohlik_top_volume_100_20260714,Rohlik,14,seasonal_naive,888,280,161351.10961914062,60788.548828125,217.10196010044643,41.60818452379259,0.37674701445569625
source_b_repair_baselines_m5_rohlik_100_v2,rohlik_top_volume_100_20260714,Rohlik,14,seasonal_naive,890,280,151037.71043395996,59193.94984436035,211.4069637298584,42.87748803880358,0.3919150368095816
source_b_repair_baselines_m5_rohlik_100_v2,rohlik_top_volume_100_20260714,Rohlik,14,seasonal_naive,912,280,138695.33001708984,70292.87014770508,251.04596481323242,49.86628933527103,0.5068149745131555
source_b_repair_baselines_m5_rohlik_100_v2,rohlik_top_volume_100_20260714,Rohlik,14,seasonal_naive,1032,280,313453.1592102051,50049.1194152832,178.74685505458288,16.826290514360252,0.15967017062897018
source_b_repair_baselines_m5_rohlik_100_v2,rohlik_top_volume_100_20260714,Rohlik,14,seasonal_naive,1266,280,151124.2797088623,29237.520919799805,104.41971757071359,18.841795972092317,0.1934667346380427
source_b_repair_baselines_m5_rohlik_100_v2,rohlik_top_volume_100_20260714,Rohlik,14,seasonal_naive,1269,280,140353.15000152588,26454.1704788208,94.47918028150286,19.935869506940527,0.18848291241438614
source_b_repair_baselines_m5_rohlik_100_v2,rohlik_top_volume_100_20260714,Rohlik,14,seasonal_naive,1270,280,132543.56005859375,43178.41973876953,154.2086419241769,31.986914313567365,0.32576776811850816
source_b_repair_baselines_m5_rohlik_100_v2,rohlik_top_volume_100_20260714,Rohlik,14,seasonal_naive,1391,280,221225.1198425293,37471.91976928711,133.8282848903111,17.917536846602538,0.16938365677442088
source_b_repair_baselines_m5_rohlik_100_v2,rohlik_top_volume_100_20260714,Rohlik,14,seasonal_naive,1405,280,126042.9401473999,63909.699882507324,228.24892815181187,42.46714500267086,0.507047041331856
source_b_repair_baselines_m5_rohlik_100_v2,rohlik_top_volume_100_20260714,Rohlik,14,seasonal_naive,1408,280,207613.20947265625,85153.39050292969,304.1192517961775,34.34856090108491,0.41015401052380934
source_b_repair_baselines_m5_rohlik_100_v2,rohlik_top_volume_100_20260714,Rohlik,14,seasonal_naive,1413,280,289053.51054000854,82803.51057815552,295.72682349341255,28.670732186626758,0.28646429660536676
source_b_repair_baselines_m5_rohlik_100_v2,rohlik_top_volume_100_20260714,Rohlik,14,seasonal_naive,1640,280,120672.08973693848,44185.06999206543,157.8038214002337,37.09480812886647,0.36615815710482474
source_b_repair_baselines_m5_rohlik_100_v2,rohlik_top_volume_100_20260714,Rohlik,14,seasonal_naive,1671,280,141476.37020874023,53714.489837646484,191.8374637058803,38.96174604911798,0.3796711052057234
source_b_repair_baselines_m5_rohlik_100_v2,rohlik_top_volume_100_20260714,Rohlik,14,seasonal_naive,1672,280,151003.13999176025,49309.8404006958,176.10657285962785,31.584449239452596,0.3265484439819363
source_b_repair_baselines_m5_rohlik_100_v2,rohlik_top_volume_100_20260714,Rohlik,14,seasonal_naive,1925,280,145504.06002807617,51176.218841552734,182.77221014840262,22.43908738470221,0.3517167756808839
source_b_repair_baselines_m5_rohlik_100_v2,rohlik_top_volume_100_20260714,Rohlik,14,seasonal_naive,1927,280,138158.75009334087,22879.970098137856,81.71417892192092,18.05035312307591,0.1656063773208719
source_b_repair_baselines_m5_rohlik_100_v2,rohlik_top_volume_100_20260714,Rohlik,14,seasonal_naive,2127,280,224514.65948486328,122917.75909423828,438.9919967651367,46.93756463135051,0.5474821081895784
source_b_repair_baselines_m5_rohlik_100_v2,rohlik_top_volume_100_20260714,Rohlik,14,seasonal_naive,2129,280,201146.12992095947,134978.89043426514,482.0674658366612,70.4089164531124,0.671048906023224
source_b_repair_baselines_m5_rohlik_100_v2,rohlik_top_volume_100_20260714,Rohlik,14,seasonal_naive,2159,280,205632.91958618164,34606.96041870117,123.59628720964704,18.565853377740968,0.168294845437903
source_b_repair_baselines_m5_rohlik_100_v2,rohlik_top_volume_100_20260714,Rohlik,14,seasonal_naive,2160,280,155848.88995361328,25313.910034179688,90.40682155064174,17.48196942140315,0.16242598867219457
source_b_repair_baselines_m5_rohlik_100_v2,rohlik_top_volume_100_20260714,Rohlik,14,seasonal_naive,2161,280,119318.8002319336,19542.00064086914,69.7928594316755,17.913023467464985,0.1637797279463347
source_b_repair_baselines_m5_rohlik_100_v2,rohlik_top_volume_100_20260714,Rohlik,14,seasonal_naive,2216,280,279236.34016418457,44890.220779418945,160.32221706935337,17.255566019099952,0.1607606687332477
source_b_repair_baselines_m5_rohlik_100_v2,rohlik_top_volume_100_20260714,Rohlik,14,seasonal_naive,2217,280,274926.85957336426,36367.91929626465,129.88542605808803,13.796110359721395,0.13228216170912127
source_b_repair_baselines_m5_rohlik_100_v2,rohlik_top_volume_100_20260714,Rohlik,14,seasonal_naive,2218,280,126590.24021148682,19090.920448303223,68.18185874394008,16.086678564198476,0.15080878602022676
source_b_repair_baselines_m5_rohlik_100_v2,rohlik_top_volume_100_20260714,Rohlik,14,seasonal_naive,2274,280,151934.1999359131,60195.88032531738,214.9852868761335,53.923304143644536,0.3961970402365526
source_b_repair_baselines_m5_rohlik_100_v2,rohlik_top_volume_100_20260714,Rohlik,14,seasonal_naive,2275,280,108671.41033172607,43568.090156555176,155.60032198769704,57.24932931845969,0.4009158436755439
source_b_repair_baselines_m5_rohlik_100_v2,rohlik_top_volume_100_20260714,Rohlik,14,seasonal_naive,2325,280,218676.69919586182,53171.819175720215,189.89935419900075,26.872920317179705,0.2431526512483888
source_b_repair_baselines_m5_rohlik_100_v2,rohlik_top_volume_100_20260714,Rohlik,14,seasonal_naive,2467,280,124018.61987304688,50708.8200378418,181.10292870657784,43.12650724949626,0.4088806994445711
source_b_repair_baselines_m5_rohlik_100_v2,rohlik_top_volume_100_20260714,Rohlik,14,seasonal_naive,2468,280,207317.14988708496,158145.15019226074,564.8041078295026,63.90903079620978,0.7628175010045928
source_b_repair_baselines_m5_rohlik_100_v2,rohlik_top_volume_100_20260714,Rohlik,14,seasonal_naive,2470,280,261642.5806427002,167928.1007232666,599.7432168688093,52.62215652084752,0.6418225210543602
source_b_repair_baselines_m5_rohlik_100_v2,rohlik_top_volume_100_20260714,Rohlik,14,seasonal_naive,2560,280,273117.1798400879,66130.75991821289,236.1812854221889,23.386892278427656,0.24213328490332586
source_b_repair_baselines_m5_rohlik_100_v2,rohlik_top_volume_100_20260714,Rohlik,14,seasonal_naive,2561,280,551515.4985351562,151739.23986816406,541.9258566720146,28.235867427965665,0.27513141565593097
source_b_repair_baselines_m5_rohlik_100_v2,rohlik_top_volume_100_20260714,Rohlik,14,seasonal_naive,2562,280,501021.64096069336,130973.31954956055,467.7618555341448,26.74242550253873,0.26141249966453206
source_b_repair_baselines_m5_rohlik_100_v2,rohlik_top_volume_100_20260714,Rohlik,14,seasonal_naive,2563,280,249795.21975708008,64952.53890991211,231.9733532496861,26.716406232484154,0.2600231460517015
source_b_repair_baselines_m5_rohlik_100_v2,rohlik_top_volume_100_20260714,Rohlik,14,seasonal_naive,2565,280,173654.3897781372,62911.30970001221,224.68324892861503,31.101103582645194,0.3622788331489253
source_b_repair_baselines_m5_rohlik_100_v2,rohlik_top_volume_100_20260714,Rohlik,14,seasonal_naive,2566,280,138404.21014404297,60761.30975341797,217.00467769077846,36.340456774623675,0.43901344973668915
source_b_repair_baselines_m5_rohlik_100_v2,rohlik_top_volume_100_20260714,Rohlik,14,seasonal_naive,2694,280,220327.10961914062,37878.61096191406,135.28075343540738,18.883399186954012,0.1719198832471926
source_b_repair_baselines_m5_rohlik_100_v2,rohlik_top_volume_100_20260714,Rohlik,14,seasonal_naive,2840,280,275601.7402648926,78456.83953857422,280.20299835205077,28.021921026843337,0.2846746884223808
source_b_repair_baselines_m5_rohlik_100_v2,rohlik_top_volume_100_20260714,Rohlik,14,seasonal_naive,2935,280,193093.2696838379,48282.44918823242,172.4373185294015,24.280945114483814,0.25004729200188025
source_b_repair_baselines_m5_rohlik_100_v2,rohlik_top_volume_100_20260714,Rohlik,14,seasonal_naive,2936,280,169590.96995544434,30403.589462280273,108.5842480795724,18.6782581718392,0.17927599252641832
source_b_repair_baselines_m5_rohlik_100_v2,rohlik_top_volume_100_20260714,Rohlik,14,seasonal_naive,2937,280,280813.5494995117,51198.71014404297,182.8525362287249,18.59913185969086,0.18232279117333686
source_b_repair_baselines_m5_rohlik_100_v2,rohlik_top_volume_100_20260714,Rohlik,14,seasonal_naive,2938,280,168716.07014465332,24396.250076293945,87.12946455819267,14.732688983191213,0.14459944482690448
source_b_repair_baselines_m5_rohlik_100_v2,rohlik_top_volume_100_20260714,Rohlik,14,seasonal_naive,3144,280,503970.9108886719,63649.32922363281,227.31903294154577,13.397147881329735,0.12629564097538373
source_b_repair_baselines_m5_rohlik_100_v2,rohlik_top_volume_100_20260714,Rohlik,14,seasonal_naive,3145,280,338092.6397705078,37582.301025390625,134.22250366210938,11.65805179868275,0.11115977280931322
source_b_repair_baselines_m5_rohlik_100_v2,rohlik_top_volume_100_20260714,Rohlik,14,seasonal_naive,3146,280,0.0,0.0,0.0,0.0,
source_b_repair_baselines_m5_rohlik_100_v2,rohlik_top_volume_100_20260714,Rohlik,14,seasonal_naive,3147,280,297310.9501647949,35639.54806518555,127.28410023280553,12.728252403966994,0.11987297489524382
source_b_repair_baselines_m5_rohlik_100_v2,rohlik_top_volume_100_20260714,Rohlik,14,seasonal_naive,3152,280,129612.94994354248,71579.62969207764,255.641534614563,53.50026271700141,0.552256774676116
source_b_repair_baselines_m5_rohlik_100_v2,rohlik_top_volume_100_20260714,Rohlik,14,seasonal_naive,3155,280,105009.38983726501,70927.8904056549,253.3138943059104,68.8838459958996,0.6754433152651698
source_b_repair_baselines_m5_rohlik_100_v2,rohlik_top_volume_100_20260714,Rohlik,14,seasonal_naive,3184,280,248360.49018859863,37966.20979309082,135.5936064038958,17.211893066642315,0.15286734924810402
source_b_repair_baselines_m5_rohlik_100_v2,rohlik_top_volume_100_20260714,Rohlik,14,seasonal_naive,3224,280,81147.24968624115,64759.52955341339,231.28403411933354,77.18195179880881,0.7980495926086036
source_b_repair_baselines_m5_rohlik_100_v2,rohlik_top_volume_100_20260714,Rohlik,14,seasonal_naive,3225,280,75168.05016422272,63420.46992397308,226.50167829990386,80.89197899268646,0.8437157779856705
source_b_repair_baselines_m5_rohlik_100_v2,rohlik_top_volume_100_20260714,Rohlik,14,seasonal_naive,3336,280,575708.1196289062,63446.0,226.59285714285716,11.447242691625524,0.11020515055597348
source_b_repair_baselines_m5_rohlik_100_v2,rohlik_top_volume_100_20260714,Rohlik,14,seasonal_naive,3456,280,256175.78985595703,39852.87030029297,142.33167964390347,17.81154817091463,0.15556844900410577
source_b_repair_baselines_m5_rohlik_100_v2,rohlik_top_volume_100_20260714,Rohlik,14,seasonal_naive,3616,280,318439.2596435547,48504.83947753906,173.23156956263952,16.607124979080506,0.15232053840293752
source_b_repair_baselines_m5_rohlik_100_v2,rohlik_top_volume_100_20260714,Rohlik,14,seasonal_naive,3617,280,187647.49993896484,27359.92041015625,97.71400146484375,15.897966355862984,0.14580487573271944
source_b_repair_baselines_m5_rohlik_100_v2,rohlik_top_volume_100_20260714,Rohlik,14,seasonal_naive,3618,280,151499.94006347656,22836.56036376953,81.55914415631976,16.497117072457165,0.1507364316725228
source_b_repair_baselines_m5_rohlik_100_v2,rohlik_top_volume_100_20260714,Rohlik,14,seasonal_naive,3685,280,112072.23987579346,35244.44013214111,125.87300047193254,38.87329104055173,0.31447966214650075
source_b_repair_baselines_m5_rohlik_100_v2,rohlik_top_volume_100_20260714,Rohlik,14,seasonal_naive,3686,280,139290.15993404388,33436.220299720764,119.41507249900273,24.82655101918053,0.2400472532701043
source_b_repair_baselines_m5_rohlik_100_v2,rohlik_top_volume_100_20260714,Rohlik,14,seasonal_naive,3871,280,143374.5302658081,43847.02968597412,156.59653459276473,26.842984922972057,0.30582161004945757
source_b_repair_baselines_m5_rohlik_100_v2,rohlik_top_volume_100_20260714,Rohlik,14,seasonal_naive,4172,280,260753.42961120605,83595.7700958252,298.5563217708043,36.855670713934856,0.32059317578476293
source_b_repair_baselines_m5_rohlik_100_v2,rohlik_top_volume_100_20260714,Rohlik,14,seasonal_naive,4227,280,112724.54960632324,54143.8094329834,193.3707479749407,44.99423616854523,0.48031958985042794
source_b_repair_baselines_m5_rohlik_100_v2,rohlik_top_volume_100_20260714,Rohlik,14,seasonal_naive,4228,280,206421.50966644287,99234.26964569092,354.40810587746756,45.10881342887369,0.48073609095313696
source_b_repair_baselines_m5_rohlik_100_v2,rohlik_top_volume_100_20260714,Rohlik,14,seasonal_naive,4229,280,121289.81995391846,59481.45975494385,212.43378483908518,49.30696150443877,0.4904076844828576
source_b_repair_baselines_m5_rohlik_100_v2,rohlik_top_volume_100_20260714,Rohlik,14,seasonal_naive,4230,280,193655.57107543945,112539.9116821289,401.92825600760324,62.75452844825207,0.581134387496079
source_b_repair_baselines_m5_rohlik_100_v2,rohlik_top_volume_100_20260714,Rohlik,14,seasonal_naive,4523,280,171175.77983093262,19106.300399780273,68.2367871420724,11.601015965417615,0.11161801289090804
source_b_repair_baselines_m5_rohlik_100_v2,rohlik_top_volume_100_20260714,Rohlik,14,seasonal_naive,4720,280,4037897.0986328125,455259.6982421875,1625.9274937220982,12.306265355073615,0.11274673106363543
source_b_repair_baselines_m5_rohlik_100_v2,rohlik_top_volume_100_20260714,Rohlik,14,seasonal_naive,4793,280,575034.4410400391,110835.87829589844,395.84242248535156,19.545493937361304,0.19274650418405295
source_b_repair_baselines_m5_rohlik_100_v2,rohlik_top_volume_100_20260714,Rohlik,14,seasonal_naive,4877,280,279479.92053222656,34519.860595703125,123.28521641322544,12.840432944124233,0.12351463579195728
source_b_repair_baselines_m5_rohlik_100_v2,rohlik_top_volume_100_20260714,Rohlik,14,seasonal_naive,4878,280,173437.76989746094,29525.450134277344,105.44803619384766,17.102506758058006,0.17023656468676485
source_b_repair_baselines_m5_rohlik_100_v2,rohlik_top_volume_100_20260714,Rohlik,14,seasonal_naive,4879,280,637516.419921875,86340.83984375,308.36014229910717,14.295819397506431,0.13543312320383954
source_b_repair_baselines_m5_rohlik_100_v2,rohlik_top_volume_100_20260714,Rohlik,14,seasonal_naive,4883,280,1313540.4802246094,162635.27563476562,580.840270124163,13.259007904607722,0.12381443745605444
source_b_repair_baselines_m5_rohlik_100_v2,rohlik_top_volume_100_20260714,Rohlik,14,seasonal_naive,4884,280,1460296.7197265625,180519.322265625,644.711865234375,12.71415269549226,0.1236182481457788
source_b_repair_baselines_m5_rohlik_100_v2,rohlik_top_volume_100_20260714,Rohlik,14,seasonal_naive,4885,280,2587560.158203125,334105.7919921875,1193.2349714006696,13.477583655094378,0.1291200094162062
source_b_repair_baselines_m5_rohlik_100_v2,rohlik_top_volume_100_20260714,Rohlik,14,seasonal_naive,4965,280,209354.80053710938,71670.38024902344,255.96564374651228,29.05740748289295,0.342339320928633
source_b_repair_baselines_m5_rohlik_100_v2,rohlik_top_volume_100_20260714,Rohlik,14,seasonal_naive,4966,280,114273.84986877441,39615.849197387695,141.48517570495605,28.883570207329235,0.34667467003938596
source_b_repair_baselines_m5_rohlik_100_v2,rohlik_top_volume_100_20260714,Rohlik,14,seasonal_naive,4967,280,217679.2293624878,88808.17024993896,317.17203660692485,38.12103742931191,0.4079772356325839
source_b_repair_baselines_m5_rohlik_100_v2,rohlik_top_volume_100_20260714,Rohlik,14,seasonal_naive,4968,280,132231.52013397217,46227.24053192139,165.09728761400496,29.68381101212531,0.3495932020223743
source_b_repair_baselines_m5_rohlik_100_v2,rohlik_top_volume_100_20260714,Rohlik,14,seasonal_naive,5164,280,145507.20980644226,62519.51010322571,223.28396465437754,51.753804544348114,0.42966606387677214
source_b_repair_baselines_m5_rohlik_100_v2,rohlik_top_volume_100_20260714,Rohlik,14,seasonal_naive,5166,280,112630.67004394531,62708.81024169922,223.96003657749722,67.48524557383087,0.5567649576907605
source_b_repair_baselines_m5_rohlik_100_v2,rohlik_top_volume_100_20260714,Rohlik,14,seasonal_naive,5277,280,151712.34029006958,84260.84044265747,300.931573009491,49.43034874745968,0.5553987255193163
source_b_repair_baselines_m5_rohlik_100_v2,rohlik_top_volume_100_20260714,Rohlik,14,seasonal_naive,5278,280,174989.42964935303,91290.9298324585,326.0390351159232,51.2346138312178,0.5216939675464336
source_b_repair_baselines_m5_rohlik_100_v2,rohlik_top_volume_100_20260714,Rohlik,14,seasonal_naive,5293,280,239707.89004516602,52123.7102355957,186.15610798427036,19.8804116572198,0.21744678585996688
source_b_repair_baselines_m5_rohlik_100_v2,rohlik_top_volume_100_20260714,Rohlik,14,seasonal_naive,5294,280,224627.77935791016,59679.97979736328,213.14278499058315,22.519354965257236,0.2656838792065532
source_b_repair_baselines_m5_rohlik_100_v2,rohlik_top_volume_100_20260714,Rohlik,14,seasonal_naive,5295,280,163282.1696624756,25091.66960144043,89.61310571943011,14.897159037941652,0.15367060379775704
source_b_repair_baselines_m5_rohlik_100_v2,rohlik_top_volume_100_20260714,Rohlik,14,seasonal_naive,5296,280,156334.580368042,30902.619735717773,110.3664990561349,18.046147998506417,0.19766976482725063
source_b_repair_baselines_m5_rohlik_100_v2,rohlik_top_volume_100_20260714,Rohlik,14,seasonal_naive,5347,280,131796.05020141602,54357.830337524414,194.1351083483015,41.18489284060641,0.412438993842779
source_b_repair_baselines_m5_rohlik_100_v2,rohlik_top_volume_100_20260714,Rohlik,14,seasonal_naive,5350,280,186111.16989898682,68045.31000518799,243.01896430424281,38.74435312015327,0.3656164755834917
source_b_repair_baselines_m5_rohlik_100_v2,rohlik_top_volume_100_20260714,Rohlik,14,lightgbm_cov,80,280,65024.250061035156,11994.364791870117,42.837017113821844,18.318549233880034,0.18445987121130317
source_b_repair_baselines_m5_rohlik_100_v2,rohlik_top_volume_100_20260714,Rohlik,14,lightgbm_cov,139,280,704992.3494262695,141024.09771728516,503.657491847447,20.237834365538678,0.2000363519292828
source_b_repair_baselines_m5_rohlik_100_v2,rohlik_top_volume_100_20260714,Rohlik,14,lightgbm_cov,393,280,347206.3200683594,129361.56591796875,462.0055925641741,33.55011994234504,0.3725783732637687
source_b_repair_baselines_m5_rohlik_100_v2,rohlik_top_volume_100_20260714,Rohlik,14,lightgbm_cov,394,280,239137.44957733154,99798.91414642334,356.42469338008334,40.44261443513454,0.4173286715351987
source_b_repair_baselines_m5_rohlik_100_v2,rohlik_top_volume_100_20260714,Rohlik,14,lightgbm_cov,524,280,267690.19955444336,40706.53860473633,145.38049501691546,14.909828879846124,0.15206585326056118
source_b_repair_baselines_m5_rohlik_100_v2,rohlik_top_volume_100_20260714,Rohlik,14,lightgbm_cov,525,280,531616.6622314453,81091.05480957031,289.6109100341797,14.883001331335876,0.1525367065606879
source_b_repair_baselines_m5_rohlik_100_v2,rohlik_top_volume_100_20260714,Rohlik,14,lightgbm_cov,526,280,338197.9295654297,44870.462829589844,160.25165296282088,13.43856914454657,0.13267515530697224
source_b_repair_baselines_m5_rohlik_100_v2,rohlik_top_volume_100_20260714,Rohlik,14,lightgbm_cov,539,280,193128.92993927002,31095.37407684326,111.05490741729736,16.27961622360029,0.16100836931381174
source_b_repair_baselines_m5_rohlik_100_v2,rohlik_top_volume_100_20260714,Rohlik,14,lightgbm_cov,619,280,111035.18016052246,61182.139629364014,218.5076415334429,105.74268914652119,0.5510158090518122
source_b_repair_baselines_m5_rohlik_100_v2,rohlik_top_volume_100_20260714,Rohlik,14,lightgbm_cov,652,280,906449.6130943298,265050.47479629517,946.608838558197,29.50111053313385,0.2924050834899663
source_b_repair_baselines_m5_rohlik_100_v2,rohlik_top_volume_100_20260714,Rohlik,14,lightgbm_cov,653,280,742757.7571563721,243613.79643249512,870.0492729731968,33.9657316073919,0.32798552971720407
source_b_repair_baselines_m5_rohlik_100_v2,rohlik_top_volume_100_20260714,Rohlik,14,lightgbm_cov,654,280,465967.79803466797,143611.97900390625,512.8999250139509,30.37217054169632,0.3082015100820798
source_b_repair_baselines_m5_rohlik_100_v2,rohlik_top_volume_100_20260714,Rohlik,14,lightgbm_cov,655,280,569343.7183532715,166046.1457824707,593.0219492231097,28.744170977449357,0.2916448191660576
source_b_repair_baselines_m5_rohlik_100_v2,rohlik_top_volume_100_20260714,Rohlik,14,lightgbm_cov,888,280,161351.10961914062,45857.185638427734,163.77566299438476,36.38441236986073,0.28420743896134837
source_b_repair_baselines_m5_rohlik_100_v2,rohlik_top_volume_100_20260714,Rohlik,14,lightgbm_cov,890,280,151037.71043395996,45569.3362159729,162.74762934276035,45.56554358606418,0.30170833552126525
source_b_repair_baselines_m5_rohlik_100_v2,rohlik_top_volume_100_20260714,Rohlik,14,lightgbm_cov,912,280,138695.33001708984,61777.16315460205,220.6327255521502,43.866664307415846,0.4454163175284269
source_b_repair_baselines_m5_rohlik_100_v2,rohlik_top_volume_100_20260714,Rohlik,14,lightgbm_cov,1032,280,313453.1592102051,41029.20529174805,146.5328760419573,14.273666099551551,0.1308942152477507
source_b_repair_baselines_m5_rohlik_100_v2,rohlik_top_volume_100_20260714,Rohlik,14,lightgbm_cov,1266,280,151124.2797088623,26332.049057006836,94.04303234645299,16.103295677136774,0.174241022737941
source_b_repair_baselines_m5_rohlik_100_v2,rohlik_top_volume_100_20260714,Rohlik,14,lightgbm_cov,1269,280,140353.15000152588,24198.21086883545,86.42218167441231,16.955408726966677,0.17240946048287747
source_b_repair_baselines_m5_rohlik_100_v2,rohlik_top_volume_100_20260714,Rohlik,14,lightgbm_cov,1270,280,132543.56005859375,32337.105895996094,115.48966391427176,23.63262890605198,0.243973421882593
source_b_repair_baselines_m5_rohlik_100_v2,rohlik_top_volume_100_20260714,Rohlik,14,lightgbm_cov,1391,280,221225.1198425293,33589.32180786133,119.96186359950474,15.318330756349924,0.15183321781798836
source_b_repair_baselines_m5_rohlik_100_v2,rohlik_top_volume_100_20260714,Rohlik,14,lightgbm_cov,1405,280,126042.9401473999,58245.34149932861,208.01907678331648,39.676373890867126,0.462107131357092
source_b_repair_baselines_m5_rohlik_100_v2,rohlik_top_volume_100_20260714,Rohlik,14,lightgbm_cov,1408,280,207613.20947265625,78036.10040283203,278.70035858154296,31.751881146959143,0.37587252083355416
source_b_repair_baselines_m5_rohlik_100_v2,rohlik_top_volume_100_20260714,Rohlik,14,lightgbm_cov,1413,280,289053.51054000854,62905.061908721924,224.6609353882926,22.39463513634484,0.21762427929417966
source_b_repair_baselines_m5_rohlik_100_v2,rohlik_top_volume_100_20260714,Rohlik,14,lightgbm_cov,1640,280,120672.08973693848,38172.25205993652,136.32947164263044,31.592546046520486,0.31633041362879255
source_b_repair_baselines_m5_rohlik_100_v2,rohlik_top_volume_100_20260714,Rohlik,14,lightgbm_cov,1671,280,141476.37020874023,40528.917419433594,144.74613364083427,30.62684603460724,0.28647128392985705
source_b_repair_baselines_m5_rohlik_100_v2,rohlik_top_volume_100_20260714,Rohlik,14,lightgbm_cov,1672,280,151003.13999176025,38511.23223114014,137.54011511121476,24.59018156466846,0.25503596967083975
source_b_repair_baselines_m5_rohlik_100_v2,rohlik_top_volume_100_20260714,Rohlik,14,lightgbm_cov,1925,280,145504.06002807617,38980.087789833546,139.21459924940552,127.6569714858252,0.2678969080471846
source_b_repair_baselines_m5_rohlik_100_v2,rohlik_top_volume_100_20260714,Rohlik,14,lightgbm_cov,1927,280,138158.75009334087,30840.68285191059,110.14529589968068,46.02368010770895,0.22322641766138188
source_b_repair_baselines_m5_rohlik_100_v2,rohlik_top_volume_100_20260714,Rohlik,14,lightgbm_cov,2127,280,224514.65948486328,93098.83152008057,332.4958268574306,38.63108996011063,0.4146670499542916
source_b_repair_baselines_m5_rohlik_100_v2,rohlik_top_volume_100_20260714,Rohlik,14,lightgbm_cov,2129,280,201146.12992095947,109457.20784378052,390.9185994420733,54.96839686606949,0.5441676053463809
source_b_repair_baselines_m5_rohlik_100_v2,rohlik_top_volume_100_20260714,Rohlik,14,lightgbm_cov,2159,280,205632.91958618164,27373.739791870117,97.76335639953614,14.09752612769034,0.13311944336032083
source_b_repair_baselines_m5_rohlik_100_v2,rohlik_top_volume_100_20260714,Rohlik,14,lightgbm_cov,2160,280,155848.88995361328,19985.840774536133,71.37800276620048,13.351037468756155,0.12823858277389527
source_b_repair_baselines_m5_rohlik_100_v2,rohlik_top_volume_100_20260714,Rohlik,14,lightgbm_cov,2161,280,119318.8002319336,17842.31413269043,63.722550473894394,15.28468776214014,0.1495348100886724
source_b_repair_baselines_m5_rohlik_100_v2,rohlik_top_volume_100_20260714,Rohlik,14,lightgbm_cov,2216,280,279236.34016418457,37428.078842163086,133.67171015058244,14.118535203270666,0.13403727759845382
source_b_repair_baselines_m5_rohlik_100_v2,rohlik_top_volume_100_20260714,Rohlik,14,lightgbm_cov,2217,280,274926.85957336426,30335.8191986084,108.34221142360143,11.424510295147392,0.11034141678875607
source_b_repair_baselines_m5_rohlik_100_v2,rohlik_top_volume_100_20260714,Rohlik,14,lightgbm_cov,2218,280,126590.24021148682,19807.70693206787,70.74181047167097,15.55140511245145,0.15647104309918608
source_b_repair_baselines_m5_rohlik_100_v2,rohlik_top_volume_100_20260714,Rohlik,14,lightgbm_cov,2274,280,151934.1999359131,46340.29093170166,165.50103904179164,44.10456643825019,0.3050023691259
source_b_repair_baselines_m5_rohlik_100_v2,rohlik_top_volume_100_20260714,Rohlik,14,lightgbm_cov,2275,280,108671.41033172607,38967.67859458923,139.17028069496155,49.33773467904087,0.35858261593953766
source_b_repair_baselines_m5_rohlik_100_v2,rohlik_top_volume_100_20260714,Rohlik,14,lightgbm_cov,2325,280,218676.69919586182,45644.688804626465,163.0167457308088,21.6526625425039,0.20873137820570428
source_b_repair_baselines_m5_rohlik_100_v2,rohlik_top_volume_100_20260714,Rohlik,14,lightgbm_cov,2467,280,124018.61987304688,37382.09155845642,133.50746985163008,71.60378933700666,0.30142321851930814
source_b_repair_baselines_m5_rohlik_100_v2,rohlik_top_volume_100_20260714,Rohlik,14,lightgbm_cov,2468,280,207317.14988708496,102918.46052245796,367.56593043734983,68.61728334899598,0.49643003764286925
source_b_repair_baselines_m5_rohlik_100_v2,rohlik_top_volume_100_20260714,Rohlik,14,lightgbm_cov,2470,280,261642.5806427002,128807.23823821545,460.0258508507695,63.97390377107687,0.4923022771057092
source_b_repair_baselines_m5_rohlik_100_v2,rohlik_top_volume_100_20260714,Rohlik,14,lightgbm_cov,2560,280,273117.1798400879,54536.46286010742,194.7730816432408,19.709746035447502,0.19968155387383144
source_b_repair_baselines_m5_rohlik_100_v2,rohlik_top_volume_100_20260714,Rohlik,14,lightgbm_cov,2561,280,551515.4985351562,123904.26196289062,442.51522129603796,23.84846150156136,0.22466143252906676
source_b_repair_baselines_m5_rohlik_100_v2,rohlik_top_volume_100_20260714,Rohlik,14,lightgbm_cov,2562,280,501021.64096069336,104680.41976928711,373.8586420331682,21.281282277789117,0.20893392861946178
source_b_repair_baselines_m5_rohlik_100_v2,rohlik_top_volume_100_20260714,Rohlik,14,lightgbm_cov,2563,280,249795.21975708008,51825.01965332031,185.0893559047154,21.5523285295746,0.20747002165901698
source_b_repair_baselines_m5_rohlik_100_v2,rohlik_top_volume_100_20260714,Rohlik,14,lightgbm_cov,2565,280,173654.3897781372,45569.02568817139,162.74652031489782,23.999513589758074,0.2624121725134094
source_b_repair_baselines_m5_rohlik_100_v2,rohlik_top_volume_100_20260714,Rohlik,14,lightgbm_cov,2566,280,138404.21014404297,44053.42459106445,157.3336592538016,28.52947914256403,0.31829540839267995
source_b_repair_baselines_m5_rohlik_100_v2,rohlik_top_volume_100_20260714,Rohlik,14,lightgbm_cov,2694,280,220327.10961914062,30102.116088867188,107.50755746023995,14.990759210085166,0.1366246584040519
source_b_repair_baselines_m5_rohlik_100_v2,rohlik_top_volume_100_20260714,Rohlik,14,lightgbm_cov,2840,280,275601.7402648926,63219.70330810547,225.78465467180524,22.83337884823387,0.2293878959085756
source_b_repair_baselines_m5_rohlik_100_v2,rohlik_top_volume_100_20260714,Rohlik,14,lightgbm_cov,2935,280,193093.2696838379,38483.47152709961,137.44096973964147,19.38725519463733,0.19929991133357827
source_b_repair_baselines_m5_rohlik_100_v2,rohlik_top_volume_100_20260714,Rohlik,14,lightgbm_cov,2936,280,169590.96995544434,24272.388275146484,86.68710098266601,14.48253029837112,0.14312311723627402
source_b_repair_baselines_m5_rohlik_100_v2,rohlik_top_volume_100_20260714,Rohlik,14,lightgbm_cov,2937,280,280813.5494995117,40868.27130126953,145.95811179024832,14.599753562363174,0.14553525417170296
source_b_repair_baselines_m5_rohlik_100_v2,rohlik_top_volume_100_20260714,Rohlik,14,lightgbm_cov,2938,280,168716.07014465332,21424.769119262695,76.51703256879534,12.717221270372528,0.1269871275504081
source_b_repair_baselines_m5_rohlik_100_v2,rohlik_top_volume_100_20260714,Rohlik,14,lightgbm_cov,3144,280,503970.9108886719,52572.47412109375,187.7588361467634,10.748144530626085,0.10431648530743694
source_b_repair_baselines_m5_rohlik_100_v2,rohlik_top_volume_100_20260714,Rohlik,14,lightgbm_cov,3145,280,338092.6397705078,31253.33935546875,111.6190691266741,9.596124786155993,0.09244016485151244
source_b_repair_baselines_m5_rohlik_100_v2,rohlik_top_volume_100_20260714,Rohlik,14,lightgbm_cov,3146,280,0.0,942.1583266556263,3.3648511666272367,200.0,
source_b_repair_baselines_m5_rohlik_100_v2,rohlik_top_volume_100_20260714,Rohlik,14,lightgbm_cov,3147,280,297310.9501647949,27665.941497802734,98.80693392072405,9.64917844776241,0.09305389351609124
source_b_repair_baselines_m5_rohlik_100_v2,rohlik_top_volume_100_20260714,Rohlik,14,lightgbm_cov,3152,280,129612.94994354248,59261.15333557129,211.64697619846888,46.349063712209635,0.4572162994622419
source_b_repair_baselines_m5_rohlik_100_v2,rohlik_top_volume_100_20260714,Rohlik,14,lightgbm_cov,3155,280,105009.38983726501,52608.37424659729,187.8870508807046,53.23356050522434,0.5009873338767653
source_b_repair_baselines_m5_rohlik_100_v2,rohlik_top_volume_100_20260714,Rohlik,14,lightgbm_cov,3184,280,248360.49018859863,28930.300231933594,103.32250082833427,12.47944778771803,0.11648511488266375
source_b_repair_baselines_m5_rohlik_100_v2,rohlik_top_volume_100_20260714,Rohlik,14,lightgbm_cov,3224,280,81147.24968624115,47797.25865650177,170.70449520179204,62.10563946014105,0.5890188372534084
source_b_repair_baselines_m5_rohlik_100_v2,rohlik_top_volume_100_20260714,Rohlik,14,lightgbm_cov,3225,280,75168.05016422272,45333.88345193863,161.90672661406654,86.54542952386737,0.6031004310062033
source_b_repair_baselines_m5_rohlik_100_v2,rohlik_top_volume_100_20260714,Rohlik,14,lightgbm_cov,3336,280,575708.1196289062,55698.98107910156,198.92493242536273,9.87205748303543,0.0967486460239685
source_b_repair_baselines_m5_rohlik_100_v2,rohlik_top_volume_100_20260714,Rohlik,14,lightgbm_cov,3456,280,256175.78985595703,30683.167572021484,109.58274132864815,13.104990782910427,0.11977387710709926
source_b_repair_baselines_m5_rohlik_100_v2,rohlik_top_volume_100_20260714,Rohlik,14,lightgbm_cov,3616,280,318439.2596435547,40205.302734375,143.59036690848214,13.246976088869364,0.12625736782386332
source_b_repair_baselines_m5_rohlik_100_v2,rohlik_top_volume_100_20260714,Rohlik,14,lightgbm_cov,3617,280,187647.49993896484,22791.400299072266,81.39785821097237,12.890061644240122,0.12145858754572009
source_b_repair_baselines_m5_rohlik_100_v2,rohlik_top_volume_100_20260714,Rohlik,14,lightgbm_cov,3618,280,151499.94006347656,19865.856079101562,70.9494859967913,13.64380076002733,0.13112781477522711
source_b_repair_baselines_m5_rohlik_100_v2,rohlik_top_volume_100_20260714,Rohlik,14,lightgbm_cov,3685,280,112072.23987579346,27650.6048412323,98.75216014725821,26.794456355265606,0.24672126542555672
source_b_repair_baselines_m5_rohlik_100_v2,rohlik_top_volume_100_20260714,Rohlik,14,lightgbm_cov,3686,280,139290.15993404388,30128.538907051086,107.6019246680396,22.530081014477474,0.21630055505225518
source_b_repair_baselines_m5_rohlik_100_v2,rohlik_top_volume_100_20260714,Rohlik,14,lightgbm_cov,3871,280,143374.5302658081,36838.83888244629,131.56728172302246,24.61192392581765,0.25694130480601546
source_b_repair_baselines_m5_rohlik_100_v2,rohlik_top_volume_100_20260714,Rohlik,14,lightgbm_cov,4172,280,260753.42961120605,67865.90289568901,242.37822462746075,77.11799137660806,0.26026849578500205
source_b_repair_baselines_m5_rohlik_100_v2,rohlik_top_volume_100_20260714,Rohlik,14,lightgbm_cov,4227,280,112724.54960632324,42745.2872467041,152.66174016680037,41.95147331476254,0.3792012245423629
source_b_repair_baselines_m5_rohlik_100_v2,rohlik_top_volume_100_20260714,Rohlik,14,lightgbm_cov,4228,280,206421.50966644287,68500.27338600159,244.64383352143423,38.427622489794814,0.33184658661149885
source_b_repair_baselines_m5_rohlik_100_v2,rohlik_top_volume_100_20260714,Rohlik,14,lightgbm_cov,4229,280,121289.81995391846,46131.33144760132,164.7547551700047,43.73924486181221,0.38033968114659544
source_b_repair_baselines_m5_rohlik_100_v2,rohlik_top_volume_100_20260714,Rohlik,14,lightgbm_cov,4230,280,193655.57107543945,78849.41763877869,281.60506299563815,47.57557420823786,0.407163177392209
source_b_repair_baselines_m5_rohlik_100_v2,rohlik_top_volume_100_20260714,Rohlik,14,lightgbm_cov,4523,280,171175.77983093262,16009.332901000977,57.176188932146346,9.386133775502174,0.09352568988914857
source_b_repair_baselines_m5_rohlik_100_v2,rohlik_top_volume_100_20260714,Rohlik,14,lightgbm_cov,4720,280,4037897.0986328125,420771.9658203125,1502.7570207868303,10.727432403451505,0.10420571786308801
source_b_repair_baselines_m5_rohlik_100_v2,rohlik_top_volume_100_20260714,Rohlik,14,lightgbm_cov,4793,280,575034.4410400391,91352.77917480469,326.25992562430247,15.873291759519242,0.1588648829617562
source_b_repair_baselines_m5_rohlik_100_v2,rohlik_top_volume_100_20260714,Rohlik,14,lightgbm_cov,4877,280,279479.92053222656,35529.229400634766,126.89010500226702,13.558265244126941,0.12712623265734013
source_b_repair_baselines_m5_rohlik_100_v2,rohlik_top_volume_100_20260714,Rohlik,14,lightgbm_cov,4878,280,173437.76989746094,27608.41411590576,98.60147898537772,16.55941104216118,0.15918340124085012
source_b_repair_baselines_m5_rohlik_100_v2,rohlik_top_volume_100_20260714,Rohlik,14,lightgbm_cov,4879,280,637516.419921875,85393.44226074219,304.9765795026507,14.291605873304224,0.1339470476246036
source_b_repair_baselines_m5_rohlik_100_v2,rohlik_top_volume_100_20260714,Rohlik,14,lightgbm_cov,4883,280,1313540.4802246094,132747.55126953125,474.098397391183,10.249213442776147,0.10106087575377352
source_b_repair_baselines_m5_rohlik_100_v2,rohlik_top_volume_100_20260714,Rohlik,14,lightgbm_cov,4884,280,1460296.7197265625,162823.67163085938,581.5131129673549,11.248796636749129,0.1115004022342444
source_b_repair_baselines_m5_rohlik_100_v2,rohlik_top_volume_100_20260714,Rohlik,14,lightgbm_cov,4885,280,2587560.158203125,328325.54541015625,1172.5912336077008,12.711998845876138,0.12688614962991035
source_b_repair_baselines_m5_rohlik_100_v2,rohlik_top_volume_100_20260714,Rohlik,14,lightgbm_cov,4965,280,209354.80053710938,62646.83645629883,223.73870162963868,26.35296157783218,0.29923764009984716
source_b_repair_baselines_m5_rohlik_100_v2,rohlik_top_volume_100_20260714,Rohlik,14,lightgbm_cov,4966,280,114273.84986877441,39850.53309631348,142.32333248683383,30.931798072704026,0.3487283673567974
source_b_repair_baselines_m5_rohlik_100_v2,rohlik_top_volume_100_20260714,Rohlik,14,lightgbm_cov,4967,280,217679.2293624878,80117.2370223999,286.1329893657139,32.72352667202769,0.36805182220204213
source_b_repair_baselines_m5_rohlik_100_v2,rohlik_top_volume_100_20260714,Rohlik,14,lightgbm_cov,4968,280,132231.52013397217,45818.502517700195,163.6375089917864,31.169305378445934,0.34650212348219667
source_b_repair_baselines_m5_rohlik_100_v2,rohlik_top_volume_100_20260714,Rohlik,14,lightgbm_cov,5164,280,145507.20980644226,44408.24481391907,158.60087433542523,40.94116224556915,0.3051961815018799
source_b_repair_baselines_m5_rohlik_100_v2,rohlik_top_volume_100_20260714,Rohlik,14,lightgbm_cov,5166,280,112630.67004394531,38049.09879016876,135.889638536317,50.720592344626326,0.3378218275299532
source_b_repair_baselines_m5_rohlik_100_v2,rohlik_top_volume_100_20260714,Rohlik,14,lightgbm_cov,5277,280,151712.34029006958,46166.23624038696,164.87941514423915,31.64866909134339,0.30430112772710816
source_b_repair_baselines_m5_rohlik_100_v2,rohlik_top_volume_100_20260714,Rohlik,14,lightgbm_cov,5278,280,174989.42964935303,60499.82481575012,216.0708029133933,37.20391752682917,0.3457341676979047
source_b_repair_baselines_m5_rohlik_100_v2,rohlik_top_volume_100_20260714,Rohlik,14,lightgbm_cov,5293,280,239707.89004516602,44009.93801879883,157.17835006713867,16.855295411512838,0.18359820367409027
source_b_repair_baselines_m5_rohlik_100_v2,rohlik_top_volume_100_20260714,Rohlik,14,lightgbm_cov,5294,280,224627.77935791016,43711.83609008789,156.11370032174247,17.663603402009862,0.19459675119006423
source_b_repair_baselines_m5_rohlik_100_v2,rohlik_top_volume_100_20260714,Rohlik,14,lightgbm_cov,5295,280,163282.1696624756,21536.156661987305,76.91484522138323,12.677593017290661,0.1318953361931998
source_b_repair_baselines_m5_rohlik_100_v2,rohlik_top_volume_100_20260714,Rohlik,14,lightgbm_cov,5296,280,156334.580368042,25840.325485229492,92.28687673296247,15.353756354491091,0.1652886100080759
source_b_repair_baselines_m5_rohlik_100_v2,rohlik_top_volume_100_20260714,Rohlik,14,lightgbm_cov,5347,280,131796.05020141602,46121.17868804932,164.71849531446185,35.794589481119665,0.34994355762228896
source_b_repair_baselines_m5_rohlik_100_v2,rohlik_top_volume_100_20260714,Rohlik,14,lightgbm_cov,5350,280,186111.16989898682,54423.00331878662,194.3678689956665,30.452194544528894,0.2924220150156764
source_b_repair_baselines_m5_rohlik_100_v2,rohlik_top_volume_100_20260714,Rohlik,14,lightgbm_direct,80,280,65024.250061035156,12842.844207763672,45.867300742013114,19.323743367715206,0.19750853251992462
source_b_repair_baselines_m5_rohlik_100_v2,rohlik_top_volume_100_20260714,Rohlik,14,lightgbm_direct,139,280,704992.3494262695,137409.2700805664,490.74739314488005,19.64691658985744,0.19490888119905353
source_b_repair_baselines_m5_rohlik_100_v2,rohlik_top_volume_100_20260714,Rohlik,14,lightgbm_direct,393,280,347206.3200683594,142439.70529174805,508.71323318481444,36.161512811919266,0.4102451397304748
source_b_repair_baselines_m5_rohlik_100_v2,rohlik_top_volume_100_20260714,Rohlik,14,lightgbm_direct,394,280,239137.44957733154,102317.53979492188,365.4197849818638,42.02532027782647,0.42786079710963354
source_b_repair_baselines_m5_rohlik_100_v2,rohlik_top_volume_100_20260714,Rohlik,14,lightgbm_direct,524,280,267690.19955444336,46226.408752441406,165.09431697300502,16.323961157916607,0.1726862202254057
source_b_repair_baselines_m5_rohlik_100_v2,rohlik_top_volume_100_20260714,Rohlik,14,lightgbm_direct,525,280,531616.6622314453,87899.689453125,313.9274623325893,15.851372711528963,0.16534412048743663
source_b_repair_baselines_m5_rohlik_100_v2,rohlik_top_volume_100_20260714,Rohlik,14,lightgbm_direct,526,280,338197.9295654297,48978.51931762695,174.9232832772391,14.736386243883196,0.14482205547669177
source_b_repair_baselines_m5_rohlik_100_v2,rohlik_top_volume_100_20260714,Rohlik,14,lightgbm_direct,539,280,193128.92993927002,34652.25524902344,123.758054460798,18.103395954117182,0.1794255022275531
source_b_repair_baselines_m5_rohlik_100_v2,rohlik_top_volume_100_20260714,Rohlik,14,lightgbm_direct,619,280,111035.18016052246,59002.58167028427,210.72350596530097,100.5990779094424,0.5313863730845019
source_b_repair_baselines_m5_rohlik_100_v2,rohlik_top_volume_100_20260714,Rohlik,14,lightgbm_direct,652,280,906449.6130943298,272290.85037612915,972.4673227718898,29.371543356421803,0.3003927040650556
source_b_repair_baselines_m5_rohlik_100_v2,rohlik_top_volume_100_20260714,Rohlik,14,lightgbm_direct,653,280,742757.7571563721,231691.12565612793,827.4683059147426,32.11690324995587,0.31193363303690175
source_b_repair_baselines_m5_rohlik_100_v2,rohlik_top_volume_100_20260714,Rohlik,14,lightgbm_direct,654,280,465967.79803466797,160422.18508911133,572.9363753182547,32.24433799933489,0.3442774066485511
source_b_repair_baselines_m5_rohlik_100_v2,rohlik_top_volume_100_20260714,Rohlik,14,lightgbm_direct,655,280,569343.7183532715,168740.59915161133,602.6449969700404,28.622263006677308,0.2963773792739198
source_b_repair_baselines_m5_rohlik_100_v2,rohlik_top_volume_100_20260714,Rohlik,14,lightgbm_direct,888,280,161351.10961914062,43724.89249610901,156.16033034324647,34.19497330531608,0.27099220203269087
source_b_repair_baselines_m5_rohlik_100_v2,rohlik_top_volume_100_20260714,Rohlik,14,lightgbm_direct,890,280,151037.71043395996,44515.70164871216,158.98464874540056,43.809606710934595,0.29473236531995956
source_b_repair_baselines_m5_rohlik_100_v2,rohlik_top_volume_100_20260714,Rohlik,14,lightgbm_direct,912,280,138695.33001708984,58919.46809387207,210.42667176382884,42.31494156391461,0.42481219869920706
source_b_repair_baselines_m5_rohlik_100_v2,rohlik_top_volume_100_20260714,Rohlik,14,lightgbm_direct,1032,280,313453.1592102051,43638.976791381836,155.8534885406494,15.112431770081871,0.1392200892195094
source_b_repair_baselines_m5_rohlik_100_v2,rohlik_top_volume_100_20260714,Rohlik,14,lightgbm_direct,1266,280,151124.2797088623,27903.006286621094,99.65359388078961,16.74852562859163,0.18463615734265626
source_b_repair_baselines_m5_rohlik_100_v2,rohlik_top_volume_100_20260714,Rohlik,14,lightgbm_direct,1269,280,140353.15000152588,28501.71039581299,101.79182284218925,19.063937677227834,0.20307139808050712
source_b_repair_baselines_m5_rohlik_100_v2,rohlik_top_volume_100_20260714,Rohlik,14,lightgbm_direct,1270,280,132543.56005859375,36239.89889907837,129.4282103538513,26.503284970405677,0.2734187831008744
source_b_repair_baselines_m5_rohlik_100_v2,rohlik_top_volume_100_20260714,Rohlik,14,lightgbm_direct,1391,280,221225.1198425293,35950.88419342041,128.39601497650148,16.427758097183307,0.16250814653874154
source_b_repair_baselines_m5_rohlik_100_v2,rohlik_top_volume_100_20260714,Rohlik,14,lightgbm_direct,1405,280,126042.9401473999,57072.84061431885,203.8315736225673,39.31500909318016,0.4528047389847894
source_b_repair_baselines_m5_rohlik_100_v2,rohlik_top_volume_100_20260714,Rohlik,14,lightgbm_direct,1408,280,207613.20947265625,68055.36808776855,243.05488602774483,29.76328579728409,0.32779883447990243
source_b_repair_baselines_m5_rohlik_100_v2,rohlik_top_volume_100_20260714,Rohlik,14,lightgbm_direct,1413,280,289053.51054000854,70643.19505691528,252.29712520326888,24.565925313426877,0.24439486974207636
source_b_repair_baselines_m5_rohlik_100_v2,rohlik_top_volume_100_20260714,Rohlik,14,lightgbm_direct,1640,280,120672.08973693848,53984.848571777344,192.8030306134905,40.859400375563055,0.4473681419577857
source_b_repair_baselines_m5_rohlik_100_v2,rohlik_top_volume_100_20260714,Rohlik,14,lightgbm_direct,1671,280,141476.37020874023,39373.83334732056,140.6208333832877,29.773326313520187,0.2783067821801389
source_b_repair_baselines_m5_rohlik_100_v2,rohlik_top_volume_100_20260714,Rohlik,14,lightgbm_direct,1672,280,151003.13999176025,41247.80168914795,147.3135774612427,25.792885493332342,0.27315856936086697
source_b_repair_baselines_m5_rohlik_100_v2,rohlik_top_volume_100_20260714,Rohlik,14,lightgbm_direct,1925,280,145504.06002807617,35172.51665344834,125.61613090517265,126.85145195471034,0.2417287644527687
source_b_repair_baselines_m5_rohlik_100_v2,rohlik_top_volume_100_20260714,Rohlik,14,lightgbm_direct,1927,280,138158.75009334087,28034.467222332954,100.12309722261769,43.03445370770066,0.20291488742763453
source_b_repair_baselines_m5_rohlik_100_v2,rohlik_top_volume_100_20260714,Rohlik,14,lightgbm_direct,2127,280,224514.65948486328,99955.75314712524,356.9848326683044,41.837938012521185,0.4452081364150933
source_b_repair_baselines_m5_rohlik_100_v2,rohlik_top_volume_100_20260714,Rohlik,14,lightgbm_direct,2129,280,201146.12992095947,102706.6323890686,366.8094013895307,52.51286134564952,0.5106070518454779
source_b_repair_baselines_m5_rohlik_100_v2,rohlik_top_volume_100_20260714,Rohlik,14,lightgbm_direct,2159,280,205632.91958618164,26669.988792419434,95.24995997292655,13.891418752387743,0.12969707790994975
source_b_repair_baselines_m5_rohlik_100_v2,rohlik_top_volume_100_20260714,Rohlik,14,lightgbm_direct,2160,280,155848.88995361328,19745.53215789795,70.51975770677839,13.354174037646724,0.1266966493234247
source_b_repair_baselines_m5_rohlik_100_v2,rohlik_top_volume_100_20260714,Rohlik,14,lightgbm_direct,2161,280,119318.8002319336,16200.718627929688,57.85970938546317,14.111624283961635,0.1357767476410968
source_b_repair_baselines_m5_rohlik_100_v2,rohlik_top_volume_100_20260714,Rohlik,14,lightgbm_direct,2216,280,279236.34016418457,36518.52665710449,130.4233094896589,13.669518519624251,0.1307799931614647
source_b_repair_baselines_m5_rohlik_100_v2,rohlik_top_volume_100_20260714,Rohlik,14,lightgbm_direct,2217,280,274926.85957336426,29029.535446166992,103.67691230773926,10.805424027290663,0.10559003034921896
source_b_repair_baselines_m5_rohlik_100_v2,rohlik_top_volume_100_20260714,Rohlik,14,lightgbm_direct,2218,280,126590.24021148682,24946.094841003418,89.0931958607265,18.45176911609393,0.1970617545185747
source_b_repair_baselines_m5_rohlik_100_v2,rohlik_top_volume_100_20260714,Rohlik,14,lightgbm_direct,2274,280,151934.1999359131,52560.13689804077,187.7147746358599,45.542032085659635,0.3459401301366711
source_b_repair_baselines_m5_rohlik_100_v2,rohlik_top_volume_100_20260714,Rohlik,14,lightgbm_direct,2275,280,108671.41033172607,40755.172441482544,145.55418729100907,49.44076532387572,0.37503122778175885
source_b_repair_baselines_m5_rohlik_100_v2,rohlik_top_volume_100_20260714,Rohlik,14,lightgbm_direct,2325,280,218676.69919586182,44024.839500427246,157.23156964438303,21.03324676210416,0.2013238706378844
source_b_repair_baselines_m5_rohlik_100_v2,rohlik_top_volume_100_20260714,Rohlik,14,lightgbm_direct,2467,280,124018.61987304688,36887.649164676666,131.74160415955953,67.25609230853726,0.29743637852475013
source_b_repair_baselines_m5_rohlik_100_v2,rohlik_top_volume_100_20260714,Rohlik,14,lightgbm_direct,2468,280,207317.14988708496,116579.46703128517,416.355239397447,70.95231374898925,0.5623242799487647
source_b_repair_baselines_m5_rohlik_100_v2,rohlik_top_volume_100_20260714,Rohlik,14,lightgbm_direct,2470,280,261642.5806427002,119999.45995390415,428.56949983537197,59.06345588790194,0.4586388792647468
source_b_repair_baselines_m5_rohlik_100_v2,rohlik_top_volume_100_20260714,Rohlik,14,lightgbm_direct,2560,280,273117.1798400879,57480.952880859375,205.28911743164062,20.710971434232146,0.210462604053377
source_b_repair_baselines_m5_rohlik_100_v2,rohlik_top_volume_100_20260714,Rohlik,14,lightgbm_direct,2561,280,551515.4985351562,119245.49526977539,425.8767688206264,22.83368625322316,0.2162142235104824
source_b_repair_baselines_m5_rohlik_100_v2,rohlik_top_volume_100_20260714,Rohlik,14,lightgbm_direct,2562,280,501021.64096069336,102669.4973449707,366.6767762320382,20.535031966206116,0.2049202847767317
source_b_repair_baselines_m5_rohlik_100_v2,rohlik_top_volume_100_20260714,Rohlik,14,lightgbm_direct,2563,280,249795.21975708008,56231.79981994629,200.82785649980818,22.885129408596626,0.2251115929065031
source_b_repair_baselines_m5_rohlik_100_v2,rohlik_top_volume_100_20260714,Rohlik,14,lightgbm_direct,2565,280,173654.3897781372,50239.280517578125,179.4260018484933,26.500394192526905,0.28930613606580513
source_b_repair_baselines_m5_rohlik_100_v2,rohlik_top_volume_100_20260714,Rohlik,14,lightgbm_direct,2566,280,138404.21014404297,54300.77919006348,193.9313542502267,33.68905264817392,0.39233473558030074
source_b_repair_baselines_m5_rohlik_100_v2,rohlik_top_volume_100_20260714,Rohlik,14,lightgbm_direct,2694,280,220327.10961914062,31133.5235748291,111.19115562438965,15.220232585501451,0.1413059138689142
source_b_repair_baselines_m5_rohlik_100_v2,rohlik_top_volume_100_20260714,Rohlik,14,lightgbm_direct,2840,280,275601.7402648926,63145.71403503418,225.5204072679792,22.63984546830707,0.22911943144605018
source_b_repair_baselines_m5_rohlik_100_v2,rohlik_top_volume_100_20260714,Rohlik,14,lightgbm_direct,2935,280,193093.2696838379,38725.84646606445,138.30659452165875,19.40266976940677,0.20055513343097037
source_b_repair_baselines_m5_rohlik_100_v2,rohlik_top_volume_100_20260714,Rohlik,14,lightgbm_direct,2936,280,169590.96995544434,23278.88346862793,83.13886953081403,13.675683848195227,0.13726487604112328
source_b_repair_baselines_m5_rohlik_100_v2,rohlik_top_volume_100_20260714,Rohlik,14,lightgbm_direct,2937,280,280813.5494995117,39996.824462890625,142.8458016531808,14.134855347336725,0.14243196075893116
source_b_repair_baselines_m5_rohlik_100_v2,rohlik_top_volume_100_20260714,Rohlik,14,lightgbm_direct,2938,280,168716.07014465332,20672.756843566895,73.83127444131034,12.198050771801414,0.1225298623056034
source_b_repair_baselines_m5_rohlik_100_v2,rohlik_top_volume_100_20260714,Rohlik,14,lightgbm_direct,3144,280,503970.9108886719,52938.309509277344,189.06539110456194,10.707502843686614,0.10504239106961377
source_b_repair_baselines_m5_rohlik_100_v2,rohlik_top_volume_100_20260714,Rohlik,14,lightgbm_direct,3145,280,338092.6397705078,33896.95083618164,121.06053870064872,10.26544989122859,0.10025935749204827
source_b_repair_baselines_m5_rohlik_100_v2,rohlik_top_volume_100_20260714,Rohlik,14,lightgbm_direct,3146,280,0.0,133.03351655602455,0.47511970198580195,200.0,
source_b_repair_baselines_m5_rohlik_100_v2,rohlik_top_volume_100_20260714,Rohlik,14,lightgbm_direct,3147,280,297310.9501647949,26793.32974243164,95.69046336582728,9.246502598675232,0.09011887966985578
source_b_repair_baselines_m5_rohlik_100_v2,rohlik_top_volume_100_20260714,Rohlik,14,lightgbm_direct,3152,280,129612.94994354248,69955.58869743347,249.84138820511953,50.91042802131018,0.5397268461824618
source_b_repair_baselines_m5_rohlik_100_v2,rohlik_top_volume_100_20260714,Rohlik,14,lightgbm_direct,3155,280,105009.38983726501,62633.49189567566,223.69104248455594,61.32338517248803,0.5964561073323056
source_b_repair_baselines_m5_rohlik_100_v2,rohlik_top_volume_100_20260714,Rohlik,14,lightgbm_direct,3184,280,248360.49018859863,28173.25708770752,100.61877531324114,12.137393077211648,0.11343695233615245
source_b_repair_baselines_m5_rohlik_100_v2,rohlik_top_volume_100_20260714,Rohlik,14,lightgbm_direct,3224,280,81147.24968624115,52183.50521564484,186.36966148444586,62.853371366699854,0.6430717666638647
source_b_repair_baselines_m5_rohlik_100_v2,rohlik_top_volume_100_20260714,Rohlik,14,lightgbm_direct,3225,280,75168.05016422272,51247.33356332779,183.02619129759924,91.7902358720736,0.681770159680418
source_b_repair_baselines_m5_rohlik_100_v2,rohlik_top_volume_100_20260714,Rohlik,14,lightgbm_direct,3336,280,575708.1196289062,56387.86065673828,201.38521663120815,10.013886636101944,0.09794522386289278
source_b_repair_baselines_m5_rohlik_100_v2,rohlik_top_volume_100_20260714,Rohlik,14,lightgbm_direct,3456,280,256175.78985595703,32632.449188232422,116.54446138654437,13.990048432402846,0.1273830333716588
source_b_repair_baselines_m5_rohlik_100_v2,rohlik_top_volume_100_20260714,Rohlik,14,lightgbm_direct,3616,280,318439.2596435547,40941.37162780762,146.2191843850272,13.635980091028255,0.12856885697333734
source_b_repair_baselines_m5_rohlik_100_v2,rohlik_top_volume_100_20260714,Rohlik,14,lightgbm_direct,3617,280,187647.49993896484,23170.775142669678,82.75276836667742,13.202766479691094,0.12348032960847503
source_b_repair_baselines_m5_rohlik_100_v2,rohlik_top_volume_100_20260714,Rohlik,14,lightgbm_direct,3618,280,151499.94006347656,19189.364309310913,68.53344396182469,13.290076900478157,0.12666252079882548
source_b_repair_baselines_m5_rohlik_100_v2,rohlik_top_volume_100_20260714,Rohlik,14,lightgbm_direct,3685,280,112072.23987579346,32567.67536354065,116.31312629835946,29.13591357157752,0.290595382046745
source_b_repair_baselines_m5_rohlik_100_v2,rohlik_top_volume_100_20260714,Rohlik,14,lightgbm_direct,3686,280,139290.15993404388,40075.9366312027,143.1283451114382,27.27605842858572,0.2877154900976443
source_b_repair_baselines_m5_rohlik_100_v2,rohlik_top_volume_100_20260714,Rohlik,14,lightgbm_direct,3871,280,143374.5302658081,36290.0848236084,129.60744579860142,23.85925076095804,0.2531138881942886
source_b_repair_baselines_m5_rohlik_100_v2,rohlik_top_volume_100_20260714,Rohlik,14,lightgbm_direct,4172,280,260753.42961120605,68714.09290957451,245.40747467705182,74.69463572742808,0.26352133896006663
source_b_repair_baselines_m5_rohlik_100_v2,rohlik_top_volume_100_20260714,Rohlik,14,lightgbm_direct,4227,280,112724.54960632324,41325.811222076416,147.5921829359872,42.18279694631366,0.3666087943256529
source_b_repair_baselines_m5_rohlik_100_v2,rohlik_top_volume_100_20260714,Rohlik,14,lightgbm_direct,4228,280,206421.50966644287,74681.39687156677,266.7192745413099,41.76355117198492,0.36179076973249863
source_b_repair_baselines_m5_rohlik_100_v2,rohlik_top_volume_100_20260714,Rohlik,14,lightgbm_direct,4229,280,121289.81995391846,42835.80181503296,152.98500648226056,42.1833529048646,0.3531689784955368
source_b_repair_baselines_m5_rohlik_100_v2,rohlik_top_volume_100_20260714,Rohlik,14,lightgbm_direct,4230,280,193655.57107543945,82716.68036174774,295.4167155776705,48.63248358169465,0.4271329758415525
source_b_repair_baselines_m5_rohlik_100_v2,rohlik_top_volume_100_20260714,Rohlik,14,lightgbm_direct,4523,280,171175.77983093262,19175.26439666748,68.48308713095528,11.107172695412965,0.11202089697272921
source_b_repair_baselines_m5_rohlik_100_v2,rohlik_top_volume_100_20260714,Rohlik,14,lightgbm_direct,4720,280,4037897.0986328125,474234.53076171875,1693.694752720424,12.256233782460717,0.1174459178076354
source_b_repair_baselines_m5_rohlik_100_v2,rohlik_top_volume_100_20260714,Rohlik,14,lightgbm_direct,4793,280,575034.4410400391,85411.27307128906,305.0402609688895,14.766128085218497,0.14853244775531968
source_b_repair_baselines_m5_rohlik_100_v2,rohlik_top_volume_100_20260714,Rohlik,14,lightgbm_direct,4877,280,279479.92053222656,37585.0428314209,134.23229582650322,14.342021535069074,0.1344820864405785
source_b_repair_baselines_m5_rohlik_100_v2,rohlik_top_volume_100_20260714,Rohlik,14,lightgbm_direct,4878,280,173437.76989746094,27274.979244232178,97.41064015797207,16.418553426995626,0.15726089686437714
source_b_repair_baselines_m5_rohlik_100_v2,rohlik_top_volume_100_20260714,Rohlik,14,lightgbm_direct,4879,280,637516.419921875,98717.82690429688,352.56366751534597,15.959309153646098,0.15484750481625922
source_b_repair_baselines_m5_rohlik_100_v2,rohlik_top_volume_100_20260714,Rohlik,14,lightgbm_direct,4883,280,1313540.4802246094,154027.8280029297,550.0993857247489,11.992568126318066,0.11726157687701534
source_b_repair_baselines_m5_rohlik_100_v2,rohlik_top_volume_100_20260714,Rohlik,14,lightgbm_direct,4884,280,1460296.7197265625,172483.67895507812,616.013139125279,12.119172353266517,0.1181155012026428
source_b_repair_baselines_m5_rohlik_100_v2,rohlik_top_volume_100_20260714,Rohlik,14,lightgbm_direct,4885,280,2587560.158203125,364316.3859863281,1301.129949951172,14.116283325717522,0.1407953298520873
source_b_repair_baselines_m5_rohlik_100_v2,rohlik_top_volume_100_20260714,Rohlik,14,lightgbm_direct,4965,280,209354.80053710938,63533.066482543945,226.9038088662284,25.830422942062725,0.303470788916934
source_b_repair_baselines_m5_rohlik_100_v2,rohlik_top_volume_100_20260714,Rohlik,14,lightgbm_direct,4966,280,114273.84986877441,44711.00395202637,159.68215697152274,32.77555062685311,0.3912619029057824
source_b_repair_baselines_m5_rohlik_100_v2,rohlik_top_volume_100_20260714,Rohlik,14,lightgbm_direct,4967,280,217679.2293624878,68858.98795318604,245.9249569756644,28.896290263429986,0.316332376565517
source_b_repair_baselines_m5_rohlik_100_v2,rohlik_top_volume_100_20260714,Rohlik,14,lightgbm_direct,4968,280,132231.52013397217,43555.423889160156,155.55508531842912,29.25309820773283,0.3293876062608324
source_b_repair_baselines_m5_rohlik_100_v2,rohlik_top_volume_100_20260714,Rohlik,14,lightgbm_direct,5164,280,145507.20980644226,38698.19819831848,138.2078507082803,36.990696284625336,0.2659538194003988
source_b_repair_baselines_m5_rohlik_100_v2,rohlik_top_volume_100_20260714,Rohlik,14,lightgbm_direct,5166,280,112630.67004394531,36136.70330142975,129.05965464796338,48.54008605224823,0.32084247822844547
source_b_repair_baselines_m5_rohlik_100_v2,rohlik_top_volume_100_20260714,Rohlik,14,lightgbm_direct,5277,280,151712.34029006958,52568.01304244995,187.74290372303554,33.995210915011576,0.3464979377547103
source_b_repair_baselines_m5_rohlik_100_v2,rohlik_top_volume_100_20260714,Rohlik,14,lightgbm_direct,5278,280,174989.42964935303,48542.83512496948,173.36726830346242,32.19467966517358,0.2774043850662322
source_b_repair_baselines_m5_rohlik_100_v2,rohlik_top_volume_100_20260714,Rohlik,14,lightgbm_direct,5293,280,239707.89004516602,39504.26133728027,141.08664763314383,15.64103384501309,0.16480167311070504
source_b_repair_baselines_m5_rohlik_100_v2,rohlik_top_volume_100_20260714,Rohlik,14,lightgbm_direct,5294,280,224627.77935791016,44183.40478515625,157.7978742327009,18.217774576648154,0.19669608501429703
source_b_repair_baselines_m5_rohlik_100_v2,rohlik_top_volume_100_20260714,Rohlik,14,lightgbm_direct,5295,280,163282.1696624756,20533.2901763916,73.33317920139858,12.359561306594777,0.1257534133631152
source_b_repair_baselines_m5_rohlik_100_v2,rohlik_top_volume_100_20260714,Rohlik,14,lightgbm_direct,5296,280,156334.580368042,25834.23949432373,92.26514105115618,15.609076427528937,0.1652496807392511
source_b_repair_baselines_m5_rohlik_100_v2,rohlik_top_volume_100_20260714,Rohlik,14,lightgbm_direct,5347,280,131796.05020141602,50155.37940979004,179.12635503496443,37.932316645950415,0.38055297812901506
source_b_repair_baselines_m5_rohlik_100_v2,rohlik_top_volume_100_20260714,Rohlik,14,lightgbm_direct,5350,280,186111.16989898682,51596.83171081543,184.27439896719795,29.45483459476162,0.27723662012774397
source_b_repair_baselines_m5_rohlik_100_v2,rohlik_top_volume_100_20260714,Rohlik,14,lightgbm_direct_scaled,80,280,65024.250061035156,13046.521781921387,46.594720649719235,19.619847761185433,0.20064086505688633
source_b_repair_baselines_m5_rohlik_100_v2,rohlik_top_volume_100_20260714,Rohlik,14,lightgbm_direct_scaled,139,280,704992.3494262695,149344.55792236328,533.3734211512974,21.69078357360665,0.21183855121818204
source_b_repair_baselines_m5_rohlik_100_v2,rohlik_top_volume_100_20260714,Rohlik,14,lightgbm_direct_scaled,393,280,347206.3200683594,141889.5154724121,506.74826954432893,36.18217162106885,0.4086605204780729
source_b_repair_baselines_m5_rohlik_100_v2,rohlik_top_volume_100_20260714,Rohlik,14,lightgbm_direct_scaled,394,280,239137.44957733154,103481.62693786621,369.5772390638079,42.82497012887379,0.4327286550925711
source_b_repair_baselines_m5_rohlik_100_v2,rohlik_top_volume_100_20260714,Rohlik,14,lightgbm_direct_scaled,524,280,267690.19955444336,45963.59945678711,164.15571234566823,16.285015215867805,0.17170445363069387
source_b_repair_baselines_m5_rohlik_100_v2,rohlik_top_volume_100_20260714,Rohlik,14,lightgbm_direct_scaled,525,280,531616.6622314453,87431.81573486328,312.2564847673689,15.789509278586555,0.1644640244492541
source_b_repair_baselines_m5_rohlik_100_v2,rohlik_top_volume_100_20260714,Rohlik,14,lightgbm_direct_scaled,526,280,338197.9295654297,49014.25958251953,175.0509270804269,14.733347206234585,0.1449277340210238
source_b_repair_baselines_m5_rohlik_100_v2,rohlik_top_volume_100_20260714,Rohlik,14,lightgbm_direct_scaled,539,280,193128.92993927002,34394.384506225586,122.83708752223424,18.038341551124212,0.17809027636119046
source_b_repair_baselines_m5_rohlik_100_v2,rohlik_top_volume_100_20260714,Rohlik,14,lightgbm_direct_scaled,619,280,111035.18016052246,60162.623279601336,214.86651171286192,101.77127738579676,0.5418338871754413
source_b_repair_baselines_m5_rohlik_100_v2,rohlik_top_volume_100_20260714,Rohlik,14,lightgbm_direct_scaled,652,280,906449.6130943298,273563.97647476196,977.0142016955784,29.759046553725994,0.30179722350026916
source_b_repair_baselines_m5_rohlik_100_v2,rohlik_top_volume_100_20260714,Rohlik,14,lightgbm_direct_scaled,653,280,742757.7571563721,235117.94511413574,839.7069468361991,32.98963504157481,0.31654727648254855
source_b_repair_baselines_m5_rohlik_100_v2,rohlik_top_volume_100_20260714,Rohlik,14,lightgbm_direct_scaled,654,280,465967.79803466797,158655.23168945312,566.6258274623326,32.11629739131519,0.34048539911689174
source_b_repair_baselines_m5_rohlik_100_v2,rohlik_top_volume_100_20260714,Rohlik,14,lightgbm_direct_scaled,655,280,569343.7183532715,169157.9700012207,604.1356071472168,28.619551570314393,0.29711045287454996
source_b_repair_baselines_m5_rohlik_100_v2,rohlik_top_volume_100_20260714,Rohlik,14,lightgbm_direct_scaled,888,280,161351.10961914062,45305.68472290039,161.8060168675014,35.1638374534936,0.28078942146627733
source_b_repair_baselines_m5_rohlik_100_v2,rohlik_top_volume_100_20260714,Rohlik,14,lightgbm_direct_scaled,890,280,151037.71043395996,45244.26502037048,161.58666078703743,44.29070849601596,0.29955608364543623
source_b_repair_baselines_m5_rohlik_100_v2,rohlik_top_volume_100_20260714,Rohlik,14,lightgbm_direct_scaled,912,280,138695.33001708984,58626.554527282715,209.38055188315255,41.756782936452666,0.42270027779636726
source_b_repair_baselines_m5_rohlik_100_v2,rohlik_top_volume_100_20260714,Rohlik,14,lightgbm_direct_scaled,1032,280,313453.1592102051,43995.714599609375,157.12755214146205,15.29894332839592,0.14035817890769886
source_b_repair_baselines_m5_rohlik_100_v2,rohlik_top_volume_100_20260714,Rohlik,14,lightgbm_direct_scaled,1266,280,151124.2797088623,27881.91534423828,99.57826908656529,16.737121779529403,0.1844965970918253
source_b_repair_baselines_m5_rohlik_100_v2,rohlik_top_volume_100_20260714,Rohlik,14,lightgbm_direct_scaled,1269,280,140353.15000152588,30356.111518859863,108.41468399592809,19.805303848483337,0.21628379212386642
source_b_repair_baselines_m5_rohlik_100_v2,rohlik_top_volume_100_20260714,Rohlik,14,lightgbm_direct_scaled,1270,280,132543.56005859375,36995.31067657471,132.12610955919538,26.844147214462556,0.2791181303732911
source_b_repair_baselines_m5_rohlik_100_v2,rohlik_top_volume_100_20260714,Rohlik,14,lightgbm_direct_scaled,1391,280,221225.1198425293,35432.46687698364,126.54452456065587,16.195493738700605,0.1601647539040996
source_b_repair_baselines_m5_rohlik_100_v2,rohlik_top_volume_100_20260714,Rohlik,14,lightgbm_direct_scaled,1405,280,126042.9401473999,56619.42478179932,202.21223136356897,39.32239740734227,0.4492074265768966
source_b_repair_baselines_m5_rohlik_100_v2,rohlik_top_volume_100_20260714,Rohlik,14,lightgbm_direct_scaled,1408,280,207613.20947265625,70178.50712585449,250.63752544948034,30.644180874970907,0.3380252504361837
source_b_repair_baselines_m5_rohlik_100_v2,rohlik_top_volume_100_20260714,Rohlik,14,lightgbm_direct_scaled,1413,280,289053.51054000854,71196.69054031372,254.27389478683472,24.79877007576759,0.24630972447732727
source_b_repair_baselines_m5_rohlik_100_v2,rohlik_top_volume_100_20260714,Rohlik,14,lightgbm_direct_scaled,1640,280,120672.08973693848,54785.76596069336,195.66344985961913,41.137175117634875,0.4540052805924276
source_b_repair_baselines_m5_rohlik_100_v2,rohlik_top_volume_100_20260714,Rohlik,14,lightgbm_direct_scaled,1671,280,141476.37020874023,38850.14139556885,138.75050498417446,29.490921903023825,0.27460516083532327
source_b_repair_baselines_m5_rohlik_100_v2,rohlik_top_volume_100_20260714,Rohlik,14,lightgbm_direct_scaled,1672,280,151003.13999176025,40460.36096191406,144.5012891496931,25.234120922304875,0.2679438385461511
source_b_repair_baselines_m5_rohlik_100_v2,rohlik_top_volume_100_20260714,Rohlik,14,lightgbm_direct_scaled,1925,280,145504.06002807617,36307.14752522856,129.66838401867344,127.43441305571383,0.24952669718097767
source_b_repair_baselines_m5_rohlik_100_v2,rohlik_top_volume_100_20260714,Rohlik,14,lightgbm_direct_scaled,1927,280,138158.75009334087,26255.18073284626,93.76850261730807,43.14070292286857,0.19003632209402666
source_b_repair_baselines_m5_rohlik_100_v2,rohlik_top_volume_100_20260714,Rohlik,14,lightgbm_direct_scaled,2127,280,224514.65948486328,100639.88984298706,359.4281780106681,42.199887139364264,0.44825531693075116
source_b_repair_baselines_m5_rohlik_100_v2,rohlik_top_volume_100_20260714,Rohlik,14,lightgbm_direct_scaled,2129,280,201146.12992095947,103114.48606491089,368.266021660396,52.703341630334855,0.5126347004808385
source_b_repair_baselines_m5_rohlik_100_v2,rohlik_top_volume_100_20260714,Rohlik,14,lightgbm_direct_scaled,2159,280,205632.91958618164,26696.771675109863,95.34561312539238,13.957496486552543,0.1298273239947903
source_b_repair_baselines_m5_rohlik_100_v2,rohlik_top_volume_100_20260714,Rohlik,14,lightgbm_direct_scaled,2160,280,155848.88995361328,19639.543199539185,70.14122571263995,13.287534127971162,0.12601657416606996
source_b_repair_baselines_m5_rohlik_100_v2,rohlik_top_volume_100_20260714,Rohlik,14,lightgbm_direct_scaled,2161,280,119318.8002319336,15865.573760986328,56.66276343209403,13.892214599006447,0.1329679290283392
source_b_repair_baselines_m5_rohlik_100_v2,rohlik_top_volume_100_20260714,Rohlik,14,lightgbm_direct_scaled,2216,280,279236.34016418457,36964.261138916016,132.01521835327148,13.809242692667024,0.1323762556019101
source_b_repair_baselines_m5_rohlik_100_v2,rohlik_top_volume_100_20260714,Rohlik,14,lightgbm_direct_scaled,2217,280,274926.85957336426,29163.23452758789,104.1544090270996,10.940175011008634,0.10607633816806349
source_b_repair_baselines_m5_rohlik_100_v2,rohlik_top_volume_100_20260714,Rohlik,14,lightgbm_direct_scaled,2218,280,126590.24021148682,25174.912879943848,89.9104031426566,18.467659642853405,0.19886930333559374
source_b_repair_baselines_m5_rohlik_100_v2,rohlik_top_volume_100_20260714,Rohlik,14,lightgbm_direct_scaled,2274,280,151934.1999359131,54711.07442855835,195.39669438770838,46.51946731152039,0.36009716345388904
source_b_repair_baselines_m5_rohlik_100_v2,rohlik_top_volume_100_20260714,Rohlik,14,lightgbm_direct_scaled,2275,280,108671.41033172607,41155.5314207077,146.9840407882418,49.853154530073034,0.3787153520422524
source_b_repair_baselines_m5_rohlik_100_v2,rohlik_top_volume_100_20260714,Rohlik,14,lightgbm_direct_scaled,2325,280,218676.69919586182,45138.141342163086,161.20764765058246,21.54432666138881,0.2064149564546622
source_b_repair_baselines_m5_rohlik_100_v2,rohlik_top_volume_100_20260714,Rohlik,14,lightgbm_direct_scaled,2467,280,124018.61987304688,36049.54667472839,128.74838098117283,66.9184648200515,0.2906785022412839
source_b_repair_baselines_m5_rohlik_100_v2,rohlik_top_volume_100_20260714,Rohlik,14,lightgbm_direct_scaled,2468,280,207317.14988708496,116169.25532881357,414.8901976029056,71.05777821553694,0.560345612469036
source_b_repair_baselines_m5_rohlik_100_v2,rohlik_top_volume_100_20260714,Rohlik,14,lightgbm_direct_scaled,2470,280,261642.5806427002,118524.21927303076,423.300783117967,59.32141194112853,0.45300049778551815
source_b_repair_baselines_m5_rohlik_100_v2,rohlik_top_volume_100_20260714,Rohlik,14,lightgbm_direct_scaled,2560,280,273117.1798400879,60827.5495300293,217.2412483215332,22.51781153282053,0.22271594033610143
source_b_repair_baselines_m5_rohlik_100_v2,rohlik_top_volume_100_20260714,Rohlik,14,lightgbm_direct_scaled,2561,280,551515.4985351562,126211.14569091797,450.7540917532785,24.537635718770918,0.22884424105240747
source_b_repair_baselines_m5_rohlik_100_v2,rohlik_top_volume_100_20260714,Rohlik,14,lightgbm_direct_scaled,2562,280,501021.64096069336,102183.82067871094,364.94221670968193,20.490892863372835,0.20395091214578406
source_b_repair_baselines_m5_rohlik_100_v2,rohlik_top_volume_100_20260714,Rohlik,14,lightgbm_direct_scaled,2563,280,249795.21975708008,55973.319412231445,199.90471218654088,22.90545414901096,0.2240768236744649
source_b_repair_baselines_m5_rohlik_100_v2,rohlik_top_volume_100_20260714,Rohlik,14,lightgbm_direct_scaled,2565,280,173654.3897781372,49609.97953796387,177.17849834987095,26.209578871328493,0.28568226580016853
source_b_repair_baselines_m5_rohlik_100_v2,rohlik_top_volume_100_20260714,Rohlik,14,lightgbm_direct_scaled,2566,280,138404.21014404297,54657.2511138916,195.20446826389858,34.01799318948936,0.3949103214201905
source_b_repair_baselines_m5_rohlik_100_v2,rohlik_top_volume_100_20260714,Rohlik,14,lightgbm_direct_scaled,2694,280,220327.10961914062,31156.197158813477,111.27213271004813,15.231672739403512,0.14140882260322096
source_b_repair_baselines_m5_rohlik_100_v2,rohlik_top_volume_100_20260714,Rohlik,14,lightgbm_direct_scaled,2840,280,275601.7402648926,61377.569915771484,219.20560684204102,21.98410201990462,0.22270385468821383
source_b_repair_baselines_m5_rohlik_100_v2,rohlik_top_volume_100_20260714,Rohlik,14,lightgbm_direct_scaled,2935,280,193093.2696838379,38467.08026123047,137.38242950439454,19.24125651842756,0.19921502351798542
source_b_repair_baselines_m5_rohlik_100_v2,rohlik_top_volume_100_20260714,Rohlik,14,lightgbm_direct_scaled,2936,280,169590.96995544434,23227.010055541992,82.9536073412214,13.700755509130392,0.13695900236695557
source_b_repair_baselines_m5_rohlik_100_v2,rohlik_top_volume_100_20260714,Rohlik,14,lightgbm_direct_scaled,2937,280,280813.5494995117,40234.015075683594,143.69291098458427,14.225196373533212,0.14327661591611893
source_b_repair_baselines_m5_rohlik_100_v2,rohlik_top_volume_100_20260714,Rohlik,14,lightgbm_direct_scaled,2938,280,168716.07014465332,20702.411155700684,73.93718269893101,12.21086990937364,0.12270562690294355
source_b_repair_baselines_m5_rohlik_100_v2,rohlik_top_volume_100_20260714,Rohlik,14,lightgbm_direct_scaled,3144,280,503970.9108886719,53683.310119628906,191.72610757010324,10.86600235482107,0.10652065220384843
source_b_repair_baselines_m5_rohlik_100_v2,rohlik_top_volume_100_20260714,Rohlik,14,lightgbm_direct_scaled,3145,280,338092.6397705078,34982.1611328125,124.93628976004464,10.641286121101821,0.10346915909366694
source_b_repair_baselines_m5_rohlik_100_v2,rohlik_top_volume_100_20260714,Rohlik,14,lightgbm_direct_scaled,3146,280,0.0,58.51016137748957,0.20896486206246273,200.0,
source_b_repair_baselines_m5_rohlik_100_v2,rohlik_top_volume_100_20260714,Rohlik,14,lightgbm_direct_scaled,3147,280,297310.9501647949,26812.291290283203,95.75818317958287,9.23242136065181,0.09018265649287913
source_b_repair_baselines_m5_rohlik_100_v2,rohlik_top_volume_100_20260714,Rohlik,14,lightgbm_direct_scaled,3152,280,129612.94994354248,70417.17227554321,251.4899009840829,50.898095506365216,0.5432880920171628
source_b_repair_baselines_m5_rohlik_100_v2,rohlik_top_volume_100_20260714,Rohlik,14,lightgbm_direct_scaled,3155,280,105009.38983726501,61218.348806619644,218.6369600236416,60.425420371721614,0.582979759252871
source_b_repair_baselines_m5_rohlik_100_v2,rohlik_top_volume_100_20260714,Rohlik,14,lightgbm_direct_scaled,3184,280,248360.49018859863,28781.44725036621,102.79088303702218,12.362621578935022,0.11588577244516755
source_b_repair_baselines_m5_rohlik_100_v2,rohlik_top_volume_100_20260714,Rohlik,14,lightgbm_direct_scaled,3224,280,81147.24968624115,51912.395550727844,185.40141268117088,62.731628753547774,0.6397308072848932
source_b_repair_baselines_m5_rohlik_100_v2,rohlik_top_volume_100_20260714,Rohlik,14,lightgbm_direct_scaled,3225,280,75168.05016422272,49707.2284617424,177.52581593479428,91.19958803442442,0.6612813336669633
source_b_repair_baselines_m5_rohlik_100_v2,rohlik_top_volume_100_20260714,Rohlik,14,lightgbm_direct_scaled,3336,280,575708.1196289062,59035.46844482422,210.84095873151506,10.548002852416761,0.10254409557898488
source_b_repair_baselines_m5_rohlik_100_v2,rohlik_top_volume_100_20260714,Rohlik,14,lightgbm_direct_scaled,3456,280,256175.78985595703,32740.226207733154,116.92937931333269,14.05111264429686,0.12780374845781636
source_b_repair_baselines_m5_rohlik_100_v2,rohlik_top_volume_100_20260714,Rohlik,14,lightgbm_direct_scaled,3616,280,318439.2596435547,41004.467765808105,146.44452773502894,13.64803178659889,0.12876699880443918
source_b_repair_baselines_m5_rohlik_100_v2,rohlik_top_volume_100_20260714,Rohlik,14,lightgbm_direct_scaled,3617,280,187647.49993896484,23525.84289932251,84.0208674975804,13.415707288165905,0.1253725357757212
source_b_repair_baselines_m5_rohlik_100_v2,rohlik_top_volume_100_20260714,Rohlik,14,lightgbm_direct_scaled,3618,280,151499.94006347656,18624.711751937866,66.51682768549237,12.923253649490857,0.1229354397376946
source_b_repair_baselines_m5_rohlik_100_v2,rohlik_top_volume_100_20260714,Rohlik,14,lightgbm_direct_scaled,3685,280,112072.23987579346,32773.50689601898,117.0482389143535,29.284054275109256,0.2924319789837425
source_b_repair_baselines_m5_rohlik_100_v2,rohlik_top_volume_100_20260714,Rohlik,14,lightgbm_direct_scaled,3686,280,139290.15993404388,42077.494713783264,150.27676683494022,28.085526355460928,0.30208519204592504
source_b_repair_baselines_m5_rohlik_100_v2,rohlik_top_volume_100_20260714,Rohlik,14,lightgbm_direct_scaled,3871,280,143374.5302658081,36466.79058074951,130.2385377883911,23.91739109263189,0.2543463648190664
source_b_repair_baselines_m5_rohlik_100_v2,rohlik_top_volume_100_20260714,Rohlik,14,lightgbm_direct_scaled,4172,280,260753.42961120605,67823.7457883358,242.22766352977072,74.93956523594203,0.26010682156496945
source_b_repair_baselines_m5_rohlik_100_v2,rohlik_top_volume_100_20260714,Rohlik,14,lightgbm_direct_scaled,4227,280,112724.54960632324,39931.944937705994,142.6140890632357,41.32283073765051,0.3542435527767771
source_b_repair_baselines_m5_rohlik_100_v2,rohlik_top_volume_100_20260714,Rohlik,14,lightgbm_direct_scaled,4228,280,206421.50966644287,75598.39279651642,269.9942599875586,41.97411288971615,0.36623311649389684
source_b_repair_baselines_m5_rohlik_100_v2,rohlik_top_volume_100_20260714,Rohlik,14,lightgbm_direct_scaled,4229,280,121289.81995391846,42716.33123970032,152.55832585607257,42.083116160707625,0.3521839776489857
source_b_repair_baselines_m5_rohlik_100_v2,rohlik_top_volume_100_20260714,Rohlik,14,lightgbm_direct_scaled,4230,280,193655.57107543945,82319.18719291687,293.99709711756026,48.479046844313366,0.4250803978205669
source_b_repair_baselines_m5_rohlik_100_v2,rohlik_top_volume_100_20260714,Rohlik,14,lightgbm_direct_scaled,4523,280,171175.77983093262,19958.504684448242,71.28037387302943,11.52548220928308,0.11659654598425616
source_b_repair_baselines_m5_rohlik_100_v2,rohlik_top_volume_100_20260714,Rohlik,14,lightgbm_direct_scaled,4720,280,4037897.0986328125,470152.16943359375,1679.1148908342634,12.186373723008332,0.1164349060784095
source_b_repair_baselines_m5_rohlik_100_v2,rohlik_top_volume_100_20260714,Rohlik,14,lightgbm_direct_scaled,4793,280,575034.4410400391,90748.0327758789,324.10011705671036,15.669672509360364,0.15781321308641444
source_b_repair_baselines_m5_rohlik_100_v2,rohlik_top_volume_100_20260714,Rohlik,14,lightgbm_direct_scaled,4877,280,279479.92053222656,37237.454360961914,132.99090843200685,14.220758356493848,0.13323838896922865
source_b_repair_baselines_m5_rohlik_100_v2,rohlik_top_volume_100_20260714,Rohlik,14,lightgbm_direct_scaled,4878,280,173437.76989746094,26773.680028915405,95.62028581755501,16.175868700324152,0.15437052750819164
source_b_repair_baselines_m5_rohlik_100_v2,rohlik_top_volume_100_20260714,Rohlik,14,lightgbm_direct_scaled,4879,280,637516.419921875,99217.05200195312,354.3466142926897,16.21229660100731,0.15563058283912398
source_b_repair_baselines_m5_rohlik_100_v2,rohlik_top_volume_100_20260714,Rohlik,14,lightgbm_direct_scaled,4883,280,1313540.4802246094,155357.701171875,554.8489327566964,12.094111292239852,0.1182740109732359
source_b_repair_baselines_m5_rohlik_100_v2,rohlik_top_volume_100_20260714,Rohlik,14,lightgbm_direct_scaled,4884,280,1460296.7197265625,173374.46826171875,619.1945295061383,12.23334566420663,0.11872550689162868
source_b_repair_baselines_m5_rohlik_100_v2,rohlik_top_volume_100_20260714,Rohlik,14,lightgbm_direct_scaled,4885,280,2587560.158203125,377280.6032714844,1347.430725969587,14.529644238562673,0.14580553888782966
source_b_repair_baselines_m5_rohlik_100_v2,rohlik_top_volume_100_20260714,Rohlik,14,lightgbm_direct_scaled,4965,280,209354.80053710938,62554.97505187988,223.41062518528528,25.33657955192957,0.29879885673217055
source_b_repair_baselines_m5_rohlik_100_v2,rohlik_top_volume_100_20260714,Rohlik,14,lightgbm_direct_scaled,4966,280,114273.84986877441,44708.16896057129,159.6720320020403,32.450272320484245,0.3912370941550635
source_b_repair_baselines_m5_rohlik_100_v2,rohlik_top_volume_100_20260714,Rohlik,14,lightgbm_direct_scaled,4967,280,217679.2293624878,67880.71768188477,242.43113457815988,28.489246263129285,0.3118382855391646
source_b_repair_baselines_m5_rohlik_100_v2,rohlik_top_volume_100_20260714,Rohlik,14,lightgbm_direct_scaled,4968,280,132231.52013397217,44889.106842041016,160.31823872157506,30.065466369620403,0.33947357480698254
source_b_repair_baselines_m5_rohlik_100_v2,rohlik_top_volume_100_20260714,Rohlik,14,lightgbm_direct_scaled,5164,280,145507.20980644226,38930.74777030945,139.0383848939623,36.978349544897,0.2675520190518134
source_b_repair_baselines_m5_rohlik_100_v2,rohlik_top_volume_100_20260714,Rohlik,14,lightgbm_direct_scaled,5166,280,112630.67004394531,35373.499454021454,126.3339266215052,48.21125288897562,0.314066314621228
source_b_repair_baselines_m5_rohlik_100_v2,rohlik_top_volume_100_20260714,Rohlik,14,lightgbm_direct_scaled,5277,280,151712.34029006958,52911.26119232178,188.96878997257778,34.02180324124378,0.3487604310312331
source_b_repair_baselines_m5_rohlik_100_v2,rohlik_top_volume_100_20260714,Rohlik,14,lightgbm_direct_scaled,5278,280,174989.42964935303,48155.30531692505,171.98323327473233,32.101533125930075,0.2751897952546021
source_b_repair_baselines_m5_rohlik_100_v2,rohlik_top_volume_100_20260714,Rohlik,14,lightgbm_direct_scaled,5293,280,239707.89004516602,39223.36701965332,140.083453641619,15.621433986504332,0.1636298538703203
source_b_repair_baselines_m5_rohlik_100_v2,rohlik_top_volume_100_20260714,Rohlik,14,lightgbm_direct_scaled,5294,280,224627.77935791016,43793.76583862305,156.4063065665109,18.061173762733493,0.19496148679297742
source_b_repair_baselines_m5_rohlik_100_v2,rohlik_top_volume_100_20260714,Rohlik,14,lightgbm_direct_scaled,5295,280,163282.1696624756,20791.57103729248,74.25561084747315,12.540277530028915,0.12733522025259233
source_b_repair_baselines_m5_rohlik_100_v2,rohlik_top_volume_100_20260714,Rohlik,14,lightgbm_direct_scaled,5296,280,156334.580368042,25245.534812927246,90.16262433188302,15.349618333294904,0.16148400919038097
source_b_repair_baselines_m5_rohlik_100_v2,rohlik_top_volume_100_20260714,Rohlik,14,lightgbm_direct_scaled,5347,280,131796.05020141602,51435.93836212158,183.69977986471994,38.343805265810644,0.39026919458902687
source_b_repair_baselines_m5_rohlik_100_v2,rohlik_top_volume_100_20260714,Rohlik,14,lightgbm_direct_scaled,5350,280,186111.16989898682,52777.83307647705,188.49226098741804,30.15207062417885,0.28358229710297667
source_b_repair_baselines_m5_rohlik_100_v2,rohlik_top_volume_100_20260714,Rohlik,28,seasonal_naive,80,280,65024.250061035156,13953.470092773438,49.833821759905135,20.994031807566458,0.21458871236001925
source_b_repair_baselines_m5_rohlik_100_v2,rohlik_top_volume_100_20260714,Rohlik,28,seasonal_naive,139,280,704992.3494262695,139693.6293334961,498.9058190482003,20.119718069304966,0.1981491422526504
source_b_repair_baselines_m5_rohlik_100_v2,rohlik_top_volume_100_20260714,Rohlik,28,seasonal_naive,393,280,347206.3200683594,182357.8406982422,651.278002493722,43.7994044769549,0.5252146350974799
source_b_repair_baselines_m5_rohlik_100_v2,rohlik_top_volume_100_20260714,Rohlik,28,seasonal_naive,394,280,239137.44957733154,146595.3496170044,523.55482006073,51.14619257391435,0.6130171157888795
source_b_repair_baselines_m5_rohlik_100_v2,rohlik_top_volume_100_20260714,Rohlik,28,seasonal_naive,524,280,267690.19955444336,56558.02029418945,201.99292962210518,18.90015383558404,0.21128162475999265
source_b_repair_baselines_m5_rohlik_100_v2,rohlik_top_volume_100_20260714,Rohlik,28,seasonal_naive,525,280,531616.6622314453,108802.05944824219,388.5787837437221,18.66682951379675,0.20466262097871188
source_b_repair_baselines_m5_rohlik_100_v2,rohlik_top_volume_100_20260714,Rohlik,28,seasonal_naive,526,280,338197.9295654297,62952.10925292969,224.82896161760604,18.137718580127192,0.18613984223327604
source_b_repair_baselines_m5_rohlik_100_v2,rohlik_top_volume_100_20260714,Rohlik,28,seasonal_naive,539,280,193128.92993927002,36553.29039764404,130.5474657058716,19.195951697893726,0.1892688496184302
source_b_repair_baselines_m5_rohlik_100_v2,rohlik_top_volume_100_20260714,Rohlik,28,seasonal_naive,619,280,111035.18016052246,86073.92018127441,307.40685779026575,90.10180422537671,0.7751950332933958
source_b_repair_baselines_m5_rohlik_100_v2,rohlik_top_volume_100_20260714,Rohlik,28,seasonal_naive,652,280,906449.6130943298,335193.97381973267,1197.1213350704738,36.57333215858449,0.36978776203068514
source_b_repair_baselines_m5_rohlik_100_v2,rohlik_top_volume_100_20260714,Rohlik,28,seasonal_naive,653,280,742757.7571563721,336674.16191101074,1202.4077211107526,45.079905380982275,0.45327586102898293
source_b_repair_baselines_m5_rohlik_100_v2,rohlik_top_volume_100_20260714,Rohlik,28,seasonal_naive,654,280,465967.79803466797,177951.95709228516,635.5427039010184,38.079288782037594,0.3818975427976796
source_b_repair_baselines_m5_rohlik_100_v2,rohlik_top_volume_100_20260714,Rohlik,28,seasonal_naive,655,280,569343.7183532715,207639.35903930664,741.5691394260951,36.00300410724028,0.36469948178205547
source_b_repair_baselines_m5_rohlik_100_v2,rohlik_top_volume_100_20260714,Rohlik,28,seasonal_naive,888,280,161351.10961914062,63794.529052734375,227.8376037597656,43.00112235153688,0.39537707055946153
source_b_repair_baselines_m5_rohlik_100_v2,rohlik_top_volume_100_20260714,Rohlik,28,seasonal_naive,890,280,151037.71043395996,69563.22993469238,248.44010690961565,54.02017700824848,0.4605686204777869
source_b_repair_baselines_m5_rohlik_100_v2,rohlik_top_volume_100_20260714,Rohlik,28,seasonal_naive,912,280,138695.33001708984,65635.65002441406,234.4130358014788,47.05241097092513,0.47323619343438983
source_b_repair_baselines_m5_rohlik_100_v2,rohlik_top_volume_100_20260714,Rohlik,28,seasonal_naive,1032,280,313453.1592102051,49610.87924194336,177.18171157836915,16.386063085580066,0.15827206644509767
source_b_repair_baselines_m5_rohlik_100_v2,rohlik_top_volume_100_20260714,Rohlik,28,seasonal_naive,1266,280,151124.2797088623,30264.100296020508,108.08607248578753,19.775874132410777,0.20025968265538568
source_b_repair_baselines_m5_rohlik_100_v2,rohlik_top_volume_100_20260714,Rohlik,28,seasonal_naive,1269,280,140353.15000152588,25563.010704040527,91.29646680014474,18.760664662926537,0.1821335018399132
source_b_repair_baselines_m5_rohlik_100_v2,rohlik_top_volume_100_20260714,Rohlik,28,seasonal_naive,1270,280,132543.56005859375,45147.599609375,161.24142717633927,29.960417820078593,0.34062461872471606
source_b_repair_baselines_m5_rohlik_100_v2,rohlik_top_volume_100_20260714,Rohlik,28,seasonal_naive,1391,280,221225.1198425293,36303.859771728516,129.65664204188755,16.241705673212472,0.16410369580800788
source_b_repair_baselines_m5_rohlik_100_v2,rohlik_top_volume_100_20260714,Rohlik,28,seasonal_naive,1405,280,126042.9401473999,55003.979835510254,196.44278512682234,38.51884526057764,0.4363908027786903
source_b_repair_baselines_m5_rohlik_100_v2,rohlik_top_volume_100_20260714,Rohlik,28,seasonal_naive,1408,280,207613.20947265625,63500.770568847656,226.78846631731307,27.58729118110224,0.30586093596906244
source_b_repair_baselines_m5_rohlik_100_v2,rohlik_top_volume_100_20260714,Rohlik,28,seasonal_naive,1413,280,289053.51054000854,83643.8502998352,298.7280367851257,28.309400687961322,0.28937150821511254
source_b_repair_baselines_m5_rohlik_100_v2,rohlik_top_volume_100_20260714,Rohlik,28,seasonal_naive,1640,280,120672.08973693848,44439.35005187988,158.7119644709996,35.306173543194674,0.3682653557152804
source_b_repair_baselines_m5_rohlik_100_v2,rohlik_top_volume_100_20260714,Rohlik,28,seasonal_naive,1671,280,141476.37020874023,49471.7102355957,176.6846794128418,33.958079617910045,0.34968178899842456
source_b_repair_baselines_m5_rohlik_100_v2,rohlik_top_volume_100_20260714,Rohlik,28,seasonal_naive,1672,280,151003.13999176025,44005.219871520996,157.1614995411464,27.2152140162638,0.291419237202102
source_b_repair_baselines_m5_rohlik_100_v2,rohlik_top_volume_100_20260714,Rohlik,28,seasonal_naive,1925,280,145504.06002807617,63171.15823364258,225.61127940586636,28.73496346898161,0.43415392135073894
source_b_repair_baselines_m5_rohlik_100_v2,rohlik_top_volume_100_20260714,Rohlik,28,seasonal_naive,1927,280,138158.75009334087,23887.090340971947,85.31103693204267,19.472584511314658,0.17289596442377833
source_b_repair_baselines_m5_rohlik_100_v2,rohlik_top_volume_100_20260714,Rohlik,28,seasonal_naive,2127,280,224514.65948486328,108455.85974121094,387.3423562186105,46.55461605089471,0.48306805439812717
source_b_repair_baselines_m5_rohlik_100_v2,rohlik_top_volume_100_20260714,Rohlik,28,seasonal_naive,2129,280,201146.12992095947,120509.43013763428,430.3908219201224,63.593228211850814,0.599113839202318
source_b_repair_baselines_m5_rohlik_100_v2,rohlik_top_volume_100_20260714,Rohlik,28,seasonal_naive,2159,280,205632.91958618164,34882.5803527832,124.58064411708287,17.730388142368312,0.16963519470997815
source_b_repair_baselines_m5_rohlik_100_v2,rohlik_top_volume_100_20260714,Rohlik,28,seasonal_naive,2160,280,155848.88995361328,22804.909240722656,81.44610443115235,15.16600796957707,0.14632705595471543
source_b_repair_baselines_m5_rohlik_100_v2,rohlik_top_volume_100_20260714,Rohlik,28,seasonal_naive,2161,280,119318.8002319336,19159.140625,68.42550223214286,16.647262460637574,0.16057101301520119
source_b_repair_baselines_m5_rohlik_100_v2,rohlik_top_volume_100_20260714,Rohlik,28,seasonal_naive,2216,280,279236.34016418457,41591.50004577637,148.54107159205844,15.472671076007149,0.14894730399818848
source_b_repair_baselines_m5_rohlik_100_v2,rohlik_top_volume_100_20260714,Rohlik,28,seasonal_naive,2217,280,274926.85957336426,37026.93901062012,132.23906789507186,13.978123680679113,0.13467923457198433
source_b_repair_baselines_m5_rohlik_100_v2,rohlik_top_volume_100_20260714,Rohlik,28,seasonal_naive,2218,280,126590.24021148682,19198.019493103027,68.56435533251081,15.785257554163032,0.15165481526087662
source_b_repair_baselines_m5_rohlik_100_v2,rohlik_top_volume_100_20260714,Rohlik,28,seasonal_naive,2274,280,151934.1999359131,65619.5804901123,234.35564460754395,55.13200997844883,0.43189473152056024
source_b_repair_baselines_m5_rohlik_100_v2,rohlik_top_volume_100_20260714,Rohlik,28,seasonal_naive,2275,280,108671.41033172607,47715.830558776855,170.4136805670602,57.23142992053568,0.4390835677306606
source_b_repair_baselines_m5_rohlik_100_v2,rohlik_top_volume_100_20260714,Rohlik,28,seasonal_naive,2325,280,218676.69919586182,54887.7389755249,196.02763919830323,26.615366854798754,0.25099948543838085
source_b_repair_baselines_m5_rohlik_100_v2,rohlik_top_volume_100_20260714,Rohlik,28,seasonal_naive,2467,280,124018.61987304688,56049.15979003906,200.17557067871093,47.44187351327459,0.45194148949096874
source_b_repair_baselines_m5_rohlik_100_v2,rohlik_top_volume_100_20260714,Rohlik,28,seasonal_naive,2468,280,207317.14988708496,136920.87132263184,489.00311186654227,64.25030472128893,0.660441605516985
source_b_repair_baselines_m5_rohlik_100_v2,rohlik_top_volume_100_20260714,Rohlik,28,seasonal_naive,2470,280,261642.5806427002,134167.1393890381,479.1683549608503,49.081939177195125,0.5127878614385671
source_b_repair_baselines_m5_rohlik_100_v2,rohlik_top_volume_100_20260714,Rohlik,28,seasonal_naive,2560,280,273117.1798400879,56825.85971069336,202.949498966762,20.57648386636019,0.20806402491401427
source_b_repair_baselines_m5_rohlik_100_v2,rohlik_top_volume_100_20260714,Rohlik,28,seasonal_naive,2561,280,551515.4985351562,129251.3193359375,461.61185477120534,24.54369801265076,0.23435664034688664
source_b_repair_baselines_m5_rohlik_100_v2,rohlik_top_volume_100_20260714,Rohlik,28,seasonal_naive,2562,280,501021.64096069336,113793.93960571289,406.4069271632603,24.207737480448486,0.227123801254406
source_b_repair_baselines_m5_rohlik_100_v2,rohlik_top_volume_100_20260714,Rohlik,28,seasonal_naive,2563,280,249795.21975708008,53932.100189208984,192.61464353288923,22.67553762920104,0.2159052532776915
source_b_repair_baselines_m5_rohlik_100_v2,rohlik_top_volume_100_20260714,Rohlik,28,seasonal_naive,2565,280,173654.3897781372,66766.56902313232,238.45203222547258,33.017122232827326,0.38447959253108455
source_b_repair_baselines_m5_rohlik_100_v2,rohlik_top_volume_100_20260714,Rohlik,28,seasonal_naive,2566,280,138404.21014404297,60590.08953857422,216.39317692347936,36.67442498820743,0.4377763470888322
source_b_repair_baselines_m5_rohlik_100_v2,rohlik_top_volume_100_20260714,Rohlik,28,seasonal_naive,2694,280,220327.10961914062,37919.73083496094,135.42761012486048,18.443376469861416,0.17210651426648912
source_b_repair_baselines_m5_rohlik_100_v2,rohlik_top_volume_100_20260714,Rohlik,28,seasonal_naive,2840,280,275601.7402648926,85176.38064575195,304.20135944911414,29.364363473012155,0.3090560334048882
source_b_repair_baselines_m5_rohlik_100_v2,rohlik_top_volume_100_20260714,Rohlik,28,seasonal_naive,2935,280,193093.2696838379,51775.3889465332,184.9121033804757,26.53811181073536,0.2681366835380014
source_b_repair_baselines_m5_rohlik_100_v2,rohlik_top_volume_100_20260714,Rohlik,28,seasonal_naive,2936,280,169590.96995544434,33119.85005187988,118.28517875671386,20.9753614292028,0.1952925327367446
source_b_repair_baselines_m5_rohlik_100_v2,rohlik_top_volume_100_20260714,Rohlik,28,seasonal_naive,2937,280,280813.5494995117,50303.810119628906,179.65646471296037,18.294689539189722,0.17913597904832002
source_b_repair_baselines_m5_rohlik_100_v2,rohlik_top_volume_100_20260714,Rohlik,28,seasonal_naive,2938,280,168716.07014465332,26688.350204467773,95.31553644452777,15.68397837922085,0.1581849919903053
source_b_repair_baselines_m5_rohlik_100_v2,rohlik_top_volume_100_20260714,Rohlik,28,seasonal_naive,3144,280,503970.9108886719,63605.990966796875,227.16425345284597,12.933550585197647,0.12620964740730356
source_b_repair_baselines_m5_rohlik_100_v2,rohlik_top_volume_100_20260714,Rohlik,28,seasonal_naive,3145,280,338092.6397705078,39197.7392578125,139.99192592075892,11.960220521987921,0.11593786627363238
source_b_repair_baselines_m5_rohlik_100_v2,rohlik_top_volume_100_20260714,Rohlik,28,seasonal_naive,3146,280,0.0,0.0,0.0,0.0,
source_b_repair_baselines_m5_rohlik_100_v2,rohlik_top_volume_100_20260714,Rohlik,28,seasonal_naive,3147,280,297310.9501647949,36635.007720947266,130.8393132890974,12.6123699441571,0.12322118543108164
source_b_repair_baselines_m5_rohlik_100_v2,rohlik_top_volume_100_20260714,Rohlik,28,seasonal_naive,3152,280,129612.94994354248,59581.209968566895,212.79003560202463,46.02141178631541,0.4596856255067075
source_b_repair_baselines_m5_rohlik_100_v2,rohlik_top_volume_100_20260714,Rohlik,28,seasonal_naive,3155,280,105009.38983726501,57846.67003822327,206.59525013651168,57.530213138715524,0.5508714042417475
source_b_repair_baselines_m5_rohlik_100_v2,rohlik_top_volume_100_20260714,Rohlik,28,seasonal_naive,3184,280,248360.49018859863,37999.08915710449,135.71103270394462,16.36476055901226,0.15299973489442284
source_b_repair_baselines_m5_rohlik_100_v2,rohlik_top_volume_100_20260714,Rohlik,28,seasonal_naive,3224,280,81147.24968624115,73244.5098695755,261.5875352484839,80.40179784850085,0.9026123516542842
source_b_repair_baselines_m5_rohlik_100_v2,rohlik_top_volume_100_20260714,Rohlik,28,seasonal_naive,3225,280,75168.05016422272,70506.13009548187,251.80760748386382,95.17354746436962,0.937980031960976
source_b_repair_baselines_m5_rohlik_100_v2,rohlik_top_volume_100_20260714,Rohlik,28,seasonal_naive,3336,280,575708.1196289062,69857.19995117188,249.48999982561384,12.375660032236151,0.12134134914789962
source_b_repair_baselines_m5_rohlik_100_v2,rohlik_top_volume_100_20260714,Rohlik,28,seasonal_naive,3456,280,256175.78985595703,37441.349670410156,133.71910596575057,15.911339811075356,0.14615491062392252
source_b_repair_baselines_m5_rohlik_100_v2,rohlik_top_volume_100_20260714,Rohlik,28,seasonal_naive,3616,280,318439.2596435547,52290.680419921875,186.75243007114955,17.058620524264818,0.16420927645182162
source_b_repair_baselines_m5_rohlik_100_v2,rohlik_top_volume_100_20260714,Rohlik,28,seasonal_naive,3617,280,187647.49993896484,27668.120239257812,98.81471514020647,15.354115106003565,0.14744731610203857
source_b_repair_baselines_m5_rohlik_100_v2,rohlik_top_volume_100_20260714,Rohlik,28,seasonal_naive,3618,280,151499.94006347656,21782.36004638672,77.7941430228097,14.901463341095042,0.14377801098310788
source_b_repair_baselines_m5_rohlik_100_v2,rohlik_top_volume_100_20260714,Rohlik,28,seasonal_naive,3685,280,112072.23987579346,31559.74001312256,112.71335718972342,35.18697573059682,0.28160176015130367
source_b_repair_baselines_m5_rohlik_100_v2,rohlik_top_volume_100_20260714,Rohlik,28,seasonal_naive,3686,280,139290.15993404388,34737.24002933502,124.06157153333936,25.794082331289903,0.24938760961853773
source_b_repair_baselines_m5_rohlik_100_v2,rohlik_top_volume_100_20260714,Rohlik,28,seasonal_naive,3871,280,143374.5302658081,40420.569831848145,144.35917797088624,27.19716587267248,0.2819229451487007
source_b_repair_baselines_m5_rohlik_100_v2,rohlik_top_volume_100_20260714,Rohlik,28,seasonal_naive,4172,280,260753.42961120605,92207.94990539551,329.31410680498396,46.054117568524546,0.35362123536737866
source_b_repair_baselines_m5_rohlik_100_v2,rohlik_top_volume_100_20260714,Rohlik,28,seasonal_naive,4227,280,112724.54960632324,43748.329360961914,156.24403343200683,45.86611627640365,0.3880993937323114
source_b_repair_baselines_m5_rohlik_100_v2,rohlik_top_volume_100_20260714,Rohlik,28,seasonal_naive,4228,280,206421.50966644287,79751.82932281494,284.8279618671962,47.5717982928921,0.38635425858325595
source_b_repair_baselines_m5_rohlik_100_v2,rohlik_top_volume_100_20260714,Rohlik,28,seasonal_naive,4229,280,121289.81995391846,47067.579765319824,168.09849916185652,48.611162760676436,0.38805878171145913
source_b_repair_baselines_m5_rohlik_100_v2,rohlik_top_volume_100_20260714,Rohlik,28,seasonal_naive,4230,280,193655.57107543945,96881.9709777832,346.0070392063686,62.63670905682499,0.5002798031565142
source_b_repair_baselines_m5_rohlik_100_v2,rohlik_top_volume_100_20260714,Rohlik,28,seasonal_naive,4523,280,171175.77983093262,20185.340103149414,72.09050036839076,12.114486546737885,0.11792170669872881
source_b_repair_baselines_m5_rohlik_100_v2,rohlik_top_volume_100_20260714,Rohlik,28,seasonal_naive,4720,280,4037897.0986328125,460494.5615234375,1644.6234340122767,11.76455599531615,0.11404316412108567
source_b_repair_baselines_m5_rohlik_100_v2,rohlik_top_volume_100_20260714,Rohlik,28,seasonal_naive,4793,280,575034.4410400391,102915.65954589844,367.5559269496373,18.41053441166065,0.1789730357015825
source_b_repair_baselines_m5_rohlik_100_v2,rohlik_top_volume_100_20260714,Rohlik,28,seasonal_naive,4877,280,279479.92053222656,37613.12097167969,134.33257489885602,13.998350247252647,0.1345825521205648
source_b_repair_baselines_m5_rohlik_100_v2,rohlik_top_volume_100_20260714,Rohlik,28,seasonal_naive,4878,280,173437.76989746094,29884.590087890625,106.73067888532366,17.453571259485667,0.17230727831405382
source_b_repair_baselines_m5_rohlik_100_v2,rohlik_top_volume_100_20260714,Rohlik,28,seasonal_naive,4879,280,637516.419921875,92651.6796875,330.8988560267857,15.199825049746888,0.14533222485289723
source_b_repair_baselines_m5_rohlik_100_v2,rohlik_top_volume_100_20260714,Rohlik,28,seasonal_naive,4883,280,1313540.4802246094,161198.89868164062,575.7103524344308,12.197431809091336,0.12272092189658011
source_b_repair_baselines_m5_rohlik_100_v2,rohlik_top_volume_100_20260714,Rohlik,28,seasonal_naive,4884,280,1460296.7197265625,181103.4619140625,646.798078264509,12.086213122900016,0.12401826249940064
source_b_repair_baselines_m5_rohlik_100_v2,rohlik_top_volume_100_20260714,Rohlik,28,seasonal_naive,4885,280,2587560.158203125,363738.5791015625,1299.0663539341517,13.884908888133904,0.14057202803514832
source_b_repair_baselines_m5_rohlik_100_v2,rohlik_top_volume_100_20260714,Rohlik,28,seasonal_naive,4965,280,209354.80053710938,95472.39978027344,340.97285635811943,35.87898153305741,0.45603157670774497
source_b_repair_baselines_m5_rohlik_100_v2,rohlik_top_volume_100_20260714,Rohlik,28,seasonal_naive,4966,280,114273.84986877441,53439.62901306152,190.85581790379115,36.37815077156786,0.467645301829146
source_b_repair_baselines_m5_rohlik_100_v2,rohlik_top_volume_100_20260714,Rohlik,28,seasonal_naive,4967,280,217679.2293624878,108002.83014678955,385.7243933813913,44.70717255556545,0.49615588250240955
source_b_repair_baselines_m5_rohlik_100_v2,rohlik_top_volume_100_20260714,Rohlik,28,seasonal_naive,4968,280,132231.52013397217,62683.90058135986,223.87107350485667,38.09946448009999,0.47404658524571763
source_b_repair_baselines_m5_rohlik_100_v2,rohlik_top_volume_100_20260714,Rohlik,28,seasonal_naive,5164,280,145507.20980644226,53989.87007331848,192.820964547566,51.67193399364809,0.37104601308167
source_b_repair_baselines_m5_rohlik_100_v2,rohlik_top_volume_100_20260714,Rohlik,28,seasonal_naive,5166,280,112630.67004394531,62888.15003967285,224.60053585597447,76.10258928968004,0.5583572397743498
source_b_repair_baselines_m5_rohlik_100_v2,rohlik_top_volume_100_20260714,Rohlik,28,seasonal_naive,5277,280,151712.34029006958,76153.30027389526,271.9760724067688,41.975202012461324,0.5019585099556989
source_b_repair_baselines_m5_rohlik_100_v2,rohlik_top_volume_100_20260714,Rohlik,28,seasonal_naive,5278,280,174989.42964935303,89835.69022369385,320.8417507989066,52.019769215729696,0.5133778103266479
source_b_repair_baselines_m5_rohlik_100_v2,rohlik_top_volume_100_20260714,Rohlik,28,seasonal_naive,5293,280,239707.89004516602,49752.4499206543,177.68732114519392,20.166407138012048,0.20755449439432255
source_b_repair_baselines_m5_rohlik_100_v2,rohlik_top_volume_100_20260714,Rohlik,28,seasonal_naive,5294,280,224627.77935791016,56163.158447265625,200.58270874023438,22.942855324010345,0.25002766179590896
source_b_repair_baselines_m5_rohlik_100_v2,rohlik_top_volume_100_20260714,Rohlik,28,seasonal_naive,5295,280,163282.1696624756,23514.810317993164,83.98146542140415,14.205018911246334,0.1440133381777152
source_b_repair_baselines_m5_rohlik_100_v2,rohlik_top_volume_100_20260714,Rohlik,28,seasonal_naive,5296,280,156334.580368042,29304.999771118164,104.66071346827916,18.273535331831102,0.18745052887293712
source_b_repair_baselines_m5_rohlik_100_v2,rohlik_top_volume_100_20260714,Rohlik,28,seasonal_naive,5347,280,131796.05020141602,62343.58987426758,222.65567812238422,44.89077558790176,0.47303079097584183
source_b_repair_baselines_m5_rohlik_100_v2,rohlik_top_volume_100_20260714,Rohlik,28,seasonal_naive,5350,280,186111.16989898682,75447.569480896,269.4556052889143,40.206355410142166,0.40538979751642906
source_b_repair_baselines_m5_rohlik_100_v2,rohlik_top_volume_100_20260714,Rohlik,28,lightgbm_cov,80,280,65024.250061035156,11646.189834594727,41.59353512355259,17.81784664009311,0.1791053310674557
source_b_repair_baselines_m5_rohlik_100_v2,rohlik_top_volume_100_20260714,Rohlik,28,lightgbm_cov,139,280,704992.3494262695,152347.2289428711,544.0972462245396,22.099650867553073,0.21609770526850813
source_b_repair_baselines_m5_rohlik_100_v2,rohlik_top_volume_100_20260714,Rohlik,28,lightgbm_cov,393,280,347206.3200683594,146854.01348876953,524.4786196027484,37.98682495996661,0.4229589296066279
source_b_repair_baselines_m5_rohlik_100_v2,rohlik_top_volume_100_20260714,Rohlik,28,lightgbm_cov,394,280,239137.44957733154,114673.31076812744,409.547538457598,46.91984213718563,0.47952886915374054
source_b_repair_baselines_m5_rohlik_100_v2,rohlik_top_volume_100_20260714,Rohlik,28,lightgbm_cov,524,280,267690.19955444336,51752.0915222168,184.82889829363143,18.139769376582258,0.19332830117933159
source_b_repair_baselines_m5_rohlik_100_v2,rohlik_top_volume_100_20260714,Rohlik,28,lightgbm_cov,525,280,531616.6622314453,96203.36743164062,343.58345511300223,17.28079998095591,0.18096379264681023
source_b_repair_baselines_m5_rohlik_100_v2,rohlik_top_volume_100_20260714,Rohlik,28,lightgbm_cov,526,280,338197.9295654297,53445.26428222656,190.87594386509485,15.718264590694378,0.15802954308709552
source_b_repair_baselines_m5_rohlik_100_v2,rohlik_top_volume_100_20260714,Rohlik,28,lightgbm_cov,539,280,193128.92993927002,33692.51134490967,120.33039766039167,17.52356835795631,0.1744560556282499
source_b_repair_baselines_m5_rohlik_100_v2,rohlik_top_volume_100_20260714,Rohlik,28,lightgbm_cov,619,280,111035.18016052246,66341.03902554512,236.9322822340897,110.14259624226091,0.597477654646361
source_b_repair_baselines_m5_rohlik_100_v2,rohlik_top_volume_100_20260714,Rohlik,28,lightgbm_cov,652,280,906449.6130943298,256265.4555091858,915.2337696756636,28.865980007077596,0.28271340381996224
source_b_repair_baselines_m5_rohlik_100_v2,rohlik_top_volume_100_20260714,Rohlik,28,lightgbm_cov,653,280,742757.7571563721,246386.21305847168,879.9507609231132,34.44556696698381,0.33171812839997067
source_b_repair_baselines_m5_rohlik_100_v2,rohlik_top_volume_100_20260714,Rohlik,28,lightgbm_cov,654,280,465967.79803466797,136034.56274414062,485.8377240862165,28.759095239003024,0.2919398364391259
source_b_repair_baselines_m5_rohlik_100_v2,rohlik_top_volume_100_20260714,Rohlik,28,lightgbm_cov,655,280,569343.7183532715,164157.07498168945,586.2752677917481,28.711993653201297,0.28832683964000777
source_b_repair_baselines_m5_rohlik_100_v2,rohlik_top_volume_100_20260714,Rohlik,28,lightgbm_cov,888,280,161351.10961914062,47724.73647785187,170.44548742089952,37.37058513469719,0.2957818919901027
source_b_repair_baselines_m5_rohlik_100_v2,rohlik_top_volume_100_20260714,Rohlik,28,lightgbm_cov,890,280,151037.71043395996,47408.078340530396,169.31456550189426,47.41614725348362,0.3138823953588677
source_b_repair_baselines_m5_rohlik_100_v2,rohlik_top_volume_100_20260714,Rohlik,28,lightgbm_cov,912,280,138695.33001708984,64337.769302368164,229.77774750845774,44.43013503468316,0.4638784110066327
source_b_repair_baselines_m5_rohlik_100_v2,rohlik_top_volume_100_20260714,Rohlik,28,lightgbm_cov,1032,280,313453.1592102051,46120.50607299805,164.71609311785016,15.921695728853273,0.14713683597640545
source_b_repair_baselines_m5_rohlik_100_v2,rohlik_top_volume_100_20260714,Rohlik,28,lightgbm_cov,1266,280,151124.2797088623,25216.831924438477,90.0601140158517,15.744212264224814,0.16686155244556444
source_b_repair_baselines_m5_rohlik_100_v2,rohlik_top_volume_100_20260714,Rohlik,28,lightgbm_cov,1269,280,140353.15000152588,24987.448539733887,89.24088764190674,17.469801415079996,0.1780326878268299
source_b_repair_baselines_m5_rohlik_100_v2,rohlik_top_volume_100_20260714,Rohlik,28,lightgbm_cov,1270,280,132543.56005859375,37595.9489440918,134.2712462288993,26.987798155626287,0.2836497595769398
source_b_repair_baselines_m5_rohlik_100_v2,rohlik_top_volume_100_20260714,Rohlik,28,lightgbm_cov,1391,280,221225.1198425293,35884.7112121582,128.159682900565,16.331091465818588,0.1622090259808713
source_b_repair_baselines_m5_rohlik_100_v2,rohlik_top_volume_100_20260714,Rohlik,28,lightgbm_cov,1405,280,126042.9401473999,53635.86875152588,191.55667411259242,39.15564678822513,0.42553647740049416
source_b_repair_baselines_m5_rohlik_100_v2,rohlik_top_volume_100_20260714,Rohlik,28,lightgbm_cov,1408,280,207613.20947265625,68287.85565185547,243.88519875662666,29.08719715860608,0.32891864552023764
source_b_repair_baselines_m5_rohlik_100_v2,rohlik_top_volume_100_20260714,Rohlik,28,lightgbm_cov,1413,280,289053.51054000854,60294.03694534302,215.33584623336793,21.41412482942925,0.2085912633709307
source_b_repair_baselines_m5_rohlik_100_v2,rohlik_top_volume_100_20260714,Rohlik,28,lightgbm_cov,1640,280,120672.08973693848,37820.685581207275,135.07387707574026,30.913557098756637,0.31341701021052365
source_b_repair_baselines_m5_rohlik_100_v2,rohlik_top_volume_100_20260714,Rohlik,28,lightgbm_cov,1671,280,141476.37020874023,37341.770179748535,133.36346492767333,29.207511679971276,0.263943513143947
source_b_repair_baselines_m5_rohlik_100_v2,rohlik_top_volume_100_20260714,Rohlik,28,lightgbm_cov,1672,280,151003.13999176025,36590.319480895996,130.6797124317714,23.88964828242867,0.24231495770811529
source_b_repair_baselines_m5_rohlik_100_v2,rohlik_top_volume_100_20260714,Rohlik,28,lightgbm_cov,1925,280,145504.06002807617,46160.45903635025,164.85878227267946,135.4111083265652,0.31724516159510063
source_b_repair_baselines_m5_rohlik_100_v2,rohlik_top_volume_100_20260714,Rohlik,28,lightgbm_cov,1927,280,138158.75009334087,37107.25491917133,132.5259104256119,49.29100422137066,0.2685841822837964
source_b_repair_baselines_m5_rohlik_100_v2,rohlik_top_volume_100_20260714,Rohlik,28,lightgbm_cov,2127,280,224514.65948486328,94549.25457763672,337.6759092058454,39.214857520631185,0.4211273098806771
source_b_repair_baselines_m5_rohlik_100_v2,rohlik_top_volume_100_20260714,Rohlik,28,lightgbm_cov,2129,280,201146.12992095947,110617.76245498657,395.06343733923774,56.626219272417224,0.5499373142225202
source_b_repair_baselines_m5_rohlik_100_v2,rohlik_top_volume_100_20260714,Rohlik,28,lightgbm_cov,2159,280,205632.91958618164,29631.026626586914,105.82509509495327,15.307925519442488,0.14409670730842503
source_b_repair_baselines_m5_rohlik_100_v2,rohlik_top_volume_100_20260714,Rohlik,28,lightgbm_cov,2160,280,155848.88995361328,19966.519424438477,71.30899794442313,13.31195269720807,0.1281146078767792
source_b_repair_baselines_m5_rohlik_100_v2,rohlik_top_volume_100_20260714,Rohlik,28,lightgbm_cov,2161,280,119318.8002319336,19486.317276000977,69.59399027143206,16.482778324148924,0.16331305073570296
source_b_repair_baselines_m5_rohlik_100_v2,rohlik_top_volume_100_20260714,Rohlik,28,lightgbm_cov,2216,280,279236.34016418457,34700.49717712402,123.93034706115722,13.054892016220704,0.12426927367949647
source_b_repair_baselines_m5_rohlik_100_v2,rohlik_top_volume_100_20260714,Rohlik,28,lightgbm_cov,2217,280,274926.85957336426,29737.730392456055,106.20617997305733,11.242549365727173,0.10816596980958326
source_b_repair_baselines_m5_rohlik_100_v2,rohlik_top_volume_100_20260714,Rohlik,28,lightgbm_cov,2218,280,126590.24021148682,22735.005577087402,81.19644848959787,17.449003672863242,0.17959524793621826
source_b_repair_baselines_m5_rohlik_100_v2,rohlik_top_volume_100_20260714,Rohlik,28,lightgbm_cov,2274,280,151934.1999359131,54039.5570602417,192.99841807229177,47.67467749229165,0.3556773727247451
source_b_repair_baselines_m5_rohlik_100_v2,rohlik_top_volume_100_20260714,Rohlik,28,lightgbm_cov,2275,280,108671.41033172607,42273.013484954834,150.97504816055297,51.19422036947777,0.3889984804275006
source_b_repair_baselines_m5_rohlik_100_v2,rohlik_top_volume_100_20260714,Rohlik,28,lightgbm_cov,2325,280,218676.69919586182,47388.98732757568,169.2463833127703,22.458994995476125,0.2167079871876558
source_b_repair_baselines_m5_rohlik_100_v2,rohlik_top_volume_100_20260714,Rohlik,28,lightgbm_cov,2467,280,124018.61987304688,41144.66615104675,146.94523625373841,74.89438351082829,0.3317620063274771
source_b_repair_baselines_m5_rohlik_100_v2,rohlik_top_volume_100_20260714,Rohlik,28,lightgbm_cov,2468,280,207317.14988708496,105636.77088394016,377.2741817283577,71.61312688671721,0.5095418827698293
source_b_repair_baselines_m5_rohlik_100_v2,rohlik_top_volume_100_20260714,Rohlik,28,lightgbm_cov,2470,280,261642.5806427002,121994.9354442954,435.6961980153407,64.80667509442706,0.466265602275541
source_b_repair_baselines_m5_rohlik_100_v2,rohlik_top_volume_100_20260714,Rohlik,28,lightgbm_cov,2560,280,273117.1798400879,54662.88345336914,195.22458376203264,19.880020961289965,0.20014443428778322
source_b_repair_baselines_m5_rohlik_100_v2,rohlik_top_volume_100_20260714,Rohlik,28,lightgbm_cov,2561,280,551515.4985351562,130352.2612915039,465.54379032679964,25.24290620971607,0.2363528525267629
source_b_repair_baselines_m5_rohlik_100_v2,rohlik_top_volume_100_20260714,Rohlik,28,lightgbm_cov,2562,280,501021.64096069336,100236.5192565918,357.98756877354214,20.47291206848424,0.20006425084631355
source_b_repair_baselines_m5_rohlik_100_v2,rohlik_top_volume_100_20260714,Rohlik,28,lightgbm_cov,2563,280,249795.21975708008,50805.20770263672,181.4471703665597,21.07527785526931,0.20338742971960624
source_b_repair_baselines_m5_rohlik_100_v2,rohlik_top_volume_100_20260714,Rohlik,28,lightgbm_cov,2565,280,173654.3897781372,45772.10332489014,163.47179758889334,24.4257841547022,0.26358160817799703
source_b_repair_baselines_m5_rohlik_100_v2,rohlik_top_volume_100_20260714,Rohlik,28,lightgbm_cov,2566,280,138404.21014404297,42928.09927368164,153.3146402631487,27.96112760839189,0.31016469245411393
source_b_repair_baselines_m5_rohlik_100_v2,rohlik_top_volume_100_20260714,Rohlik,28,lightgbm_cov,2694,280,220327.10961914062,30425.041015625,108.66086077008929,15.040719782010411,0.1380903197442112
source_b_repair_baselines_m5_rohlik_100_v2,rohlik_top_volume_100_20260714,Rohlik,28,lightgbm_cov,2840,280,275601.7402648926,68799.89688110352,245.71391743251255,24.632545507784418,0.2496352048248208
source_b_repair_baselines_m5_rohlik_100_v2,rohlik_top_volume_100_20260714,Rohlik,28,lightgbm_cov,2935,280,193093.2696838379,44031.11975097656,157.2539991106306,21.925805864141342,0.2280303183175214
source_b_repair_baselines_m5_rohlik_100_v2,rohlik_top_volume_100_20260714,Rohlik,28,lightgbm_cov,2936,280,169590.96995544434,25291.02586364746,90.3250923701695,15.13758240061566,0.14912955489488636
source_b_repair_baselines_m5_rohlik_100_v2,rohlik_top_volume_100_20260714,Rohlik,28,lightgbm_cov,2937,280,280813.5494995117,43095.662658691406,153.91308092389787,15.417114949801865,0.15346717683494948
source_b_repair_baselines_m5_rohlik_100_v2,rohlik_top_volume_100_20260714,Rohlik,28,lightgbm_cov,2938,280,168716.07014465332,21995.266067504883,78.55452166966029,13.058924686277484,0.13036853009109708
source_b_repair_baselines_m5_rohlik_100_v2,rohlik_top_volume_100_20260714,Rohlik,28,lightgbm_cov,3144,280,503970.9108886719,53780.51062011719,192.07325221470424,11.001142323915143,0.10671352147147517
source_b_repair_baselines_m5_rohlik_100_v2,rohlik_top_volume_100_20260714,Rohlik,28,lightgbm_cov,3145,280,338092.6397705078,31480.6484375,112.43088727678571,9.652962630808776,0.09311249265547038
source_b_repair_baselines_m5_rohlik_100_v2,rohlik_top_volume_100_20260714,Rohlik,28,lightgbm_cov,3146,280,0.0,901.8819377571344,3.2210069205611944,200.0,
source_b_repair_baselines_m5_rohlik_100_v2,rohlik_top_volume_100_20260714,Rohlik,28,lightgbm_cov,3147,280,297310.9501647949,27123.604949951172,96.87001767839705,9.440998314613108,0.09122975435286515
source_b_repair_baselines_m5_rohlik_100_v2,rohlik_top_volume_100_20260714,Rohlik,28,lightgbm_cov,3152,280,129612.94994354248,51714.088722229004,184.69317400796072,42.58676049450867,0.39898859446339974
source_b_repair_baselines_m5_rohlik_100_v2,rohlik_top_volume_100_20260714,Rohlik,28,lightgbm_cov,3155,280,105009.38983726501,50067.69401264191,178.8131929022925,52.71465550662323,0.4767925429357578
source_b_repair_baselines_m5_rohlik_100_v2,rohlik_top_volume_100_20260714,Rohlik,28,lightgbm_cov,3184,280,248360.49018859863,33076.04998779297,118.12874995640345,14.288763687943487,0.13317758377218478
source_b_repair_baselines_m5_rohlik_100_v2,rohlik_top_volume_100_20260714,Rohlik,28,lightgbm_cov,3224,280,81147.24968624115,58167.90720272064,207.7425257240023,71.37049396430551,0.7168192073992528
source_b_repair_baselines_m5_rohlik_100_v2,rohlik_top_volume_100_20260714,Rohlik,28,lightgbm_cov,3225,280,75168.05016422272,45924.57080030441,164.01632428680148,86.39013905883718,0.6109586546407831
source_b_repair_baselines_m5_rohlik_100_v2,rohlik_top_volume_100_20260714,Rohlik,28,lightgbm_cov,3336,280,575708.1196289062,59344.81677246094,211.94577418736048,10.540392727671954,0.10308143093537366
source_b_repair_baselines_m5_rohlik_100_v2,rohlik_top_volume_100_20260714,Rohlik,28,lightgbm_cov,3456,280,256175.78985595703,34030.591400146484,121.5378264290946,14.593587228689406,0.132840778667185
source_b_repair_baselines_m5_rohlik_100_v2,rohlik_top_volume_100_20260714,Rohlik,28,lightgbm_cov,3616,280,318439.2596435547,42004.07733154297,150.01456189836776,13.844362352453023,0.13190608902482776
source_b_repair_baselines_m5_rohlik_100_v2,rohlik_top_volume_100_20260714,Rohlik,28,lightgbm_cov,3617,280,187647.49993896484,23195.15365600586,82.83983448573521,13.110579680264825,0.12361024614530132
source_b_repair_baselines_m5_rohlik_100_v2,rohlik_top_volume_100_20260714,Rohlik,28,lightgbm_cov,3618,280,151499.94006347656,20929.607635498047,74.74859869820732,14.277537923873282,0.13814927997152213
source_b_repair_baselines_m5_rohlik_100_v2,rohlik_top_volume_100_20260714,Rohlik,28,lightgbm_cov,3685,280,112072.23987579346,28991.873472213745,103.54240525790624,27.947982780830248,0.2586891589241424
source_b_repair_baselines_m5_rohlik_100_v2,rohlik_top_volume_100_20260714,Rohlik,28,lightgbm_cov,3686,280,139290.15993404388,30275.61483478546,108.12719583851951,22.640068466592346,0.21735645108829976
source_b_repair_baselines_m5_rohlik_100_v2,rohlik_top_volume_100_20260714,Rohlik,28,lightgbm_cov,3871,280,143374.5302658081,43284.92610168457,154.5890217917306,28.473647256575795,0.3019010839752138
source_b_repair_baselines_m5_rohlik_100_v2,rohlik_top_volume_100_20260714,Rohlik,28,lightgbm_cov,4172,280,260753.42961120605,71267.25854039192,254.52592335854257,81.70834917002733,0.2733128329190312
source_b_repair_baselines_m5_rohlik_100_v2,rohlik_top_volume_100_20260714,Rohlik,28,lightgbm_cov,4227,280,112724.54960632324,42238.19429016113,150.8506938934326,42.37330318260884,0.3747027106133746
source_b_repair_baselines_m5_rohlik_100_v2,rohlik_top_volume_100_20260714,Rohlik,28,lightgbm_cov,4228,280,206421.50966644287,69362.28751373291,247.72245540618897,38.39733181416023,0.33602257645443845
source_b_repair_baselines_m5_rohlik_100_v2,rohlik_top_volume_100_20260714,Rohlik,28,lightgbm_cov,4229,280,121289.81995391846,44268.071226119995,158.10025437899998,42.737648627921146,0.36497763161771307
source_b_repair_baselines_m5_rohlik_100_v2,rohlik_top_volume_100_20260714,Rohlik,28,lightgbm_cov,4230,280,193655.57107543945,94596.20119285583,337.84357568877084,54.6671985983257,0.4884765290640951
source_b_repair_baselines_m5_rohlik_100_v2,rohlik_top_volume_100_20260714,Rohlik,28,lightgbm_cov,4523,280,171175.77983093262,16254.924697875977,58.053302492414204,9.542858513007772,0.09496042438907354
source_b_repair_baselines_m5_rohlik_100_v2,rohlik_top_volume_100_20260714,Rohlik,28,lightgbm_cov,4720,280,4037897.0986328125,457031.87548828125,1632.256698172433,11.714398297718981,0.11318561724691478
source_b_repair_baselines_m5_rohlik_100_v2,rohlik_top_volume_100_20260714,Rohlik,28,lightgbm_cov,4793,280,575034.4410400391,91038.54370117188,325.13765607561385,15.84219250129905,0.1583184192176638
source_b_repair_baselines_m5_rohlik_100_v2,rohlik_top_volume_100_20260714,Rohlik,28,lightgbm_cov,4877,280,279479.92053222656,39549.15103149414,141.24696796962192,14.832747573545868,0.1415098120687127
source_b_repair_baselines_m5_rohlik_100_v2,rohlik_top_volume_100_20260714,Rohlik,28,lightgbm_cov,4878,280,173437.76989746094,30425.24098968506,108.66157496316093,18.311795389558164,0.17542453992387544
source_b_repair_baselines_m5_rohlik_100_v2,rohlik_top_volume_100_20260714,Rohlik,28,lightgbm_cov,4879,280,637516.419921875,92687.96472167969,331.0284454345703,15.43112789069336,0.1453891410875946
source_b_repair_baselines_m5_rohlik_100_v2,rohlik_top_volume_100_20260714,Rohlik,28,lightgbm_cov,4883,280,1313540.4802246094,145022.27172851562,517.9366847446987,11.215522587633341,0.11040563569363122
source_b_repair_baselines_m5_rohlik_100_v2,rohlik_top_volume_100_20260714,Rohlik,28,lightgbm_cov,4884,280,1460296.7197265625,181432.3212890625,647.9725760323661,12.564511322578312,0.12424346287858218
source_b_repair_baselines_m5_rohlik_100_v2,rohlik_top_volume_100_20260714,Rohlik,28,lightgbm_cov,4885,280,2587560.158203125,387628.79541015625,1384.3885550362722,15.14343620561085,0.14980474721767886
source_b_repair_baselines_m5_rohlik_100_v2,rohlik_top_volume_100_20260714,Rohlik,28,lightgbm_cov,4965,280,209354.80053710938,68377.82696533203,244.20652487618582,28.77432653772572,0.3266121760279944
source_b_repair_baselines_m5_rohlik_100_v2,rohlik_top_volume_100_20260714,Rohlik,28,lightgbm_cov,4966,280,114273.84986877441,46841.626708984375,167.29152396065848,35.63531487097058,0.40990678762266813
source_b_repair_baselines_m5_rohlik_100_v2,rohlik_top_volume_100_20260714,Rohlik,28,lightgbm_cov,4967,280,217679.2293624878,68848.8703994751,245.88882285526822,28.912530776323358,0.3162858973780421
source_b_repair_baselines_m5_rohlik_100_v2,rohlik_top_volume_100_20260714,Rohlik,28,lightgbm_cov,4968,280,132231.52013397217,49425.50080490112,176.51964573178972,33.73204305910903,0.373780024269743
source_b_repair_baselines_m5_rohlik_100_v2,rohlik_top_volume_100_20260714,Rohlik,28,lightgbm_cov,5164,280,145507.20980644226,41610.2344455719,148.60798016275677,39.936452682651165,0.28596682254386563
source_b_repair_baselines_m5_rohlik_100_v2,rohlik_top_volume_100_20260714,Rohlik,28,lightgbm_cov,5166,280,112630.67004394531,39515.36637020111,141.12630846500397,53.66233933209338,0.3508401961453601
source_b_repair_baselines_m5_rohlik_100_v2,rohlik_top_volume_100_20260714,Rohlik,28,lightgbm_cov,5277,280,151712.34029006958,46253.522148132324,165.19115052904402,32.12076137424922,0.3048764659466523
source_b_repair_baselines_m5_rohlik_100_v2,rohlik_top_volume_100_20260714,Rohlik,28,lightgbm_cov,5278,280,174989.42964935303,59473.06614112854,212.40380764688766,37.05328757590362,0.3398666208599099
source_b_repair_baselines_m5_rohlik_100_v2,rohlik_top_volume_100_20260714,Rohlik,28,lightgbm_cov,5293,280,239707.89004516602,41599.158782958984,148.56842422485352,16.453706331233338,0.17354104937939602
source_b_repair_baselines_m5_rohlik_100_v2,rohlik_top_volume_100_20260714,Rohlik,28,lightgbm_cov,5294,280,224627.77935791016,46267.77487182617,165.2420531136649,19.171318151014802,0.20597530280573856
source_b_repair_baselines_m5_rohlik_100_v2,rohlik_top_volume_100_20260714,Rohlik,28,lightgbm_cov,5295,280,163282.1696624756,20346.285263061523,72.665304510934,12.182913314742732,0.1246081265647058
source_b_repair_baselines_m5_rohlik_100_v2,rohlik_top_volume_100_20260714,Rohlik,28,lightgbm_cov,5296,280,156334.580368042,24543.554397583008,87.65555141993931,15.243031793305306,0.15699376516572794
source_b_repair_baselines_m5_rohlik_100_v2,rohlik_top_volume_100_20260714,Rohlik,28,lightgbm_cov,5347,280,131796.05020141602,51788.167556762695,184.95774127415248,38.926624558586994,0.3929417268394458
source_b_repair_baselines_m5_rohlik_100_v2,rohlik_top_volume_100_20260714,Rohlik,28,lightgbm_cov,5350,280,186111.16989898682,57195.15161895752,204.268398639134,31.171066275182802,0.307317135505626
source_b_repair_baselines_m5_rohlik_100_v2,rohlik_top_volume_100_20260714,Rohlik,28,lightgbm_direct,80,280,65024.250061035156,12166.907638549805,43.453241566249304,18.31229593740738,0.1871133865769972
source_b_repair_baselines_m5_rohlik_100_v2,rohlik_top_volume_100_20260714,Rohlik,28,lightgbm_direct,139,280,704992.3494262695,161616.58294677734,577.2020819527762,23.807537104397852,0.22924586781445597
source_b_repair_baselines_m5_rohlik_100_v2,rohlik_top_volume_100_20260714,Rohlik,28,lightgbm_direct,393,280,347206.3200683594,151466.02172851562,540.9500776018415,38.69142911032192,0.4362421216834255
source_b_repair_baselines_m5_rohlik_100_v2,rohlik_top_volume_100_20260714,Rohlik,28,lightgbm_direct,394,280,239137.44957733154,101307.5836982727,361.8127989224025,41.7768824652238,0.4236374682314748
source_b_repair_baselines_m5_rohlik_100_v2,rohlik_top_volume_100_20260714,Rohlik,28,lightgbm_direct,524,280,267690.19955444336,58832.27996826172,210.1152856009347,19.731356526156013,0.2197774892998886
source_b_repair_baselines_m5_rohlik_100_v2,rohlik_top_volume_100_20260714,Rohlik,28,lightgbm_direct,525,280,531616.6622314453,104846.6884765625,374.45245884486604,18.267870943712314,0.19722235197909638
source_b_repair_baselines_m5_rohlik_100_v2,rohlik_top_volume_100_20260714,Rohlik,28,lightgbm_direct,526,280,338197.9295654297,56109.90200805664,200.39250717163085,16.488502937145412,0.16590847282878265
source_b_repair_baselines_m5_rohlik_100_v2,rohlik_top_volume_100_20260714,Rohlik,28,lightgbm_direct,539,280,193128.92993927002,36774.18356323242,131.33636986868723,19.255203599034385,0.19041260972551433
source_b_repair_baselines_m5_rohlik_100_v2,rohlik_top_volume_100_20260714,Rohlik,28,lightgbm_direct,619,280,111035.18016052246,68343.1051454544,244.0825183766229,98.71715959046895,0.6155085716675693
source_b_repair_baselines_m5_rohlik_100_v2,rohlik_top_volume_100_20260714,Rohlik,28,lightgbm_direct,652,280,906449.6130943298,269405.1223487854,962.1611512456622,29.190944250037198,0.2972091536661616
source_b_repair_baselines_m5_rohlik_100_v2,rohlik_top_volume_100_20260714,Rohlik,28,lightgbm_direct,653,280,742757.7571563721,222961.81755065918,796.2922055380685,30.65735163420249,0.3001810689992151
source_b_repair_baselines_m5_rohlik_100_v2,rohlik_top_volume_100_20260714,Rohlik,28,lightgbm_direct,654,280,465967.79803466797,150618.45681762695,537.9230600629534,30.54026549808237,0.32323790925659834
source_b_repair_baselines_m5_rohlik_100_v2,rohlik_top_volume_100_20260714,Rohlik,28,lightgbm_direct,655,280,569343.7183532715,161651.40615844727,577.3264505658831,27.946223342614317,0.2839258622647073
source_b_repair_baselines_m5_rohlik_100_v2,rohlik_top_volume_100_20260714,Rohlik,28,lightgbm_direct,888,280,161351.10961914062,46362.101163864136,165.5789327280862,35.77329978334741,0.2873367358507731
source_b_repair_baselines_m5_rohlik_100_v2,rohlik_top_volume_100_20260714,Rohlik,28,lightgbm_direct,890,280,151037.71043395996,45712.29610443115,163.2582003729684,44.053994163773595,0.30265485336801695
source_b_repair_baselines_m5_rohlik_100_v2,rohlik_top_volume_100_20260714,Rohlik,28,lightgbm_direct,912,280,138695.33001708984,62682.790100097656,223.86710750034877,44.55121129487936,0.45194593136174066
source_b_repair_baselines_m5_rohlik_100_v2,rohlik_top_volume_100_20260714,Rohlik,28,lightgbm_direct,1032,280,313453.1592102051,44297.834701538086,158.20655250549316,15.472688246807042,0.14132202340264652
source_b_repair_baselines_m5_rohlik_100_v2,rohlik_top_volume_100_20260714,Rohlik,28,lightgbm_direct,1266,280,151124.2797088623,27416.703521728516,97.91679829188756,16.684858023832692,0.18141825770515638
source_b_repair_baselines_m5_rohlik_100_v2,rohlik_top_volume_100_20260714,Rohlik,28,lightgbm_direct,1269,280,140353.15000152588,25810.732612609863,92.18118790217808,17.71341760206884,0.18389849185664345
source_b_repair_baselines_m5_rohlik_100_v2,rohlik_top_volume_100_20260714,Rohlik,28,lightgbm_direct,1270,280,132543.56005859375,38799.81427383423,138.5707652636937,28.049667079786378,0.2927325496363756
source_b_repair_baselines_m5_rohlik_100_v2,rohlik_top_volume_100_20260714,Rohlik,28,lightgbm_direct,1391,280,221225.1198425293,36391.628578186035,129.9701020649501,16.65764447361366,0.16450043559289304
source_b_repair_baselines_m5_rohlik_100_v2,rohlik_top_volume_100_20260714,Rohlik,28,lightgbm_direct,1405,280,126042.9401473999,54327.752601623535,194.0276878629412,38.89657159203047,0.4310257483528263
source_b_repair_baselines_m5_rohlik_100_v2,rohlik_top_volume_100_20260714,Rohlik,28,lightgbm_direct,1408,280,207613.20947265625,66235.11888122559,236.5539960043771,28.852386153550842,0.31903133258940874
source_b_repair_baselines_m5_rohlik_100_v2,rohlik_top_volume_100_20260714,Rohlik,28,lightgbm_direct,1413,280,289053.51054000854,71437.78899002075,255.13496067864554,24.87540337761383,0.24714382072911337
source_b_repair_baselines_m5_rohlik_100_v2,rohlik_top_volume_100_20260714,Rohlik,28,lightgbm_direct,1640,280,120672.08973693848,58971.28915786743,210.61174699238367,43.661696879642804,0.48869037808513194
source_b_repair_baselines_m5_rohlik_100_v2,rohlik_top_volume_100_20260714,Rohlik,28,lightgbm_direct,1671,280,141476.37020874023,36354.81288146973,129.83861743382045,28.045511416446757,0.25696738492675697
source_b_repair_baselines_m5_rohlik_100_v2,rohlik_top_volume_100_20260714,Rohlik,28,lightgbm_direct,1672,280,151003.13999176025,41092.90700531006,146.76038216182164,25.406153831256827,0.27213279808322105
source_b_repair_baselines_m5_rohlik_100_v2,rohlik_top_volume_100_20260714,Rohlik,28,lightgbm_direct,1925,280,145504.06002807617,50265.626124963164,179.52009330343986,135.527166660088,0.34545858112319344
source_b_repair_baselines_m5_rohlik_100_v2,rohlik_top_volume_100_20260714,Rohlik,28,lightgbm_direct,1927,280,138158.75009334087,26782.262518048286,95.65093756445816,42.407456193428466,0.1938513666340643
source_b_repair_baselines_m5_rohlik_100_v2,rohlik_top_volume_100_20260714,Rohlik,28,lightgbm_direct,2127,280,224514.65948486328,103554.7075958252,369.8382414136614,43.76840221936045,0.4612380671864628
source_b_repair_baselines_m5_rohlik_100_v2,rohlik_top_volume_100_20260714,Rohlik,28,lightgbm_direct,2129,280,201146.12992095947,111861.33927154541,399.50478311266215,55.49721951981835,0.5561197688242941
source_b_repair_baselines_m5_rohlik_100_v2,rohlik_top_volume_100_20260714,Rohlik,28,lightgbm_direct,2159,280,205632.91958618164,26419.484214782715,94.35530076708112,13.77491543528502,0.1284788654849118
source_b_repair_baselines_m5_rohlik_100_v2,rohlik_top_volume_100_20260714,Rohlik,28,lightgbm_direct,2160,280,155848.88995361328,19438.009880065918,69.42146385737828,13.13699622077745,0.12472344131454147
source_b_repair_baselines_m5_rohlik_100_v2,rohlik_top_volume_100_20260714,Rohlik,28,lightgbm_direct,2161,280,119318.8002319336,15926.295013427734,56.879625047956196,13.82814846408911,0.13347682831599023
source_b_repair_baselines_m5_rohlik_100_v2,rohlik_top_volume_100_20260714,Rohlik,28,lightgbm_direct,2216,280,279236.34016418457,36773.14598083496,131.3326642172677,13.757642434052864,0.1316918348063622
source_b_repair_baselines_m5_rohlik_100_v2,rohlik_top_volume_100_20260714,Rohlik,28,lightgbm_direct,2217,280,274926.85957336426,27008.27586364746,96.45812808445521,10.092823619116832,0.09823804013023435
source_b_repair_baselines_m5_rohlik_100_v2,rohlik_top_volume_100_20260714,Rohlik,28,lightgbm_direct,2218,280,126590.24021148682,23526.380210876465,84.02278646741594,17.53269995976612,0.18584671434047628
source_b_repair_baselines_m5_rohlik_100_v2,rohlik_top_volume_100_20260714,Rohlik,28,lightgbm_direct,2274,280,151934.1999359131,57293.505210876465,204.61966146741594,47.84326209041203,0.37709419758713486
source_b_repair_baselines_m5_rohlik_100_v2,rohlik_top_volume_100_20260714,Rohlik,28,lightgbm_direct,2275,280,108671.41033172607,45958.44960594177,164.1373200212206,54.809580677450796,0.42291205631408313
source_b_repair_baselines_m5_rohlik_100_v2,rohlik_top_volume_100_20260714,Rohlik,28,lightgbm_direct,2325,280,218676.69919586182,46722.43611907959,166.8658432824271,22.575884331025247,0.21365987455861393
source_b_repair_baselines_m5_rohlik_100_v2,rohlik_top_volume_100_20260714,Rohlik,28,lightgbm_direct,2467,280,124018.61987304688,39345.62425327301,140.52008661883218,69.70585284278913,0.31725578218455924
source_b_repair_baselines_m5_rohlik_100_v2,rohlik_top_volume_100_20260714,Rohlik,28,lightgbm_direct,2468,280,207317.14988708496,115416.31528320163,412.2011260114344,71.51301429349657,0.5567137853576658
source_b_repair_baselines_m5_rohlik_100_v2,rohlik_top_volume_100_20260714,Rohlik,28,lightgbm_direct,2470,280,261642.5806427002,114775.32435804605,409.91187270730734,58.85876680109019,0.4386721919502221
source_b_repair_baselines_m5_rohlik_100_v2,rohlik_top_volume_100_20260714,Rohlik,28,lightgbm_direct,2560,280,273117.1798400879,58897.03161621094,210.34654148646763,21.62091120265564,0.21564748014275623
source_b_repair_baselines_m5_rohlik_100_v2,rohlik_top_volume_100_20260714,Rohlik,28,lightgbm_direct,2561,280,551515.4985351562,127474.05673217773,455.2644883292062,24.85552882403839,0.2311341332578198
source_b_repair_baselines_m5_rohlik_100_v2,rohlik_top_volume_100_20260714,Rohlik,28,lightgbm_direct,2562,280,501021.64096069336,96428.3747253418,344.3870525905064,19.36425839846381,0.1924634922763883
source_b_repair_baselines_m5_rohlik_100_v2,rohlik_top_volume_100_20260714,Rohlik,28,lightgbm_direct,2563,280,249795.21975708008,53910.24840927124,192.536601461683,22.27107469458762,0.215817774502241
source_b_repair_baselines_m5_rohlik_100_v2,rohlik_top_volume_100_20260714,Rohlik,28,lightgbm_direct,2565,280,173654.3897781372,48362.967681884766,172.72488457815987,25.88426852970874,0.2785012676251596
source_b_repair_baselines_m5_rohlik_100_v2,rohlik_top_volume_100_20260714,Rohlik,28,lightgbm_direct,2566,280,138404.21014404297,46892.789489746094,167.47424817766463,29.77353248242504,0.3388104266549611
source_b_repair_baselines_m5_rohlik_100_v2,rohlik_top_volume_100_20260714,Rohlik,28,lightgbm_direct,2694,280,220327.10961914062,31080.869033813477,111.00310369219099,15.165712335471559,0.1410669303815592
source_b_repair_baselines_m5_rohlik_100_v2,rohlik_top_volume_100_20260714,Rohlik,28,lightgbm_direct,2840,280,275601.7402648926,71225.5191192627,254.37685399736677,25.147875309506283,0.2584363910431219
source_b_repair_baselines_m5_rohlik_100_v2,rohlik_top_volume_100_20260714,Rohlik,28,lightgbm_direct,2935,280,193093.2696838379,43313.13214111328,154.68975764683316,21.579561035795493,0.22431197219888724
source_b_repair_baselines_m5_rohlik_100_v2,rohlik_top_volume_100_20260714,Rohlik,28,lightgbm_direct,2936,280,169590.96995544434,22984.980026245117,82.08921437944684,13.591567763381901,0.1355318625294957
source_b_repair_baselines_m5_rohlik_100_v2,rohlik_top_volume_100_20260714,Rohlik,28,lightgbm_direct,2937,280,280813.5494995117,41278.378173828125,147.4227791922433,14.698100355434265,0.14699567826195617
source_b_repair_baselines_m5_rohlik_100_v2,rohlik_top_volume_100_20260714,Rohlik,28,lightgbm_direct,2938,280,168716.07014465332,20825.313179016113,74.37611849648611,12.31566466814223,0.12343408165660191
source_b_repair_baselines_m5_rohlik_100_v2,rohlik_top_volume_100_20260714,Rohlik,28,lightgbm_direct,3144,280,503970.9108886719,54463.528259277344,194.5126009259905,11.04965368543169,0.10806879342150849
source_b_repair_baselines_m5_rohlik_100_v2,rohlik_top_volume_100_20260714,Rohlik,28,lightgbm_direct,3145,280,338092.6397705078,37140.9075012207,132.64609821864536,11.354594658295952,0.10985423263408334
source_b_repair_baselines_m5_rohlik_100_v2,rohlik_top_volume_100_20260714,Rohlik,28,lightgbm_direct,3146,280,0.0,188.29006351530552,0.6724645125546626,200.0,
source_b_repair_baselines_m5_rohlik_100_v2,rohlik_top_volume_100_20260714,Rohlik,28,lightgbm_direct,3147,280,297310.9501647949,26296.86099243164,93.91736068725587,9.043222544882008,0.08844901601456553
source_b_repair_baselines_m5_rohlik_100_v2,rohlik_top_volume_100_20260714,Rohlik,28,lightgbm_direct,3152,280,129612.94994354248,73071.19268608093,260.9685453074319,52.38548109205535,0.5637645985058567
source_b_repair_baselines_m5_rohlik_100_v2,rohlik_top_volume_100_20260714,Rohlik,28,lightgbm_direct,3155,280,105009.38983726501,65390.165351867676,233.53630482809885,62.3306164237829,0.6227077926383918
source_b_repair_baselines_m5_rohlik_100_v2,rohlik_top_volume_100_20260714,Rohlik,28,lightgbm_direct,3184,280,248360.49018859863,29631.878608703613,105.82813788822719,12.706373130949034,0.11930995379418811
source_b_repair_baselines_m5_rohlik_100_v2,rohlik_top_volume_100_20260714,Rohlik,28,lightgbm_direct,3224,280,81147.24968624115,55315.08178424835,197.55386351517268,66.6912605935178,0.6816630507888581
source_b_repair_baselines_m5_rohlik_100_v2,rohlik_top_volume_100_20260714,Rohlik,28,lightgbm_direct,3225,280,75168.05016422272,50916.06409883499,181.84308606726782,89.14499318008711,0.6773631082301135
source_b_repair_baselines_m5_rohlik_100_v2,rohlik_top_volume_100_20260714,Rohlik,28,lightgbm_direct,3336,280,575708.1196289062,62048.38494873047,221.60137481689452,11.076878485492433,0.10777750535935819
source_b_repair_baselines_m5_rohlik_100_v2,rohlik_top_volume_100_20260714,Rohlik,28,lightgbm_direct,3456,280,256175.78985595703,32352.43081665039,115.54439577375139,13.93856437381441,0.12628996219682417
source_b_repair_baselines_m5_rohlik_100_v2,rohlik_top_volume_100_20260714,Rohlik,28,lightgbm_direct,3616,280,318439.2596435547,43268.09239196777,154.52890139988492,14.339660703447398,0.13587549613197805
source_b_repair_baselines_m5_rohlik_100_v2,rohlik_top_volume_100_20260714,Rohlik,28,lightgbm_direct,3617,280,187647.49993896484,24671.541927337646,88.11264974049159,14.039537080936379,0.1314781275282774
source_b_repair_baselines_m5_rohlik_100_v2,rohlik_top_volume_100_20260714,Rohlik,28,lightgbm_direct,3618,280,151499.94006347656,19116.30217552185,68.27250776972089,13.255768852651606,0.12618026229919538
source_b_repair_baselines_m5_rohlik_100_v2,rohlik_top_volume_100_20260714,Rohlik,28,lightgbm_direct,3685,280,112072.23987579346,33814.62504005432,120.76651800019401,30.241458310247964,0.30172168484836326
source_b_repair_baselines_m5_rohlik_100_v2,rohlik_top_volume_100_20260714,Rohlik,28,lightgbm_direct,3686,280,139290.15993404388,37675.48149204254,134.55529104300908,26.459597246280957,0.2704820032504987
source_b_repair_baselines_m5_rohlik_100_v2,rohlik_top_volume_100_20260714,Rohlik,28,lightgbm_direct,3871,280,143374.5302658081,43766.32508850098,156.30830388750348,27.72527483215231,0.3052587165053705
source_b_repair_baselines_m5_rohlik_100_v2,rohlik_top_volume_100_20260714,Rohlik,28,lightgbm_direct,4172,280,260753.42961120605,78651.65046048164,280.8987516445773,77.19029126993316,0.3016322760462037
source_b_repair_baselines_m5_rohlik_100_v2,rohlik_top_volume_100_20260714,Rohlik,28,lightgbm_direct,4227,280,112724.54960632324,44243.92378234863,158.01401350838796,44.8291939243505,0.39249590206272855
source_b_repair_baselines_m5_rohlik_100_v2,rohlik_top_volume_100_20260714,Rohlik,28,lightgbm_direct,4228,280,206421.50966644287,82675.6384525299,295.27013733046397,47.104321767576806,0.40051852438307284
source_b_repair_baselines_m5_rohlik_100_v2,rohlik_top_volume_100_20260714,Rohlik,28,lightgbm_direct,4229,280,121289.81995391846,43975.2835521698,157.05458411489215,44.703869481391244,0.3625636806854631
source_b_repair_baselines_m5_rohlik_100_v2,rohlik_top_volume_100_20260714,Rohlik,28,lightgbm_direct,4230,280,193655.57107543945,98275.90722179413,350.98538293497904,56.89874160508932,0.5074778209376186
source_b_repair_baselines_m5_rohlik_100_v2,rohlik_top_volume_100_20260714,Rohlik,28,lightgbm_direct,4523,280,171175.77983093262,22617.914848327637,80.77826731545585,12.818421014699174,0.13213268180035145
source_b_repair_baselines_m5_rohlik_100_v2,rohlik_top_volume_100_20260714,Rohlik,28,lightgbm_direct,4720,280,4037897.0986328125,513080.21240234375,1832.4293300083705,13.243065044378802,0.12706619308750267
source_b_repair_baselines_m5_rohlik_100_v2,rohlik_top_volume_100_20260714,Rohlik,28,lightgbm_direct,4793,280,575034.4410400391,90683.166015625,323.8684500558036,15.807379051887343,0.1577004080861842
source_b_repair_baselines_m5_rohlik_100_v2,rohlik_top_volume_100_20260714,Rohlik,28,lightgbm_direct,4877,280,279479.92053222656,39086.01512145996,139.5929111480713,14.846814772810488,0.13985267724073577
source_b_repair_baselines_m5_rohlik_100_v2,rohlik_top_volume_100_20260714,Rohlik,28,lightgbm_direct,4878,280,173437.76989746094,27696.918392181396,98.91756568636212,16.805292143861685,0.15969369537302192
source_b_repair_baselines_m5_rohlik_100_v2,rohlik_top_volume_100_20260714,Rohlik,28,lightgbm_direct,4879,280,637516.419921875,103151.33203125,368.39761439732143,16.862096944398907,0.16180184354136443
source_b_repair_baselines_m5_rohlik_100_v2,rohlik_top_volume_100_20260714,Rohlik,28,lightgbm_direct,4883,280,1313540.4802246094,187333.57067871094,669.048466709682,14.084197875619378,0.14261728016686456
source_b_repair_baselines_m5_rohlik_100_v2,rohlik_top_volume_100_20260714,Rohlik,28,lightgbm_direct,4884,280,1460296.7197265625,175510.38012695312,626.8227861676897,12.284769566184828,0.1201881629644536
source_b_repair_baselines_m5_rohlik_100_v2,rohlik_top_volume_100_20260714,Rohlik,28,lightgbm_direct,4885,280,2587560.158203125,451291.9978027344,1611.7571350097655,17.16129543010145,0.1744083113863232
source_b_repair_baselines_m5_rohlik_100_v2,rohlik_top_volume_100_20260714,Rohlik,28,lightgbm_direct,4965,280,209354.80053710938,58241.25700378418,208.00448929922922,24.838077339620288,0.2781940364126524
source_b_repair_baselines_m5_rohlik_100_v2,rohlik_top_volume_100_20260714,Rohlik,28,lightgbm_direct,4966,280,114273.84986877441,49127.720611572266,175.4561450413295,35.911110809033616,0.4299121861037127
source_b_repair_baselines_m5_rohlik_100_v2,rohlik_top_volume_100_20260714,Rohlik,28,lightgbm_direct,4967,280,217679.2293624878,63283.58780670166,226.01281359536307,27.38343163524297,0.29071945905008423
source_b_repair_baselines_m5_rohlik_100_v2,rohlik_top_volume_100_20260714,Rohlik,28,lightgbm_direct,4968,280,132231.52013397217,40961.46463394165,146.29094512122018,29.012531265154912,0.3097708064797333
source_b_repair_baselines_m5_rohlik_100_v2,rohlik_top_volume_100_20260714,Rohlik,28,lightgbm_direct,5164,280,145507.20980644226,39565.5350894928,141.3054824624743,38.96363979120908,0.2719146023219329
source_b_repair_baselines_m5_rohlik_100_v2,rohlik_top_volume_100_20260714,Rohlik,28,lightgbm_direct,5166,280,112630.67004394531,40681.057658195496,145.2894916364125,54.266743892583136,0.361189875211813
source_b_repair_baselines_m5_rohlik_100_v2,rohlik_top_volume_100_20260714,Rohlik,28,lightgbm_direct,5277,280,151712.34029006958,47275.674671173096,168.84169525418963,31.977185280923294,0.31161390418724927
source_b_repair_baselines_m5_rohlik_100_v2,rohlik_top_volume_100_20260714,Rohlik,28,lightgbm_direct,5278,280,174989.42964935303,50173.311124801636,179.19039687429157,32.992737187423025,0.2867219535793666
source_b_repair_baselines_m5_rohlik_100_v2,rohlik_top_volume_100_20260714,Rohlik,28,lightgbm_direct,5293,280,239707.89004516602,39557.62254333496,141.27722336905344,15.814780906805126,0.16502428241257086
source_b_repair_baselines_m5_rohlik_100_v2,rohlik_top_volume_100_20260714,Rohlik,28,lightgbm_direct,5294,280,224627.77935791016,48177.755310058594,172.06341182163783,19.843173665311923,0.21447817116730997
source_b_repair_baselines_m5_rohlik_100_v2,rohlik_top_volume_100_20260714,Rohlik,28,lightgbm_direct,5295,280,163282.1696624756,20922.969284057617,74.72489030020577,12.656527076599222,0.12813995139400694
source_b_repair_baselines_m5_rohlik_100_v2,rohlik_top_volume_100_20260714,Rohlik,28,lightgbm_direct,5296,280,156334.580368042,25055.046577453613,89.48230920519147,15.727565336639904,0.1602655440560186
source_b_repair_baselines_m5_rohlik_100_v2,rohlik_top_volume_100_20260714,Rohlik,28,lightgbm_direct,5347,280,131796.05020141602,54147.18115234375,193.3827898297991,40.4306039425868,0.4108406971953549
source_b_repair_baselines_m5_rohlik_100_v2,rohlik_top_volume_100_20260714,Rohlik,28,lightgbm_direct,5350,280,186111.16989898682,56651.06007385254,202.32521454947334,31.504197538691407,0.30439365947030644
source_b_repair_baselines_m5_rohlik_100_v2,rohlik_top_volume_100_20260714,Rohlik,28,lightgbm_direct_scaled,80,280,65024.250061035156,13068.111038208008,46.67182513645717,19.558010475971393,0.20097288359253043
source_b_repair_baselines_m5_rohlik_100_v2,rohlik_top_volume_100_20260714,Rohlik,28,lightgbm_direct_scaled,139,280,704992.3494262695,179765.73303222656,642.0204751150949,27.404679274082948,0.25498962248104096
source_b_repair_baselines_m5_rohlik_100_v2,rohlik_top_volume_100_20260714,Rohlik,28,lightgbm_direct_scaled,393,280,347206.3200683594,146969.73223876953,524.8919008527483,37.950480958268756,0.4232922148704941
source_b_repair_baselines_m5_rohlik_100_v2,rohlik_top_volume_100_20260714,Rohlik,28,lightgbm_direct_scaled,394,280,239137.44957733154,103340.54923629761,369.07339012963433,43.10648473340164,0.4321387111008711
source_b_repair_baselines_m5_rohlik_100_v2,rohlik_top_volume_100_20260714,Rohlik,28,lightgbm_direct_scaled,524,280,267690.19955444336,60197.10549926758,214.98966249738422,20.40519149064842,0.22487601563098902
source_b_repair_baselines_m5_rohlik_100_v2,rohlik_top_volume_100_20260714,Rohlik,28,lightgbm_direct_scaled,525,280,531616.6622314453,105156.9175415039,375.5604197910854,18.47109341450808,0.1978059098074745
source_b_repair_baselines_m5_rohlik_100_v2,rohlik_top_volume_100_20260714,Rohlik,28,lightgbm_direct_scaled,526,280,338197.9295654297,57239.57052612305,204.4270375932966,16.769574680906384,0.16924873135584692
source_b_repair_baselines_m5_rohlik_100_v2,rohlik_top_volume_100_20260714,Rohlik,28,lightgbm_direct_scaled,539,280,193128.92993927002,36506.78519439697,130.3813756942749,19.209162821446526,0.18902805087708321
source_b_repair_baselines_m5_rohlik_100_v2,rohlik_top_volume_100_20260714,Rohlik,28,lightgbm_direct_scaled,619,280,111035.18016052246,67640.4575548768,241.5730626959886,99.67955057057111,0.609180418828426
source_b_repair_baselines_m5_rohlik_100_v2,rohlik_top_volume_100_20260714,Rohlik,28,lightgbm_direct_scaled,652,280,906449.6130943298,277628.28915786743,991.5296041352408,30.60671332675895,0.3062809947153411
source_b_repair_baselines_m5_rohlik_100_v2,rohlik_top_volume_100_20260714,Rohlik,28,lightgbm_direct_scaled,653,280,742757.7571563721,235051.7386932373,839.4704953329904,32.89046553419457,0.3164581405290555
source_b_repair_baselines_m5_rohlik_100_v2,rohlik_top_volume_100_20260714,Rohlik,28,lightgbm_direct_scaled,654,280,465967.79803466797,150485.60635375977,537.4485941205706,30.758643980638066,0.3229528027225685
source_b_repair_baselines_m5_rohlik_100_v2,rohlik_top_volume_100_20260714,Rohlik,28,lightgbm_direct_scaled,655,280,569343.7183532715,165741.54879760742,591.934102848598,28.500535798274214,0.2911098225110593
source_b_repair_baselines_m5_rohlik_100_v2,rohlik_top_volume_100_20260714,Rohlik,28,lightgbm_direct_scaled,888,280,161351.10961914062,49723.49249076843,177.5839017527444,38.382246216406074,0.30816951062894876
source_b_repair_baselines_m5_rohlik_100_v2,rohlik_top_volume_100_20260714,Rohlik,28,lightgbm_direct_scaled,890,280,151037.71043395996,48731.18006134033,174.0399287905012,46.725875611730196,0.32264247068713114
source_b_repair_baselines_m5_rohlik_100_v2,rohlik_top_volume_100_20260714,Rohlik,28,lightgbm_direct_scaled,912,280,138695.33001708984,61214.53888320923,218.62335315431866,43.28624161780891,0.44135976947216937
source_b_repair_baselines_m5_rohlik_100_v2,rohlik_top_volume_100_20260714,Rohlik,28,lightgbm_direct_scaled,1032,280,313453.1592102051,50034.97212219238,178.69632900782995,17.441548628846544,0.15962503695372995
source_b_repair_baselines_m5_rohlik_100_v2,rohlik_top_volume_100_20260714,Rohlik,28,lightgbm_direct_scaled,1266,280,151124.2797088623,28161.87456512451,100.57812344687325,17.070585287400174,0.1863491069692955
source_b_repair_baselines_m5_rohlik_100_v2,rohlik_top_volume_100_20260714,Rohlik,28,lightgbm_direct_scaled,1269,280,140353.15000152588,27099.18386077881,96.78279950278146,18.225734875225662,0.19307855834004575
source_b_repair_baselines_m5_rohlik_100_v2,rohlik_top_volume_100_20260714,Rohlik,28,lightgbm_direct_scaled,1270,280,132543.56005859375,38449.28666305542,137.31888093948365,27.815373564066952,0.29008792766738783
source_b_repair_baselines_m5_rohlik_100_v2,rohlik_top_volume_100_20260714,Rohlik,28,lightgbm_direct_scaled,1391,280,221225.1198425293,35910.78443145752,128.2528015409197,16.42330010254155,0.16232688429333544
source_b_repair_baselines_m5_rohlik_100_v2,rohlik_top_volume_100_20260714,Rohlik,28,lightgbm_direct_scaled,1405,280,126042.9401473999,55946.63129425049,199.80939747946604,39.94952099774134,0.4438696148219341
source_b_repair_baselines_m5_rohlik_100_v2,rohlik_top_volume_100_20260714,Rohlik,28,lightgbm_direct_scaled,1408,280,207613.20947265625,70389.63710784912,251.39156109946114,30.046444475677177,0.3390421894957498
source_b_repair_baselines_m5_rohlik_100_v2,rohlik_top_volume_100_20260714,Rohlik,28,lightgbm_direct_scaled,1413,280,289053.51054000854,70314.51112747192,251.12325402668543,24.704584598758327,0.2432577656507636
source_b_repair_baselines_m5_rohlik_100_v2,rohlik_top_volume_100_20260714,Rohlik,28,lightgbm_direct_scaled,1640,280,120672.08973693848,59153.03165435791,211.26082733699255,43.728487679151606,0.4901964636836052
source_b_repair_baselines_m5_rohlik_100_v2,rohlik_top_volume_100_20260714,Rohlik,28,lightgbm_direct_scaled,1671,280,141476.37020874023,37282.76522445679,133.15273294448852,28.736672908773848,0.2635264473455759
source_b_repair_baselines_m5_rohlik_100_v2,rohlik_top_volume_100_20260714,Rohlik,28,lightgbm_direct_scaled,1672,280,151003.13999176025,42030.98984527588,150.11067801884244,25.903800046994547,0.2783451380386485
source_b_repair_baselines_m5_rohlik_100_v2,rohlik_top_volume_100_20260714,Rohlik,28,lightgbm_direct_scaled,1925,280,145504.06002807617,52465.540302392095,187.37692965140033,136.9835094170274,0.3605778443039215
source_b_repair_baselines_m5_rohlik_100_v2,rohlik_top_volume_100_20260714,Rohlik,28,lightgbm_direct_scaled,1927,280,138158.75009334087,24064.63011276722,85.94510754559721,42.902062634642505,0.17418100624469324
source_b_repair_baselines_m5_rohlik_100_v2,rohlik_top_volume_100_20260714,Rohlik,28,lightgbm_direct_scaled,2127,280,224514.65948486328,104713.79348754883,373.97783388410295,44.51135696745631,0.4664006961853135
source_b_repair_baselines_m5_rohlik_100_v2,rohlik_top_volume_100_20260714,Rohlik,28,lightgbm_direct_scaled,2129,280,201146.12992095947,112355.79523468018,401.27069726671493,56.19192918490863,0.5585779615985178
source_b_repair_baselines_m5_rohlik_100_v2,rohlik_top_volume_100_20260714,Rohlik,28,lightgbm_direct_scaled,2159,280,205632.91958618164,26686.611598968506,95.30932713917323,13.92366773938081,0.12977791519311688
source_b_repair_baselines_m5_rohlik_100_v2,rohlik_top_volume_100_20260714,Rohlik,28,lightgbm_direct_scaled,2160,280,155848.88995361328,19946.676250457764,71.23812946592058,13.510960574872094,0.12798728471145784
source_b_repair_baselines_m5_rohlik_100_v2,rohlik_top_volume_100_20260714,Rohlik,28,lightgbm_direct_scaled,2161,280,119318.8002319336,15795.519901275635,56.41257107598441,13.803081864472247,0.13238081400895815
source_b_repair_baselines_m5_rohlik_100_v2,rohlik_top_volume_100_20260714,Rohlik,28,lightgbm_direct_scaled,2216,280,279236.34016418457,39985.95950317383,142.80699822562082,15.049142309437109,0.1431975489997577
source_b_repair_baselines_m5_rohlik_100_v2,rohlik_top_volume_100_20260714,Rohlik,28,lightgbm_direct_scaled,2217,280,274926.85957336426,28572.141891479492,102.04336389814104,10.792890975524632,0.10392633857535122
source_b_repair_baselines_m5_rohlik_100_v2,rohlik_top_volume_100_20260714,Rohlik,28,lightgbm_direct_scaled,2218,280,126590.24021148682,23363.144493103027,83.43980176108224,17.416586824741987,0.1845572332754216
source_b_repair_baselines_m5_rohlik_100_v2,rohlik_top_volume_100_20260714,Rohlik,28,lightgbm_direct_scaled,2274,280,151934.1999359131,61352.04203081131,219.1144358243261,49.8665827070759,0.4038066614145468
source_b_repair_baselines_m5_rohlik_100_v2,rohlik_top_volume_100_20260714,Rohlik,28,lightgbm_direct_scaled,2275,280,108671.41033172607,44335.02968585491,158.3393917351961,53.90552733088748,0.40797326132530665
source_b_repair_baselines_m5_rohlik_100_v2,rohlik_top_volume_100_20260714,Rohlik,28,lightgbm_direct_scaled,2325,280,218676.69919586182,49583.58765411377,177.08424162183488,23.959373052087827,0.22674380872057756
source_b_repair_baselines_m5_rohlik_100_v2,rohlik_top_volume_100_20260714,Rohlik,28,lightgbm_direct_scaled,2467,280,124018.61987304688,38247.236396074295,136.59727284312248,69.50585563155333,0.3083991455091706
source_b_repair_baselines_m5_rohlik_100_v2,rohlik_top_volume_100_20260714,Rohlik,28,lightgbm_direct_scaled,2468,280,207317.14988708496,114033.57391110761,407.2627639682415,71.39051530159915,0.5500440941485828
source_b_repair_baselines_m5_rohlik_100_v2,rohlik_top_volume_100_20260714,Rohlik,28,lightgbm_direct_scaled,2470,280,261642.5806427002,118527.43289628625,423.3122603438795,60.90440552232378,0.45301278027886305
source_b_repair_baselines_m5_rohlik_100_v2,rohlik_top_volume_100_20260714,Rohlik,28,lightgbm_direct_scaled,2560,280,273117.1798400879,70568.18530273438,252.02923322405135,27.10959981535248,0.25838061649601307
source_b_repair_baselines_m5_rohlik_100_v2,rohlik_top_volume_100_20260714,Rohlik,28,lightgbm_direct_scaled,2561,280,551515.4985351562,152494.33633422852,544.6226297651018,30.9371414704791,0.2765005457494098
source_b_repair_baselines_m5_rohlik_100_v2,rohlik_top_volume_100_20260714,Rohlik,28,lightgbm_direct_scaled,2562,280,501021.64096069336,102664.16302490234,366.65772508893696,20.771257832061536,0.20490963789118374
source_b_repair_baselines_m5_rohlik_100_v2,rohlik_top_volume_100_20260714,Rohlik,28,lightgbm_direct_scaled,2563,280,249795.21975708008,57640.486320495605,205.85887971605572,23.883977088373438,0.2307509582311047
source_b_repair_baselines_m5_rohlik_100_v2,rohlik_top_volume_100_20260714,Rohlik,28,lightgbm_direct_scaled,2565,280,173654.3897781372,50989.01899719238,182.10363927568707,27.19786759460805,0.293623553440466
source_b_repair_baselines_m5_rohlik_100_v2,rohlik_top_volume_100_20260714,Rohlik,28,lightgbm_direct_scaled,2566,280,138404.21014404297,49963.21398925781,178.44004996163505,31.597630776902175,0.3609948999185721
source_b_repair_baselines_m5_rohlik_100_v2,rohlik_top_volume_100_20260714,Rohlik,28,lightgbm_direct_scaled,2694,280,220327.10961914062,32444.52935028076,115.87331910814558,15.753652146794991,0.14725618380037145
source_b_repair_baselines_m5_rohlik_100_v2,rohlik_top_volume_100_20260714,Rohlik,28,lightgbm_direct_scaled,2840,280,275601.7402648926,68100.1233215332,243.21472614833286,24.160448571315275,0.2470961295675393
source_b_repair_baselines_m5_rohlik_100_v2,rohlik_top_volume_100_20260714,Rohlik,28,lightgbm_direct_scaled,2935,280,193093.2696838379,42643.22285461426,152.2972244807652,21.41681329730266,0.22084261623637283
source_b_repair_baselines_m5_rohlik_100_v2,rohlik_top_volume_100_20260714,Rohlik,28,lightgbm_direct_scaled,2936,280,169590.96995544434,24160.528732299805,86.28760261535645,14.287004355595483,0.14246353292659014
source_b_repair_baselines_m5_rohlik_100_v2,rohlik_top_volume_100_20260714,Rohlik,28,lightgbm_direct_scaled,2937,280,280813.5494995117,42209.761169433594,150.7491470336914,15.019957159729072,0.1503124092290532
source_b_repair_baselines_m5_rohlik_100_v2,rohlik_top_volume_100_20260714,Rohlik,28,lightgbm_direct_scaled,2938,280,168716.07014465332,21574.103797912598,77.0503707068307,12.715658312992137,0.12787225176247558
source_b_repair_baselines_m5_rohlik_100_v2,rohlik_top_volume_100_20260714,Rohlik,28,lightgbm_direct_scaled,3144,280,503970.9108886719,53905.6787109375,192.52028111049108,10.962864430588763,0.10696188519270583
source_b_repair_baselines_m5_rohlik_100_v2,rohlik_top_volume_100_20260714,Rohlik,28,lightgbm_direct_scaled,3145,280,338092.6397705078,37761.622955322266,134.86293912615096,11.62652713179232,0.11169016569232115
source_b_repair_baselines_m5_rohlik_100_v2,rohlik_top_volume_100_20260714,Rohlik,28,lightgbm_direct_scaled,3146,280,0.0,29.782003103755414,0.10636429679912648,200.0,
source_b_repair_baselines_m5_rohlik_100_v2,rohlik_top_volume_100_20260714,Rohlik,28,lightgbm_direct_scaled,3147,280,297310.9501647949,27216.69546508789,97.20248380388533,9.323306288051398,0.09154286261572973
source_b_repair_baselines_m5_rohlik_100_v2,rohlik_top_volume_100_20260714,Rohlik,28,lightgbm_direct_scaled,3152,280,129612.94994354248,75201.83750915527,268.577991104126,53.03595996765673,0.5802031166014824
source_b_repair_baselines_m5_rohlik_100_v2,rohlik_top_volume_100_20260714,Rohlik,28,lightgbm_direct_scaled,3155,280,105009.38983726501,63580.51116275787,227.07325415270668,60.99067306193599,0.6054745319565209
source_b_repair_baselines_m5_rohlik_100_v2,rohlik_top_volume_100_20260714,Rohlik,28,lightgbm_direct_scaled,3184,280,248360.49018859863,32616.03514099121,116.48583978925433,13.738732179897731,0.1313253775438413
source_b_repair_baselines_m5_rohlik_100_v2,rohlik_top_volume_100_20260714,Rohlik,28,lightgbm_direct_scaled,3224,280,81147.24968624115,54188.71162414551,193.53111294337683,66.01379779438051,0.6677824797965202
source_b_repair_baselines_m5_rohlik_100_v2,rohlik_top_volume_100_20260714,Rohlik,28,lightgbm_direct_scaled,3225,280,75168.05016422272,50116.4243645668,178.98722987345286,89.22386415483734,0.666725081401944
source_b_repair_baselines_m5_rohlik_100_v2,rohlik_top_volume_100_20260714,Rohlik,28,lightgbm_direct_scaled,3336,280,575708.1196289062,69361.7066040039,247.72038072858538,12.529183030391557,0.12048068151047363
source_b_repair_baselines_m5_rohlik_100_v2,rohlik_top_volume_100_20260714,Rohlik,28,lightgbm_direct_scaled,3456,280,256175.78985595703,33834.03063964844,120.83582371303014,14.577776931134911,0.13207349007754673
source_b_repair_baselines_m5_rohlik_100_v2,rohlik_top_volume_100_20260714,Rohlik,28,lightgbm_direct_scaled,3616,280,318439.2596435547,45000.44150543213,160.71586251940047,14.85329987819107,0.1413156203032359
source_b_repair_baselines_m5_rohlik_100_v2,rohlik_top_volume_100_20260714,Rohlik,28,lightgbm_direct_scaled,3617,280,187647.49993896484,25937.055225372314,92.63234009061541,14.851538024556351,0.13822222642885587
source_b_repair_baselines_m5_rohlik_100_v2,rohlik_top_volume_100_20260714,Rohlik,28,lightgbm_direct_scaled,3618,280,151499.94006347656,19884.54656982422,71.01623774937221,13.69356892229282,0.13125118439976177
source_b_repair_baselines_m5_rohlik_100_v2,rohlik_top_volume_100_20260714,Rohlik,28,lightgbm_direct_scaled,3685,280,112072.23987579346,35244.20688343048,125.87216744082315,31.11028070532819,0.3144775809111217
source_b_repair_baselines_m5_rohlik_100_v2,rohlik_top_volume_100_20260714,Rohlik,28,lightgbm_direct_scaled,3686,280,139290.15993404388,40295.552819252014,143.91268864018576,27.631331219266663,0.28929217138046653
source_b_repair_baselines_m5_rohlik_100_v2,rohlik_top_volume_100_20260714,Rohlik,28,lightgbm_direct_scaled,3871,280,143374.5302658081,43149.97382736206,154.10704938343594,27.37543020532219,0.30095982701644775
source_b_repair_baselines_m5_rohlik_100_v2,rohlik_top_volume_100_20260714,Rohlik,28,lightgbm_direct_scaled,4172,280,260753.42961120605,80162.14701348543,286.2933821910194,79.07667680068849,0.30742509171599564
source_b_repair_baselines_m5_rohlik_100_v2,rohlik_top_volume_100_20260714,Rohlik,28,lightgbm_direct_scaled,4227,280,112724.54960632324,44782.40493440628,159.93716048002244,44.74852983833038,0.39727286638805276
source_b_repair_baselines_m5_rohlik_100_v2,rohlik_top_volume_100_20260714,Rohlik,28,lightgbm_direct_scaled,4228,280,206421.50966644287,86113.79884195328,307.5492815784046,48.264717828246404,0.4171745424258587
source_b_repair_baselines_m5_rohlik_100_v2,rohlik_top_volume_100_20260714,Rohlik,28,lightgbm_direct_scaled,4229,280,121289.81995391846,44179.46623134613,157.78380796909332,44.97466784222718,0.36424710868670757
source_b_repair_baselines_m5_rohlik_100_v2,rohlik_top_volume_100_20260714,Rohlik,28,lightgbm_direct_scaled,4230,280,193655.57107543945,96264.35672092438,343.80127400330133,56.78482839664712,0.4970905623129434
source_b_repair_baselines_m5_rohlik_100_v2,rohlik_top_volume_100_20260714,Rohlik,28,lightgbm_direct_scaled,4523,280,171175.77983093262,25821.53158569336,92.21975566319057,14.429319905112939,0.15084804410528665
source_b_repair_baselines_m5_rohlik_100_v2,rohlik_top_volume_100_20260714,Rohlik,28,lightgbm_direct_scaled,4720,280,4037897.0986328125,520066.939453125,1857.3819266183036,13.468260062183907,0.12879648162138999
source_b_repair_baselines_m5_rohlik_100_v2,rohlik_top_volume_100_20260714,Rohlik,28,lightgbm_direct_scaled,4793,280,575034.4410400391,102038.396484375,364.4228445870536,17.925672417152136,0.17744745219055527
source_b_repair_baselines_m5_rohlik_100_v2,rohlik_top_volume_100_20260714,Rohlik,28,lightgbm_direct_scaled,4877,280,279479.92053222656,37472.983154296875,133.8320826939174,14.232812934854417,0.13408112855812804
source_b_repair_baselines_m5_rohlik_100_v2,rohlik_top_volume_100_20260714,Rohlik,28,lightgbm_direct_scaled,4878,280,173437.76989746094,27490.870475769043,98.18168027060372,16.797424102684566,0.15850567319922337
source_b_repair_baselines_m5_rohlik_100_v2,rohlik_top_volume_100_20260714,Rohlik,28,lightgbm_direct_scaled,4879,280,637516.419921875,106381.9390258789,379.9354965209961,17.72427971895353,0.16686933183448918
source_b_repair_baselines_m5_rohlik_100_v2,rohlik_top_volume_100_20260714,Rohlik,28,lightgbm_direct_scaled,4883,280,1313540.4802246094,187840.8384399414,670.8601372855051,14.190090519777943,0.14300346374389733
source_b_repair_baselines_m5_rohlik_100_v2,rohlik_top_volume_100_20260714,Rohlik,28,lightgbm_direct_scaled,4884,280,1460296.7197265625,175121.8975830078,625.4353485107422,12.343706188904548,0.11992213309621008
source_b_repair_baselines_m5_rohlik_100_v2,rohlik_top_volume_100_20260714,Rohlik,28,lightgbm_direct_scaled,4885,280,2587560.158203125,465002.90783691406,1660.7246708461216,17.62943855001491,0.1797070906207743
source_b_repair_baselines_m5_rohlik_100_v2,rohlik_top_volume_100_20260714,Rohlik,28,lightgbm_direct_scaled,4965,280,209354.80053710938,56659.22050476074,202.3543589455741,24.315849035402763,0.27063731215811104
source_b_repair_baselines_m5_rohlik_100_v2,rohlik_top_volume_100_20260714,Rohlik,28,lightgbm_direct_scaled,4966,280,114273.84986877441,49426.15126800537,176.5219688143049,35.594406779955676,0.4325237254609305
source_b_repair_baselines_m5_rohlik_100_v2,rohlik_top_volume_100_20260714,Rohlik,28,lightgbm_direct_scaled,4967,280,217679.2293624878,62757.73484039307,224.13476728711808,27.649848528403325,0.28830373492312616
source_b_repair_baselines_m5_rohlik_100_v2,rohlik_top_volume_100_20260714,Rohlik,28,lightgbm_direct_scaled,4968,280,132231.52013397217,40791.18475341797,145.68280269077846,29.139608433495372,0.3084830660049119
source_b_repair_baselines_m5_rohlik_100_v2,rohlik_top_volume_100_20260714,Rohlik,28,lightgbm_direct_scaled,5164,280,145507.20980644226,40816.637269973755,145.77370453562057,39.5796950247277,0.2805128166794565
source_b_repair_baselines_m5_rohlik_100_v2,rohlik_top_volume_100_20260714,Rohlik,28,lightgbm_direct_scaled,5166,280,112630.67004394531,40180.868344306946,143.50310122966766,54.47388625153887,0.35674890621381816
source_b_repair_baselines_m5_rohlik_100_v2,rohlik_top_volume_100_20260714,Rohlik,28,lightgbm_direct_scaled,5277,280,151712.34029006958,46570.183502197266,166.3220839364188,31.638733732035497,0.3069637144424536
source_b_repair_baselines_m5_rohlik_100_v2,rohlik_top_volume_100_20260714,Rohlik,28,lightgbm_direct_scaled,5278,280,174989.42964935303,52214.68745803833,186.48102663585118,34.2757346064332,0.2983876658302565
source_b_repair_baselines_m5_rohlik_100_v2,rohlik_top_volume_100_20260714,Rohlik,28,lightgbm_direct_scaled,5293,280,239707.89004516602,39693.12902832031,141.76117510114398,15.881143672114066,0.16558958080537645
source_b_repair_baselines_m5_rohlik_100_v2,rohlik_top_volume_100_20260714,Rohlik,28,lightgbm_direct_scaled,5294,280,224627.77935791016,49355.30340576172,176.2689407348633,20.279976950605626,0.21972039053603232
source_b_repair_baselines_m5_rohlik_100_v2,rohlik_top_volume_100_20260714,Rohlik,28,lightgbm_direct_scaled,5295,280,163282.1696624756,23096.475227355957,82.48741152627127,13.868364136377858,0.14145130037835255
source_b_repair_baselines_m5_rohlik_100_v2,rohlik_top_volume_100_20260714,Rohlik,28,lightgbm_direct_scaled,5296,280,156334.580368042,27053.103340148926,96.6182262148176,16.9436912140162,0.1730461889906933
source_b_repair_baselines_m5_rohlik_100_v2,rohlik_top_volume_100_20260714,Rohlik,28,lightgbm_direct_scaled,5347,280,131796.05020141602,56405.519104003906,201.44828251429968,40.88707986544603,0.4279757930363067
source_b_repair_baselines_m5_rohlik_100_v2,rohlik_top_volume_100_20260714,Rohlik,28,lightgbm_direct_scaled,5350,280,186111.16989898682,58798.615783691406,209.99505637032644,32.45094559785417,0.3159327611319878
